Ref,x,y,Connectivity,Isovist Area,Isovist Compactness,Isovist Drift Angle,Isovist Drift Magnitude,Isovist Max Radial,Isovist Min Radial,Isovist Occlusivity,Isovist Perimeter,Point First Moment,Point Second Moment,Visual Clustering Coefficient,Visual Control,Visual Controllability,Visual Entropy,Visual Integration [HH],Visual Integration [P-value],Visual Integration [Tekl],Visual Mean Depth,Visual Node Count,Visual Relativised Entropy
65594,-60000,12000,154,6.6752058e+08,0.099803977,338.52542,29284.875,76295.586,720.77362,51996.672,289910.09,5757198,2.7821602e+11,0.59027249,1.6548414,0.36320755,1.7377652,5.450141,0.76984453,0.86277956,2.2824934,755,2.0877044
131129,-58000,10000,128,5.5696493e+08,0.092775568,325.39017,29511.012,73478.297,1007.7191,64821.168,274664.19,4256662,1.9631201e+11,0.73978841,1.2691272,0.37317786,1.9555598,4.3882484,0.61984986,0.83641142,2.5928383,755,2.1318662
131130,-58000,12000,152,6.5998598e+08,0.099175341,336.06851,27440.91,74777.711,2130.1692,51909.961,289181.47,5448548.5,2.5822799e+11,0.59820497,1.621587,0.35849056,1.7355915,5.4388919,0.76825559,0.86252034,2.285146,755,2.0909219
131131,-58000,14000,154,6.6700621e+08,0.099918909,333.55716,28146.553,76136.195,711.15417,51986.234,289631.66,5613360.5,2.68624e+11,0.59027249,1.6548414,0.36320755,1.7377652,5.450141,0.76984453,0.86277956,2.2824934,755,2.0877044
196664,-56000,8000,111,4.821208e+08,0.19758551,319.18176,31187.451,70662.156,998.93762,15505.519,175107.73,3617334.2,1.67452e+11,0.94856673,0.95729619,0.33944955,1.9309748,4.2708964,0.60327363,0.83322626,2.6366048,755,2.173938
196665,-56000,10000,110,4.8398595e+08,0.19136849,316.59372,32236.18,71955.445,2417.5352,17092.732,178273.22,3657909.2,1.72224e+11,0.9552961,0.95218915,0.33639145,1.9296968,4.2674384,0.60278517,0.83313143,2.6379311,755,2.1754627
196666,-56000,12000,117,5.1105539e+08,0.14221856,315.41083,31588.621,73311.07,2509.3184,34070.973,212500.91,3876912.8,1.8379601e+11,0.85529029,1.0822316,0.35347432,1.9397842,4.3057895,0.60820234,0.83417982,2.6233423,755,2.1604083
196667,-56000,14000,153,6.5885536e+08,0.099236116,330.58041,26424.943,74805.242,1550.1453,41509.828,288845.16,5376393.5,2.52024e+11,0.59442723,1.6372551,0.36084905,1.7366881,5.4445105,0.76904923,0.86264986,2.2838197,755,2.089304
196668,-56000,16000,87,3.7284906e+08,0.085081518,12.769226,15958.095,55574.828,701.53467,92112.57,234667.97,2161278.8,7.5404001e+10,0.55172414,1.1108838,0.31182796,1.524282,4.4701324,0.6314162,0.83859789,2.5636604,755,2.4678643
262199,-54000,6000,109,4.7818237e+08,0.20647781,319.44894,28688.029,67847.336,990.15619,13513.024,170594.5,3356596.2,1.48368e+11,0.98097181,0.9200812,0.33333334,1.9283925,4.2639856,0.60229748,0.83303672,2.6392572,755,2.1770127
262200,-54000,8000,108,4.7692909e+08,0.20697697,316.53357,29957.922,69133.82,2408.7537,13425.354,170165.23,3391888.8,1.5270801e+11,0.98823124,0.91497105,0.33027524,1.9270618,4.2605386,0.60181057,0.83294213,2.6405835,755,2.1785879
262201,-54000,10000,108,4.7557366e+08,0.20776552,313.86047,31314.158,70486.211,2499.6992,13286.117,169600.48,3514166.8,1.62184e+11,0.98823124,0.91497105,0.33027524,1.9270618,4.2605386,0.60181057,0.83294213,2.6405835,755,2.1785879
262202,-54000,12000,108,4.7373907e+08,0.2095608,311.41116,32776.848,71983.453,1090.3035,12974.77,168546.41,3656741.2,1.7253201e+11,0.98823124,0.91497105,0.33027524,1.9270618,4.2605386,0.60181057,0.83294213,2.6405835,755,2.1785879
262204,-54000,16000,53,2.2232088e+08,0.12876862,45.536858,22393.455,53993.273,1101.9197,39830.918,147295.69,1369623,5.0811998e+10,0.89259797,0.77274793,0.19064748,1.4515659,4.3412571,0.61321223,0.83514345,2.6100795,755,2.551054
262205,-54000,18000,55,2.3541571e+08,0.13183062,41.314739,21611.709,52775.07,691.91516,50934.555,149800.92,1410317.9,5.1304002e+10,0.88350171,0.80984581,0.19784173,1.4569931,4.3484211,0.61422414,0.8353374,2.6074271,755,2.5450921
327734,-52000,4000,109,4.7689632e+08,0.20939048,319.88165,25995.107,65034.066,981.37476,12971.085,169175.88,3136720.5,1.31216e+11,0.98097181,0.9200812,0.33333334,1.9283925,4.2639856,0.60229748,0.83303672,2.6392572,755,2.1770127
327735,-52000,6000,108,4.7536666e+08,0.21027891,316.65213,27270.346,66312.961,2399.9722,12832.323,168547.16,3163052.8,1.35044e+11,0.98823124,0.91497105,0.33027524,1.9270618,4.2605386,0.60181057,0.83294213,2.6405835,755,2.1785879
327736,-52000,8000,108,4.7370883e+08,0.21143998,313.71881,28642.459,67661.648,2490.0801,12667.788,167790.41,3274193,1.43648e+11,0.98823124,0.91497105,0.33027524,1.9270618,4.2605386,0.60181057,0.83294213,2.6405835,755,2.1785879
327737,-52000,10000,108,4.7174762e+08,0.21306404,311.06036,30114.033,69162.203,1080.6843,12482.657,166803.33,3406703.8,1.53124e+11,0.98823124,0.91497105,0.33027524,1.9270618,4.2605386,0.60181057,0.83294213,2.6405835,755,2.1785879
327741,-52000,18000,51,2.1529562e+08,0.13061111,45.878017,20701.613,51173.43,1111.5388,38863.988,143923.75,1256018.9,4.384e+10,0.95137256,0.7539081,0.18411553,1.4446745,4.3305554,0.61170065,0.83485329,2.6140583,755,2.5592906
327742,-52000,20000,54,2.2994074e+08,0.13479449,41.294144,19952.398,49982.59,682.29565,49734.926,146412.05,1339561.8,4.6407999e+10,0.93151641,0.81140918,0.19494584,1.4529904,4.3412571,0.61321223,0.83514345,2.6100795,755,2.55018
393269,-50000,2000,109,4.7634621e+08,0.21074651,320.44626,23251.656,62222.625,972.59338,12755.346,168533.44,2939322.5,1.15824e+11,0.98097181,0.92008114,0.33333334,1.9283925,4.2639856,0.60229748,0.83303672,2.6392572,755,2.1770127
393270,-50000,4000,108,4.7475328e+08,0.2115906,316.82507,24512.443,63492.984,2391.1909,12640.376,167915.48,2956807.2,1.19124e+11,0.98823124,0.91497105,0.33027524,1.9270618,4.2605386,0.60181057,0.83294213,2.6405835,755,2.1785879
393271,-50000,6000,108,4.7309795e+08,0.2125732,313.57031,25875.299,64837.426,2480.4612,12526.341,167234.62,3056751,1.26856e+11,0.98823124,0.91497105,0.33027524,1.9270618,4.2605386,0.60181057,0.83294213,2.6405835,755,2.1785879
393272,-50000,8000,108,4.7130406e+08,0.21374357,310.65155,27332.434,66341.562,1071.0653,12427.505,166459.66,3178782.8,1.3546e+11,0.98823124,0.91497105,0.33027524,1.9270618,4.2605386,0.60181057,0.83294213,2.6405835,755,2.1785879
393278,-50000,20000,51,2.1448672e+08,0.13119099,46.024117,18240.764,48355.801,1121.1578,38762.758,143335.3,1168344.6,3.7808001e+10,0.95137256,0.7539081,0.18411553,1.4446745,4.3305554,0.61170065,0.83485329,2.6140583,755,2.5592906
393279,-50000,22000,55,2.2980454e+08,0.13631278,40.837566,17738.799,47200.402,672.67621,49485.762,145551.25,1290243.5,4.1796002e+10,0.9225589,0.8325792,0.19855596,1.4556733,4.3448362,0.61371779,0.83524036,2.6087532,755,2.54723
458804,-48000,0,109,4.76116e+08,0.21149965,321.17673,20490.439,59413.359,963.81195,12651.475,168192.45,2764436.8,1.02192e+11,0.98097181,0.92008114,0.33333334,1.9283925,4.2639856,0.60229748,0.83303672,2.6392572,755,2.1770127
458805,-48000,2000,108,4.7448339e+08,0.21226679,317.05252,21730.816,60674.062,2382.4094,12557.358,167600.16,2773150.5,1.04948e+11,0.98823124,0.91497105,0.33027524,1.9270618,4.2605386,0.60181057,0.83294213,2.6405835,755,2.1785879
458806,-48000,4000,108,4.7283382e+08,0.21310252,313.39197,23082.783,62013.582,2470.842,12473.991,166980.17,2861862.5,1.11808e+11,0.98823124,0.91497105,0.33027524,1.9270618,4.2605386,0.60181057,0.83294213,2.6405835,755,2.1785879
458807,-48000,6000,107,4.7112618e+08,0.21402422,310.15094,24532.242,63521.613,1061.4462,12411.381,166319.08,2960375.8,1.19376e+11,1,0.90339035,0.32822084,1.925332,4.2536612,0.60083914,0.83275318,2.6432362,755,2.1813548
458815,-48000,22000,50,2.149515e+08,0.13177484,46.170952,15664.549,45541.332,1130.777,38741.219,143172.27,1079189.5,3.2444e+10,0.9787755,0.74496895,0.18050541,1.4418113,4.3270001,0.61119843,0.83475679,2.6153846,755,2.5624168
458816,-48000,24000,55,2.3163925e+08,0.13777313,40.110783,15412.171,44433.352,663.0567,49424.152,145354.59,1208258.6,3.6139999e+10,0.9225589,0.8325792,0.19855596,1.4556733,4.3448362,0.61371779,0.83524036,2.6087532,755,2.54723
524339,-46000,-2000,109,4.7606467e+08,0.21196154,322.14352,17724.256,56606.707,955.03052,12596.095,168000.05,2612086.2,9.0320003e+10,0.98097181,0.92008114,0.33333334,1.9283925,4.2639856,0.60229748,0.83303672,2.6392572,755,2.1770127
524340,-46000,0,108,4.743847e+08,0.21266674,317.35245,18939.256,57856.395,2373.6279,12515.505,167425.06,2612086,9.2516e+10,0.98823124,0.91497105,0.33027524,1.9270618,4.2605386,0.60181057,0.83294213,2.6405835,755,2.1785879
524341,-46000,2000,108,4.7271997e+08,0.21340173,313.16702,20280.457,59190.176,2461.2229,12449.646,166842.98,2689544.5,9.8503999e+10,0.98823124,0.91497105,0.33027524,1.9270618,4.2605386,0.60181057,0.83294213,2.6405835,755,2.1785879
524342,-46000,4000,107,4.7104381e+08,0.21417524,309.52158,21727.492,60702.453,1051.8271,12404.688,166245.91,2774383.5,1.0512e+11,1,0.90339035,0.32822084,1.925332,4.2536612,0.60083914,0.83275318,2.6432362,755,2.1813548
524352,-46000,24000,50,2.1612534e+08,0.1324859,46.343002,13073.112,42731.582,1140.3961,38742.121,143176.91,1011343.2,2.7996e+10,0.9787755,0.74496895,0.18050541,1.4418113,4.3270001,0.61119843,0.83475679,2.6153846,755,2.5624168
524353,-46000,26000,56,2.3495576e+08,0.13948418,39.036526,13093.79,41689.715,653.43719,49436.031,145490.78,1170433.6,3.2455999e+10,0.91298699,0.85373718,0.20216607,1.458313,4.3484211,0.61422414,0.8353374,2.6074271,755,2.5443227
589874,-44000,-4000,109,4.7613395e+08,0.2122602,323.47366,14960.871,53803.23,946.24908,12565.471,167894.02,2482287,8.0208003e+10,0.98097181,0.92008114,0.33333334,1.9283925,4.2639856,0.60229748,0.83303672,2.6392572,755,2.1770127
589875,-44000,-2000,109,4.7439142e+08,0.21292213,317.75998,16143.604,55040.254,2364.8464,12492.745,167325.81,2526116,8.4583997e+10,0.98097181,0.92008114,0.33333334,1.9283925,4.2639856,0.60229748,0.83303672,2.6392572,755,2.1770127
589876,-44000,0,108,4.7268973e+08,0.21358928,312.87155,17473.924,56367.277,2451.6038,12436.886,166764.38,2539809.2,8.6943998e+10,0.98823124,0.91497105,0.33027524,1.9270618,4.2605386,0.60181057,0.83294213,2.6405835,755,2.1785879
589877,-44000,2000,107,4.7100854e+08,0.21426809,308.70578,18923.117,57884.199,1042.208,12401.373,166203.66,2610866.8,9.2591997e+10,1,0.90339035,0.32822084,1.925332,4.2536612,0.60083914,0.83275318,2.6432362,755,2.1813548
589889,-44000,26000,51,2.1798211e+08,0.13340504,46.552887,10508.02,39929.273,1150.0151,38755.793,143294.41,976067.69,2.4816001e+10,0.97333336,0.76290494,0.18411553,1.4446745,4.3305554,0.61170065,0.83485329,2.6140583,755,2.5592906
589890,-44000,28000,57,2.399647e+08,0.14165948,37.415058,10855.201,38984.703,643.81769,49501.59,145900.17,1145557.9,2.9799999e+10,0.90288222,0.87677771,0.20577617,1.4609097,4.3520117,0.61473137,0.8354345,2.6061008,755,2.5414572
655409,-42000,-6000,109,4.7629834e+08,0.2124563,325.40967,12208.048,51003.66,937.46765,12549.325,167845.48,2375050,7.1855997e+10,0.98097181,0.92008114,0.33333334,1.9283925,4.2639856,0.60229748,0.83303672,2.6392572,755,2.1770127
655410,-42000,-4000,109,4.744751e+08,0.21309136,318.34128,13347.183,52225.969,2356.0652,12480.299,167274.11,2407429.8,7.5351998e+10,0.98097181,0.92008114,0.33333334,1.9283925,4.2639856,0.60229748,0.83303672,2.6392572,755,2.1770127
655411,-42000,-2000,107,4.7271552e+08,0.21371368,312.46429,14665.928,53544.957,2441.9849,12429.869,166720.38,2389861.2,7.6607996e+10,1,0.90339035,0.32822084,1.925332,4.2536612,0.60083914,0.83275318,2.6432362,755,2.1813548
655412,-42000,0,107,4.7100186e+08,0.21432965,307.60648,16122.469,55066.988,1032.589,12399.577,166178.61,2469861.8,8.1792e+10,1,0.90339035,0.32822084,1.925332,4.2536612,0.60083914,0.83275318,2.6432362,755,2.1813548
655426,-42000,28000,51,2.2073482e+08,0.13464977,46.803547,8005.1831,37139.602,1159.6343,38783.008,143528.3,940817.38,2.2667999e+10,0.98588234,0.77396035,0.18411553,1.4446745,4.3305554,0.61170065,0.83485329,2.6140583,755,2.5592906
655427,-42000,30000,58,2.4660282e+08,0.14537841,34.857555,8687.0869,36224.781,634.19824,46663.902,146000.38,1125280.1,2.7548e+10,0.90623111,0.89972556,0.20788531,1.4661428,4.3628197,0.61625803,0.8357265,2.6021221,755,2.5343108
720944,-40000,-8000,109,4.7654848e+08,0.21258108,328.46988,9478.1279,48208.973,928.68622,12542.853,167840.27,2290383.2,6.5264001e+10,0.98097181,0.92008114,0.33333334,1.9283925,4.2639856,0.60229748,0.83303672,2.6392572,755,2.1770127
720945,-40000,-6000,109,4.7462365e+08,0.21320356,319.2334,10552.715,49413.996,2347.2837,12474.231,167256.27,2311347.8,6.7880002e+10,0.98097181,0.92008114,0.33333334,1.9283925,4.2639856,0.60229748,0.83303672,2.6392572,755,2.1770127
720946,-40000,-4000,107,4.7278512e+08,0.21379814,311.86563,11858.33,50723.32,2432.3657,12426.138,166699.72,2282504,6.8400001e+10,1,0.90339035,0.32822084,1.925332,4.2536612,0.60083914,0.83275318,2.6432362,755,2.1813548
720947,-40000,-2000,107,4.7101555e+08,0.21437223,306.04608,13329.6,52250.992,1022.9698,12398.58,166164.52,2351391.8,7.2719999e+10,1,0.90339035,0.32822084,1.925332,4.2536612,0.60083914,0.83275318,2.6432362,755,2.1813548
720963,-40000,30000,52,2.249009e+08,0.13643296,47.042431,5615.7524,34373.668,1169.2533,38832.047,143926.53,929685.81,2.1204001e+10,0.97662139,0.79433739,0.18772563,1.4474915,4.3341169,0.61220366,0.83494991,2.6127322,755,2.5562096
720964,-40000,32000,60,2.5348986e+08,0.14942421,30.409616,6447.2134,33441.984,624.57874,42903.266,146007.36,1119727.4,2.5752001e+10,0.88644069,0.94642961,0.21505377,1.4711618,4.3700547,0.61728001,0.83592165,2.5994694,755,2.5287452
786479,-38000,-10000,110,4.7688502e+08,0.21265112,333.97134,6799.4639,45420.488,919.90479,12543.855,167871.88,2268292.2,6.2031999e+10,0.97047538,0.92572016,0.33639145,1.9296968,4.2674384,0.60278517,0.83313143,2.6379311,755,2.1754627
786480,-38000,-8000,109,4.7483411e+08,0.21327424,320.77017,7763.8408,46604.934,2338.5022,12472.697,167265.62,2237872,6.2167998e+10,0.98097181,0.92008114,0.33333334,1.9283925,4.2639856,0.60229748,0.83303672,2.6392572,755,2.1770127
786481,-38000,-6000,107,4.7289395e+08,0.21385485,310.89764,9053.0918,47902.484,2422.7466,12424.56,166696.8,2197743.2,6.1920002e+10,1,0.90339035,0.32822084,1.925332,4.2536612,0.60083914,0.83275318,2.6432362,755,2.1813548
786482,-38000,-4000,107,4.7104602e+08,0.21440214,303.66193,10551.679,49436.41,1013.3508,12398.062,166158.3,2255471.8,6.5376002e+10,1,0.90339035,0.32822084,1.925332,4.2536612,0.60083914,0.83275318,2.6432362,755,2.1813548
786500,-38000,32000,54,2.3167248e+08,0.13919832,46.840275,3436.1929,31659.445,1178.8724,38927.223,144618.94,944234.62,2.0604e+10,0.95597482,0.83671629,0.19494584,1.4529904,4.3412571,0.61321223,0.83514345,2.6100795,755,2.55018
786501,-38000,34000,61,2.605388e+08,0.15337484,20.875921,4194.314,32271.471,614.95923,39175.934,146104.67,1095752.8,2.4056001e+10,0.87704921,0.97051239,0.21863799,1.4736102,4.3736815,0.61779225,0.8360194,2.5981433,755,2.5260222
852014,-36000,-12000,110,4.7731648e+08,0.21267439,346.26111,4266.3701,42640.031,911.12335,12551.617,167938.61,2225983.2,5.8744001e+10,0.97047538,0.92572016,0.33639145,1.9296968,4.2674384,0.60278517,0.83313143,2.6379311,755,2.1754627
852015,-36000,-10000,109,4.7510973e+08,0.21331158,324.02512,4989.2144,43799.605,2329.7209,12474.923,167299.52,2187004.2,5.8216002e+10,0.98097181,0.92008114,0.33333334,1.9283925,4.2639856,0.60229748,0.83303672,2.6392572,755,2.1770127
852016,-36000,-8000,107,4.7304205e+08,0.21389048,309.06531,6253.7915,45082.598,2413.1274,12424.612,166709.02,2135582.2,5.7167999e+10,1,0.90339035,0.32822084,1.925332,4.2536612,0.60083914,0.83275318,2.6432362,755,2.1813548
852017,-36000,-6000,107,4.7109213e+08,0.21442293,299.58914,7805.189,46623.508,1003.7317,12397.872,166158.38,2182112,5.9760001e+10,1,0.90339035,0.32822084,1.925332,4.2536612,0.60083914,0.83275318,2.6432362,755,2.1813548
852037,-36000,34000,57,2.4399179e+08,0.14462304,42.652016,1664.8934,33613.758,1188.4915,37280.312,145604.17,984907.69,2.1052e+10,0.92355889,0.89161056,0.20430107,1.4635708,4.359211,0.61574829,0.83562905,2.6034484,755,2.5371544
852038,-36000,36000,64,2.7140109e+08,0.1660541,354.03149,2405.6277,35082.445,605.33972,34428.219,143313.11,1103122.2,2.3448001e+10,0.84424603,1.0132034,0.22695035,1.4847937,4.3955679,0.62088376,0.83660805,2.5901856,755,2.5115187
917549,-34000,-14000,110,4.7785958e+08,0.212653,23.592089,2382.8926,39870.207,902.34198,12566.514,168042.58,2206261.2,5.7231999e+10,0.97047538,0.92572016,0.33639145,1.9296968,4.2674384,0.60278517,0.83313143,2.6379311,755,2.1754627
917550,-34000,-12000,108,4.7545946e+08,0.21331917,335.20358,2273.96,40999.176,2320.9395,12480.806,167358.11,2123136.5,5.4756e+10,0.992558,0.90850204,0.33128834,1.9266803,4.2570972,0.60132444,0.8328476,2.6419098,755,2.1797638
917551,-34000,-10000,107,4.7323306e+08,0.21390848,304.29254,3472.9697,42263.852,2403.5085,12426.116,166735.64,2096023.6,5.4144e+10,1,0.90339035,0.32822084,1.925332,4.2536612,0.60083914,0.83275318,2.6432362,755,2.1813548
917552,-34000,-8000,107,4.7115434e+08,0.21443655,291.20938,5140.7026,43812.605,994.11261,12397.942,166164.08,2131319,5.5872e+10,1,0.90339035,0.32822084,1.925332,4.2536612,0.60083914,0.83275318,2.6432362,755,2.1813548
917574,-34000,36000,60,2.592189e+08,0.17806481,275.31903,361.02704,36436.898,1198.1106,18621.66,135253.72,1006426.4,2.1140001e+10,0.89322037,0.96242666,0.21505377,1.4711618,4.3700547,0.61728001,0.83592165,2.5994694,755,2.5287452
917575,-34000,38000,65,2.733065e+08,0.17753345,282.96161,2237.2786,37896.98,595.72028,20702.289,139088.05,1081729.6,2.3096001e+10,0.83605766,1.0397596,0.23049645,1.4871106,4.3992372,0.62140208,0.83670658,2.5888593,755,2.5089202
983084,-32000,-16000,110,4.7854138e+08,0.21258365,85.489113,2924.6079,40714.426,893.56055,12590.02,168189.83,2209129,5.7495998e+10,0.97047538,0.92572016,0.33639145,1.9296968,4.2674384,0.60278517,0.83313143,2.6379311,755,2.1754627
983085,-32000,-14000,108,4.7589878e+08,0.2132971,84.669662,1024.7001,39119.797,2312.158,12490.815,167444.06,2114677.5,5.4116e+10,0.992558,0.90850204,0.33128834,1.9266803,4.2570972,0.60132444,0.8328476,2.6419098,755,2.1797638
983086,-32000,-12000,107,4.734743e+08,0.21391024,268.34848,884.95251,39446.496,2393.8894,12429.13,166777.45,2079068.6,5.2848001e+10,1,0.90339035,0.32822084,1.925332,4.2536612,0.60083914,0.83275318,2.6432362,755,2.1813548
983087,-32000,-10000,107,4.7123459e+08,0.21444407,267.26318,2801.3967,41004.109,984.49353,12398.256,166175.3,2103096.8,5.3711999e+10,1,0.90339035,0.32822084,1.925332,4.2536612,0.60083914,0.83275318,2.6432362,755,2.1813548
983111,-32000,38000,64,2.7213005e+08,0.17826521,235.71426,2536.6736,39260.801,1207.7296,10198.298,138503.22,1022581.1,2.1556001e+10,0.85069442,1.0317068,0.22695035,1.4847937,4.3955679,0.62088376,0.83660805,2.5901856,755,2.5115187
983112,-32000,40000,65,2.7456931e+08,0.17519453,251.13353,4373.3945,40714.102,586.10077,10792.51,140336.5,1060712.5,2.3640001e+10,0.83605766,1.0397596,0.23049645,1.4871106,4.3992372,0.62140208,0.83670658,2.5888593,755,2.5089202
1048619,-30000,-18000,110,4.7940374e+08,0.21245691,109.39005,5163.1255,43511.621,884.77911,12625.091,168391.52,2234588,5.9535999e+10,0.97047538,0.9257201,0.33639145,1.9296968,4.2674384,0.60278517,0.83313143,2.6379311,755,2.1754627
1048620,-30000,-16000,109,4.7645206e+08,0.21324199,121.99828,3525.373,41929.852,2303.3765,12506.092,167563.02,2158826,5.6120001e+10,0.9818213,0.91414255,0.33435583,1.9280021,4.2605386,0.60181057,0.83294213,2.6405835,755,2.1781981
1048621,-30000,-14000,108,4.7377779e+08,0.21389526,151.29619,2285.541,40505.34,2384.2703,12433.95,166836.73,2118776.5,5.4440002e+10,0.992558,0.90850198,0.33128834,1.9266803,4.2570972,0.60132444,0.8328476,2.6419098,755,2.1797638
1048622,-30000,-12000,107,4.7133642e+08,0.21444592,200.72839,2273.4998,39262.137,974.87445,12398.833,166192.55,2097447.8,5.3279998e+10,1,0.90339035,0.32822084,1.925332,4.2536612,0.60083914,0.83275318,2.6432362,755,2.1813548
1048648,-30000,40000,64,2.7355766e+08,0.17564286,230.5139,5264.3647,42085.312,1873.5735,10718.109,139898.84,1003179.8,2.2404e+10,0.85069442,1.0317068,0.22695035,1.4847937,4.3955679,0.62088376,0.83660805,2.5901856,755,2.5115187
1048649,-30000,42000,66,2.7736314e+08,0.16958424,241.88158,6894.0576,43533.16,576.48126,12102.515,143362.83,1067338.5,2.5387999e+10,0.81678319,1.0498937,0.23404256,1.4893893,4.4029126,0.62192118,0.83680511,2.5875332,755,2.5063591
1114154,-28000,-20000,109,4.8051248e+08,0.21225415,118.1389,7728.3232,46313.168,875.99768,12677.106,168666.64,2237033.2,6.1271998e+10,0.9818213,0.91414255,0.33435583,1.9280021,4.2605386,0.60181057,0.83294213,2.6405835,755,2.1781981
1114155,-28000,-18000,109,4.7715715e+08,0.21314587,127.66455,6256.7881,44742.57,2294.5952,12528.774,167724.77,2192785.2,5.8808001e+10,0.9818213,0.91414255,0.33435583,1.9280021,4.2605386,0.60181057,0.83294213,2.6405835,755,2.1781981
1114156,-28000,-16000,108,4.7416227e+08,0.21386115,142.29247,5030.1699,43321.812,2374.6511,12441.188,166917.73,2144211.8,5.6416002e+10,0.992558,0.90850198,0.33128834,1.9266803,4.2570972,0.60132444,0.8328476,2.6419098,755,2.1797638
1114157,-28000,-14000,107,4.714655e+08,0.2144419,163.90936,4285.4155,42066.762,965.25537,12399.734,166216.86,2114371.8,5.4576001e+10,1,0.90339035,0.32822084,1.925332,4.2536612,0.60083914,0.83275318,2.6432362,755,2.1813548
1114184,-28000,40000,57,2.2340734e+08,0.14939971,193.34023,1664.1282,43590.176,1254.6146,44633.566,137081.47,772290.62,1.562e+10,0.87781954,0.91858935,0.20212767,1.4674653,4.3700547,0.61728001,0.83592165,2.5994694,755,2.5307903
1114185,-28000,42000,65,2.7752397e+08,0.16782928,229.45616,7889.7646,44910.316,1985.877,12567.775,144152.22,1011225,2.4395999e+10,0.83076924,1.0418482,0.23049645,1.4871106,4.3992372,0.62140208,0.83670658,2.5888593,755,2.5089202
1114186,-28000,44000,68,2.8886608e+08,0.14779459,240.1846,9189.7695,46353.699,566.86176,18498.486,156719.83,1103249.1,2.8272001e+10,0.78226513,1.0685228,0.23776224,1.499227,4.4250932,0.6250543,0.83739883,2.5795755,755,2.4926038
1179689,-26000,-22000,110,4.8197443e+08,0.21194084,122.42753,10360.273,49118.219,867.21625,12755.954,169047.83,2332657.2,6.7371999e+10,0.96914095,0.9204371,0.3343465,1.9304471,4.2743602,0.60376292,0.83332115,2.6352785,755,2.1731174
1179690,-26000,-20000,109,4.7807424e+08,0.21299356,129.85742,8997.5889,47557.414,2285.8137,12562.774,167945.89,2249359.2,6.3255998e+10,0.9818213,0.91414255,0.33435583,1.9280021,4.2605386,0.60181057,0.83294213,2.6405835,755,2.1781981
1179691,-26000,-18000,108,4.7465702e+08,0.2138027,139.66611,7803.4028,46139.746,2365.0322,12451.97,167027.62,2192252,6.0136002e+10,0.992558,0.90850198,0.33128834,1.9266803,4.2570972,0.60132444,0.8328476,2.6419098,755,2.1797638
1179692,-26000,-16000,107,4.7163075e+08,0.21443117,152.50316,6884.4932,44874.371,955.63629,12401.087,166250.14,2153867.8,5.76e+10,1,0.90339035,0.32822084,1.925332,4.2536612,0.60083914,0.83275318,2.6432362,755,2.1813548
1179720,-26000,40000,39,1.5752392e+08,0.35995916,61.443798,5982.6338,17785.998,635.65582,13847.266,74156.906,336170.34,3.7e+09,0.98380566,0.6160689,0.21787709,1.225183,3.9715796,0.56099445,0.82480675,2.7599471,755,2.855943
1179721,-26000,42000,64,2.5455798e+08,0.15128173,218.83733,6822.436,46409.766,2537.468,47757.641,145413.61,970942.94,2.3815999e+10,0.83382934,1.0350288,0.22695035,1.4847937,4.3955679,0.62088376,0.83660805,2.5901856,755,2.5115187
1179722,-26000,44000,75,3.2860608e+08,0.098300546,247.00266,9272.9443,47735.727,1976.2574,42573.152,204957.94,1201792.1,3.0640001e+10,0.67243242,1.1330905,0.25423729,1.5258009,4.4853501,0.63356566,0.83900106,2.5583553,755,2.4563274
1179723,-26000,46000,156,6.5478867e+08,0.058823589,308.0434,35341.25,126435.46,557.24231,154439.05,374007,6705141,4.4922402e+11,0.48709679,1.4685386,0.21696801,0.99583763,8.3127546,1.1741951,0.91923016,1.8408488,755,2.3918457
1245224,-24000,-24000,110,4.8397331e+08,0.21145134,124.91604,12990.914,51926.137,858.43481,12880.874,169593.98,2420366.8,7.4315997e+10,0.96914095,0.9204371,0.3343465,1.9304471,4.2743602,0.60376292,0.83332115,2.6352785,755,2.1731174
1245225,-24000,-22000,109,4.7930381e+08,0.21275659,131.00345,11723.55,50373.984,2277.0322,12615.504,168255.34,2328550.5,6.9463998e+10,0.9818213,0.91414255,0.33435583,1.9280021,4.2605386,0.60181057,0.83294213,2.6405835,755,2.1781981
1245226,-24000,-20000,108,4.7530976e+08,0.21371005,138.41498,10573.065,48958.895,2355.4131,12468.393,167178.66,2262895.8,6.56e+10,0.992558,0.90850198,0.33128834,1.9266803,4.2570972,0.60132444,0.8328476,2.6419098,755,2.1797638
1245227,-24000,-18000,107,4.718463e+08,0.21441191,147.44402,9602.0762,47684.445,946.01721,12403.12,166295.59,2215931.8,6.2351999e+10,1,0.90339035,0.32822084,1.925332,4.2536612,0.60083914,0.83275318,2.6432362,755,2.1813548
1245256,-24000,40000,38,1.5190949e+08,0.41591021,77.839111,5692.6694,16941.77,16.696953,10911.18,67748.172,313520.53,3.196e+09,0.98435277,0.59976918,0.2122905,1.2227197,3.9685891,0.56057203,0.82472032,2.7612731,755,2.8585656
1245257,-24000,42000,46,1.897711e+08,0.19065829,60.308914,2065.2756,22884.387,1918.5093,31909.496,111838.7,362023.56,3.664e+09,0.8599034,0.70749068,0.25136611,1.2513652,4.004777,0.56568366,0.82576263,2.745358,755,2.825748
1245258,-24000,44000,158,6.4941286e+08,0.05801994,309.53452,34353.508,124680.3,3385.6531,189512.36,375039.28,6600371,4.3392401e+11,0.48754334,1.4755789,0.21974966,1.000711,8.3390608,1.1779109,0.91968054,1.8381963,755,2.3851006
1245259,-24000,46000,143,6.1030618e+08,0.059775352,301.54614,28456.465,116857.74,1966.6379,143701.47,358193.53,5084894,2.70332e+11,0.51236087,1.4151852,0.24956369,1.4246442,6.63764,0.93758142,0.88824981,2.0530503,755,2.1768935
1245260,-24000,48000,98,4.1453194e+08,0.068779588,278.14645,18958.369,77190.414,567.29565,115028.2,275203.62,2591807,1.14024e+11,0.50094676,1.2284533,0.17102967,1.3104393,6.2816281,0.88729399,0.88097632,2.1127322,755,2.3225164
1310759,-22000,-26000,111,4.8685226e+08,0.21065094,126.4938,15578.986,54736.43,849.65338,13092.848,170420.5,2550400,8.3424002e+10,0.95593774,0.92684811,0.33738601,1.9317428,4.2778296,0.60425299,0.83341616,2.6339521,755,2.1715732
1310760,-22000,-24000,110,4.8102522e+08,0.21237862,131.68942,14417.821,53191.973,2268.251,12702.141,168707.14,2453686.2,7.7976003e+10,0.96914095,0.9204371,0.3343465,1.9304471,4.2743602,0.60376292,0.83332115,2.6352785,755,2.1731174
1310761,-22000,-22000,109,4.7620256e+08,0.21356437,137.67825,13328.215,51779.051,2345.7939,12494.591,167392.66,2376141.2,7.3207996e+10,0.9818213,0.91414255,0.33435583,1.9280021,4.2605386,0.60181057,0.83294213,2.6405835,755,2.1781981
1310762,-22000,-20000,107,4.721359e+08,0.21438071,144.63075,12355.966,50496.566,936.39813,12406.276,166358.73,2300558.2,6.8832002e+10,1,0.90339035,0.32822084,1.925332,4.2536612,0.60083914,0.83275318,2.6432362,755,2.1813548
1310793,-22000,42000,136,5.6486144e+08,0.071963102,317.43317,39134.609,123106.34,1349.9601,160542.84,314066.03,5917161,4.1434399e+11,0.57385623,1.0846481,0.21621622,1.2789123,7.0837178,1.0005909,0.8969875,1.9867374,755,2.252975
1310794,-22000,44000,126,5.2161011e+08,0.065223873,312.6265,30784.398,114430.41,2247.6794,158734.75,317011.22,4425729.5,2.49252e+11,0.57269841,1.1069996,0.22661871,1.4134823,6.3650799,0.89908171,0.8827067,2.0981433,755,2.2213783
1310795,-22000,46000,73,3.0101066e+08,0.10906818,229.56866,12602.702,52051.824,3393.2937,67923.008,186228.8,1220641.5,3.5440001e+10,0.69863015,1.1119846,0.24092409,1.5311859,4.5083714,0.63681751,0.83960909,2.5503979,755,2.4446926
1310796,-22000,48000,66,2.8203341e+08,0.15728325,227.71591,16192.748,53387.5,2038.8942,15772.657,150111.52,1167961.5,3.638e+10,0.81212121,1.0495834,0.22916667,1.4972943,4.4250932,0.6250543,0.83739883,2.5795755,755,2.4934356
1310797,-22000,50000,65,2.7864646e+08,0.16489908,231.56491,17950.883,54821.387,684.49457,13590.949,145721.14,1226945,3.9408001e+10,0.83269233,1.0404217,0.22727273,1.4923981,4.4139752,0.62348384,0.83710152,2.5835543,755,2.5002949
1376294,-20000,-28000,111,4.9133206e+08,0.20922868,127.51167,18069.723,57548.703,840.87195,13491.354,171783.67,2680772.5,9.3824e+10,0.95593774,0.92684811,0.33738601,1.9317428,4.2778296,0.60425299,0.83341616,2.6339521,755,2.1715732
1376295,-20000,-26000,110,4.8359158e+08,0.2117366,132.11899,17054.271,56011.137,2259.4695,12857.528,169412.84,2575393,8.7583998e+10,0.96914095,0.9204371,0.3343465,1.9304471,4.2743602,0.60376292,0.83332115,2.6352785,755,2.1731174
1376296,-20000,-24000,109,4.7748861e+08,0.21332678,137.18552,16056.127,54600.066,2336.1748,12539.562,167711.84,2489189.5,8.2056004e+10,0.9818213,0.91414255,0.33435583,1.9280021,4.2605386,0.60181057,0.83294213,2.6405835,755,2.1781981
1376297,-20000,-22000,107,4.7254186e+08,0.21433082,142.84692,15120.115,53310.414,926.77905,12411.469,166449.61,2407738.2,7.7040001e+10,1,0.90339035,0.32822084,1.925332,4.2536612,0.60083914,0.83275318,2.6432362,755,2.1813548
1376328,-20000,40000,118,4.8584019e+08,0.077252783,317.30276,45264.391,121023.52,921.36719,169823.69,281121.84,5775533.5,4.0560401e+11,0.73026222,0.69802457,0.18759936,1.2316178,6.9163861,0.97695494,0.89375615,2.0106101,755,2.3142571
1376329,-20000,42000,112,4.6554403e+08,0.072686858,312.77634,33351.238,112064.84,990.26868,157525.73,283698.72,4204299.5,2.38676e+11,0.65620977,0.82007337,0.19753087,1.3608795,6.3421011,0.89583594,0.88223183,2.1021221,755,2.269973
1376330,-20000,44000,42,1.6541998e+08,0.29540247,167.40962,3640.6506,24965.994,603.45935,18708.598,83886.461,319769.19,3.208e+09,0.94889665,0.65943515,0.22950819,1.2426143,3.992641,0.56396943,0.82541388,2.750663,755,2.8351703
1376331,-20000,46000,48,1.8641808e+08,0.19319035,207.10211,6452.8232,40058.141,2012.975,31833.943,110117.47,468800.12,7.4599997e+09,0.91312057,0.76778269,0.26086956,1.2580467,4.013927,0.56697613,0.82602513,2.7413793,755,2.8180027
1376332,-20000,48000,65,2.641073e+08,0.1702264,221.90579,17172.211,54873.992,3422.4905,45112.215,139630.94,1201640.9,3.9199998e+10,0.83269233,1.0404217,0.22727273,1.4923981,4.4139752,0.62348384,0.83710152,2.5835543,755,2.5002949
1376333,-20000,50000,65,2.7312819e+08,0.17481463,226.48192,19399.691,56213.773,2156.093,11144.919,140119.73,1264673.5,4.2344002e+10,0.83269233,1.0404217,0.22727273,1.4923981,4.4139752,0.62348384,0.83710152,2.5835543,755,2.5002949
1376334,-20000,52000,65,2.7362285e+08,0.17481698,230.24385,20966.279,57645.367,801.69348,11129.097,140245.62,1347290.8,4.6016e+10,0.83269233,1.0404217,0.22727273,1.4923981,4.4139752,0.62348384,0.83710152,2.5835543,755,2.5002949
1441829,-18000,-30000,114,4.9922534e+08,0.20632806,128.0668,20345.703,60362.656,832.09058,14369.1,174370.94,2879042,1.06732e+11,0.91724885,0.94653147,0.3402985,1.9375496,4.30931,0.60869962,0.83427572,2.622016,755,2.1601839
1441830,-18000,-28000,111,4.8780602e+08,0.2105163,132.36151,19577.482,58831.289,2250.688,13176.279,170641.89,2735001,9.92e+10,0.95593774,0.92684811,0.33738601,1.9317428,4.2778296,0.60425299,0.83341616,2.6339521,755,2.1715732
1441831,-18000,-26000,109,4.794896e+08,0.21290617,136.82045,18732.932,57421.809,2326.5559,12625.924,168228.83,2624845,9.2663996e+10,0.9818213,0.91414255,0.33435583,1.9280021,4.2605386,0.60181057,0.83294213,2.6405835,755,2.1781981
1441832,-18000,-24000,107,4.7314758e+08,0.21424793,141.61612,17879.439,56125.727,917.15997,12420.827,166588.47,2537458,8.6976004e+10,1,0.90339035,0.32822084,1.925332,4.2536612,0.60083914,0.83275318,2.6432362,755,2.1813548
1441863,-18000,38000,112,4.730537e+08,0.080526941,317.25076,45479.133,118443.23,930.98669,166388.58,271699.94,5605787.5,3.84804e+11,0.82110679,0.56268495,0.17834395,1.2171376,6.8534279,0.96806198,0.89252621,2.0198939,755,2.3346167
1441864,-18000,40000,101,4.1847181e+08,0.080489025,313.48407,36842.73,109776.53,999.64905,154548.72,255605.2,4186263.8,2.4166e+11,0.78950495,0.56484663,0.16082802,1.1837341,6.7567773,0.95440984,0.89062268,2.0344827,755,2.3762698
1441867,-18000,46000,41,1.635713e+08,0.29502007,192.7271,6302.8706,30729.834,594.07898,19312.037,83470.438,363787.03,4.6040003e+09,0.98658538,0.65811795,0.22905028,1.2299224,3.9775746,0.56184125,0.82497978,2.7572944,755,2.8508828
1441868,-18000,48000,48,1.9235088e+08,0.17212601,213.07675,10570.406,48812.328,2003.5946,36455.316,118502.84,593693.44,1.2576e+10,0.93882978,0.78674316,0.26666668,1.2473648,4.0017357,0.56525409,0.82567531,2.7466843,755,2.831569
1441869,-18000,50000,63,2.6325323e+08,0.17608882,222.21007,20290.369,57696.777,3413.1101,44088.824,137064.78,1305334.6,4.5636002e+10,0.86431134,1.0225302,0.22340426,1.482438,4.3919053,0.62036639,0.8365097,2.591512,755,2.5141549
1441870,-18000,52000,63,2.709393e+08,0.1788681,226.16019,22323.107,59040.25,2273.292,10305.456,137966.77,1377775.5,4.9228001e+10,0.86431134,1.0225302,0.22340426,1.482438,4.3919053,0.62036639,0.8365097,2.591512,755,2.5141549
1441871,-18000,54000,63,2.7176496e+08,0.17822444,229.50616,23857.73,60469.855,918.8924,10415.405,138426.11,1467623.2,5.3332001e+10,0.86431134,1.0225302,0.22340426,1.482438,4.3919053,0.62036639,0.8365097,2.591512,755,2.5141549
1507364,-16000,-32000,119,5.1675763e+08,0.19883886,127.88089,22044.33,63178.035,823.30914,16904.037,180716.48,3118215.2,1.21544e+11,0.85999143,0.97904158,0.34999999,1.9450259,4.3448362,0.61371779,0.83524036,2.6087532,755,2.14733
1507365,-16000,-30000,114,4.9596995e+08,0.20769385,132.37717,21835.977,61652.285,2241.9065,13991.908,173229.08,2938806.5,1.1284e+11,0.91724885,0.94653147,0.3402985,1.9375496,4.30931,0.60869962,0.83427572,2.622016,755,2.1601839
1507366,-16000,-28000,110,4.8301389e+08,0.21203983,136.51242,21300.908,60244.18,2316.9368,12824.573,169190.52,2799234.5,1.05292e+11,0.96914095,0.9204371,0.3343465,1.9304471,4.2743602,0.60376292,0.83332115,2.6352785,755,2.1731174
1507367,-16000,-26000,108,4.7414253e+08,0.21409644,140.71449,20615.666,58942.293,907.54089,12440.314,166822.52,2705318,9.8884002e+10,0.992558,0.90850198,0.33128834,1.9266803,4.2570972,0.60132444,0.8328476,2.6419098,755,2.1797638
1507398,-16000,36000,112,4.7889542e+08,0.082451813,317.36862,43872.836,115883.79,940.6062,165885.3,270162.56,5425580.5,3.6075998e+11,0.83365506,0.55180687,0.17834395,1.2171376,6.8534279,0.96806198,0.89252621,2.0198939,755,2.3346167
1507399,-16000,38000,103,4.2003853e+08,0.082781568,313.53815,36206.406,107586.55,1009.0295,153694.84,252512.38,4277514,2.4289999e+11,0.81610507,0.53572655,0.16401275,1.1900041,6.7741466,0.95686334,0.89096618,2.0318303,755,2.3685114
1507404,-16000,48000,43,1.6808558e+08,0.26456928,203.62209,9416.4688,36562.105,584.69861,22420.533,89351.211,473404.06,7.744e+09,0.97452933,0.6940375,0.24022347,1.2344191,3.9835875,0.56269062,0.82515317,2.754642,755,2.8460612
1507405,-16000,50000,50,2.0117496e+08,0.14990994,216.10336,14782.442,57656.375,1994.2142,42302.52,129860.38,759909.88,1.8955999e+10,0.92571431,0.82532579,0.27777779,1.2510989,4.007822,0.56611383,0.82585007,2.7440319,755,2.8274956
1507406,-16000,52000,63,2.6360034e+08,0.17836377,222.52444,23282.287,60520.09,1602.2465,43831.191,136277.64,1450039.5,5.3196001e+10,0.86431134,1.0225302,0.22340426,1.482438,4.3919053,0.62036639,0.8365097,2.591512,755,2.5141549
1507407,-16000,54000,63,2.6994077e+08,0.18051621,225.98149,25193.549,61866.906,130.64799,10017.04,137082.2,1534467.8,5.7300001e+10,0.86431134,1.0225302,0.22340426,1.482438,4.3919053,0.62036639,0.8365097,2.591512,755,2.5141549
1572899,-14000,-34000,134,5.8754765e+08,0.17410208,122.9407,21235.312,65994.648,814.52771,28365.404,205932.31,3590882,1.4283601e+11,0.73246551,1.0717233,0.34805194,1.9597235,4.578876,0.64677644,0.84145755,2.5265253,755,2.0874407
1572900,-14000,-32000,119,5.1842493e+08,0.19816776,131.66673,23204.52,64473.996,2233.1252,17190.914,181314.02,3179260.2,1.28312e+11,0.85999143,0.97904158,0.34999999,1.9450259,4.3448362,0.61371779,0.83524036,2.6087532,755,2.14733
1572901,-14000,-30000,111,4.9083386e+08,0.20964842,136.16161,23568.885,63067.09,2307.3176,13459.223,171524.59,2988183.8,1.19456e+11,0.95593774,0.92684811,0.33738601,1.9317428,4.2778296,0.60425299,0.83341616,2.6339521,755,2.1715732
1572902,-14000,-28000,109,4.7606928e+08,0.21376063,140.02054,23286.375,61759.945,897.92181,12492.387,167292.38,2887231.2,1.12296e+11,0.9818213,0.91414255,0.33435583,1.9280021,4.2605386,0.60181057,0.83294213,2.6405835,755,2.1781981
1572933,-14000,34000,115,4.9031155e+08,0.084497236,317.52802,41931.656,113347.91,950.22565,165725,270034.81,5385145.5,3.443e+11,0.84164762,0.55367321,0.18312103,1.2258023,6.8802691,0.97185338,0.89305156,2.0159152,755,2.3236759
1572934,-14000,36000,103,4.3176189e+08,0.084891304,313.47433,34905.672,105524.41,1018.4099,153968.39,252810.72,4178134,2.3015599e+11,0.83628404,0.51369953,0.16427432,1.1927066,6.765451,0.95563501,0.89079428,2.0331564,755,2.3671043
1572941,-14000,50000,44,1.7291667e+08,0.23806916,209.08708,12725.881,42443.176,575.31824,25687.863,95537.039,595560.62,1.1672001e+10,0.96723044,0.71210998,0.24444444,1.2392368,3.9896185,0.56354254,0.82532686,2.7519894,755,2.8403647
1572942,-14000,52000,53,2.0986504e+08,0.1491507,217.83748,18926.309,62029.113,247.84691,43773.352,132972.66,1024070.2,3.0580001e+10,0.90783745,0.87574178,0.24766356,1.3406806,4.1238546,0.58250368,0.82914513,2.6949601,755,2.7122481
1638434,-12000,-36000,234,9.8964621e+08,0.13433398,77.790337,24304.682,74302.547,805.74628,79680.133,304265,8270075,3.8990001e+11,0.51542497,1.4845476,0.40554592,1.5328883,7.5505533,1.0665325,0.90572995,1.9257294,755,1.9899839
1638435,-12000,-34000,174,7.4722733e+08,0.11932242,104.34046,18895.336,67296.328,2224.3438,92457.867,280524.16,5039339,2.0928401e+11,0.5396319,1.2590822,0.30526316,1.4741598,6.8892632,0.97312373,0.89322728,2.0145888,755,2.106483
1638436,-12000,-32000,119,5.2286723e+08,0.1962162,134.95525,24285.586,65890.477,2297.6985,17951.73,182992.47,3262931.5,1.3604e+11,0.85999143,0.97904158,0.34999999,1.9450259,4.3448362,0.61371779,0.83524036,2.6087532,755,2.14733
1638437,-12000,-30000,110,4.8136022e+08,0.21259332,139.4429,25712.934,64578.539,888.30273,12729.685,168680.64,3090462.2,1.2744e+11,0.96914095,0.9204371,0.3343465,1.9304471,4.2743602,0.60376292,0.83332115,2.6352785,755,2.1731174
1638468,-12000,32000,121,5.0605936e+08,0.086925425,317.71509,39902.406,110838.86,959.84515,165616.83,270478.19,5444551.5,3.3139999e+11,0.83842975,0.57527757,0.19267516,1.2425849,6.934587,0.97952586,0.89411026,2.0079575,755,2.3023064
1638469,-12000,34000,107,4.4406067e+08,0.08639846,313.45886,33365.285,103632.77,1027.7902,153197.12,254140.03,4214239,2.2409599e+11,0.8405925,0.51204836,0.17065391,1.2049664,6.8003693,0.9605673,0.89148355,2.0278513,755,2.3518572
1703969,-10000,-38000,238,1.0163226e+09,0.13824497,81.768364,26783.285,73877.055,796.96484,78548.977,303945.72,8695753,4.17964e+11,0.53019184,1.4882507,0.41034484,1.5319277,7.6270423,1.0773367,0.90712619,1.9164456,755,1.9833232
1703970,-10000,-36000,239,1.0090003e+09,0.13707851,81.249153,24522.627,72663.422,2215.5623,78747.883,304134.62,8421529,3.96564e+11,0.52357513,1.4977161,0.41206896,1.532609,7.6380959,1.0788981,0.90732718,1.9151194,755,1.9817839
1703971,-10000,-34000,236,9.9616192e+08,0.13513136,81.151138,22099.105,71501.023,2496.6167,79351.859,304362.97,8008160.5,3.6864e+11,0.51309049,1.4921179,0.40689656,1.5305243,7.6050305,1.0742276,0.90672541,1.9190981,755,1.9864389
1703972,-10000,-32000,128,5.5795334e+08,0.18042579,136.47104,23662.414,67397.961,878.68365,24493.658,197130.83,3482247,1.46292e+11,0.77608269,1.0358506,0.34688348,1.956256,4.4929976,0.63464594,0.8392033,2.5557029,755,2.1067035
1704003,-10000,30000,127,5.2680198e+08,0.089945436,317.92502,37865.07,108360.48,969.46466,165466.88,271293.28,5532273.5,3.2556401e+11,0.82852143,0.60039949,0.20222931,1.258662,6.9897695,0.98732054,0.89517987,2,755,2.2815974
1704004,-10000,32000,108,4.5813562e+08,0.087693706,313.50165,31854.375,101975.63,1037.1705,152226.8,256222.78,4149630.8,2.17288e+11,0.84250605,0.51154882,0.17224881,1.2079771,6.8091555,0.96180838,0.89165664,2.0265253,755,2.3480964
1769504,-8000,-40000,236,1.0185531e+09,0.1419763,87.13266,28750.248,74450.328,788.18341,75239.984,300254.03,8826548,4.2858401e+11,0.53566533,1.4777609,0.40689656,1.5305243,7.6050305,1.0742276,0.90672541,1.9190981,755,1.9864389
1769505,-8000,-38000,237,1.0257202e+09,0.14028679,85.864868,26842.312,72942.539,2206.7808,77561.328,303117.47,8582317,4.1155999e+11,0.53518558,1.4836615,0.40862069,1.5312328,7.6160207,1.0757799,0.90692562,1.9177719,755,1.984875
1769506,-8000,-36000,240,1.0254595e+09,0.13937484,85.049675,24746.25,71538.445,3625.3784,78127.391,304068.91,8408415,3.9470799e+11,0.52953279,1.4952163,0.41379312,1.5332767,7.6491818,1.080464,0.90752858,1.9137931,755,1.9802568
1769507,-8000,-34000,239,1.0179564e+09,0.13817319,84.767105,22462.369,70218.102,2560.2986,78311.828,304268.94,8071109,3.70396e+11,0.52357513,1.4977161,0.41206896,1.532609,7.6380959,1.0788981,0.90732718,1.9151194,755,1.9817839
1769508,-8000,-32000,150,6.2091558e+08,0.22436838,39.742161,26947.539,68702.172,989.27393,88277.68,186483.5,4484552,1.9636801e+11,0.79382551,0.69799161,0.27881041,1.474462,6.4193497,0.90674746,0.88382351,2.0888593,755,2.1645105
1769538,-8000,28000,132,5.5445958e+08,0.09385974,318.14871,35853.672,105917.41,979.08417,165201.17,272458.41,5538378,3.1204799e+11,0.8229239,0.62009716,0.21019109,1.2715389,7.0364304,0.99391145,0.89607978,1.9933687,755,2.2648256
1769539,-8000,30000,116,4.7633958e+08,0.089116655,313.60446,30545.016,100653.52,1046.5509,151634.73,259169.45,4458296,2.347e+11,0.82428783,0.54474103,0.18500797,1.2313039,6.8802691,0.97185338,0.89305156,2.0159152,755,2.3187246
1835040,-6000,-40000,237,1.0198927e+09,0.14438184,91.595222,28811.645,75766.289,1104.761,73038.812,297938,8838925,4.2798e+11,0.53246802,1.4811822,0.40862069,1.5312328,7.6160207,1.0757799,0.90692562,1.9177719,755,1.984875
1835041,-6000,-38000,239,1.0270774e+09,0.14328003,90.72052,26866.037,74362.93,2523.7759,74655.203,300132.94,8612353,4.1002399e+11,0.53436941,1.4878069,0.41206896,1.532609,7.6380959,1.0788981,0.90732718,1.9151194,755,1.9817839
1835042,-6000,-36000,239,1.0357766e+09,0.14154801,89.473953,24941.955,73038.883,3942.7908,77108.102,303239.72,8320003,3.89636e+11,0.53468585,1.490203,0.41206896,1.532609,7.6380959,1.0788981,0.90732718,1.9151194,755,1.9817839
1835043,-6000,-34000,180,7.4858509e+08,0.15126827,54.169361,24294.295,68233.727,3817.6848,117974.19,249374.23,5220033,2.19272e+11,0.67734325,0.92747462,0.33457249,1.5211903,6.6628146,0.94113737,0.88875365,2.0490716,755,2.096453
1835044,-6000,-32000,151,6.3499808e+08,0.24692915,43.408737,27015.322,67040.766,2398.6697,84031.258,179764.92,4402231.5,1.88496e+11,0.83796912,0.68578762,0.2811918,1.4773618,6.4193497,0.90674746,0.88382351,2.0888593,755,2.1621614
1835045,-6000,-30000,144,6.0308339e+08,0.25844279,38.715851,25950.156,65906.406,979.65485,81496.539,171242.44,4183217.2,1.75328e+11,0.85042733,0.64332116,0.267658,1.4632598,6.3727765,0.9001689,0.88286549,2.096817,755,2.1798468
1835073,-6000,26000,141,5.9302042e+08,0.099211283,318.3559,33878.016,103515.3,988.70361,164711.28,274068.56,5699137,3.0468401e+11,0.82279634,0.64538217,0.22452229,1.2935685,7.1220083,1.0059996,0.89771938,1.9814323,755,2.2357049
1835074,-6000,28000,119,5.0025507e+08,0.090699881,313.80759,29563.281,99834.023,1055.9313,151577.38,263267.53,4456338,2.29572e+11,0.81825948,0.55586451,0.18949045,1.2370704,6.9163861,0.97695494,0.89375615,2.0106101,755,2.3093548
1900577,-4000,-38000,239,1.0282017e+09,0.14530714,95.559227,27076.965,75860.234,1114.3801,72933.477,298195.19,8585397,4.0679601e+11,0.53053689,1.4879392,0.41206896,1.532609,7.6380959,1.0788981,0.90732718,1.9151194,755,1.9817839
1900578,-4000,-36000,199,8.4479597e+08,0.12231375,74.948746,23589.143,74562.781,2533.395,138611.5,294607.09,6163653,2.6324001e+11,0.60281205,1.110526,0.36851853,1.5415206,6.8445277,0.96680474,0.89235175,2.0212202,755,2.0594294
1900579,-4000,-34000,158,6.7980346e+08,0.22444692,52.435295,26462.139,66210.359,3952.4099,90488.344,195092.16,4554190.5,1.9361201e+11,0.81246471,0.73629731,0.29422718,1.4894695,6.4745531,0.91454506,0.88495272,2.0795755,755,2.1451752
1900580,-4000,-32000,156,6.5425248e+08,0.25702971,47.561375,26410.236,65413.066,3808.0657,82844.914,178848.78,4464456,1.8683599e+11,0.8540116,0.69726592,0.29050279,1.486097,6.458684,0.91230351,0.88462883,2.0822282,755,2.1499476
1900581,-4000,-30000,152,6.3563622e+08,0.26679939,43.105247,25317.488,64232.121,2389.0508,80607.781,173028.17,4278560,1.75504e+11,0.86327988,0.67400837,0.28305399,1.4791439,6.4271784,0.90785325,0.88398403,2.0875332,755,2.1596859
1900582,-4000,-28000,148,6.1252595e+08,0.26417673,38.019608,23669.502,63114.238,970.03577,80771.828,170694.64,4069118.5,1.6108e+11,0.8421585,0.65771526,0.27509293,1.4707996,6.4037499,0.90454394,0.88350314,2.091512,755,2.1695557
1900608,-4000,24000,150,6.3059686e+08,0.1042315,318.83261,31883.973,101161.02,998.32312,160280.33,275728.28,5785686,2.93836e+11,0.81601793,0.68164897,0.2388535,1.3141793,7.2096939,1.0183853,0.89938521,1.969496,755,2.2078991
1900609,-4000,26000,128,5.3191744e+08,0.092517056,314.14847,28987.984,99650.812,1065.3118,152165.81,268791.88,4871661.5,2.56748e+11,0.80081201,0.59543014,0.20382166,1.2612747,6.999052,0.98863173,0.89535922,1.9986738,755,2.2782083
1966114,-2000,-36000,161,6.9570336e+08,0.20323083,62.626118,25299.377,65772.695,1123.9991,95187,207406.42,4549419,1.8402401e+11,0.75357145,0.77858824,0.29981378,1.4943997,6.4985032,0.9179281,0.88544053,2.0755968,755,2.1381361
1966115,-2000,-34000,157,6.6853709e+08,0.24941419,56.691536,25634.975,64206.91,2543.0142,83221.266,183530.02,4453765,1.8290799e+11,0.83921278,0.7080155,0.29236498,1.4877919,6.466609,0.91342288,0.88479066,2.0809019,755,2.1475534
1966116,-2000,-32000,156,6.6638656e+08,0.26523867,52.208366,25422.088,63344.426,3962.0291,81584.609,177684.53,4335615.5,1.7656399e+11,0.86087674,0.69601554,0.29050279,1.486097,6.458684,0.91230351,0.88462883,2.0822282,755,2.1499476
1966117,-2000,-30000,156,6.6176499e+08,0.27391213,47.850182,24556.225,62593.219,3798.4465,80121.867,174241.33,4262817.5,1.691e+11,0.87940449,0.68201017,0.29050279,1.486097,6.458684,0.91230351,0.88462883,2.0822282,755,2.1499476
1966118,-2000,-28000,154,6.4932064e+08,0.27576032,43.031013,23189.701,61425.66,2379.4316,79412.922,172015.92,4169175.5,1.62808e+11,0.8752228,0.67376083,0.28677839,1.4826553,6.4428926,0.91007292,0.88430589,2.0848806,755,2.1547844
1966119,-2000,-26000,148,6.265191e+08,0.26956096,37.19537,21386.307,60326.301,960.41669,80055.055,170900.59,3849582.8,1.4360401e+11,0.84307778,0.65635407,0.27509293,1.4707996,6.4037499,0.90454394,0.88350314,2.091512,755,2.1695557
1966143,-2000,22000,161,6.6573075e+08,0.10849287,319.41211,29581.35,98863.109,1007.9426,155212.27,277685.78,6006769,2.93032e+11,0.80031055,0.72871679,0.25636941,1.3375304,7.3198419,1.033944,0.90145791,1.9549072,755,2.1756124
1966144,-2000,24000,132,5.552928e+08,0.09570203,314.20395,26986.486,97139.594,1074.6921,149974.44,270025.88,4812039,2.41004e+11,0.81182051,0.60019249,0.21019109,1.2715389,7.0364304,0.99391145,0.89607978,1.9933687,755,2.2648256
2031651,0,-34000,156,6.6297645e+08,0.25883189,61.829891,24559.342,62966.746,1133.6183,81345.312,179409.36,4255282,1.6539201e+11,0.82059556,0.70539743,0.29050279,1.486097,6.458684,0.91230351,0.88462883,2.0822282,755,2.1499476
2031652,0,-32000,158,6.671831e+08,0.27770877,57.661171,23998.49,61394.551,2552.6333,77851.422,173753.14,4284717.5,1.67672e+11,0.85197127,0.70118898,0.29422718,1.4894695,6.4745531,0.91454506,0.88495272,2.0795755,755,2.1451752
2031653,0,-30000,158,6.7750029e+08,0.28061077,53.20166,23472.395,60468.922,3971.6482,79251.859,174183.69,4241766.5,1.64552e+11,0.88107717,0.68821329,0.29422718,1.4894695,6.4745531,0.91454506,0.88495272,2.0795755,755,2.1451752
2031654,0,-28000,161,6.7949005e+08,0.28457037,48.477592,22490.572,59774.316,3788.8274,78725.812,173221.44,4277819.5,1.62788e+11,0.88020188,0.6979748,0.29981378,1.4943997,6.4985032,0.9179281,0.88544053,2.0755968,755,2.1381361
2031655,0,-26000,161,6.6977229e+08,0.28429317,43.04797,21065.32,58621.766,2369.8125,78300.664,172062.14,4173712.2,1.5324399e+11,0.87096274,0.69802743,0.2992565,1.4933549,6.506526,0.9190613,0.88560367,2.0742705,755,2.1379249
2031656,0,-24000,155,6.4541434e+08,0.27607504,36.206783,19186.229,57519.719,950.79761,79139.242,171399.94,3892172.8,1.37176e+11,0.83401757,0.68263412,0.28810409,1.4833097,6.458684,0.91230351,0.88462883,2.0822282,755,2.1521845
2031677,0,18000,162,6.4824525e+08,0.1678187,323.71976,35230.891,98887.906,465.5961,145585.67,220320.27,5874098,2.72472e+11,0.84886128,0.62845832,0.28421053,1.45418,6.782865,0.95809484,0.89113832,2.030504,755,2.135515
2031678,0,20000,171,7.0437901e+08,0.11245105,320.1156,27046.461,96632.234,1017.5621,150525,280560.41,6075288.5,2.8477601e+11,0.78665292,0.77270442,0.272293,1.3570764,7.4229383,1.0485066,0.90337831,1.9416445,755,2.1478069
2031679,0,22000,141,5.8717434e+08,0.09980613,314.36679,25172.551,94663.773,1084.0725,147930.06,271900.41,4910066.5,2.345e+11,0.80709219,0.635809,0.22452229,1.2935685,7.1220083,1.0059996,0.89771938,1.9814323,755,2.2357049
2097188,2000,-32000,157,6.6452006e+08,0.27911067,63.901783,22625.488,59951.004,1143.2374,77873.781,172969.98,4089345.5,1.50556e+11,0.82622898,0.69862127,0.29236498,1.4877919,6.466609,0.91342288,0.88479066,2.0809019,755,2.1475534
2097189,2000,-30000,160,6.7926029e+08,0.29333755,59.597866,21971.488,58583.742,2562.2522,75468.758,170584.36,4151754.5,1.5286e+11,0.86454403,0.69436067,0.29795158,1.4927734,6.4905005,0.91679764,0.88527769,2.0769231,755,2.1404665
2097190,2000,-28000,162,6.9742144e+08,0.29201356,54.724072,21412.479,57579.648,3981.2673,77822.906,173241.16,4152419.8,1.5156e+11,0.87485623,0.70217168,0.30167598,1.496009,6.506526,0.9190613,0.88560367,2.0742705,755,2.1358213
2097191,2000,-26000,168,7.0537728e+08,0.29507104,49.431911,20447.377,56956.523,3779.2085,77430.875,173321.47,4296152,1.5381601e+11,0.87902766,0.72006434,0.31284916,1.5053116,6.5550823,0.92592001,0.88658792,2.066313,755,2.1222603
2097192,2000,-24000,168,6.9843872e+08,0.29437989,43.207855,19036.834,55820.922,2360.1934,76968.148,172669.25,4193849,1.44836e+11,0.86177647,0.72488594,0.31226766,1.5043027,6.5632458,0.92707306,0.8867529,2.0649867,755,2.1220047
2097193,2000,-22000,162,6.7081485e+08,0.28432599,35.04113,17108.758,54701.203,941.17853,71422.383,172186.06,3919893,1.2938e+11,0.83076453,0.70718116,0.30111524,1.4949692,6.5145688,0.92019737,0.88576704,2.0729444,755,2.1356039
2097212,2000,16000,190,7.6112467e+08,0.12896107,326.55621,29085.51,96078.539,1326.9182,168463.09,272335.03,6120983,2.6238e+11,0.81169593,0.77231866,0.33274958,1.4958835,7.0458369,0.99524021,0.89626068,1.9920424,755,2.0710738
2097213,2000,18000,182,7.5758995e+08,0.11734049,321.26364,24653.221,94481.961,2137.9187,147441.89,284838.09,6067820,2.66244e+11,0.77760911,0.81357372,0.28980893,1.3768014,7.5397515,1.0650067,0.90553194,1.9270557,755,2.1188455
2097214,2000,20000,149,6.337721e+08,0.10522266,314.76215,23650.729,92229.633,1093.4529,144993.33,275116.66,4961660.5,2.2410401e+11,0.80373663,0.66622227,0.23726115,1.3119574,7.1998444,1.0169941,0.89919883,1.9708223,755,2.2109256
2162725,4000,-30000,159,6.747449e+08,0.29366758,67.120377,20498.49,56585.246,1152.8564,75439.867,169920.88,3949442.2,1.35852e+11,0.82517314,0.69398028,0.29608938,1.49113,6.4825168,0.91566992,0.88511509,2.0782495,755,2.142813
2162726,4000,-28000,164,6.9881267e+08,0.30496493,62.386066,19898.436,55774.711,2571.8713,74147.523,169691.61,4051414.2,1.39156e+11,0.85014218,0.70902681,0.30540037,1.499177,6.5226316,0.92133623,0.88593072,2.0716181,755,2.1312389
2162727,4000,-26000,170,7.2592006e+08,0.30335969,56.904572,19390.656,54669.523,3990.8862,76537.07,173408.5,4212044.5,1.44068e+11,0.86731637,0.72646236,0.31657356,1.5082791,6.5714293,0.92822903,0.88691819,2.0636604,755,2.1178637
2162728,4000,-24000,176,7.4207098e+08,0.30735081,50.875248,18506.93,54140.051,3769.5894,75941.398,174184.89,4339333,1.4553599e+11,0.87084419,0.74829978,0.32774675,1.5167878,6.6209626,0.93522573,0.88791525,2.0557029,755,2.1050377
2162729,4000,-22000,177,7.3977549e+08,0.30748028,43.654736,17164.469,53023.723,2350.5745,75219.25,173878.66,4287619.5,1.3908401e+11,0.85407037,0.75747585,0.32899627,1.5171874,6.63764,0.93758142,0.88824981,2.0530503,755,2.1026387
2162730,4000,-20000,168,6.9612499e+08,0.2921814,33.947468,15009.948,51883.766,931.55945,70182.25,173030.34,3926895.8,1.21396e+11,0.82599086,0.72866625,0.31226766,1.5043027,6.5632458,0.92707306,0.8867529,2.0649867,755,2.1220047
2162747,4000,14000,239,9.4446368e+08,0.12198455,333.18906,23636.834,93270.328,1336.5377,190230.67,311921.38,7027029,2.719e+11,0.75380611,1.0178444,0.38057324,1.451476,8.2091684,1.1595633,0.91744715,1.8514589,755,1.9937296
2162748,4000,16000,203,8.4492602e+08,0.1258309,323.44815,22320.303,92429.781,2521.7292,146495.61,290482.94,6352122.5,2.6290001e+11,0.76281518,0.88877821,0.32324842,1.4095289,7.7732835,1.0979936,0.909769,1.8992043,755,2.0680413
2162749,4000,18000,170,7.064857e+08,0.1145108,315.65131,22504.184,89845.023,1102.8333,143884.89,278441.12,5519749,2.39448e+11,0.7852419,0.75413293,0.27070063,1.3551921,7.412498,1.0470319,0.90318471,1.9429709,755,2.1505232
2228262,6000,-28000,162,6.9088595e+08,0.30644318,71.696815,18395.891,53086.887,1162.4756,73450.719,168319,3823164,1.22092e+11,0.80530632,0.7063067,0.3005566,1.4939157,6.5226316,0.92133623,0.88593072,2.0716181,755,2.1353991
2228263,6000,-26000,169,7.2565862e+08,0.31382728,66.398163,17869.959,52967.746,2581.4905,73787.109,170461.28,3977696,1.26444e+11,0.83671457,0.72431678,0.31354359,1.5047823,6.5796332,0.92938787,0.88708365,2.0623343,755,2.1195431
2228264,6000,-24000,181,7.6618432e+08,0.31614101,60.099972,17480.281,51725.621,4000.5054,75203.016,174514.34,4326114.5,1.3793599e+11,0.85543281,0.7634182,0.33705774,1.5234326,6.6628146,0.94113737,0.88875365,2.0490716,755,2.0947611
2228265,6000,-22000,188,7.9603955e+08,0.32285601,53.154892,16727.205,51325.156,3759.9702,74093.5,176022.34,4467078,1.39324e+11,0.85675275,0.7909199,0.3500931,1.5320663,6.7223039,0.94954038,0.88993907,2.0397878,755,2.080991
2228266,6000,-20000,193,8.0366349e+08,0.32560587,44.73991,15508.894,50230.953,2340.9553,72794.211,176114.83,4550970,1.3792e+11,0.84024179,0.81503767,0.35873607,1.5368876,6.7741466,0.95686334,0.89096618,2.0318303,755,2.0711679
2228267,6000,-18000,178,7.380624e+08,0.30463958,33.309433,13200.139,49067.594,921.94037,68293.023,174485.08,4035456.8,1.16956e+11,0.82828665,0.76325977,0.33085501,1.5185378,6.6460104,0.93876374,0.88841748,2.0517242,755,2.1005619
2228282,6000,12000,242,1.0036072e+09,0.12674172,337.02798,19705.406,90463.375,1346.1572,159871.34,315447.44,6571746.5,2.3952001e+11,0.75247765,1.0393177,0.3872,1.4604757,8.2091684,1.1595633,0.91744715,1.8514589,755,1.9863814
2228283,6000,14000,256,1.0520127e+09,0.13368025,330.23154,20061.174,90498.609,2531.1096,151838.91,314471.88,7149297,2.63132e+11,0.74528188,1.0939119,0.40764332,1.4653834,8.4324579,1.1911035,0.92127162,1.8289125,755,1.9639244
2228284,6000,16000,192,7.9974086e+08,0.12466655,316.63641,20416.637,87519.883,1112.2136,142149.5,283925.62,5791740,2.30916e+11,0.77372384,0.83414304,0.30573249,1.3931755,7.6491818,1.080464,0.90752858,1.9137931,755,2.0939364
2293799,8000,-26000,169,7.1332422e+08,0.31912339,78.264191,16454.395,49405.555,1172.0946,71614.766,167598.09,3830329.5,1.13352e+11,0.77606368,0.73427051,0.31354359,1.5047823,6.5796332,0.92938787,0.88708365,2.0623343,755,2.1195431
2293800,8000,-24000,179,7.6153472e+08,0.32266277,72.44603,15949.334,50004.492,2591.1096,73658.516,172216.73,4069210.5,1.20124e+11,0.8114996,0.76242334,0.33209649,1.5189071,6.6628146,0.94113737,0.88875365,2.0490716,755,2.0981858
2293801,8000,-22000,194,8.2535091e+08,0.33101535,65.034065,15755.83,48721.543,4010.1245,73862.758,177010.97,4485261,1.332e+11,0.8369745,0.81131035,0.35992578,1.5371026,6.7916059,0.95932949,0.89131081,2.0291777,755,2.0689089
2293802,8000,-20000,210,8.8179552e+08,0.34284571,57.051064,15165.317,48512.172,3750.3511,71834.094,179779.23,4835994.5,1.40372e+11,0.83490545,0.87269372,0.3888889,1.5518789,6.9437237,0.98081642,0.89428777,2.0066314,755,2.040683
2293803,8000,-18000,218,9.003449e+08,0.34810731,48.067329,13970.333,47443.617,2331.3362,63359.355,180282.19,4941806.5,1.3874001e+11,0.82589948,0.90475881,0.40520447,1.5597795,6.999052,0.98863173,0.89535922,1.9986738,755,2.0292437
2293804,8000,-16000,199,8.278672e+08,0.32907522,35.281879,11947.612,46252.914,912.32129,64813.832,177802.42,4405189.5,1.19776e+11,0.82731843,0.83659333,0.36988848,1.5432454,6.8267956,0.9643001,0.8920036,2.0238726,755,2.0603142
2293817,8000,10000,253,1.0387811e+09,0.12768492,340.21136,16338.45,87657.797,1355.7767,158523.36,319740.16,6425851,2.2279601e+11,0.74195367,1.0970817,0.4048,1.4693062,8.3522758,1.1797776,0.91990644,1.8368701,755,1.9673095
2293818,8000,12000,265,1.1176666e+09,0.13570702,331.95334,17176.42,88719.125,2592.5076,119609.77,321706.56,6908389.5,2.4299201e+11,0.73730701,1.1333634,0.42197451,1.4712628,8.5556593,1.208506,0.923352,1.8169761,755,1.9494663
2293819,8000,14000,269,1.1238432e+09,0.1410628,325.30804,18160.727,85267.023,1121.594,132759.11,316411,7137428.5,2.4964401e+11,0.74737835,1.1325996,0.42834395,1.4735502,8.6115789,1.2164047,0.92428946,1.8116711,755,1.94333
2359336,10000,-24000,175,7.2638938e+08,0.33171731,87.714745,14494.351,45470.934,1181.7137,48890.531,165884.42,3822848.2,1.052e+11,0.74377668,0.75734067,0.32467532,1.5134521,6.6292906,0.93640208,0.88808239,2.0543766,755,2.1065485
2359337,10000,-22000,189,7.9095789e+08,0.33688441,81.476944,13972.791,46069.824,2600.7285,50977.926,171767.56,4105465.8,1.1172e+11,0.78081727,0.80020565,0.35064936,1.5314293,6.7481256,0.95318782,0.89045131,2.035809,755,2.0783072
2359338,10000,-20000,216,8.9245933e+08,0.34663644,72.260323,14033.56,45777.602,3778.5039,51912.816,179871.38,4821356,1.33108e+11,0.81399655,0.89449298,0.40074211,1.5575366,6.9897695,0.98732054,0.89517987,2,755,2.0317128
2359339,10000,-18000,243,1.0007757e+09,0.36518079,62.97282,13603.689,45701.539,3740.7322,48724.84,185574.95,5370887,1.4426001e+11,0.81297827,0.99718523,0.44999999,1.5722283,7.2593474,1.025399,0.90032226,1.9628648,755,1.9942473
2359340,10000,-16000,256,1.0494303e+09,0.37213704,55.766186,12351.75,44663.059,2321.717,40068.66,188247.97,5504633.5,1.42248e+11,0.80848652,1.0462372,0.47407407,1.5759277,7.3917055,1.0440949,0.90279853,1.9456234,755,1.9798865
2359341,10000,-14000,263,1.0776124e+09,0.37351993,47.984196,11069.687,43440.023,902.70221,38902.445,190405.44,5493059,1.36764e+11,0.80399382,1.0723754,0.48703703,1.5769222,7.4649944,1.0544472,0.90415639,1.9363395,755,1.9730601
2359342,10000,-12000,222,9.1154221e+08,0.2635386,42.316608,17401.67,49049.664,403.57986,78383.172,208483.27,4478491.5,1.08632e+11,0.91647303,0.83055961,0.48791209,1.571607,6.3344784,0.89475924,0.88207406,2.1034484,755,2.1205983
2359343,10000,-10000,256,1.0334927e+09,0.1315417,24.078068,23039.402,107587.83,397.47617,133174.08,314215,6514338,2.5146401e+11,0.75845587,1.2584468,0.51302606,1.5844619,6.9897695,0.98732054,0.89517987,2,755,2.0268052
2359344,10000,-8000,263,1.1050438e+09,0.13832036,15.919775,25173.311,107998.96,391.37247,63813.934,316848.47,6928971,2.98832e+11,0.73253417,1.3637726,0.52705413,1.5833316,7.0552692,0.99657249,0.89644188,1.9907162,755,2.0224736
2359345,10000,-6000,264,1.0615576e+09,0.14196223,13.613787,21644.203,108039.62,385.26877,122663.2,306542.22,6600656,2.6444e+11,0.74144489,1.3247418,0.5290581,1.5831085,7.0647268,0.99790841,0.89662343,1.9893899,755,2.0219114
2359346,10000,-4000,238,9.6382899e+08,0.28401458,13.725299,16067.377,57803.715,379.1651,72664.297,206506.92,4523678,1.06072e+11,0.87281495,0.92322671,0.51293105,1.5758396,6.530714,0.9224779,0.88609463,2.0702918,755,2.0940497
2359347,10000,-2000,239,9.5760563e+08,0.35967135,6.8122587,15445.788,45378.734,373.0614,60223.641,182913.33,4472404.5,1.03024e+11,0.88196617,0.91198701,0.51287556,1.5766951,6.5550823,0.92592001,0.88658792,2.066313,755,2.0899587
2359348,10000,0,241,9.6199706e+08,0.39395338,359.08038,15400.672,43372.648,366.9577,55750.555,175173.89,4532550,1.05508e+11,0.88015217,0.91873729,0.51605994,1.576928,6.5796332,0.92938787,0.88708365,2.0623343,755,2.0870297
2359349,10000,2000,241,9.6936512e+08,0.39308921,351.37854,15693.22,44886.094,360.854,55958.07,176036.64,4569534.5,1.07604e+11,0.8819502,0.91680998,0.51605994,1.576928,6.5796332,0.92938787,0.88708365,2.0623343,755,2.0870297
2359350,10000,4000,242,9.7514438e+08,0.38336906,344.23221,16153.727,46419.766,354.75034,50742.605,178784.91,4688306.5,1.1304e+11,0.88093686,0.91774291,0.51709402,1.5772616,6.5961027,0.93171424,0.88741547,2.0596817,755,2.0847089
2359351,10000,6000,271,1.110794e+09,0.1196298,339.8457,15076.584,90764.812,348.64664,167291.94,341587.53,5636418.5,1.58156e+11,0.78980458,1.0987098,0.47460595,1.5563328,7.9014783,1.1161015,0.91205746,1.8846154,755,1.9429095
2359352,10000,8000,295,1.1788942e+09,0.12105879,336.59268,12658.518,84853.742,1365.3962,158589.06,349819.66,6907264,2.23864e+11,0.71091896,1.2828102,0.46974522,1.4835871,8.9936628,1.2703749,0.93058532,1.7771883,755,1.9077256
2359353,10000,10000,295,1.2262616e+09,0.1271468,328.2587,14196.924,86081.766,2774.7917,112545.98,348131.88,7056927,2.29952e+11,0.72023523,1.2624707,0.4689984,1.481738,9.0090361,1.2725464,0.93083483,1.7758621,755,1.9080217
2359354,10000,12000,295,1.229477e+09,0.13448986,321.68146,15380.773,83103.211,2241.8162,102960.67,338938.09,7238497,2.36256e+11,0.72796035,1.2479758,0.4689984,1.481738,9.0090361,1.2725464,0.93083483,1.7758621,755,1.9080217
2359355,10000,14000,263,1.0683085e+09,0.21559125,316.68442,22844.486,80630.219,526.10742,98084.734,249538.59,6722531,2.2716799e+11,0.81601024,0.99901289,0.46059546,1.5543965,7.8078313,1.1028736,0.91038829,1.8952254,755,1.9519188
2424873,12000,-22000,161,6.7292397e+08,0.3246195,102.78246,11632.112,41211.168,1191.3328,47518.305,161398.92,3276095.5,8.2540003e+10,0.71234471,0.71120673,0.30093458,1.4964477,6.4825168,0.91566992,0.88511509,2.0782495,755,2.1385961
2424874,12000,-20000,177,7.4209261e+08,0.33187839,95.258751,11002.115,41513.785,1835.361,49514.91,167627.2,3589634.8,8.9407996e+10,0.75622755,0.75988847,0.32838589,1.5162117,6.6460104,0.93876374,0.88841748,2.0517242,755,2.1023374
2424875,12000,-18000,211,8.8186438e+08,0.34362516,79.870483,11461.246,42969.203,2308.8538,51728.633,179582.23,4425857,1.12832e+11,0.8107425,0.87486595,0.39146566,1.5535313,6.9437237,0.98081642,0.89428777,2.0066314,755,2.0395813
2424876,12000,-16000,252,1.0369876e+09,0.3663604,65.520447,11225.34,42893.832,2782.3464,41182.352,188598.16,5287508.5,1.3284e+11,0.80829066,1.0308065,0.46666667,1.5750463,7.3504686,1.0382701,0.90203035,1.9509283,755,1.9840717
2424877,12000,-14000,261,1.0718052e+09,0.36688682,57.728535,9764.2256,41891.109,2558.7649,40023.523,191600.58,5299481.5,1.28532e+11,0.80530506,1.0652883,0.48333332,1.5767092,7.4439073,1.0514685,0.90376663,1.938992,755,1.974946
2424878,12000,-12000,269,1.1156187e+09,0.25082669,45.848938,8669.2637,43455.805,2403.5706,60350.98,236415.52,5319947.5,1.25528e+11,0.79501194,1.0960895,0.49357799,1.574841,7.5831456,1.0711362,0.90632612,1.9217507,755,1.9630948
2424879,12000,-10000,295,1.2060348e+09,0.11738359,20.20767,15464.612,105567.03,2397.4668,151875.52,359319.81,6961872,2.44616e+11,0.68610632,1.4653684,0.4983108,1.5369494,8.4731293,1.1968484,0.92196071,1.8249336,755,1.9093275
2424880,12000,-8000,279,1.1791854e+09,0.12283806,15.075344,21238.975,105999.09,2391.363,77946.016,347319.78,6884693,2.83528e+11,0.70250899,1.4546753,0.55247527,1.5794065,7.2693601,1.0268134,0.90051073,1.9615384,755,2.0055225
2424881,12000,-6000,271,1.101892e+09,0.13067926,13.729207,18399.006,106040.51,2385.2595,131338.7,325515.06,6144000.5,2.19968e+11,0.73442668,1.3247405,0.542,1.5813366,7.1413093,1.0087259,0.89808732,1.9787798,755,2.0168042
2424882,12000,-4000,246,9.9722131e+08,0.26373377,14.102789,13396.19,53771.273,2379.1558,77558.977,217980.59,4368420.5,9.6264004e+10,0.85876888,0.95621949,0.5267666,1.5760652,6.6209626,0.93522573,0.88791525,2.0557029,755,2.0842917
2424883,12000,-2000,242,9.8953235e+08,0.32489073,6.3779764,12946.529,42269.535,2373.052,65730.281,195637.12,4188817,9.0175996e+10,0.87668461,0.92221069,0.51820129,1.5767883,6.5878577,0.93054956,0.88724947,2.061008,755,2.0864515
2424884,12000,0,246,9.9654669e+08,0.34280434,357.80682,12949.951,41880.129,2366.9485,62834.953,191130.77,4292122,9.3824e+10,0.87061554,0.94297111,0.52564102,1.5765728,6.6292906,0.93640208,0.88808239,2.0543766,755,2.0825095
2424885,12000,2000,250,1.0162896e+09,0.30975884,349.81717,13017.137,43526.648,2360.8447,62045.043,203049.45,4397607.5,9.7560003e+10,0.86615258,0.95895231,0.53418803,1.575621,6.6628146,0.94113737,0.88875365,2.0490716,755,2.0805535
2424886,12000,4000,275,1.1373381e+09,0.10284042,345.82932,11657.657,92718.125,2354.741,194198.66,372793.06,5378001.5,1.46856e+11,0.7759257,1.1410073,0.46610171,1.5367254,8.1836739,1.1559622,0.9170059,1.8541114,755,1.9312414
2424887,12000,6000,296,1.2122592e+09,0.12272326,339.53296,10885.679,82042.227,2348.6372,161064.95,352321.59,6537345.5,2.07672e+11,0.70730644,1.2956301,0.47058824,1.4819638,9.0244627,1.2747254,0.93108481,1.7745358,755,1.906792
2424888,12000,8000,297,1.2321427e+09,0.12484423,330.63297,11323.495,83272.672,2833.9644,120782.7,352169.06,6718557,2.15588e+11,0.71389574,1.2798886,0.47217807,1.4821773,9.0399418,1.276912,0.93133539,1.7732096,755,1.9055731
2424889,12000,10000,297,1.2400438e+09,0.13188489,322.35727,12702.532,81050.812,4193.8071,105381.28,343736.72,6884982.5,2.21412e+11,0.72062969,1.2623925,0.47217807,1.4821773,9.0399418,1.276912,0.93133539,1.7732096,755,1.9055731
2424890,12000,12000,278,1.1418834e+09,0.14473422,316.0285,17951.605,78184.25,3354.519,123475.92,314869.22,6383263,2.0103201e+11,0.78053659,1.0958242,0.48601398,1.5564281,7.9973993,1.1296505,0.91375297,1.8740053,755,1.9351045
2424891,12000,14000,260,1.0648996e+09,0.23205619,312.54428,21615.064,76475.609,1880.0718,91076.719,240139,6280494,2.01236e+11,0.8258093,0.98128223,0.45534152,1.5534477,7.7732835,1.0979936,0.909769,1.8992043,755,1.955498
2490411,14000,-18000,153,6.3785754e+08,0.3146041,128.71474,8460.0068,35880.719,365.71075,47498.07,159619,2889752.2,6.6452001e+10,0.70502234,0.68021268,0.28759399,1.4861281,6.3959785,0.9034462,0.8833434,2.0928383,755,2.1582196
2490412,14000,-16000,200,8.3909901e+08,0.33100989,96.069847,8826.4209,40163.617,839.20349,52960.004,178480.61,3977697,9.5112004e+10,0.79914576,0.83724201,0.37105751,1.5434018,6.8445277,0.96680474,0.89235175,2.0212202,755,2.0580986
2490413,14000,-14000,257,1.0614209e+09,0.35878456,70.550636,8805.0332,40089.844,1317.146,41510.223,192811.03,5134870,1.22168e+11,0.80535626,1.0506555,0.47592592,1.5761124,7.4020872,1.0455613,0.90299141,1.9442971,755,1.9788727
2490414,14000,-12000,269,1.1137391e+09,0.25894564,58.749645,7336.7114,39080.953,2717.1863,58403.16,232483.62,5194177,1.19944e+11,0.79806358,1.0939246,0.49630997,1.5763167,7.5505533,1.0665325,0.90572995,1.9257294,755,1.9658211
2490415,14000,-10000,310,1.2782102e+09,0.11920173,21.015583,11310.209,103543.98,4397.4575,127164.19,367083.44,7009640.5,2.2738e+11,0.66963148,1.5248058,0.52364862,1.5355891,8.6825142,1.2264245,0.92547262,1.8050398,755,1.8962646
2490416,14000,-8000,317,1.3290705e+09,0.1209553,9.8647766,15009.25,103999.22,4391.354,85868.594,371592.12,7614100.5,2.9455601e+11,0.64612865,1.6594168,0.53456998,1.5329521,8.7984743,1.2428042,0.92739254,1.7944297,755,1.8905294
2490417,14000,-6000,291,1.1942024e+09,0.11602907,10.151239,13565.838,104041.43,4385.25,146968.27,359633.78,6229151,2.0266e+11,0.70197892,1.411557,0.49072513,1.5356436,8.4324579,1.1911035,0.92127162,1.8289125,755,1.9129299
2490418,14000,-4000,258,1.0576478e+09,0.22543959,12.580245,10072.675,49741.695,4379.1465,89246.969,242806.53,4371035.5,9.1800003e+10,0.82728559,1.0240377,0.54661018,1.575227,6.765451,0.95563501,0.89079428,2.0331564,755,2.0699031
2490419,14000,-2000,256,1.0433743e+09,0.26869103,5.1146894,10029.986,39167.184,4373.043,77611.531,220901.38,4220780.5,8.6484001e+10,0.84623164,0.99300373,0.54817986,1.5731025,6.7051988,0.94712424,0.88959897,2.0424404,755,2.0799599
2490420,14000,0,262,1.0671224e+09,0.24757871,357.75656,9751.2441,40510.035,4366.939,82968.797,232731.62,4355355,9.0655998e+10,0.83264601,1.0294268,0.55982906,1.5711813,6.765451,0.95563501,0.89079428,2.0331564,755,2.0761507
2490421,14000,2000,281,1.1573801e+09,0.09319517,355.06171,8356.0117,96740.406,4360.8354,214259.17,395044.69,5180662,1.31096e+11,0.76276052,1.1778883,0.47627118,1.5380132,8.2606363,1.1668333,0.91833502,1.8461539,755,1.9244046
2490422,14000,4000,299,1.2254815e+09,0.11648697,345.91971,7970.8047,81631.023,4354.7319,166514.28,363596.44,6226818,1.90148e+11,0.70274514,1.3124141,0.47535771,1.4825675,9.0710602,1.2813075,0.93183821,1.770557,755,1.9031677
2490423,14000,6000,300,1.2411884e+09,0.12162331,333.75635,8417.667,80464.938,4348.6279,124970.57,358109.09,6429113.5,2.01756e+11,0.70550722,1.3003049,0.47619048,1.4809033,9.1023941,1.2857335,0.93234336,1.7679045,755,1.9022608
2490424,14000,8000,300,1.2546004e+09,0.12841441,322.81583,10046.689,79140.391,4628.2734,114251.05,350389.25,6531257,2.0233599e+11,0.71440357,1.2818153,0.47619048,1.4809033,9.1023941,1.2857335,0.93234336,1.7679045,755,1.9022608
2490425,14000,10000,293,1.2001836e+09,0.13202487,314.91895,13244.554,75796.969,5636.6763,140971.23,337987.72,6446900.5,1.9906799e+11,0.73787928,1.2056937,0.46507937,1.4793684,8.9936628,1.2703749,0.93058532,1.7771883,755,1.9108434
2490426,14000,12000,267,1.0959167e+09,0.21561672,311.18079,18382.816,73820.281,3880.0718,89808.445,252727.48,5903227.5,1.79848e+11,0.80901694,1.0190963,0.46678323,1.5545098,7.8660989,1.111104,0.91142845,1.8885942,755,1.9468446
2490427,14000,14000,267,1.0702771e+09,0.23770985,307.64731,20279.924,72720.781,1880.0718,87879.078,237864.41,6367160.5,2.04836e+11,0.80346936,1.0129831,0.46678323,1.5545098,7.8660989,1.111104,0.91142845,1.8885942,755,1.9468446
2555950,16000,-12000,269,1.1101772e+09,0.26729965,76.238319,6574.8877,37927.734,1718.4626,71992.664,228455.64,5128824.5,1.17e+11,0.79725903,1.0932194,0.49814814,1.5772204,7.5289803,1.0634853,0.90533435,1.9283819,755,1.9677122
2555951,16000,-10000,311,1.282538e+09,0.11615933,26.704784,9232.1387,101518.3,3451.2498,129918.69,372488.62,6807958,2.10712e+11,0.6706773,1.5171314,0.52533782,1.5353947,8.6968422,1.2284483,0.9257108,1.8037136,755,1.8954862
2555952,16000,-8000,326,1.3863828e+09,0.11944525,9.5564671,11824.276,101999.35,5184.0366,63152.578,381910.91,7660736.5,2.8765199e+11,0.6356017,1.7103579,0.54974705,1.5299774,8.9326887,1.2617621,0.92959315,1.7824934,755,1.8845967
2555953,16000,-6000,315,1.2995836e+09,0.11593892,4.110167,8610.8018,102042.39,6385.2407,151431.83,375311.97,6539696.5,1.9408e+11,0.67095339,1.5160575,0.56350625,1.5578065,8.2996635,1.1723459,0.91900569,1.842175,755,1.9188821
2555954,16000,-4000,284,1.1662121e+09,0.19893213,4.0285764,5645.8257,45715.734,6379.1372,101103.05,271419.62,4914482,1.07088e+11,0.76830238,1.1600068,0.50714284,1.5658985,7.9252424,1.1194582,0.9124788,1.8819629,755,1.9376169
2555955,16000,-2000,282,1.1604161e+09,0.18257593,4.4760041,5767.749,48189.172,6373.0337,107606.34,282611.66,4753635,1.01072e+11,0.77754223,1.1503135,0.50177938,1.5646176,7.9252424,1.1194582,0.9124788,1.8819629,755,1.9377971
2555956,16000,0,288,1.1967383e+09,0.16222976,9.5809784,4910.6797,63075.66,6366.9297,117280.61,304466.34,5059480.5,1.18076e+11,0.75679928,1.2154415,0.5413534,1.5766323,7.6491818,1.080464,0.90752858,1.9137931,755,1.9633226
2555957,16000,2000,303,1.2535035e+09,0.1069896,354.58813,5098.6934,82649.938,6360.8262,176445.5,383704.53,5980970.5,1.7343599e+11,0.69980109,1.333729,0.47943038,1.4776673,9.1816835,1.2969332,0.93361628,1.7612733,755,1.8993187
2555958,16000,4000,303,1.2591601e+09,0.1164156,337.34964,5446.4468,77658.703,6354.7222,131916.61,368671.72,6138758.5,1.84892e+11,0.7013092,1.3201561,0.4832536,1.4867857,9.1023941,1.2857335,0.93234336,1.7679045,755,1.8980296
2555959,16000,6000,308,1.2763059e+09,0.1234787,321.95895,7416.1201,77414.773,6348.6187,119626.02,360401.28,6466934,1.98424e+11,0.69753373,1.328954,0.48888889,1.4819258,9.2299232,1.3037472,0.93438703,1.7572944,755,1.8930975
2555960,16000,8000,300,1.2363109e+09,0.12948832,312.51825,9894.7852,73483.008,6542.9717,149919.91,346380.53,6277156.5,1.8788799e+11,0.72073579,1.2606479,0.47619048,1.4809033,9.1023941,1.2857335,0.93234336,1.7679045,755,1.9022608
2555961,16000,10000,273,1.1231048e+09,0.19309562,308.98859,15403.836,71189.422,5880.0718,97927.781,270351.56,5525761.5,1.5790799e+11,0.79621851,1.0518187,0.47727272,1.5557576,7.9371781,1.1211441,0.91269016,1.8806366,755,1.9402596
2555962,16000,12000,271,1.0976646e+09,0.21925475,305.15671,17285.596,69909.562,3880.0718,87609.094,250821.8,5911923,1.79512e+11,0.79518926,1.0343909,0.47377622,1.5553955,7.9133425,1.1177772,0.91226792,1.8832891,755,1.9424063
2555963,16000,14000,265,1.0774225e+09,0.23879209,301.95621,19122.264,69304.438,1880.0718,87845.211,238115.66,5961754,1.7855599e+11,0.81363636,1.002419,0.46328673,1.5539862,7.8426876,1.1077971,0.91101116,1.8912467,755,1.9491364
2621486,18000,-12000,224,9.2074342e+08,0.29719907,80.382004,11294.897,39481.027,719.73901,81212.461,197310.64,4077630.2,8.8428003e+10,0.88432896,0.85301113,0.4148148,1.5624533,7.0742097,0.99924785,0.89680529,1.9880637,755,2.0192118
2621487,18000,-10000,307,1.2661787e+09,0.11049071,37.217556,7648.479,99489.508,2452.5261,152344.08,379480.59,6537082,1.9084801e+11,0.6787805,1.4765424,0.55017918,1.5617982,8.1836739,1.1559622,0.9170059,1.8541114,755,1.9237831
2621488,18000,-8000,329,1.3986779e+09,0.11311782,13.439038,9746.2285,99999.492,4185.313,74258.766,394183.34,7614910.5,2.79272e+11,0.63118094,1.7236468,0.55480605,1.5287511,8.9783411,1.2682106,0.93033648,1.7785146,755,1.8828282
2621489,18000,-6000,328,1.3503537e+09,0.10704476,6.7398906,5183.0869,100043.39,5918.3677,145055.53,398149.34,6694832.5,1.8897201e+11,0.65527338,1.569563,0.58571428,1.5498524,8.4867735,1.1987756,0.92219138,1.8236074,755,1.913087
2621490,18000,-4000,316,1.3028698e+09,0.15938248,19.071404,1086.9874,59686.156,7723.2832,131534.16,320505.25,5828488,1.3895999e+11,0.70514369,1.3513024,0.56327987,1.5564609,8.3390608,1.1779109,0.91968054,1.8381963,755,1.9163213
2621491,18000,-2000,316,1.3021153e+09,0.15881227,27.337284,1051.5878,65888.328,8373.0244,129321.4,320987.12,5969135.5,1.5515201e+11,0.69668478,1.3747205,0.51382113,1.5061574,9.1181421,1.2879579,0.93259674,1.7665782,755,1.8842508
2621492,18000,0,318,1.3256228e+09,0.09688393,352.379,1672.234,85293.508,8366.9209,194871.41,414657.03,6318984,1.8575599e+11,0.67484081,1.4094263,0.44351465,1.2291175,11.118747,1.5705478,0.9626227,1.6286472,755,1.9917861
2621493,18000,2000,320,1.3037624e+09,0.10661546,328.85498,2253.6914,74854.141,8360.8164,145958.16,392007.22,6545468.5,2.00812e+11,0.66422415,1.4230676,0.44568247,1.2254422,11.189568,1.5805513,0.96361572,1.6246685,755,1.9913976
2621494,18000,4000,315,1.3164609e+09,0.11530951,314.09534,4885.2925,75935.953,8354.7129,129353.49,378770.66,6471422.5,1.98688e+11,0.6799919,1.3748058,0.49606299,1.4730997,9.4280615,1.3317347,0.9375242,1.7413793,755,1.8867868
2621495,18000,6000,312,1.2760776e+09,0.12398978,305.41827,7054.4824,71262.281,8348.6094,156220.25,359625.53,6425641.5,1.93224e+11,0.69391543,1.3394897,0.49289098,1.4767066,9.3444786,1.3199285,0.93620634,1.7480106,755,1.8894665
2621496,18000,8000,282,1.1590632e+09,0.17116174,304.58917,12511.237,68588.609,7880.0718,113398.4,291712.56,5384362,1.4682001e+11,0.77466494,1.1017771,0.493007,1.556723,8.0462389,1.1365491,0.91461092,1.8687003,755,1.9311975
2621497,18000,10000,278,1.1267489e+09,0.20861718,301.0835,14523.072,67100.594,5880.0718,90849.641,260521.44,5624050.5,1.61656e+11,0.77970546,1.0723655,0.48601398,1.5564281,7.9973993,1.1296505,0.91375297,1.8740053,755,1.9351045
2621498,18000,12000,271,1.1048302e+09,0.22058979,298.03455,16375.537,66377.781,3880.0718,88021.062,250876.52,5614949,1.58488e+11,0.80158538,1.0369592,0.47377622,1.5553955,7.9133425,1.1177772,0.91226792,1.8832891,755,1.9424063
2621499,18000,14000,262,1.0829985e+09,0.23670237,295.31866,18122.047,66180.492,1880.0718,82659.367,239782.55,5664249,1.6391601e+11,0.81843174,0.99085313,0.45804197,1.5530998,7.8078313,1.1028736,0.91038829,1.8952254,755,1.9526652
2687023,20000,-10000,278,1.1476475e+09,0.096500196,52.209755,10063.143,97457,1453.8025,175430.95,386585.09,5664546.5,1.58896e+11,0.71752852,1.3095334,0.4982079,1.5673866,7.8310347,1.1061511,0.91080314,1.892573,755,1.9443244
2687024,20000,-8000,330,1.3965565e+09,0.1005336,24.534937,8104.7549,97999.641,3283.1377,103074.09,417809.75,7621280.5,2.7549201e+11,0.62346876,1.730759,0.55555558,1.5273867,9.0090361,1.2725464,0.93083483,1.7758621,755,1.8816386
2687025,20000,-6000,336,1.3917181e+09,0.085261375,52.912746,2663.2539,98044.438,5234.5981,185613.47,452902.19,6931972.5,1.95436e+11,0.63843286,1.6098062,0.54723126,1.5027152,9.4280615,1.3317347,0.9375242,1.7413793,755,1.8687308
2687026,20000,-4000,330,1.3717423e+09,0.15130928,152.63837,2691.5291,68702.555,7206.3726,106350.91,337526.94,6515124.5,1.78e+11,0.67064565,1.4579327,0.53658539,1.5033622,9.3444786,1.3199285,0.93620634,1.7480106,755,1.8727189
2687027,20000,-2000,340,1.4034819e+09,0.092594102,176.83261,2412.9729,90868.773,9178.2461,225469.94,436432.09,7015852,2.10116e+11,0.64711088,1.5330486,0.50073636,1.3707116,10.755686,1.5192646,0.95746368,1.6498674,755,1.8896115
2687028,20000,0,340,1.4088069e+09,0.11007939,246.03505,1834.5818,72828.562,10366.911,161484.84,401030.75,7173164.5,2.25516e+11,0.63319451,1.5354066,0.47353759,1.231541,11.685779,1.6506423,0.97045732,1.5981432,755,1.9615146
2687029,20000,2000,335,1.387964e+09,0.11312131,271.75217,3203.3613,73275.664,10360.808,144310.52,392664.66,7075958,2.2386e+11,0.64447224,1.4902817,0.46592489,1.2259235,11.583047,1.6361312,0.96905714,1.6034483,755,1.9713891
2687030,20000,4000,327,1.3434131e+09,0.11748699,281.58643,5186.0444,69162.625,10354.704,173468.39,379066,6793751,2.08728e+11,0.66509074,1.4259714,0.45479834,1.2235308,11.382908,1.607861,0.96630526,1.6140584,755,1.9833204
2687031,20000,6000,295,1.215175e+09,0.14748913,293.97885,9999.2734,66025.258,9880.0713,127964.14,321769.12,5518849.5,1.47776e+11,0.74327224,1.179288,0.50255537,1.5424306,8.4055605,1.1873041,0.92081469,1.831565,755,1.9113365
2687032,20000,8000,286,1.1679085e+09,0.18610311,293.32123,12106.652,64294.344,7880.0718,105956.41,280822.91,5477794.5,1.50792e+11,0.76108456,1.1194978,0.49566725,1.5523499,8.1583376,1.1523833,0.91656649,1.856764,755,1.9246116
2687033,20000,10000,277,1.1398781e+09,0.20513307,291.41116,13880.436,63439.242,5880.0718,87029.391,264250.81,5380123,1.4547599e+11,0.78600955,1.0696987,0.48173913,1.5535229,8.0217447,1.1330893,0.91418111,1.8713528,755,1.9345549
2687034,20000,12000,268,1.1120781e+09,0.21801007,289.51141,15647.049,63169.945,3880.0718,83297.016,253182.86,5420992.5,1.50756e+11,0.80342668,1.0251261,0.46608695,1.5517813,7.9133425,1.1177772,0.91226792,1.8832891,755,1.9443691
2687035,20000,14000,268,1.0899725e+09,0.23182672,287.71194,17424.447,63314.012,1880.0718,85045.297,243069.77,5809315,1.6954401e+11,0.80040807,1.0243156,0.46771377,1.5537782,7.8896499,1.1144307,0.91184735,1.8859416,755,1.9452521
2752559,22000,-10000,260,1.0825404e+09,0.091482565,63.902985,12449.029,95420.008,956.51385,171507.78,385618.47,5053364.5,1.33844e+11,0.76673597,1.1944728,0.56155509,1.5687613,6.7051988,0.94712424,0.88959897,2.0424404,755,2.0865028
2752560,22000,-8000,318,1.350103e+09,0.0811643,47.751389,9120.5312,95999.789,2928.3872,138350.5,457199.62,7409907,2.74028e+11,0.62547863,1.6945707,0.49149922,1.4492673,9.6880264,1.3684553,0.94157261,1.7214854,755,1.888238
2752561,22000,-6000,333,1.3834328e+09,0.085996255,108.69888,4325.6167,92864.906,4900.2603,186969.95,449618.53,7014311.5,2.0826001e+11,0.63509893,1.5914588,0.54234529,1.5037669,9.3777332,1.3246257,0.93673164,1.7453581,755,1.8707949
2752562,22000,-4000,335,1.3939192e+09,0.1546302,154.89247,5599.2515,69991.602,6872.1338,106659.91,336570.91,6893243,2.04748e+11,0.65816426,1.4954985,0.54471546,1.5017692,9.4280615,1.3317347,0.9375242,1.7413793,755,1.8691264
2752563,22000,-2000,348,1.4503062e+09,0.1092945,187.60774,3980.9746,74206.234,8844.0068,141256.98,408352.88,7449652,2.35116e+11,0.6258902,1.5786864,0.48467967,1.23278,11.896809,1.6804507,0.97330767,1.5875331,755,1.9505848
2752564,22000,0,355,1.4562319e+09,0.11587726,218.26799,4230.7705,70466.945,10815.88,149350.77,397393.81,7809709,2.5464e+11,0.6159147,1.6033593,0.4937413,1.2289104,12.115601,1.7113556,0.97622722,1.5769231,755,1.9441106
2752565,22000,2000,345,1.4190794e+09,0.12076131,244.39241,5076.7471,67224.172,12360.798,176418.31,384277,7414515.5,2.3570801e+11,0.63758004,1.5211244,0.4798331,1.2279508,11.84334,1.6728982,0.97258866,1.5901856,755,1.9572958
2752566,22000,4000,314,1.2928938e+09,0.14139271,273.42947,8480.9688,63509.449,11880.071,144257.25,338979.06,6076158.5,1.70044e+11,0.7036894,1.284547,0.47147146,1.4036846,9.9627342,1.4072584,0.94577086,1.7015915,755,1.9072546
2752567,22000,6000,304,1.2327508e+09,0.1731647,278.03632,10548.205,61491.43,9880.0713,123213.13,299097.59,5882652,1.6481999e+11,0.7227723,1.2202448,0.45714286,1.4036411,9.7597895,1.378592,0.94267708,1.7161803,755,1.9196934
2752568,22000,8000,290,1.1922157e+09,0.18830058,279.43954,12161.144,60486.527,7880.0718,109214.41,282069.75,5554275,1.5142401e+11,0.75499344,1.1443974,0.43609023,1.3979712,9.5131521,1.3437539,0.93885761,1.734748,755,1.9401799
2752569,22000,10000,278,1.1552777e+09,0.19576961,279.89706,13710.218,60139.059,5880.0718,100887.09,272317.47,5425961.5,1.4915201e+11,0.7774719,1.0828092,0.47359455,1.5409868,8.1836739,1.1559622,0.9170059,1.8541114,755,1.9286315
2752570,22000,12000,272,1.1246766e+09,0.21082714,279.79468,15406.431,60244.992,3880.0718,95413.117,258913.97,5519810.5,1.54256e+11,0.79064465,1.049015,0.47058824,1.5496422,7.9973993,1.1296505,0.91375297,1.8740053,755,1.9385878
2752571,22000,14000,269,1.1003506e+09,0.22386722,279.26385,17154.268,60678.473,1880.0718,88798.703,248527.94,5763057.5,1.6546e+11,0.79670423,1.0335478,0.4670139,1.5510108,7.9371781,1.1211441,0.91269016,1.8806366,755,1.9428047
2818095,24000,-10000,259,1.0780499e+09,0.089393377,79.708786,13550.288,93377.555,622.2749,186294.05,389288.59,5305934.5,1.5315599e+11,0.75606835,1.2116419,0.49807692,1.5834202,7.2195702,1.0197804,0.89957196,1.9681698,755,1.9973007
2818096,24000,-8000,308,1.3158432e+09,0.079542309,62.744602,10584.434,93999.945,2594.1482,123002.3,455940.25,7153008.5,2.7066401e+11,0.64399934,1.6541851,0.47457626,1.4436691,9.5476198,1.3486226,0.93939543,1.7320955,755,1.9011902
2818097,24000,-6000,317,1.3317898e+09,0.090994544,117.03752,7561.0449,81574.242,4566.0215,177608.3,428859.56,6606452.5,2.02604e+11,0.65531284,1.4910051,0.51544714,1.5060389,9.1339445,1.2901901,0.93285078,1.765252,755,1.8833553
2818098,24000,-4000,332,1.3802458e+09,0.095353194,152.81314,6179.4316,77770.852,6537.895,174576.31,426496.53,7040871.5,2.24656e+11,0.64421433,1.4880755,0.46239555,1.229617,11.482105,1.6218729,0.96767324,1.6087533,755,1.9730279
2818099,24000,-2000,351,1.4401962e+09,0.11358178,184.229,5633.7588,69906.008,8509.7686,138006.05,399173.25,7739641.5,2.54556e+11,0.61698008,1.5851991,0.48817801,1.2286546,12.005208,1.6957624,0.97475857,1.5822281,755,1.949276
2818100,24000,0,355,1.4636915e+09,0.12135593,214.33685,5988.4209,68571.898,10481.642,158226.69,389313.28,7875363.5,2.5874801e+11,0.62035489,1.5812751,0.4937413,1.2289104,12.115601,1.7113556,0.97622722,1.5769231,755,1.9441106
2818101,24000,2000,336,1.3658915e+09,0.13684963,248.49149,8037.9707,61055.207,12453.515,153962.75,354153.25,6863826.5,2.0167999e+11,0.66650677,1.4097133,0.5045045,1.4055846,10.395041,1.4683229,0.95222086,1.6724138,755,1.8811219
2818102,24000,4000,320,1.2988448e+09,0.17160025,258.96121,9823.0088,58692.664,11880.071,129008.35,308407.28,6384248.5,1.8558801e+11,0.69255483,1.3070651,0.48120302,1.4073347,10.057798,1.4206864,0.94720531,1.6949602,755,1.8987113
2818103,24000,6000,306,1.2519282e+09,0.18896472,263.21729,11326.171,57516.719,9880.0713,112914.13,288538.84,5988090.5,1.70076e+11,0.7226615,1.2310936,0.46015036,1.4042649,9.7960711,1.3837168,0.94323337,1.7135278,755,1.9169294
2818104,24000,8000,292,1.2131617e+09,0.19616529,265.82834,12769.478,58991.836,7880.0718,109133.94,278774.59,5741850,1.6378e+11,0.74619877,1.1576712,0.43909773,1.3989213,9.5476198,1.3486226,0.93939543,1.7320955,755,1.9371309
2818105,24000,10000,285,1.1762764e+09,0.19694641,267.84454,14280.736,60707.066,5880.0718,103496.64,273959,5751881.5,1.65292e+11,0.76041514,1.1210015,0.42792794,1.3926269,9.4449577,1.3341212,0.93778962,1.7400531,755,1.9491544
2818106,24000,12000,279,1.1425348e+09,0.2017322,269.34488,15815.47,62439.242,3880.0718,101602.34,266779.25,5827575.5,1.68844e+11,0.77223384,1.0915757,0.41891891,1.3891124,9.3444786,1.3199285,0.93620634,1.7480106,755,1.958896
2818107,24000,14000,271,1.103831e+09,0.21533227,269.47217,17191.285,61715.691,1880.0718,101237.4,253805.88,5843213,1.69236e+11,0.78928524,1.054183,0.46088436,1.5380815,8.1081324,1.1452918,0.91569299,1.862069,755,1.936486
2883631,26000,-10000,261,1.1003429e+09,0.094006017,93.980705,14510.958,91328.336,288.03592,166776.05,383522.75,5596612,1.7363599e+11,0.74143827,1.2257648,0.50192308,1.5834054,7.2394042,1.0225819,0.89994645,1.9655173,755,1.9956999
2883632,26000,-8000,307,1.3197746e+09,0.091227122,75.905693,11053.899,92000.117,2259.9092,101574.66,426376.09,7315984,2.8567601e+11,0.64524919,1.6574543,0.55017918,1.5617982,8.1836739,1.1559622,0.9170059,1.8541114,755,1.9237831
2883633,26000,-6000,305,1.2789714e+09,0.058354869,119.07854,9237.9854,85829.078,4231.7827,245045.77,524803.62,6214644,1.93728e+11,0.67989647,1.4063395,0.44918999,1.3641815,10.03864,1.4179803,0.94691694,1.6962864,755,1.9352498
2883634,26000,-4000,323,1.3246566e+09,0.1049756,147.64902,7694.3594,72732.102,6203.6558,153964.12,398210.22,6918009,2.2694801e+11,0.64444357,1.4448416,0.44986072,1.2266312,11.261295,1.5906831,0.96461719,1.6206896,755,1.9866809
2883635,26000,-2000,344,1.4041277e+09,0.11566744,181.8532,6077.2944,71394.062,8175.561,178107.45,390573.41,7550466,2.48036e+11,0.62975454,1.5210903,0.47844228,1.2277962,11.816785,1.6691473,0.97223079,1.591512,755,1.9586642
2883636,26000,0,333,1.3643443e+09,0.12169041,224.53038,7182.4272,70095.203,10153.684,159434.11,375352,6776619,1.98288e+11,0.66574407,1.3966832,0.5,1.4056536,10.333895,1.4596856,0.95131975,1.6763926,755,1.8844002
2883637,26000,2000,329,1.336204e+09,0.16689286,240.10231,9454.4727,55899.148,12138.978,113981.5,317192.16,6694151,1.97324e+11,0.67712581,1.354429,0.49473685,1.4081129,10.233565,1.445514,0.94983333,1.6830239,755,1.8880402
2883638,26000,4000,320,1.305534e+09,0.18798615,245.85703,11207.189,56749.613,11880.071,119985.03,295417.41,6501809.5,1.93572e+11,0.69700235,1.3105164,0.48120302,1.4073347,10.057798,1.4206864,0.94720531,1.6949602,755,1.8987113
2883639,26000,6000,309,1.2648365e+09,0.19951996,250.56827,12504.269,58393.746,9880.0713,112814.38,282246.75,6335504.5,1.9141199e+11,0.71270961,1.2514776,0.46396396,1.4024745,9.8694496,1.3940818,0.94435418,1.7082229,755,1.9138709
2883640,26000,8000,300,1.2288384e+09,0.20098333,254.23164,13844.414,60059.477,7880.0718,111178.83,277186.62,6194950.5,1.86772e+11,0.72822744,1.2012917,0.45045045,1.3995671,9.7058678,1.3709755,0.94184774,1.7201592,755,1.9264162
2883641,26000,10000,290,1.1929491e+09,0.20263813,257.19763,15273.485,61745.051,5880.0718,104815.54,271991.47,6085915.5,1.8416801e+11,0.74659348,1.1503954,0.43543544,1.3952324,9.5303545,1.3461839,0.93912619,1.7334218,755,1.9413195
2883642,26000,12000,281,1.145393e+09,0.21105112,257.99179,16523.84,63448.895,3880.0718,99606.945,261149,6016201.5,1.80616e+11,0.76522624,1.1097022,0.42192191,1.3903309,9.3777332,1.3246257,0.93673164,1.7453581,755,1.9556075
2883643,26000,14000,271,1.1069513e+09,0.21573636,259.13629,17860.891,65169.574,1880.0718,102137.33,253926.2,5946499.5,1.77628e+11,0.78761786,1.064357,0.4069069,1.3837641,9.2137871,1.3014679,0.93412948,1.7586207,755,1.9724658
2949167,28000,-10000,268,1.140638e+09,0.097078249,104.14612,15450.434,89270.602,185.28085,165782.64,384253.53,5999915.5,1.99388e+11,0.72348928,1.2667786,0.51439542,1.5827552,7.3198419,1.033944,0.90145791,1.9549072,755,1.9892855
2949168,28000,-8000,306,1.3135057e+09,0.097255394,84.068901,11092.149,90000.289,2150.396,69384.141,411968.53,7301913.5,2.83656e+11,0.6505304,1.6492294,0.54740608,1.561712,8.1836739,1.1559622,0.9170059,1.8541114,755,1.9233187
2949169,28000,-6000,305,1.2788788e+09,0.079620086,120.12413,8880.9229,75558.414,4117.0083,182752.88,449270.94,6354730,2.0313601e+11,0.66917604,1.4001831,0.48644337,1.4870058,9.1339445,1.2901901,0.93285078,1.765252,755,1.8957831
2949170,28000,-4000,319,1.3067261e+09,0.10962892,146.86803,7285.8374,74216.797,6099.7739,179149.53,387021.12,6756568,2.1730401e+11,0.6625855,1.3914089,0.44367176,1.2204504,11.189568,1.5805513,0.96361572,1.6246685,755,1.9958389
2949171,28000,-2000,311,1.2846065e+09,0.11723784,188.78908,5797.9155,72912.359,8091.0278,165289.94,371070.22,6054149,1.68988e+11,0.69345504,1.285516,0.46556887,1.3976556,9.9439363,1.4046031,0.94548613,1.7029178,755,1.9132669
2949172,28000,0,315,1.2762358e+09,0.15527983,220.07918,7567.1836,54718.457,10085.743,125962.54,321375.56,6139379.5,1.7130399e+11,0.69620866,1.2716618,0.47368422,1.4064986,9.9627342,1.4072584,0.94577086,1.7015915,755,1.9049911
2949173,28000,2000,315,1.2857105e+09,0.17971566,230.37341,10189.441,56341.027,10429.022,112964.6,299835.88,6280850,1.82556e+11,0.70233548,1.2746512,0.47368422,1.4064986,9.9627342,1.4072584,0.94577086,1.7015915,755,1.9049911
2949174,28000,4000,312,1.287253e+09,0.19658928,236.01964,12359.249,57927.734,10429.022,97475.102,286851.41,6432919.5,1.9582801e+11,0.70545799,1.2653495,0.46846846,1.4032352,9.925209,1.401958,0.94520205,1.704244,755,1.9098709
2949175,28000,6000,313,1.2708776e+09,0.20456377,240.42293,13995.348,59539.344,9880.0713,116920.23,279410.31,6679501.5,2.1010399e+11,0.70348978,1.277665,0.46996996,1.4034656,9.9439363,1.4046031,0.94548613,1.7029178,755,1.9085578
2949176,28000,8000,300,1.2306735e+09,0.20596313,243.78067,15207.812,61173.883,7880.0718,113638.88,274019.59,6401686,2.0102e+11,0.72762543,1.208972,0.45045045,1.3995671,9.7058678,1.3709755,0.94184774,1.7201592,755,1.9264162
2949177,28000,10000,288,1.1830045e+09,0.21368337,245.84349,16427.924,62829.57,5880.0718,102303.89,263762.34,6206383.5,1.94952e+11,0.74958867,1.1541983,0.43243244,1.3942254,9.4960108,1.3413328,0.93858963,1.7360743,755,1.9444226
2949178,28000,12000,277,1.1434367e+09,0.2142096,248.01994,17682.166,64504.773,3880.0718,100497.86,258995.09,6051108,1.88664e+11,0.77557158,1.102661,0.41591591,1.3878464,9.3114595,1.3152645,0.93568355,1.7506632,755,1.9622259
2949179,28000,14000,270,1.106713e+09,0.21293999,249.83731,18960.301,66198.016,1880.0718,105390.96,255560.55,6070023,1.88332e+11,0.7942999,1.0684727,0.4054054,1.3830421,9.1977072,1.2991966,0.93387258,1.7599469,755,1.974209
3014703,30000,-10000,270,1.1378808e+09,0.10167979,112.15563,16328.366,82470.555,557.19794,130082.31,375004.09,6035843.5,2.01328e+11,0.72936803,1.2571448,0.5162524,1.5822054,7.3607349,1.0397202,0.90222186,1.9496021,755,1.9854463
3014704,30000,-8000,316,1.3530415e+09,0.068068109,86.133659,9858.5771,88000.469,2522.3132,142547.48,499791.25,7864433,3.11356e+11,0.61225641,1.7279252,0.47734138,1.4143324,9.925209,1.401958,0.94520205,1.704244,755,1.9009756
3014705,30000,-6000,308,1.2681386e+09,0.096692108,129.14175,9415.79,77040.031,4487.4282,191487.77,405968.91,6516789.5,2.08952e+11,0.67966074,1.3634117,0.49044585,1.4854926,9.1977072,1.2991966,0.93387258,1.7599469,755,1.8926755
3014706,30000,-4000,295,1.2045233e+09,0.12080474,149.68713,6609.8091,75730.516,6452.5435,152071.12,353973.34,5537879,1.45808e+11,0.72955149,1.2035047,0.50774527,1.5484157,8.3258867,1.1760501,0.91945511,1.8395226,755,1.9142941
3014707,30000,-2000,293,1.1935674e+09,0.14581701,188.30386,6102.7568,55489.598,8417.6582,127712.15,320718.72,5323588.5,1.32508e+11,0.73519099,1.1597495,0.4406015,1.3993787,9.5649481,1.3510702,0.93966526,1.7307693,755,1.9356217
3014708,30000,0,291,1.2041609e+09,0.17053308,209.88083,8135.9238,56270.426,8429.0225,116725.3,297881.06,5370919,1.40052e+11,0.74094087,1.1459144,0.43693694,1.3957185,9.5476198,1.3486226,0.93939543,1.7320955,755,1.9397832
3014709,30000,2000,299,1.2214705e+09,0.18648282,221.0322,10565.189,57536.641,8429.0225,111818.41,286897.66,5873583.5,1.67656e+11,0.72501177,1.1910121,0.44894895,1.3991861,9.6880264,1.3684553,0.94157261,1.7214854,755,1.9278607
3014710,30000,4000,301,1.2396649e+09,0.19850351,227.81471,13028.408,59121.777,8429.0225,108788.29,280138.62,6193235.5,1.88272e+11,0.72070873,1.2031939,0.45195195,1.3999366,9.7237749,1.3735049,0.94212347,1.7188329,755,1.9249817
3014711,30000,6000,302,1.2342387e+09,0.20911771,230.7382,15258.521,60729.211,8429.0225,96066.195,272338.53,6460084.5,2.0501601e+11,0.7191481,1.2256885,0.45345345,1.4002944,9.7417488,1.3760438,0.94239998,1.7175066,755,1.9235575
3014712,30000,8000,295,1.2097823e+09,0.2111029,233.66293,16832.863,62332.559,7880.0718,115938.81,268356.06,6501749.5,2.1326401e+11,0.73840654,1.2022933,0.44294295,1.3975455,9.6173105,1.3584665,0.9404788,1.7267904,755,1.9337405
3014713,30000,10000,285,1.1702612e+09,0.2108335,236.56288,17983.072,63958.258,5880.0718,107176.25,264104.97,6335380.5,2.0694399e+11,0.76105756,1.1504216,0.42792794,1.3926269,9.4449577,1.3341212,0.93778962,1.7400531,755,1.9491544
3014714,30000,12000,275,1.1328387e+09,0.20965818,239.05931,19132.908,65604.648,3880.0718,105364.52,260575.19,6240716.5,2.0444801e+11,0.78619772,1.1028632,0.41291291,1.3865331,9.2786732,1.3106332,0.93516314,1.7533157,755,1.9655975
3014715,30000,14000,270,1.0972413e+09,0.2081892,241.22528,20314.936,67270.203,1880.0718,109885.55,257351.62,6344292,2.08444e+11,0.80203772,1.0793266,0.40909091,1.3996844,9.1023941,1.2857335,0.93234336,1.7679045,755,1.9669662
3080216,32000,-56000,74,3.0555488e+08,0.40424374,50.434723,16149.079,39987.125,733.79254,25515.799,97460.336,1277503.2,3.0644001e+10,0.95705295,0.7947343,0.19839142,1.8184352,4.4362679,0.62663269,0.83769715,2.5755968,755,2.2126021
3080217,32000,-54000,71,2.968889e+08,0.39750719,44.726101,14211.988,38557.215,1098.6281,25681.879,96878.953,1095191.9,2.4004e+10,0.96659958,0.77880019,0.19034852,1.8102922,4.4250932,0.6250543,0.83739883,2.5795755,755,2.2216163
3080218,32000,-52000,70,2.8632922e+08,0.38851759,37.114357,12317.573,37207.723,911.14838,25966.391,96234.859,1014779.5,2.1044001e+10,0.94161493,0.77038902,0.18766756,1.8075118,4.421381,0.6245299,0.83729964,2.5809019,755,2.2246852
3080239,32000,-10000,276,1.1590007e+09,0.10803977,118.92443,16717.104,81211.547,929.11511,118641.42,367159.69,6219236.5,2.09572e+11,0.7282477,1.2746351,0.52571428,1.5808927,7.4439073,1.0514685,0.90376663,1.938992,755,1.9790193
3080240,32000,-8000,327,1.3795153e+09,0.076561108,93.268463,8923.9062,86000.656,2894.2302,156002.23,475843.41,8278530.5,3.22268e+11,0.59691191,1.768181,0.49321267,1.4130195,10.154694,1.4343731,0.94865793,1.6883289,755,1.8886464
3080241,32000,-6000,293,1.1968134e+09,0.11624392,136.73146,8701.79,78549.562,4859.3452,160977.58,359693.88,5738195,1.5912799e+11,0.72350276,1.214731,0.46656051,1.4831104,8.9630718,1.2660539,0.9300881,1.7798408,755,1.910203
3080242,32000,-4000,281,1.1352083e+09,0.16295838,157.21326,6898.6055,61351.742,6429.0229,110040.58,295872.34,4967524.5,1.141e+11,0.76835281,1.0912976,0.4921191,1.5575417,8.0217447,1.1330893,0.91418111,1.8713528,755,1.9327379
3080243,32000,-2000,275,1.1256159e+09,0.16174892,181.33575,7158.353,56688.012,6429.0229,117736.64,295719.09,4769846,1.08596e+11,0.78325146,1.0608169,0.41291291,1.3865331,9.2786732,1.3106332,0.93516314,1.7533157,755,1.9655975
3080244,32000,0,279,1.1418378e+09,0.17966671,200.76266,9040.2139,57856.789,6429.0229,112349.34,282600.75,5148642.5,1.31584e+11,0.76106858,1.083539,0.41891891,1.3891124,9.3444786,1.3199285,0.93620634,1.7480106,755,1.958896
3080245,32000,2000,281,1.1592954e+09,0.19093503,212.27408,11307.053,59080.855,6429.0229,110758.47,276222.59,5381278.5,1.46656e+11,0.75302494,1.1002125,0.42192191,1.3903309,9.3777332,1.3246257,0.93673164,1.7453581,755,1.9556075
3080246,32000,4000,280,1.153665e+09,0.2052771,216.57149,13832.267,60355.984,6429.0229,104418.42,265750.78,5566333,1.62052e+11,0.76162314,1.1104847,0.42042041,1.3897276,9.3610764,1.3222729,0.93646866,1.7466843,755,1.9572467
3080247,32000,6000,283,1.1586021e+09,0.20305483,221.114,16125.438,61892.535,6429.0229,105878.7,267772.16,6001209,1.8982401e+11,0.75873995,1.1368719,0.42492491,1.3915025,9.4112253,1.3293566,0.93725938,1.7427056,755,1.9523603
3080248,32000,8000,282,1.1611022e+09,0.20263103,224.88469,18223.537,63533.074,6429.0229,100674.77,268341.09,6276814,2.09236e+11,0.77183819,1.1431735,0.42342341,1.3909225,9.3944492,1.3269869,0.93699521,1.7440318,755,1.9539788
3080249,32000,10000,279,1.1425135e+09,0.20356227,227.9261,19733.061,65128.812,5880.0718,115543.54,265574.84,6455393,2.2161999e+11,0.7902323,1.1243117,0.51666665,1.5765812,7.6380959,1.0788981,0.90732718,1.9151194,755,1.9598294
3080250,32000,12000,273,1.1196033e+09,0.28403783,231.57059,20813.898,66746.336,3880.0718,72836.586,222560.92,6451417.5,2.20564e+11,0.80413705,1.0907218,0.50555557,1.5771352,7.5722504,1.0695972,0.90612698,1.9230769,755,1.9644043
3080251,32000,14000,269,1.0982298e+09,0.2931782,234.99336,21980.115,68384.094,1880.0718,74201.922,216963,6576276,2.2549199e+11,0.813627,1.0689694,0.49814814,1.5772204,7.5289803,1.0634853,0.90533435,1.9283819,755,1.9677122
3145751,34000,-58000,78,3.2583581e+08,0.41636881,60.804134,17688.547,40235.652,1425.1849,25410.83,99166.555,1428485.8,3.5899998e+10,0.93939394,0.82993001,0.20911528,1.828842,4.4512553,0.62874973,0.83809638,2.5702918,755,2.20102
3145752,34000,-56000,74,3.1945837e+08,0.41255262,56.97007,15670.224,38665.629,2586.2483,25415.582,98644.391,1194380.9,2.7864001e+10,0.96223623,0.79423034,0.19839142,1.8184352,4.4362679,0.62663269,0.83769715,2.5755968,755,2.2126021
3145753,34000,-54000,75,3.1174474e+08,0.40749484,51.971287,13661.164,37157.621,3098.2046,25472.002,98049.062,1133851.9,2.5316e+10,0.95315313,0.79870236,0.20107238,1.8210846,4.4400053,0.62716061,0.83779681,2.5742705,755,2.2096605
3145754,34000,-52000,72,3.0223786e+08,0.40061763,45.179203,11674.572,35724,2679.9341,25612.68,97367.57,971965.06,1.958e+10,0.963615,0.78306085,0.19302949,1.8130394,4.428812,0.62557954,0.83749819,2.5782495,755,2.2185798
3145755,34000,-50000,71,2.9024925e+08,0.39097711,35.428669,9743.6201,34380.184,1746.4471,25893.389,96586.148,915104.44,1.7543999e+10,0.94044268,0.77605474,0.19034852,1.8102922,4.4250932,0.6250543,0.83739883,2.5795755,755,2.2216163
3145756,34000,-48000,66,2.7469338e+08,0.37696227,20.3964,7962.3857,33145.477,812.96039,26413.309,95692.977,760955.12,1.2455999e+10,0.94265735,0.74752522,0.17837837,1.7970117,4.3955679,0.62088376,0.83660805,2.5901856,755,2.2388279
3145775,34000,-10000,302,1.2519629e+09,0.084354714,121.70849,13399.172,82687.758,1301.0322,215498.47,431862.97,7293696,2.5614e+11,0.65131682,1.4161752,0.48089173,1.4848698,9.1023941,1.2857335,0.93234336,1.7679045,755,1.8993951
3145776,34000,-8000,321,1.3571391e+09,0.08042495,94.750977,7178.4629,84000.852,3266.1475,139251.11,460491.59,7714534.5,2.7606001e+11,0.61719239,1.6767853,0.4841629,1.4125339,10.03864,1.4179803,0.94691694,1.6962864,755,1.8957047
3145777,34000,-6000,278,1.1255677e+09,0.15931563,145.33147,9034.4658,67202.508,4429.0229,116907.27,297962.47,5137133,1.22568e+11,0.76466769,1.0900276,0.48601398,1.5564281,7.9973993,1.1296505,0.91375297,1.8740053,755,1.9351045
3145778,34000,-4000,268,1.0905704e+09,0.20147188,161.50014,8493.1836,54252.219,4429.0229,100461.79,260810.19,4723990.5,1.05088e+11,0.80191737,1.0205212,0.46935201,1.5557078,7.8660989,1.111104,0.91142845,1.8885942,755,1.946197
3145779,34000,-2000,261,1.0734656e+09,0.20064974,177.50288,8796.4639,47494.953,4429.0229,96808,259286.38,4567195,1.0116e+11,0.80795753,0.98408574,0.45709282,1.5537776,7.7847652,1.0996155,0.90997499,1.8978779,755,1.9542928
3145780,34000,0,260,1.062436e+09,0.18804988,190.31152,10669.688,59474.23,4429.0229,108475.11,266452.5,4650303.5,1.10144e+11,0.80614793,0.99297333,0.3903904,1.3751633,9.0399418,1.276912,0.93133539,1.7732096,755,1.9922205
3145781,34000,2000,258,1.0548035e+09,0.19649164,198.50374,13083.67,60657.984,4429.0229,105847.45,259727.94,4848328.5,1.28352e+11,0.80985129,1.0018188,0.38738739,1.3734431,9.0090361,1.2725464,0.93083483,1.7758621,755,1.9959499
3145782,34000,4000,255,1.0565058e+09,0.19342849,204.90683,15278.739,61893.258,4429.0229,108478.98,261987.55,4975540,1.4098801e+11,0.82581443,0.99198693,0.38288289,1.3707719,8.9630718,1.2660539,0.9300881,1.7798408,755,2.0016246
3145783,34000,6000,260,1.072665e+09,0.26303765,211.25858,17198.043,63176.297,4429.0229,71735.617,226374.78,5372917,1.64348e+11,0.83044255,1.0163499,0.48148149,1.5765812,7.4334078,1.0499854,0.90357232,1.9403183,755,1.9759083
3145784,34000,8000,268,1.1001092e+09,0.27437848,217.70274,19043.227,64678.062,4429.0229,68814.25,224464.58,5945173.5,1.9562e+11,0.81077754,1.0638031,0.49629629,1.5772061,7.51824,1.0619681,0.90513712,1.9297082,755,1.9685713
3145785,34000,10000,273,1.1213504e+09,0.28665662,222.86917,21039.445,66339.023,4647.4907,57894.875,221714.77,6504783,2.2773599e+11,0.79993534,1.092648,0.50555557,1.5771352,7.5722504,1.0695972,0.90612698,1.9230769,755,1.9644043
3145786,34000,12000,276,1.1223983e+09,0.2973167,226.95587,22560.658,67927.734,3880.0718,75712.062,217805.47,6961181,2.52436e+11,0.79465085,1.1109332,0.51111114,1.5769222,7.6050305,1.0742276,0.90672541,1.9190981,755,1.9620589
3145787,34000,14000,272,1.1052749e+09,0.30553958,230.45961,23740.746,69537.672,1880.0718,76002.227,213209.39,7044720.5,2.5427599e+11,0.80540484,1.0867084,0.50370371,1.5771778,7.5613861,1.0680627,0.90592825,1.9244032,755,1.965212
3211286,36000,-60000,80,3.342817e+08,0.41654474,69.398399,19084.74,41432.438,884.4635,19160.051,100422.35,1583875.1,4.1592001e+10,0.92879748,0.83773947,0.21447721,1.833858,4.458787,0.62981361,0.83829665,2.5676394,755,2.1954107
3211287,36000,-58000,80,3.3325802e+08,0.41873971,66.978477,17174.059,39321.906,2668.0745,18952.49,100005.34,1443062.1,3.6124e+10,0.92879748,0.83773947,0.21447721,1.833858,4.458787,0.62981361,0.83829665,2.5676394,755,2.1954107
3211288,36000,-56000,80,3.3207885e+08,0.41815397,63.949596,15293.382,37436.844,3601.5613,18935.393,99898.148,1316612.4,3.1303999e+10,0.92879748,0.83773947,0.21447721,1.833858,4.458787,0.62981361,0.83829665,2.5676394,755,2.1954107
3211289,36000,-54000,79,3.2830019e+08,0.41608655,59.968117,13349.157,35849.184,4535.0479,25448.807,99574.617,1178119.8,2.6204e+10,0.93411231,0.83341455,0.21179625,1.8313653,4.455018,0.62928122,0.83819646,2.5689654,755,2.1982005
3211290,36000,-52000,75,3.201817e+08,0.41134945,54.377941,11284.758,34328.492,4448.7197,25455.52,98900.328,989745.5,1.9979999e+10,0.95315313,0.79870236,0.20107238,1.8210846,4.4400053,0.62716061,0.83779681,2.5742705,755,2.2096605
3211291,36000,-50000,74,3.0977725e+08,0.40456221,46.168968,9238.1709,32889.914,3515.2327,25548.018,98092.781,906258.44,1.68e+10,0.95705295,0.7947343,0.19839142,1.8184352,4.4362679,0.62663269,0.83769715,2.5755968,755,2.2126021
3211292,36000,-48000,73,2.960023e+08,0.39437413,32.977165,7271.083,31552.846,2581.7461,25802.67,97117.672,859471.19,1.4964e+10,0.93759513,0.79011691,0.19571045,1.8157537,4.4325366,0.62610567,0.83759761,2.5769231,755,2.2155752
3211293,36000,-46000,66,2.7697434e+08,0.37815827,9.3049221,5622.478,30342.299,1648.2592,26376.484,95937.383,692473.5,1.0128e+10,0.94265735,0.74752516,0.17837837,1.7970117,4.3955679,0.62088376,0.83660805,2.5901856,755,2.2388279
3211294,36000,-44000,60,2.49124e+08,0.35037333,327.31348,5216.5796,29290.791,714.7724,27616.125,94525.109,582900.69,7e+09,0.96101695,0.7107898,0.17142858,1.7829113,4.3022742,0.60770583,0.83408403,2.6246684,755,2.2709148
3211310,36000,-12000,269,1.1220913e+09,0.10340811,125.46674,17846.971,85512.148,537.961,200826.5,369268.03,7080335,2.6970001e+11,0.65885258,1.2400805,0.42902711,1.4755229,8.5975304,1.2144203,0.92405432,1.8129973,755,1.942872
3211311,36000,-10000,297,1.2164212e+09,0.092721075,129.05269,12890.496,84189.875,2251.3162,180534.12,406029.62,6741216.5,2.126e+11,0.68416142,1.309297,0.47292992,1.4840147,9.0244627,1.2747254,0.93108481,1.7745358,755,1.9052913
3211312,36000,-8000,311,1.2998076e+09,0.090276092,102.54732,6493.1133,82001.062,2820.8936,108560.15,425361.44,7105212.5,2.2968001e+11,0.63841927,1.5951099,0.51235586,1.5177479,8.9175739,1.2596272,0.92934644,1.7838197,755,1.8901154
3211313,36000,-6000,267,1.0869234e+09,0.21850236,152.06702,10494.37,59168.777,2429.0227,92995.805,250020.91,4918863,1.133e+11,0.79620397,1.0260332,0.4676007,1.5554725,7.8543758,1.1094481,0.9112196,1.8899205,755,1.947317
3211314,36000,-4000,254,1.0424733e+09,0.23210202,164.00597,10573.291,51297.176,2429.0227,93096.25,237573.47,4621490,1.0346e+11,0.82692724,0.94659042,0.44483364,1.5511847,7.7050967,1.0883621,0.90854108,1.9071618,755,1.9629856
3211315,36000,-2000,237,9.7708211e+08,0.22941586,170.64563,12499.926,46082.324,2429.0227,87809.609,231344.27,4174496,9.1844002e+10,0.87799472,0.88310778,0.4150613,1.542107,7.51824,1.0619681,0.90513712,1.9297082,755,1.9866066
3211316,36000,0,228,9.3568653e+08,0.28465867,176.16255,14079.049,53423.617,2429.0227,58917.453,203239.41,3975487.8,8.8451998e+10,0.92966998,0.83805591,0.51235956,1.5656446,6.3041701,0.89047807,0.88144529,2.1087532,755,2.1347728
3211317,36000,2000,235,9.6384493e+08,0.27047187,188.08859,15195.765,62265.043,2429.0227,68159.219,211615.48,4372219,1.10076e+11,0.89532644,0.88246322,0.43518519,1.5687485,7.1802263,1.014223,0.89882702,1.9734749,755,2.0041792
3211318,36000,4000,243,9.9423987e+08,0.27965531,198.11267,16662.664,63462.082,2429.0227,67354.945,211367.88,4816329,1.34216e+11,0.87025136,0.92357492,0.44999999,1.5722283,7.2593474,1.025399,0.90032226,1.9628648,755,1.9942473
3211319,36000,6000,246,1.0246003e+09,0.28100201,206.24478,18273.746,64707.332,2429.0227,68068.539,214056.02,5152946,1.54452e+11,0.86046124,0.94193929,0.45555556,1.5732963,7.2894692,1.0296538,0.90088856,1.9588859,755,1.9907384
3211320,36000,8000,258,1.0597861e+09,0.28632644,212.92145,19849.184,65997.438,2429.0227,65715.688,215666.81,5811162.5,1.8897201e+11,0.83223236,1.0132928,0.47777778,1.576283,7.412498,1.0470319,0.90318471,1.9429709,755,1.9778717
3211321,36000,10000,265,1.0855076e+09,0.29403508,218.41577,21726.174,67473.578,2807.6821,58897.594,215388.14,6430078,2.2428e+11,0.81592339,1.0505296,0.49074075,1.5770783,7.4862018,1.0574427,0.90454757,1.933687,755,1.9712259
3211322,36000,12000,271,1.1061005e+09,0.30246592,222.91113,23749.543,69146.805,2717.282,57357.332,214370,7038958.5,2.5865599e+11,0.80382669,1.0822426,0.50185186,1.5772061,7.5505533,1.0665325,0.90572995,1.9257294,755,1.9660325
3211323,36000,14000,274,1.1062785e+09,0.31380334,226.53943,25462.199,70729,1880.0718,80856.258,210478.81,7537504,2.8675601e+11,0.79821396,1.1006492,0.50740743,1.5770783,7.5831456,1.0711362,0.90632612,1.9217507,755,1.9636097
3276823,38000,-58000,82,3.3802813e+08,0.38909173,73.49881,16760.939,40991.895,899.28894,21215.963,104485.34,1474671.9,3.6328002e+10,0.91297799,0.85342395,0.21983914,1.838752,4.4663444,0.63088107,0.83849734,2.5649867,755,2.189919
3276824,38000,-56000,82,3.3664016e+08,0.40197638,71.216171,14774.248,38028.535,1832.7758,20180.945,102585.89,1340572.6,3.1268e+10,0.91297799,0.85342395,0.21983914,1.838752,4.4663444,0.63088107,0.83849734,2.5649867,755,2.189919
3276825,38000,-54000,80,3.3534938e+08,0.41530016,68.227516,12827.363,35087.012,2766.2625,19163.906,100733.2,1166967.8,2.5231999e+10,0.92879748,0.83773941,0.21447721,1.833858,4.458787,0.62981361,0.83829665,2.5676394,755,2.1954107
3276826,38000,-52000,80,3.3404656e+08,0.41688687,64.175949,10929.849,33036.867,3699.7493,18984.883,100345.83,1073990.8,2.1707999e+10,0.92879748,0.83773941,0.21447721,1.833858,4.458787,0.62981361,0.83829665,2.5676394,755,2.1954107
3276827,38000,-50000,81,3.3234912e+08,0.41578832,58.419052,9090.2236,31500.082,4633.2363,25517.385,100222.69,1028216.4,1.9488e+10,0.92191356,0.84218556,0.21715818,1.8363202,4.4625626,0.63034689,0.83839697,2.566313,755,2.1926503
3276828,38000,-48000,75,3.2118928e+08,0.40958562,48.521839,6969.939,30054.717,4350.5317,25522.359,99268.875,844656.56,1.406e+10,0.95315313,0.7987023,0.20107238,1.8210846,4.4400053,0.62716061,0.83779681,2.5742705,755,2.2096605
3276829,38000,-46000,75,3.0526794e+08,0.39930728,29.390778,4970.0186,28725.799,3417.0447,25698.475,98014.859,839809.69,1.3415999e+10,0.93333334,0.79809332,0.20107238,1.8210846,4.4400053,0.62716061,0.83779681,2.5742705,755,2.2096605
3276830,38000,-44000,68,2.8090845e+08,0.38033727,346.81735,3788.1885,27546.857,2413.6921,26308.738,96339.172,707218.62,9.904e+09,0.94249344,0.75528753,0.18230563,1.8018495,4.4139752,0.62348384,0.83710152,2.5835543,755,2.2309213
3276831,38000,-42000,57,2.3947221e+08,0.33972216,288.84641,5791.9951,26563.297,676.77191,28143.225,94117.539,534120.31,5.9719997e+09,1,0.69169259,0.34545454,1.6647905,3.5730753,0.50470483,0.81285393,2.9562335,755,2.5863862
3276846,38000,-12000,281,1.1619418e+09,0.12309488,131.9964,16385.539,87010.977,1569.6653,151592.89,344411.06,6833740,2.3004801e+11,0.69811898,1.1896802,0.44745222,1.479219,8.7838106,1.2407328,0.92715073,1.795756,755,1.9259796
3276847,38000,-10000,282,1.1511942e+09,0.10235303,136.05348,13351.847,85716.312,3283.0205,166082.92,375948.94,5965234.5,1.6158401e+11,0.72663486,1.1791978,0.493007,1.556723,8.0462389,1.1365491,0.91461092,1.8687003,755,1.9311975
3276848,38000,-8000,302,1.2783172e+09,0.10219008,116.10163,6579.2573,80001.281,1497.1134,94000.422,396478.72,6837640,2.1380401e+11,0.65529913,1.5430166,0.49834985,1.5195135,8.7691946,1.2386683,0.92690945,1.7970822,755,1.8987762
3276849,38000,-6000,250,1.0158756e+09,0.24480644,156.65131,13171.645,55699.953,429.0228,91310.188,228356.72,4920756,1.1768e+11,0.81869882,0.94279689,0.43782836,1.5494041,7.6602998,1.0820343,0.90773028,1.9124669,755,1.9682225
3276850,38000,-4000,217,8.782592e+08,0.40550482,157.41431,16853.641,50142.207,429.0228,47260.742,164975.05,4110464.5,9.546e+10,0.96087217,0.78256202,0.48764044,1.5657394,6.2222977,0.8789134,0.87973619,2.1233423,755,2.142025
3276851,38000,-2000,220,8.893216e+08,0.39470607,165.79118,16263.721,46112.938,429.0228,48878.598,168266.42,4101431.2,9.4099997e+10,0.95313406,0.79684073,0.49438202,1.5659205,6.2444148,0.88203752,0.88019943,2.1193633,755,2.1398547
3276852,38000,0,222,9.0275872e+08,0.36504284,174.71588,16107.617,49659.043,429.0228,46342.629,176286.42,4124206.2,9.5128003e+10,0.94676125,0.80795288,0.49887639,1.5659549,6.2592473,0.88413262,0.88050944,2.1167109,755,2.1384881
3276853,38000,2000,227,9.2195219e+08,0.28653151,184.22192,16572.537,63899.34,429.0228,64826.75,201081.89,4355980.5,1.069e+11,0.92472029,0.83707774,0.42037037,1.5643445,7.1028113,1.0032879,0.89735281,1.9840848,755,2.0149529
3276854,38000,4000,234,9.5321216e+08,0.29299578,194.05751,17905.201,65059.746,429.0228,64781.625,202194.36,4782546.5,1.30504e+11,0.89604199,0.87657744,0.43333334,1.5682486,7.1704574,1.0128431,0.89864159,1.9748011,755,2.0054798
3276855,38000,6000,240,9.8143142e+08,0.2993789,202.16119,19470.219,66268.641,429.0228,64578.039,202966.48,5207595.5,1.5348e+11,0.87751049,0.91074532,0.44444445,1.5710312,7.2294736,1.0211792,0.89975905,1.9668435,755,1.9978735
3276856,38000,8000,245,1.0124833e+09,0.30125791,208.78789,21078.529,67522.82,429.0228,64387.332,205508.42,5632445.5,1.78948e+11,0.86289728,0.93665957,0.4537037,1.5729547,7.2794008,1.0282316,0.90069944,1.9602122,755,1.991895
3276857,38000,10000,258,1.0530333e+09,0.29655015,214.39052,22507.857,68819.281,1472.0693,57760.578,211240.36,6381983,2.1958001e+11,0.83223236,1.0132928,0.47777778,1.576283,7.412498,1.0470319,0.90318471,1.9429709,755,1.9778717
3276858,38000,12000,264,1.0745441e+09,0.30371562,219.06732,24446.842,70276.109,1291.3287,57085.379,210854.81,6998995,2.5617999e+11,0.81812423,1.0442654,0.48888889,1.5770074,7.4755831,1.0559428,0.90435183,1.9350133,755,1.9721366
3276859,38000,14000,265,1.0752828e+09,0.32782558,222.83269,26922.088,71928.805,429.0228,61872.109,203022.83,7543014.5,2.8937201e+11,0.81280732,1.0450441,0.49074075,1.5770783,7.4862018,1.0574427,0.90454757,1.933687,755,1.9712259
3342360,40000,-56000,82,3.4492794e+08,0.34678131,78.86702,14756.945,42252.566,63.990147,24904.121,111799.86,1331896.8,3.0016e+10,0.90334237,0.85183865,0.22043011,1.8389837,4.4625626,0.63034689,0.83839697,2.566313,755,2.1905372
3342361,40000,-54000,83,3.4275613e+08,0.36207646,77.056137,12658.715,38837.781,997.47693,23441.941,109068.01,1243880.6,2.6644001e+10,0.90420216,0.85696071,0.22252011,1.8411541,4.4701324,0.6314162,0.83859789,2.5636604,755,2.1872168
3342362,40000,-52000,82,3.4069718e+08,0.37826249,74.523186,10590.589,35440.824,1930.9637,21998.162,106387.98,1108950.9,2.1824e+10,0.91297799,0.85342395,0.21983914,1.838752,4.4663444,0.63088107,0.83849734,2.5649867,755,2.189919
3342363,40000,-50000,82,3.3877686e+08,0.39531282,70.765785,8567.3711,32067.357,2864.4504,20580.049,103774.67,1027463.9,1.8756e+10,0.91297799,0.85342395,0.21983914,1.838752,4.4663444,0.63088107,0.83849734,2.5649867,755,2.189919
3342364,40000,-48000,80,3.3702944e+08,0.41313985,64.729958,6620.0571,28725.66,3797.9373,19198.289,101248.9,923636.56,1.5352001e+10,0.92879748,0.83773941,0.21447721,1.833858,4.458787,0.62981361,0.83829665,2.5676394,755,2.1954107
3342365,40000,-46000,81,3.352008e+08,0.41351062,53.877594,4806.5845,27218.062,4731.4243,19086.609,100928.57,911967.94,1.4224e+10,0.92191356,0.84218556,0.21715818,1.8363202,4.4625626,0.63034689,0.83839697,2.566313,755,2.1926503
3342366,40000,-44000,77,3.2268195e+08,0.40677494,25.738979,2977.7346,25899.172,3405.2104,25645.689,99842.438,842486.94,1.234e+10,0.92788792,0.80997944,0.20643431,1.8262876,4.4474988,0.62821913,0.83799642,2.5716181,755,2.2038698
3342367,40000,-42000,70,2.8948954e+08,0.38520685,309.48398,3090.8018,24763.314,1668.2903,26163.461,97179.438,737686.19,9.888e+09,0.94161493,0.77038902,0.18766756,1.8075118,4.421381,0.6245299,0.83729964,2.5809019,755,2.2246852
3342381,40000,-14000,252,1.041002e+09,0.12903668,132.49028,19143.234,89832.617,915.19202,163850.81,318400.78,6707661,2.48428e+11,0.676943,1.0996519,0.40063593,1.4603608,8.3921757,1.1854135,0.92058688,1.8328912,755,1.9712311
3342382,40000,-12000,250,1.0370881e+09,0.14055496,140.34065,17066.672,88533.336,2601.3694,147610.17,304501.66,5773457.5,1.7437599e+11,0.73606426,1.0209751,0.43706295,1.5483371,7.6714501,1.0836095,0.9079324,1.9111406,755,1.9678769
3342383,40000,-10000,247,1.0118933e+09,0.14009075,148.14955,14203.647,68997.672,3434.325,139707.53,301278.09,5333140.5,1.4566e+11,0.73615086,1.0362109,0.43257442,1.5479257,7.6270423,1.0773367,0.90712619,1.9164456,755,1.9722792
3342384,40000,-8000,234,9.9797715e+08,0.092305571,141.28671,3996.9729,78001.508,1434.325,115394.45,368596.56,5714958.5,1.89276e+11,0.61252338,1.3025438,0.38613862,1.4895763,7.8778567,1.1127648,0.91163772,1.8872679,755,1.9921765
3342393,40000,10000,168,7.0766464e+08,0.24642414,200.49638,22573.814,70339.539,1407.7073,85730.695,189966.52,4092218.5,1.27632e+11,0.89150274,0.63200772,0.3116883,1.5032799,6.5714293,0.92822903,0.88691819,2.0636604,755,2.121762
3342394,40000,12000,230,9.4750752e+08,0.31013888,213.2103,26563.242,71641.742,1218.4348,74701.875,195937.77,6529077,2.45272e+11,0.83698499,0.90590036,0.42592594,1.5661048,7.1316457,1.0073608,0.8979032,1.9801061,755,2.0108137
3407898,42000,-52000,86,3.5720973e+08,0.27284801,84.803406,11316.477,46071.793,162.17815,35687.125,128264.41,1249650.9,2.5412e+10,0.86128592,0.87590808,0.21287128,1.8347598,4.60287,0.65016568,0.84208196,2.5185676,755,2.1657465
3407899,42000,-50000,85,3.5316384e+08,0.31171367,83.70446,9025.9658,39534.91,1095.6649,28474.027,119320.52,1125824.9,2.0920001e+10,0.88291317,0.86665529,0.2173913,1.8396342,4.5472703,0.64231205,0.84063148,2.5371354,755,2.1726153
3407900,42000,-48000,84,3.4949184e+08,0.33293372,81.829185,6783.9067,35181.629,2029.1517,26108.025,114853.59,1023010.2,1.7231999e+10,0.89414799,0.86149007,0.22105263,1.8416026,4.5006714,0.63572985,0.83940595,2.5530503,755,2.1804776
3407901,42000,-46000,83,3.4603322e+08,0.35619774,78.077888,4583.0713,30852.018,2962.6384,23780.988,110488.8,947943.12,1.4572e+10,0.90420216,0.85696071,0.22252011,1.8411541,4.4701324,0.6314162,0.83859789,2.5636604,755,2.1872168
3407902,42000,-44000,83,3.4285453e+08,0.38152528,67.599258,2469.145,26557.654,3896.1252,21513.996,106266.95,919830.31,1.3223999e+10,0.90684688,0.85786271,0.22252011,1.8411541,4.4701324,0.6314162,0.83859789,2.5636604,755,2.1872168
3407903,42000,-42000,83,3.4005325e+08,0.4087072,6.9481931,958.6994,23073.189,2659.8086,19342.252,102252.11,930194.06,1.3144001e+10,0.9018513,0.85341388,0.22252011,1.8411541,4.4701324,0.6314162,0.83859789,2.5636604,755,2.1872168
3407904,42000,-40000,77,3.2496003e+08,0.4016442,286.89276,2718.1624,21999.434,922.88843,25908.494,100832.18,873224.31,1.2132e+10,0.92788792,0.80997944,0.20643431,1.8262876,4.4474988,0.62821913,0.83799642,2.5716181,755,2.2038698
3407916,42000,-16000,247,1.0360512e+09,0.1163168,132.62747,18356.055,92654.742,1224.4772,176794.78,334560.25,6989852,2.7714001e+11,0.62512755,1.1434587,0.39268681,1.4563736,8.3258867,1.1760501,0.91945511,1.8395226,755,1.9799148
3407917,42000,-14000,234,9.6283104e+08,0.13838282,140.48628,19337.434,91351.18,2472.4592,148180.88,295691.53,5824197,1.95052e+11,0.72161698,0.98291099,0.40837696,1.537756,7.5075302,1.0604553,0.90494025,1.9310344,755,1.9907002
3407918,42000,-12000,225,9.1989523e+08,0.17654808,148.82819,17579.605,73907.133,3743.6189,115039.62,255883.7,5224663.5,1.5788401e+11,0.74380952,0.92991418,0.39335665,1.5320876,7.4020872,1.0455613,0.90299141,1.9442971,755,2.0052831
3407919,42000,-10000,205,8.438249e+08,0.14908481,159.48845,15043.654,64519.719,3434.325,126171.27,266694.72,4575778,1.31392e+11,0.72448587,0.87143528,0.35901925,1.514099,7.190022,1.0156066,0.89901274,1.9721485,755,2.0409627
3407920,42000,-8000,170,7.1945408e+08,0.10398148,318.00949,4135.2471,76001.75,1434.325,78867.617,294868.56,3895984,1.28012e+11,0.56693351,1.078187,0.28052804,1.4046121,7.190022,1.0156066,0.89901274,1.9721485,755,2.1311841
3407929,42000,10000,98,4.271848e+08,0.46483606,182.09595,20270.322,41471.707,1407.125,43569.895,107463.98,2098331.5,5.3271998e+10,0.99347782,0.35579005,0.24078624,1.6423563,5.0724602,0.71649629,0.85385919,2.377984,755,2.2263081
3407930,42000,12000,184,7.6893126e+08,0.27007464,206.72832,27513.943,73157.312,1219.0171,90220.133,189150.2,5346483.5,1.95496e+11,0.85691375,0.71293211,0.34137291,1.5253657,6.7051988,0.94712424,0.88959897,2.0424404,755,2.0880644
3473436,44000,-48000,92,3.8613747e+08,0.28639942,94.038811,9198.5117,41804.465,260.36615,35401.625,130163.68,1304637.6,2.5564e+10,0.80219781,0.91463858,0.2,1.7543646,5.0288992,0.71034318,0.85280031,2.3899205,755,2.1438191
3473437,44000,-46000,92,3.834295e+08,0.28387088,95.268936,7001.6685,39825.609,1193.8529,35444.906,130282.86,1234364.5,2.2688e+10,0.81079787,0.91456324,0.2,1.7543646,5.0288992,0.71034318,0.85280031,2.3899205,755,2.1438191
3473438,44000,-44000,92,3.7962061e+08,0.28044996,97.820747,4731.1982,37849.312,2127.3398,35532.625,130422.38,1184134.6,2.0508e+10,0.81079787,0.91456324,0.2,1.7543646,5.0288992,0.71034318,0.85280031,2.3899205,755,2.1438191
3473439,44000,-42000,90,3.739464e+08,0.27559176,106.2401,2356.4783,35876.055,3060.8264,35699.27,130579.95,1088663.1,1.6844e+10,0.83520597,0.89800417,0.21582733,1.8350672,4.6722393,0.65996426,0.84387422,2.4960213,755,2.1524475
3473440,44000,-40000,90,3.6477971e+08,0.26819637,211.26244,834.18408,33906.469,1945.6432,36015.84,130735.59,1068249.9,1.5612e+10,0.84244692,0.89662266,0.22277227,1.8445206,4.6190062,0.65244496,0.84250057,2.5132625,755,2.154639
3473441,44000,-38000,86,3.5510477e+08,0.33543661,256.34311,3207.0574,24382.869,962.03534,25474.275,115339.48,1015725.8,1.4672e+10,0.88098496,0.87260365,0.230563,1.848183,4.4815359,0.63302696,0.83890009,2.5596817,755,2.1792812
3473442,44000,-36000,64,2.6968272e+08,0.3257868,291.58917,3937.6338,26309.705,199.7639,42816.77,101991.68,747373.12,1.098e+10,0.93402779,0.57261461,0.17158177,1.7901083,4.3992372,0.62140208,0.83670658,2.5888593,755,2.2437985
3473450,44000,-20000,224,9.1688563e+08,0.1182344,350.87216,13173.621,82579.508,465.90317,95871.797,312169.59,6962380,3.11304e+11,0.50936902,1.3348252,0.39367312,1.5348582,7.3607349,1.0397202,0.90222186,1.9496021,755,2.0074728
3473451,44000,-18000,281,1.1665405e+09,0.083998062,115.96549,8349.4561,95477.297,1539.3584,228388.17,417753.59,9402169,4.4018002e+11,0.49621251,1.5341289,0.44674087,1.477291,8.7984743,1.2428042,0.92739254,1.7944297,755,1.9263746
3473452,44000,-16000,221,9.1591629e+08,0.13146701,140.2269,21509.6,94169.766,2787.3403,152024.25,295886,5870156.5,2.1548401e+11,0.69962978,0.96296984,0.38501742,1.5261681,7.3813534,1.0426326,0.90260595,1.9469496,755,2.011759
3473453,44000,-14000,211,8.7288691e+08,0.17245314,147.42743,19997.506,78811.961,4035.3223,123077.91,252201.92,5220650.5,1.7070799e+11,0.73766643,0.89091843,0.36888111,1.5191739,7.2593474,1.025399,0.90032226,1.9628648,755,2.0296874
3473454,44000,-12000,194,8.1488365e+08,0.18794608,156.50385,18230.996,68932.914,5182.0083,110447.69,233418.94,4617405.5,1.43788e+11,0.73345441,0.81626588,0.33975482,1.5010681,7.0837178,1.0005909,0.8969875,1.9867374,755,2.0627451
3473455,44000,-10000,164,6.6472307e+08,0.16976988,175.4622,13298.305,52911.129,3434.3813,109422.85,221817.08,3363252.2,8.8504001e+10,0.70267844,0.71484905,0.28721541,1.4561657,6.8091555,0.96180838,0.89165664,2.0265253,755,2.130733
3473456,44000,-8000,154,6.627433e+08,0.098529875,310.64249,5324.9722,74002,1434.3816,78525.422,290732.53,3538451.8,1.16864e+11,0.55504626,1.0435613,0.25412542,1.3738042,7.0364304,0.99391145,0.89607978,1.9933687,755,2.17467
3538974,46000,-44000,101,4.1313533e+08,0.29599473,110.07968,7212.9849,37592.707,358.55414,28790.74,132436.94,1478040,2.8376001e+10,0.74752474,0.96227443,0.21956521,1.7771615,5.0724602,0.71649629,0.85385919,2.377984,755,2.117064
3538975,46000,-42000,101,4.1550112e+08,0.29496264,116.52966,5428.5879,35602.898,1292.0409,28823.83,133047.75,1422662.9,2.5968001e+10,0.74752474,0.96227443,0.21956521,1.7771615,5.0724602,0.71649629,0.85385919,2.377984,755,2.117064
3538976,46000,-40000,102,4.1857094e+08,0.29339761,128.51465,3784.5005,33614.504,2225.5278,28920.26,133894.02,1400078.2,2.454e+10,0.74509805,0.9666633,0.22173913,1.7795706,5.0773468,0.71718657,0.85397762,2.3766577,755,2.1142099
3538977,46000,-38000,104,4.2271565e+08,0.29090336,154.13556,2514.8164,31627.832,2811.0735,29143.809,135130.92,1414119.8,2.4216001e+10,0.73525017,0.97778273,0.22608696,1.7843165,5.0871487,0.71857113,0.85421479,2.3740053,755,2.1085703
3538978,46000,-36000,103,4.2334781e+08,0.28442284,197.71225,2153.2532,29643.297,2048.802,39568.793,136763.86,1403607.2,2.4048001e+10,0.73900628,0.96014547,0.22391304,1.7819556,5.082243,0.71787816,0.85409611,2.3753316,755,2.1113787
3538979,46000,-34000,97,3.982097e+08,0.25869775,234.02893,1850.9056,28792.834,1286.5306,51015.266,139079.95,1320085.4,2.3004e+10,0.74720788,0.8613863,0.21086957,1.7672803,5.0530066,0.71374846,0.85338712,2.3832891,755,2.128715
3538980,46000,-32000,90,3.758761e+08,0.22872543,281.86987,1592.5918,30703.477,744.62,55900.82,143704.41,1172699.2,2.0032e+10,0.73058677,0.73041302,0.19480519,1.7467204,5.0288992,0.71034318,0.85280031,2.3899205,755,2.1503625
3538981,46000,-30000,88,3.4288938e+08,0.17544648,356.59219,3130.1719,32624.834,672.49615,71146.242,156714.66,1105446.9,1.7828e+10,0.69017762,0.6467253,0.19047619,1.7412472,5.01932,0.70899016,0.85256654,2.3925729,755,2.1567035
3538982,46000,-28000,114,4.2167091e+08,0.11617444,348.89374,12093.926,61572.809,600.37231,99748.102,213568.14,1939157.5,4.9648001e+10,0.63390779,0.78026879,0.24568966,1.8025029,5.1568356,0.72841454,0.855892,2.3554378,755,2.0818081
3538983,46000,-26000,164,6.7210298e+08,0.088663183,341.3215,21332.098,78168.391,528.24841,139414.05,308639.28,4408146,1.89468e+11,0.61200058,1.1609042,0.28975266,1.4635491,6.765451,0.95563501,0.89079428,2.0331564,755,2.1298392
3538984,46000,-24000,198,8.032704e+08,0.10059115,345.25787,17104.09,78985.195,1111.0427,99771.914,316778.66,5769929,2.5325601e+11,0.51904833,1.317564,0.34797892,1.5086763,7.1028113,1.0032879,0.89735281,1.9840848,755,2.0546582
3538985,46000,-22000,235,9.5870368e+08,0.11000596,354.64392,10432.925,79848.242,1738.0586,99175.219,330932.19,7049988.5,3.02988e+11,0.48947081,1.4383782,0.41300526,1.5430387,7.4755831,1.0559428,0.90435183,1.9350133,755,1.9901423
3538986,46000,-20000,294,1.2128713e+09,0.081379473,96.038719,5389.6802,98300.234,2365.0745,165447.45,432767.72,10332807,5.1005601e+11,0.45376238,1.7488804,0.4674086,1.4815,8.9936628,1.2703749,0.93058532,1.7771883,755,1.9092621
3538987,46000,-18000,219,9.1321165e+08,0.11206572,141.00507,22735.297,96989.008,3111.4563,165414.44,320003.16,6123876,2.4207599e+11,0.66645724,1.0073673,0.37628865,1.5135756,7.4439073,1.0514685,0.90376663,1.938992,755,2.0149608
3538988,46000,-16000,201,8.47096e+08,0.15891171,146.96182,21820.646,83711.5,3182.0083,122734.85,258817.3,5325005.5,1.8944e+11,0.69990051,0.89896584,0.35139859,1.5082276,7.1607151,1.011467,0.89845651,1.9761273,755,2.048686
3538989,46000,-14000,192,8.1300429e+08,0.18308356,154.75995,20249.854,73346.555,3182.0083,113125.92,236225.44,4897804.5,1.64804e+11,0.70604277,0.85182869,0.33625218,1.4985058,7.0647268,0.99790841,0.89662343,1.9893899,755,2.0668819
3538990,46000,-12000,179,7.3055328e+08,0.18263301,165.19073,18108.387,66483.734,3182.0083,105047.04,224202.91,4312081,1.36484e+11,0.69148201,0.80458742,0.31348512,1.4803715,6.9437237,0.98081642,0.89428777,2.0066314,755,2.0951266
3538991,46000,-10000,145,5.7224486e+08,0.20848569,190.30338,13056.962,40062.219,3182.0083,93356.781,185719.61,2962173,7.7243998e+10,0.66542143,0.67860353,0.25394046,1.4201809,6.6460104,0.93876374,0.88841748,2.0517242,755,2.1807539
3538992,46000,-8000,147,6.4298656e+08,0.092514709,298.05991,5733.2852,72002.273,1435.1907,83466.062,295529.25,3454227.5,1.14148e+11,0.541888,1.0522947,0.24257426,1.359,6.9712782,0.98470855,0.89482212,2.0026524,755,2.1949184
3604512,48000,-40000,106,4.235448e+08,0.28245407,142.92589,5561.3062,33970.574,456.74216,30716.1,137271.59,1584075.2,2.9767999e+10,0.71572328,0.98975134,0.22993493,1.7879108,5.1019225,0.72065794,0.85457176,2.3700266,755,2.1030774
3604513,48000,-38000,108,4.2613962e+08,0.27605963,162.06662,4585.0127,32117.785,1390.2289,31370.465,139277.02,1600488.9,2.9803999e+10,0.70508826,0.99936712,0.23376623,1.7914181,5.1167827,0.72275698,0.85493004,2.3660479,755,2.097662
3604514,48000,-36000,114,4.3001789e+08,0.26680467,186.76735,4276.7085,30350.072,2323.7158,32446.805,142315.27,1682437.1,3.1147999e+10,0.68157119,1.0288637,0.24675325,1.8046033,5.1467638,0.72699189,0.8556506,2.3580902,755,2.081732
3604515,48000,-34000,115,4.2826224e+08,0.24895583,209.95335,4532.5068,29645.738,3135.5688,45690.793,147027.53,1702693.2,3.1936e+10,0.67246377,1.0094495,0.24838012,1.8056848,5.1568356,0.72841454,0.855892,2.3554378,755,2.0791767
3604516,48000,-32000,116,4.3486333e+08,0.22814451,223.4711,4238.7549,31432.674,2743.3191,50396,154766.27,1706948.6,3.2416e+10,0.65517241,0.98867977,0.25,1.8067402,5.1669474,0.72984278,0.856134,2.3527851,755,2.076643
3604517,48000,-30000,129,5.1722275e+08,0.12091372,170.93507,2230.6724,50239.148,2671.1953,118272.1,231849.39,2055624.2,4.4795998e+10,0.54857075,1.001608,0.2279152,1.393115,6.4745531,0.91454506,0.88495272,2.0795755,755,2.2255666
3604518,48000,-28000,203,8.3385133e+08,0.090988427,342.31546,10869.249,75545.07,2599.0713,170615.23,339356.5,5100608.5,1.89716e+11,0.46880946,1.5017463,0.35739437,1.5157553,7.1413093,1.0087259,0.89808732,1.9787798,755,2.044955
3604519,48000,-26000,240,9.6812096e+08,0.097431786,345.97675,10074.135,76337.539,2527.2583,151200.95,353361.66,6789901,2.7594801e+11,0.44006276,1.6891738,0.42179263,1.5462002,7.5289803,1.0634853,0.90533435,1.9283819,755,1.9827695
3604520,48000,-24000,249,1.0201939e+09,0.098500952,353.39862,7488.5068,77173.727,3010.2139,114086.06,360766.38,7284948.5,3.00892e+11,0.45465735,1.6246318,0.43760985,1.5510219,7.6270423,1.0773367,0.90712619,1.9164456,755,1.9702839
3604521,48000,-22000,295,1.2074227e+09,0.072782986,106.79511,5605.2124,101123.53,1601.2041,180984.02,456582.94,10244542,5.0708002e+11,0.42559668,1.8508471,0.4689984,1.481738,9.0090361,1.2725464,0.93083483,1.7758621,755,1.9080217
3604522,48000,-20000,228,9.4444819e+08,0.093268894,142.1965,22595.768,99808.852,1182.0084,192303.25,356718.47,6647414.5,2.74884e+11,0.603872,1.138236,0.39175257,1.5216651,7.5397515,1.0650067,0.90553194,1.9270557,755,1.9993023
3604523,48000,-18000,199,8.2564147e+08,0.13387148,146.80028,24066.623,88605.242,1182.0084,140632.89,278391.94,5710147.5,2.2062799e+11,0.66179383,0.95094883,0.34790209,1.5058631,7.1413093,1.0087259,0.89808732,1.9787798,755,2.0526454
3604524,48000,-16000,188,7.8945837e+08,0.16462411,152.92273,22561.979,77759.711,1182.0084,121873.46,245483.8,5146574.5,1.84608e+11,0.68312663,0.87964922,0.32924694,1.4932007,7.0270481,0.9925862,0.89589918,1.9946949,755,2.075321
3604525,48000,-14000,180,7.4237862e+08,0.17366058,160.97887,20963.102,70582.789,1182.0084,118603.44,231775.23,4703044,1.5961199e+11,0.68820608,0.82825017,0.31523642,1.4818587,6.9528842,0.98211038,0.89446557,2.0053051,755,2.0928693
3604526,48000,-12000,148,6.0597818e+08,0.19964984,177.13451,16584.148,52901.414,1182.0084,95558.281,195298.52,3358685.2,9.6743997e+10,0.67282587,0.69775915,0.2591944,1.4262743,6.6712484,0.94232869,0.88892215,2.0477455,755,2.1724741
3604527,48000,-10000,133,5.2090733e+08,0.21278737,194.18431,14859.512,40749.996,1182.0084,85921.867,175393,2864510.8,7.8220001e+10,0.65083164,0.64796573,0.2329247,1.3941915,6.5469394,0.92476976,0.88642323,2.0676394,755,2.215378
3604528,48000,-8000,143,6.2200237e+08,0.080972269,284.76379,5663.7109,70002.555,1435.9998,93451.141,310693.94,3434583.8,1.13372e+11,0.53343838,1.0586406,0.23636363,1.3523204,6.9254746,0.9782387,0.89393306,2.0092838,755,2.2059989
3670050,50000,-36000,118,4.8211686e+08,0.15219738,159.09654,7291.6387,55963.605,554.93018,94570.438,199515.91,1956010.9,4.1612001e+10,0.64392292,1.0422077,0.20921986,1.3695611,6.3727765,0.9001689,0.88286549,2.096817,755,2.259234
3670051,50000,-34000,127,5.1450912e+08,0.15573865,159.60695,7699.3345,54930.688,1488.417,104136.13,203752.66,2200268,5.1579998e+10,0.59630048,1.0804297,0.22477876,1.390017,6.4507785,0.91118687,0.88446724,2.0835543,755,2.2313132
3670052,50000,-32000,136,5.5739398e+08,0.15506394,156.36339,8284.21,54336.992,2421.9038,111380.05,212535.09,2513408.8,6.4524001e+10,0.55446625,1.0928937,0.24028268,1.4089612,6.530714,0.9224779,0.88609463,2.0702918,755,2.2047825
3670053,50000,-30000,165,6.6232154e+08,0.12961432,147.36244,7604.519,54502.578,3355.3906,137073.53,253403.67,3275593.8,9.1151999e+10,0.47634885,1.2180079,0.29049295,1.4623528,6.7916059,0.95932949,0.89131081,2.0291777,755,2.1276958
3670054,50000,-28000,246,1.012231e+09,0.1001138,356.42618,4742.4668,73703.32,4377.104,162489.28,356449.28,6683504,2.56032e+11,0.42727727,1.7697908,0.43233743,1.5495383,7.5940723,1.0726796,0.90652555,1.9204245,755,1.974334
3670055,50000,-26000,264,1.0659236e+09,0.10205758,347.69888,4569.2778,74515.391,4111.0503,118420.48,362280.81,7649947.5,3.0677601e+11,0.428592,1.8354965,0.46397188,1.556599,7.7962813,1.1012421,0.91018146,1.8965517,755,1.9516953
3670056,50000,-24000,299,1.220012e+09,0.072339356,127.55581,5288.0405,103947.14,2342.2649,200580.36,460362.22,10397699,5.13652e+11,0.40129289,1.9983482,0.47535771,1.4825675,9.0710602,1.2813075,0.93183821,1.770557,755,1.9031677
3670057,50000,-22000,301,1.233903e+09,0.078256428,147.25658,5617.0723,102629.23,573.47919,164106,445128.53,10625792,5.0020401e+11,0.42954597,1.936451,0.49834436,1.5221914,8.7256393,1.2325161,0.92618871,1.801061,755,1.9001343
3670064,50000,-8000,100,4.5281274e+08,0.093469836,334.79602,1245.8396,68002.852,1195.5798,72089.344,246733.72,2574376.8,9.0615996e+10,0.74161619,0.75533235,0.20283976,1.4070829,5.7535877,0.81270707,0.86963397,2.214854,755,2.317085
3735588,52000,-32000,149,6.1684006e+08,0.1708536,150.03076,13894.307,58439.805,653.11816,110884.51,212999.78,3316241,1.02824e+11,0.53990567,1.1404976,0.2627866,1.4344863,6.6460104,0.93876374,0.88841748,2.0517242,755,2.1686504
3735589,52000,-30000,247,1.0007427e+09,0.10182268,64.686302,1665.9308,71084.031,1587.0867,145721.38,351434.09,6577903.5,2.42352e+11,0.42355418,1.8185408,0.43409491,1.5500466,7.6050305,1.0742276,0.90672541,1.9190981,755,1.9729717
3735590,52000,-28000,267,1.0759295e+09,0.11012784,350.34406,2044.2139,71870.039,3101.5015,108415.02,350387.22,7710214,3.04808e+11,0.42198193,1.9375851,0.4692443,1.5573479,7.8310347,1.1061511,0.91080314,1.892573,755,1.9483081
3735591,52000,-26000,297,1.1948462e+09,0.074603692,138.7281,5966.2544,106771.05,3177.5635,201573.33,448622.22,10285677,5.1044401e+11,0.39020839,2.0913248,0.47217807,1.4821773,9.0399418,1.276912,0.93133539,1.7732096,755,1.9055731
3735592,52000,-24000,282,1.1453198e+09,0.072682053,162.43918,5377.1714,105450.11,1408.778,171099.88,444994.56,9958970,4.8524801e+11,0.41485575,1.9691452,0.44833067,1.4776884,8.8131876,1.2448823,0.92763489,1.7931035,755,1.924993
3735600,52000,-8000,91,4.078072e+08,0.089168593,346.19727,522.18884,66003.172,1195.5798,72462.5,239732.23,2524014,9.0071998e+10,0.79731381,0.71100771,0.18458419,1.3825626,5.6976066,0.80479962,0.86838907,2.2267904,755,2.3467844
3801125,54000,-30000,233,9.3725747e+08,0.10091069,87.008118,4240.0195,69239.164,972.58624,174426.64,341637.72,6754967.5,2.70588e+11,0.45826551,1.5783515,0.40949035,1.5416771,7.4544358,1.0529556,0.90396136,1.9376658,755,1.9931794
3801126,54000,-28000,291,1.173195e+09,0.073524162,143.45219,6719.5903,109571.33,2842.4602,199033.53,447790.62,9925671,4.90048e+11,0.38815024,2.1174777,0.46263912,1.4807128,8.947854,1.2639043,0.92984033,1.7811671,755,1.9130485
3801127,54000,-26000,280,1.1345885e+09,0.071720541,163.07249,6884.9536,108271.44,2244.0767,174746.7,445863.94,9860152,4.9479601e+11,0.40688685,2.046227,0.44515103,1.4768811,8.7838106,1.2407328,0.92715073,1.795756,755,1.927767
3801128,54000,-24000,183,7.3567014e+08,0.084889129,302.94012,20267.266,71941.742,475.2912,104969.01,330004.97,5119117,2.04344e+11,0.5892632,1.5864799,0.4828496,1.9597658,4.9117298,0.69379282,0.8499192,2.4230769,755,2.0277586
3801136,54000,-8000,85,3.8814787e+08,0.085926652,184.49072,530.92535,64003.512,1195.5798,74160.242,238253.67,2444983.2,8.7955997e+10,0.83053219,0.68339127,0.1724138,1.3650637,5.6608872,0.79961294,0.86756772,2.2347481,755,2.3676844
3866660,56000,-32000,181,7.2577549e+08,0.11856981,94.427422,10804.027,66624.484,137.28748,139990.39,277344.16,5592632,2.3374401e+11,0.60110497,1.0134156,0.31866196,1.487559,6.934587,0.97952586,0.89411026,2.0079575,755,2.0903594
3866661,56000,-30000,220,8.9068038e+08,0.075708963,108.74842,11352.673,112372.93,1906.073,196192.09,384496.34,8040577,4.23872e+11,0.51635534,1.3346064,0.35031846,1.4315,7.9732013,1.1262325,0.91332656,1.8766578,755,2.0310054
3866662,56000,-28000,237,9.5944058e+08,0.064047664,133.06328,9809.3135,111093.17,3079.3755,204680.59,433872.69,8560347,4.5803998e+11,0.46456411,1.6008564,0.37678856,1.4474391,8.1964016,1.15776,0.91722631,1.8527851,755,1.9981389
3866663,56000,-26000,201,8.1960986e+08,0.081465304,292.14688,12491.314,69195.242,1310.59,146315.67,355567.59,5560933.5,2.1562401e+11,0.51039803,1.6786731,0.35201401,1.5095669,7.1509991,1.0100945,0.89827174,1.9774536,755,2.0486953
3866672,56000,-8000,82,3.7583574e+08,0.083774917,180.39655,1788.2098,62003.871,1195.5798,75197.227,237436.22,2402077.8,8.7003996e+10,0.85245407,0.67162871,0.16632859,1.35595,5.6427045,0.79704463,0.86715966,2.2387269,755,2.3784833
3932196,58000,-32000,197,7.9902982e+08,0.070649102,112.71744,13404.713,115182.55,1070.7743,238605.33,376992.84,7067109.5,3.68632e+11,0.54972547,1.1671146,0.32401314,1.4437219,7.4862018,1.0574427,0.90454757,1.933687,755,2.067152
3932197,58000,-30000,211,8.4382522e+08,0.0731396,122.96392,13006.672,113915.28,2839.5598,170028.14,380763.12,8073305,4.5594401e+11,0.54357934,1.3107667,0.33598727,1.42036,7.8660989,1.111104,0.91142845,1.8885942,755,2.0501692
3932198,58000,-28000,162,6.5145242e+08,0.085505538,337.42493,6398.7046,74655.328,2145.8887,115594.45,309420.56,4730193,2.0546399e+11,0.6432789,1.0851675,0.28421053,1.45418,6.782865,0.95809484,0.89113832,2.030504,755,2.135515
3932199,58000,-26000,149,5.9052013e+08,0.12409288,314.8905,18386.184,67486.914,377.10321,56755.027,244539.39,3796569.8,1.46156e+11,0.70896065,1.1922175,0.39313984,1.9438092,4.7608728,0.67248386,0.84613669,2.4681697,755,2.0570078
3932208,58000,-8000,81,3.6715949e+08,0.082225636,180.01497,3195.781,60004.258,1195.5798,75879.797,236880.16,2433776.5,8.9296003e+10,0.85802472,0.6653806,0.1643002,1.3528564,5.6366696,0.79619217,0.867024,2.2400529,755,2.3821363
3997731,60000,-34000,179,7.1701306e+08,0.06467364,119.09151,17012.779,117997.23,235.47548,239970.5,373254.28,6276448,3.32396e+11,0.56650555,1.040723,0.2944079,1.4161094,7.2995653,1.0310799,0.90107799,1.9575597,755,2.1096785
3997732,60000,-32000,204,8.1753427e+08,0.072177872,123.73598,15263.819,116737.73,2004.2611,170026.41,377273.12,7877040,4.54824e+11,0.55790591,1.2645984,0.32484075,1.4109312,7.7847652,1.0996155,0.90997499,1.8978779,755,2.0657635
3997733,60000,-30000,165,6.723319e+08,0.077129968,59.724228,2455.3682,92408.344,2981.1875,131796.78,330967.41,5146497,2.37996e+11,0.64331114,1.062771,0.28947368,1.459394,6.8091555,0.96180838,0.89165664,2.0265253,755,2.1280551
3997734,60000,-28000,131,5.2340947e+08,0.089217134,325.76501,17619.449,64736.777,1212.402,95859.234,271519.84,3286734.5,1.27e+11,0.84779799,0.94830376,0.24036697,1.6090382,6.0717583,0.85764939,0.87655187,2.1511936,755,2.0915158
3997744,60000,-8000,79,3.6047837e+08,0.080964729,179.93954,4699.9185,58004.668,1195.5798,77095.969,236535.64,2433483.2,9.1160003e+10,0.86952287,0.65694332,0.16024341,1.3465843,5.6246386,0.79449272,0.86675328,2.2427056,755,2.3895242
4063267,62000,-34000,193,7.7199462e+08,0.069086224,126.94218,19638.371,119560.51,1168.9623,216320.14,374728.16,7514144.5,4.4921999e+11,0.56730354,1.1753671,0.30732483,1.3947332,7.6602998,1.0820343,0.90773028,1.9124669,755,2.0915179
4063268,62000,-32000,173,7.0287174e+08,0.068655699,119.54589,7885.9033,110153.38,2937.7478,151113.77,358677.94,5803776.5,2.9426401e+11,0.6205135,1.1017733,0.30297723,1.4711194,6.8892632,0.97312373,0.89322728,2.0145888,755,2.1089728
4063269,62000,-30000,136,5.4086605e+08,0.089967452,329.35657,12115.129,66903.102,2047.7008,98694.555,274857.19,3468092,1.33332e+11,0.79727668,0.94893187,0.23901582,1.4041901,6.5550823,0.92592001,0.88658792,2.066313,755,2.2057676
4063270,62000,-28000,126,5.0704547e+08,0.16827317,322.41962,17519.035,63034.531,278.91519,22344.715,194590.19,3041899.2,1.11912e+11,0.89828569,0.92731059,0.33333334,1.9191774,4.6598463,0.65821368,0.84355545,2.5,755,2.0908558
4063280,62000,-8000,79,3.5502477e+08,0.079927072,179.91777,6270.377,56005.109,1195.5798,78075.875,236258.42,2481398,9.4711996e+10,0.86952287,0.65694332,0.16024341,1.3465843,5.6246386,0.79449272,0.86675328,2.2427056,755,2.3895242
4128802,64000,-36000,177,7.0436614e+08,0.064028941,130.78809,26418.645,122383.58,333.66348,221883.36,371805.69,6986066,4.41684e+11,0.57325375,1.0452528,0.28184712,1.3680618,7.4862018,1.0574427,0.90454757,1.933687,755,2.1318033
4128803,64000,-34000,182,7.359856e+08,0.065882146,128.05664,14922.65,121068.52,2102.449,171029.91,374675.88,6775146.5,3.9170798e+11,0.6028778,1.1677648,0.31325302,1.4697372,7.0647268,0.99790841,0.89662343,1.9893899,755,2.0901461
4128804,64000,-32000,137,5.6219251e+08,0.083588324,338.78317,6494.9531,78589.555,2882.9995,107985.96,290719.84,3447229,1.29964e+11,0.79229283,0.94338042,0.24035087,1.4047771,6.5714293,0.92822903,0.88691819,2.0636604,755,2.2032011
4128805,64000,-30000,125,5.0105562e+08,0.16737036,324.5127,14977.362,60280.336,1114.214,22669.344,193958.41,2880765.5,1.0018e+11,0.91780645,0.91107398,0.33068782,1.9178474,4.6557298,0.65763223,0.84344941,2.5013263,755,2.0925343
4128816,64000,-8000,78,3.5048326e+08,0.079058103,179.91302,7894.9321,54486.926,1195.5798,78874.109,236029,2509239.2,9.8323997e+10,0.87512487,0.65273243,0.15821502,1.343405,5.6186419,0.79364568,0.86661816,2.2440319,755,2.3932595
4194338,66000,-36000,172,7.026327e+08,0.063569687,130.94067,20171.178,123889.25,1267.1503,214206.95,372686.84,6554034,4.01856e+11,0.60995513,1.0821416,0.28524047,1.4142225,7.1802263,1.014223,0.89882702,1.9734749,755,2.124027
4194339,66000,-34000,142,5.8464032e+08,0.083370663,41.531933,2237.1963,84654.867,3035.9358,113951.66,296853.84,3786546,1.52768e+11,0.75516933,0.95495486,0.24912281,1.415536,6.6126552,0.93405229,0.88774842,2.0570292,755,2.1888473
4194340,66000,-32000,127,5.0705587e+08,0.090513386,327.19757,11149.13,67481.797,1949.5128,94356.039,265323.94,2880193.2,9.7399996e+10,0.88976377,0.91769993,0.23827392,1.6189283,5.9618621,0.84212631,0.874192,2.1724138,755,2.0982625
4194341,66000,-30000,124,4.9776109e+08,0.17170013,319.71115,13647.058,58585.16,180.72719,21219.053,190866.67,2810413.2,9.3839999e+10,0.91935486,0.9074508,0.32804233,1.9164944,4.6516209,0.6570518,0.8433435,2.5026524,755,2.0942345
4194352,66000,-8000,76,3.4663965e+08,0.078319095,179.91431,9564.0186,56480.934,1195.5798,79536.703,235836.06,2497054.5,1.0082e+11,0.88666666,0.64557028,0.15415822,1.3369589,5.6066875,0.79195708,0.86634856,2.2466843,755,2.4008145
4259873,68000,-38000,152,6.2502515e+08,0.057711639,135.13412,30029.08,126710.37,431.85147,214648.58,368911.31,5837726,3.81048e+11,0.61624259,0.91073811,0.25207296,1.3759651,6.9897695,0.98732054,0.89517987,2,755,2.1780555
4259874,68000,-36000,151,6.0025139e+08,0.085494325,111.57469,5069.8511,87459.164,2200.637,117279.09,297031.75,4333135,1.9048001e+11,0.70587194,0.99160886,0.26491228,1.4337777,6.6881804,0.94472039,0.88926005,2.0450928,755,2.1640573
4259875,68000,-34000,131,5.2068618e+08,0.091483988,333.31042,6569.3477,71621.883,2784.8115,96235.211,267436.34,3067925,1.06632e+11,0.84298295,0.92003888,0.23022847,1.3928996,6.5145688,0.92019737,0.88576704,2.0729444,755,2.2206097
4259876,68000,-32000,125,4.9490138e+08,0.16942342,321.43561,10942.827,55826.41,1016.026,22117.994,191592.08,2727678.2,8.5819998e+10,0.91780645,0.91107398,0.33068782,1.9178474,4.6557298,0.65763223,0.84344941,2.5013263,755,2.0925343
4259888,68000,-8000,76,3.4334301e+08,0.077682279,179.91774,11270.104,58475.66,1195.5798,80095.461,235672.03,2551006.8,1.05912e+11,0.88666666,0.64557028,0.15415822,1.3369589,5.6066875,0.79195708,0.86634856,2.2466843,755,2.4008145
4325409,70000,-38000,142,5.7718362e+08,0.076392785,128.9277,11821.084,96621.516,1365.3383,169255.56,308131.25,4140309.5,1.9248e+11,0.70822096,0.90241373,0.24912281,1.415536,6.6126552,0.93405229,0.88774842,2.0570292,755,2.1888473
4325410,70000,-36000,133,5.3419414e+08,0.086691886,2.8314071,2415.1521,80210.117,3134.1238,102554.45,278269.28,3180764.2,1.12472e+11,0.82410574,0.92342758,0.23374341,1.3974721,6.530714,0.9224779,0.88609463,2.0702918,755,2.2146204
4325411,70000,-34000,123,4.9307046e+08,0.16705458,324.10495,8201.8711,53074.992,1851.3248,23074.764,192588.45,2606057.8,7.8095999e+10,0.93775821,0.89182842,0.32539684,1.9151185,4.6475186,0.65647238,0.84323776,2.5039787,755,2.0959568
4325412,70000,-32000,124,4.930721e+08,0.17261186,314.04675,9611.7998,54139.543,82.539192,21053.32,189463.17,2681402.2,8.1252e+10,0.91935486,0.9074508,0.32804233,1.9164944,4.6516209,0.6570518,0.8433435,2.5026524,755,2.0942345
4325424,70000,-8000,74,3.404839e+08,0.077127263,179.9218,13007.201,60470.988,1195.5798,80573.031,235531.66,2530859.2,1.0852e+11,0.89818585,0.638569,0.15102041,1.3330216,5.5770226,0.78776681,0.86567771,2.2533157,755,2.4091554
4390944,72000,-40000,120,4.8245728e+08,0.072704904,138.48074,26635.658,106456.05,530.03949,164996.92,288770.31,3715556.2,1.9886799e+11,0.68053222,0.68829286,0.21052632,1.3646818,6.4350257,0.90896171,0.88414484,2.0862069,755,2.2552886
4390945,72000,-38000,132,5.493287e+08,0.082456805,110.15188,3540.8652,88795.938,2298.825,109617.35,289339.56,3162265.8,1.11848e+11,0.83148277,0.91405457,0.24131627,1.6079178,6.0928164,0.8606239,0.87700063,2.1472149,755,2.0896208
4390946,72000,-36000,123,5.0149363e+08,0.090307884,329.98041,4232.5312,74737.406,2686.6235,94665.016,264164.72,2605426.8,7.7536002e+10,0.93242705,0.88932651,0.25465837,1.8258169,5.1317296,0.72486824,0.85528964,2.3620689,755,2.0825906
4390947,72000,-34000,123,4.9137526e+08,0.17051744,314.2099,6836.8496,51375.645,917.83801,21872.006,190294.91,2595126,7.5216003e+10,0.93775821,0.89182842,0.32539684,1.9151185,4.6475186,0.65647238,0.84323776,2.5039787,755,2.0959568
4390960,72000,-8000,73,3.3798099e+08,0.076638646,179.92584,14770.493,62466.816,1195.5798,80985.984,235411.22,2550772.2,1.13076e+11,0.9041096,0.63507259,0.14928426,1.3305641,5.5652442,0.78610313,0.86541063,2.2559681,755,2.4132562
4456480,74000,-40000,125,5.1341526e+08,0.075103089,133.76581,11924.363,94654.5,1463.5262,157359.92,293096.34,3184959.5,1.28212e+11,0.7870968,0.81392324,0.21929824,1.3770556,6.4745531,0.91454506,0.88495272,2.0795755,755,2.2394245
4456481,74000,-38000,129,5.1180698e+08,0.091466315,50.879196,866.20233,78114.109,3232.3118,95738.031,265171.88,2935946,9.6084001e+10,0.86240309,0.91055959,0.22671354,1.3882513,6.4985032,0.9179281,0.88544053,2.0755968,755,2.22667
4456482,74000,-36000,122,4.9022442e+08,0.16844662,314.33627,4035.511,48619.168,1753.1367,22692.934,191236.7,2531059.2,7.0747996e+10,0.94743258,0.88570118,0.32275131,1.9137194,4.643424,0.65589398,0.84313208,2.5053051,755,2.0977011
4456496,74000,-8000,73,3.3577261e+08,0.076204576,179.92966,16556.053,64463.078,1195.5798,81346.727,235308.19,2610743,1.19524e+11,0.9041096,0.63507259,0.14928426,1.3305641,5.5652442,0.78610313,0.86541063,2.2559681,755,2.4132562
4522015,76000,-42000,94,3.8836778e+08,0.095585249,142.20459,29745.748,97458.367,628.22748,128068.42,225959.75,2881385.8,1.4533599e+11,0.73186916,0.51938939,0.16491228,1.2917972,6.2370253,0.88099366,0.88004476,2.1206896,755,2.3458362
4522016,76000,-40000,130,5.2136026e+08,0.088306464,125.96234,4204.1362,84716.32,2397.0132,99995.836,272381.53,3060720,1.04376e+11,0.84698868,0.90786332,0.228471,1.3905851,6.506526,0.9190613,0.88560367,2.0742705,755,2.2236309
4522017,76000,-38000,122,4.8945386e+08,0.16645642,314.44534,1215.5299,45879.84,2588.4355,23491.334,192225.3,2519197.5,6.8748001e+10,0.94743258,0.88570118,0.32275131,1.9137194,4.643424,0.65589398,0.84313208,2.5053051,755,2.0977011
4522018,76000,-36000,121,4.8908838e+08,0.1711977,287.0451,3089.8818,46928.941,819.64996,21737.525,189474.02,2506723.2,6.8403999e+10,0.94944906,0.88207471,0.32010582,1.9122971,4.6393366,0.65531659,0.84302652,2.5066314,755,2.0994678
4522032,76000,-8000,71,3.3381139e+08,0.075815678,179.93314,18360.621,66459.711,1195.5798,81664.727,235220.95,2578632.2,1.21916e+11,0.91549295,0.62790895,0.14519428,1.3238518,5.5535154,0.78444642,0.86514431,2.2586207,755,2.421057
4587551,78000,-42000,82,3.3639693e+08,0.10023604,145.38783,25787.672,91806.555,207.79604,112406.12,205361.48,2116413,8.4324e+10,0.8211382,0.47315785,0.14385965,1.2527806,6.1496921,0.86865771,0.87820721,2.1366048,755,2.3927312
4587552,78000,-40000,123,4.9856579e+08,0.090115137,139.87718,2839.5559,81974.531,1961.5505,94928.43,263674,2614300.8,7.4576003e+10,0.93242705,0.88932651,0.25465837,1.8258169,5.1317296,0.72486824,0.85528964,2.3620689,755,2.0825906
4587553,78000,-38000,122,4.8830006e+08,0.16938211,221.57347,1416.5295,44166.645,1654.9487,22447.154,190333.2,2538770.8,6.8736e+10,0.94743258,0.88570118,0.32275131,1.9137194,4.643424,0.65589398,0.84313208,2.5053051,755,2.0977011
4587568,78000,-8000,70,3.3206061e+08,0.075464368,179.93626,20181.441,68456.656,1195.5798,81947.414,235148.73,2594568.8,1.26848e+11,0.92132503,0.62400401,0.14314929,1.3204485,5.5476699,0.78362072,0.86501145,2.2599471,755,2.4250031
4653087,80000,-42000,124,5.0364976e+08,0.093809694,138.53267,6756.7749,85231.359,760.05505,96303.172,259743.92,2882243.8,9.27e+10,0.89745605,0.87090313,0.21792619,1.3762927,6.458684,0.91230351,0.88462883,2.0822282,755,2.2421377
4653088,80000,-40000,122,4.8738355e+08,0.17446215,160.43784,3226.3381,47459.316,2490.2476,21452.74,187365.55,2563740.5,6.9688001e+10,0.94743258,0.88570118,0.32275131,1.9137194,4.643424,0.65589398,0.84313208,2.5053051,755,2.0977011
4653089,80000,-38000,121,4.8748464e+08,0.17166232,198.33255,3156.6094,45121.277,721.46198,21654.113,188906.94,2533460.8,6.8011999e+10,0.94944906,0.88207471,0.32010582,1.9122971,4.6393366,0.65531659,0.84302652,2.5066314,755,2.0994678
4653104,80000,-8000,70,3.300455e+08,0.07506042,179.93025,21962.07,70452.664,1195.5798,82105.672,235064.12,2660550.2,1.34468e+11,0.92132503,0.62400401,0.14314929,1.3204485,5.5476699,0.78362072,0.86501145,2.2599471,755,2.4250031
4718623,82000,-42000,119,4.8606611e+08,0.091914445,148.16393,6131.2817,85993.789,1693.5419,94671.484,257786.83,2569151.8,7.1064003e+10,0.96667141,0.85388917,0.31481481,1.9093827,4.6311831,0.65416491,0.84281582,2.5092838,755,2.1030676
4718624,82000,-40000,122,4.8587011e+08,0.17764612,168.31068,5078.7295,48369.102,1556.7607,20915.762,185390.38,2605612.2,7.1643996e+10,0.94743258,0.88570118,0.32275131,1.9137194,4.643424,0.65589398,0.84313208,2.5053051,755,2.0977011
4718640,82000,-8000,68,3.2758595e+08,0.07456781,179.9144,23678.846,72447.453,1195.5798,82103.914,234958.89,2616462.5,1.36132e+11,0.93239683,0.61684948,0.13905931,1.3135457,5.536015,0.78197443,0.86474621,2.2625995,755,2.4329875
4784158,84000,-44000,118,4.8615322e+08,0.091549225,143.88977,9932.9209,89202.703,858.2431,103969.5,258323.66,2628896,7.5528004e+10,0.97131681,0.84548461,0.31216931,1.9078903,4.6271172,0.65359056,0.84271061,2.5106101,755,2.1049013
4784159,84000,-42000,120,4.8358806e+08,0.17623863,156.27432,7599.4839,51611.172,2392.0596,23197.076,185691.56,2649667.8,7.5448001e+10,0.95994395,0.86273116,0.31746033,1.9108516,4.6352563,0.65474027,0.84292108,2.5079575,755,2.1012566
4784160,84000,-40000,121,4.8487117e+08,0.17990722,171.87309,6994.2554,49476.621,623.27399,20517.844,184032.2,2616720.8,7.2500003e+10,0.94944906,0.88207471,0.32010582,1.9122971,4.6393366,0.65531659,0.84302652,2.5066314,755,2.0994678
4784176,84000,-8000,67,3.2541338e+08,0.074121229,179.90332,25419.746,74443.023,1195.5798,82104.797,234882.84,2628414.2,1.41056e+11,0.9380371,0.61279857,0.13701431,1.3100456,5.5302057,0.78115392,0.86461383,2.2639258,755,2.437027
4849693,86000,-46000,109,4.3950016e+08,0.083042525,138.49023,11707.596,92379.414,22.944296,126248.94,257889.81,2679010.5,9.6892002e+10,0.91556233,0.78357708,0.19156414,1.3373936,6.3421011,0.89583594,0.88223183,2.1021221,755,2.2913809
4849694,86000,-44000,119,4.7968586e+08,0.17375778,150.30823,10282.2,54845.461,1791.7299,27742.01,186256.44,2685691.5,7.9391998e+10,0.96667141,0.85388917,0.31481481,1.9093827,4.6311831,0.65416491,0.84281582,2.5092838,755,2.1030676
4849695,86000,-42000,120,4.8295994e+08,0.17844845,161.31403,9399.9766,52658.676,1458.5728,22449.16,184418.34,2707014.8,7.9307997e+10,0.95994395,0.86273116,0.31746033,1.9108516,4.6352563,0.65474027,0.84292108,2.5079575,755,2.1012566
4849712,86000,-8000,66,3.2349555e+08,0.07370992,179.89549,27180.012,76439.219,1195.5798,82109.734,234842.19,2634372,1.4530399e+11,0.94358975,0.60959625,0.13496932,1.3065122,5.5244088,0.78033507,0.86448169,2.2652519,755,2.4410982
4915229,88000,-46000,117,4.7254867e+08,0.089632079,146.61052,13321.496,93283.992,956.43109,110238.12,257392.84,2796912,9.0908e+10,0.96124375,0.8364622,0.23732251,1.645272,5.6427045,0.79704463,0.86715966,2.2387269,755,2.1233706
4915230,88000,-44000,119,4.8026787e+08,0.176432,155.15826,11994.053,55838.668,2293.8716,25550.906,184951.58,2746093.2,8.4055998e+10,0.96667141,0.85388917,0.31481481,1.9093827,4.6311831,0.65416491,0.84281582,2.5092838,755,2.1030676
4915231,88000,-42000,119,4.824904e+08,0.18027478,164.68454,11264.885,53857.598,525.086,21846.016,183392.59,2729683,8.1623998e+10,0.96225607,0.85910237,0.31481481,1.9093827,4.6311831,0.65416491,0.84281582,2.5092838,755,2.1030676
4915248,88000,-8000,65,3.218183e+08,0.073321268,179.88974,28954.352,78435.922,1195.5798,82122.328,234852.58,2644330.2,1.5008801e+11,0.94903845,0.60550213,0.13292433,1.3029454,5.5186243,0.77951795,0.86434966,2.2665782,755,2.4452021
4980764,90000,-48000,104,4.36216e+08,0.082941279,142.54546,15181.303,96425.867,121.13229,120324.88,257081.23,2415528.5,7.8248002e+10,0.99607915,0.76646084,0.27659574,1.8847566,4.5630183,0.6445365,0.84104359,2.5318303,755,2.134459
4980765,90000,-46000,118,4.755695e+08,0.17357349,151.16698,14654.954,59014.727,1889.9178,31134.566,185553.95,2834650.5,9.216e+10,0.97131681,0.84548461,0.31216931,1.9078903,4.6271172,0.65359056,0.84271061,2.5106101,755,2.1049013
4980766,90000,-44000,120,4.8037818e+08,0.17851605,158.74129,13782.941,56987.57,1360.3848,24232.953,183889.92,2869451.8,9.1872002e+10,0.95994395,0.86273116,0.31746033,1.9108516,4.6352563,0.65474027,0.84292108,2.5079575,755,2.1012566
4980784,90000,-8000,64,3.203992e+08,0.072934225,179.8849,30734.914,80433.039,1195.5798,82153.023,234955.14,2652292,1.5462e+11,0.95436507,0.60141563,0.13087934,1.2993445,5.5128517,0.77870256,0.86421788,2.2679045,755,2.4493387
5046300,92000,-48000,115,4.6384102e+08,0.16814373,148.19737,17166.105,62185.543,1054.6191,44934.09,186186.92,2874587,9.9615998e+10,0.97986269,0.82744831,0.30423281,1.903271,4.6149616,0.65187359,0.84239578,2.5145888,755,2.1105385
5046301,92000,-46000,119,4.7731226e+08,0.17631966,154.64409,16396.855,60117.844,2195.6836,27866.566,184440.31,2935609.2,9.9103998e+10,0.96667141,0.85388917,0.31481481,1.9093827,4.6311831,0.65416491,0.84281582,2.5092838,755,2.1030676
5046302,92000,-44000,119,4.8036077e+08,0.1802257,161.47237,15623.885,58256.602,426.89798,23304.537,183012.33,2908790.5,9.5656002e+10,0.96225607,0.85910237,0.31481481,1.9093827,4.6311831,0.65416491,0.84281582,2.5092838,755,2.1030676
5046320,92000,-8000,64,3.1934794e+08,0.072491981,179.87894,32503.771,82430.508,1195.5798,82242.289,235283.78,2662582,1.5859201e+11,0.93154764,0.62400788,0.13087934,1.2993445,5.5128517,0.77870256,0.86421788,2.2679045,755,2.4493387
5111835,94000,-50000,106,4.3218125e+08,0.082612872,144.99553,18803.994,100553.23,219.3203,119700.97,256397.64,2749237.5,1.06704e+11,0.95956874,0.77286214,0.19557196,1.553004,5.8820157,0.83084786,0.8724581,2.188329,755,2.1665599
5111836,94000,-48000,117,4.7195366e+08,0.17325293,151.6358,19030.533,63246.73,1988.1058,34248.602,185018.14,3023797.8,1.09124e+11,0.97480106,0.83883327,0.30952382,1.9063743,4.6230578,0.65301722,0.84260553,2.5119364,755,2.1067576
5111837,94000,-46000,119,4.7804963e+08,0.17837305,157.41338,18186.596,61344.324,1262.1968,26011.18,183517.22,3027542.8,1.05992e+11,0.96225607,0.85910237,0.31481481,1.9093827,4.6311831,0.65416491,0.84281582,2.5092838,755,2.1030676
5111856,94000,-8000,63,3.1927875e+08,0.071690157,179.86247,34183.656,84428.273,1195.5798,82669.539,236570.28,2666696,1.62724e+11,0.93599588,0.62016273,0.12883435,1.2957094,5.507091,0.77788889,0.86408621,2.2692308,755,2.4535086
5177371,96000,-50000,114,4.5809722e+08,0.1672654,149.14388,21360.98,66372.969,1152.8071,47317.758,185515.72,3066214,1.17412e+11,0.98183513,0.82184714,0.30158731,1.9016834,4.6109242,0.65130329,0.84229106,2.5159152,755,2.112463
5177372,96000,-48000,118,4.7464774e+08,0.17608541,154.35013,20804.094,64433.895,2097.4956,30074.51,184047.08,3153309.2,1.18312e+11,0.97131681,0.84548461,0.31216931,1.9078903,4.6271172,0.65359056,0.84271061,2.5106101,755,2.1049013
5177373,96000,-46000,119,4.784255e+08,0.18003225,159.66617,20016.422,62668.77,328.70999,24763.721,182741.39,3140974.5,1.14488e+11,0.96225607,0.85910237,0.31481481,1.9093827,4.6311831,0.65416491,0.84281582,2.5092838,755,2.1030676
5177392,96000,-8000,73,3.6642317e+08,0.049659226,176.3774,31073.387,86426.273,1195.5798,115992.27,304506.41,2771130.8,1.63384e+11,0.69216132,0.9492386,0.14928426,1.3305641,5.5652442,0.78610313,0.86541063,2.2559681,755,2.4132562
5242906,98000,-52000,104,4.2896749e+08,0.15692154,146.62372,22649.385,69495.625,317.5083,48745.07,185342.84,2797986.8,1.1068e+11,0.99607915,0.7664609,0.27659574,1.8847566,4.5630183,0.6445365,0.84104359,2.5318303,755,2.134459
5242907,98000,-50000,117,4.6874282e+08,0.17287274,151.93295,23407.809,67523.797,2086.2939,37099.145,184590.34,3289918.2,1.31356e+11,0.97480106,0.83883327,0.30952382,1.9063743,4.6230578,0.65301722,0.84260553,2.5119364,755,2.1067576
5242908,98000,-48000,118,4.7592406e+08,0.1781387,156.60513,22600.305,65721.531,1164.0088,27735.658,183229.17,3236207.2,1.246e+11,0.96914387,0.85025924,0.31216931,1.9078903,4.6271172,0.65359056,0.84271061,2.5106101,755,2.1049013
5242928,98000,-8000,95,5.1226688e+08,0.045409363,148.82635,27621.205,88424.484,1195.5798,79275.375,376513.34,3928164,2.29404e+11,0.52318031,1.5809836,0.19427402,1.3967935,5.6976066,0.80479962,0.86838907,2.2267904,755,2.3347552
5242929,98000,-6000,39,2.2351968e+08,0.090183258,91.26165,30654.078,71597.875,902.39825,14702.217,176481.78,1208453.5,5.482e+10,0.83265859,1.0342945,0.39393941,1.5308735,3.2194784,0.4547585,0.80140823,3.1710875,755,2.8264251
5242930,98000,-4000,36,2.0936101e+08,0.10644651,90.96936,30879.988,69598.609,902.39825,6114.5459,157212.52,1132472.1,5.0155999e+10,0.96507937,0.98399299,0.375,1.5174077,3.2077212,0.45309779,0.80101222,3.1790452,755,2.8408914
5242931,98000,-2000,36,2.076645e+08,0.10807264,91.010246,29167.568,67599.383,902.39825,5573.7485,155391.83,1074324.5,4.5855998e+10,0.96507937,0.98399299,0.375,1.5174077,3.2077212,0.45309779,0.80101222,3.1790452,755,2.8408914
5242932,98000,0,36,2.0700488e+08,0.10861663,91.074783,27280.873,65600.211,902.39825,5435.3936,154755.84,1020246.2,4.1851998e+10,0.96507937,0.98399299,0.375,1.5174077,3.2077212,0.45309779,0.80101222,3.1790452,755,2.8408914
5242933,98000,2000,36,2.0665405e+08,0.10888126,91.154312,25341.633,63601.082,902.39825,5380.8428,154436.62,970198.06,3.8144e+10,0.96507937,0.98399299,0.375,1.5174077,3.2077212,0.45309779,0.80101222,3.1790452,755,2.8408914
5242934,98000,4000,36,2.064363e+08,0.10903627,91.249489,23379.648,61602.016,902.39825,5353.981,154245.5,924165.5,3.4731999e+10,0.96507937,0.98399299,0.375,1.5174077,3.2077212,0.45309779,0.80101222,3.1790452,755,2.8408914
5242935,98000,6000,36,2.06288e+08,0.10913764,91.363518,21405.809,59603.008,902.39825,5338.8252,154118.45,882142.12,3.1616e+10,0.96507937,0.98399299,0.375,1.5174077,3.2077212,0.45309779,0.80101222,3.1790452,755,2.8408914
5242936,98000,8000,36,2.0618048e+08,0.10920896,91.501648,19425.041,57604.07,902.39825,5329.4492,154027.95,844124.5,2.8796e+10,0.96507937,0.98399299,0.375,1.5174077,3.2077212,0.45309779,0.80101222,3.1790452,755,2.8408914
5242937,98000,10000,36,2.0609894e+08,0.10926181,91.671852,17439.928,55605.211,902.39825,5323.2505,153960.25,810110.75,2.6272e+10,0.96507937,0.98399299,0.375,1.5174077,3.2077212,0.45309779,0.80101222,3.1790452,755,2.8408914
5242938,98000,12000,36,2.0603501e+08,0.10930251,91.886353,15451.972,53606.434,902.39825,5318.9409,153907.7,780099.75,2.4043999e+10,0.96507937,0.98399299,0.375,1.5174077,3.2077212,0.45309779,0.80101222,3.1790452,755,2.8408914
5242939,98000,14000,36,2.059835e+08,0.10933481,92.164696,13462.143,51607.754,902.39825,5315.8247,153865.73,754090.75,2.2112e+10,0.96507937,0.98399299,0.375,1.5174077,3.2077212,0.45309779,0.80101222,3.1790452,755,2.8408914
5242940,98000,16000,36,2.0594115e+08,0.10936105,92.540062,11471.162,49609.18,902.39825,5313.4985,153831.45,732083.19,2.0476e+10,0.96507937,0.98399299,0.375,1.5174077,3.2077212,0.45309779,0.80101222,3.1790452,755,2.8408914
5242941,98000,18000,36,2.059057e+08,0.10938279,93.073563,9479.6875,47610.723,902.39825,5311.7168,153802.94,714076.81,1.9136e+10,0.96507937,0.98399299,0.375,1.5174077,3.2077212,0.45309779,0.80101222,3.1790452,755,2.8408914
5242942,98000,20000,35,2.0587558e+08,0.1094011,93.891312,7488.5483,45612.402,902.39825,5310.3218,153778.81,672000,1.7304001e+10,1,0.96950072,0.36458334,1.5164194,3.2057703,0.45282218,0.80094641,3.1803713,755,2.841768
5242943,98000,22000,35,2.058497e+08,0.10941672,95.301674,5499.3105,43614.238,902.39825,5309.209,153758.17,660000,1.6440001e+10,1,0.96950072,0.36458334,1.5164194,3.2057703,0.45282218,0.80094641,3.1803713,755,2.841768
5242944,98000,24000,35,2.058272e+08,0.1094302,98.307137,3516.5938,41616.25,902.39825,5308.3076,153740.3,652000,1.5864001e+10,1,0.96950072,0.36458334,1.5164194,3.2057703,0.45282218,0.80094641,3.1803713,755,2.841768
5242945,98000,26000,35,2.0580746e+08,0.10944196,108.90816,1567.7247,39618.465,902.39825,5307.5669,153724.67,648000,1.5576001e+10,1,0.96950072,0.36458334,1.5164194,3.2057703,0.45282218,0.80094641,3.1803713,755,2.841768
5242946,98000,28000,35,2.0579002e+08,0.1094523,225.32835,722.54419,37620.914,902.39825,5306.9507,153710.89,648000,1.5576001e+10,1,0.96950072,0.36458334,1.5164194,3.2057703,0.45282218,0.80094641,3.1803713,755,2.841768
5242947,98000,30000,35,2.0577446e+08,0.10946147,258.56479,2561.9888,39247.91,902.39825,5306.4331,153698.64,652000,1.5864001e+10,1,0.96950072,0.36458334,1.5164194,3.2057703,0.45282218,0.80094641,3.1803713,755,2.841768
5242948,98000,32000,35,2.0576054e+08,0.10946965,263.57275,4537.2261,41245.023,902.39825,5305.9941,153687.7,660000,1.6440001e+10,1,0.96950072,0.36458334,1.5164194,3.2057703,0.45282218,0.80094641,3.1803713,755,2.841768
5242949,98000,34000,35,2.0574798e+08,0.10947701,265.53677,6526.3154,43242.438,902.39825,5305.6182,153677.84,672000,1.7304001e+10,1,0.96950072,0.36458334,1.5164194,3.2057703,0.45282218,0.80094641,3.1803713,755,2.841768
5242950,98000,36000,35,2.0573661e+08,0.10948364,266.58267,8519.6943,45240.109,902.39825,5305.2939,153668.95,688000,1.8456001e+10,1,0.96950072,0.36458334,1.5164194,3.2057703,0.45282218,0.80094641,3.1803713,755,2.841768
5242951,98000,38000,35,2.0572626e+08,0.10948966,267.23184,10515.013,47238,902.39825,5305.0122,153660.86,708000,1.9896001e+10,1,0.96950072,0.36458334,1.5164194,3.2057703,0.45282218,0.80094641,3.1803713,755,2.841768
5242952,98000,40000,35,2.057168e+08,0.10949515,267.67392,12511.405,49236.078,902.39825,5304.7666,153653.47,732000,2.1624001e+10,1,0.96950072,0.36458334,1.5164194,3.2057703,0.45282218,0.80094641,3.1803713,755,2.841768
5242953,98000,42000,35,2.0570811e+08,0.10950017,267.99432,14508.473,51234.328,902.39825,5304.5503,153646.7,760000,2.3640001e+10,1,0.96950072,0.36458334,1.5164194,3.2057703,0.45282218,0.80094641,3.1803713,755,2.841768
5242954,98000,44000,35,2.0570013e+08,0.10950478,268.23721,16506.004,53232.719,902.39825,5304.3589,153640.48,792000,2.5944001e+10,1,0.96950072,0.36458334,1.5164194,3.2057703,0.45282218,0.80094641,3.1803713,755,2.841768
5242955,98000,46000,35,2.0569274e+08,0.10950904,268.42764,18503.873,55231.238,902.39825,5304.1895,153634.73,828000,2.8536001e+10,1,0.96950072,0.36458334,1.5164194,3.2057703,0.45282218,0.80094641,3.1803713,755,2.841768
5242956,98000,48000,35,2.0568589e+08,0.10951297,268.58096,20502.002,57229.871,902.39825,5304.0381,153629.42,868000,3.1416001e+10,1,0.96950072,0.36458334,1.5164194,3.2057703,0.45282218,0.80094641,3.1803713,755,2.841768
5242957,98000,50000,35,2.0567954e+08,0.10951662,268.70706,22500.336,59228.605,902.39825,5303.9023,153624.48,912000,3.4583998e+10,1,0.96950072,0.36458334,1.5164194,3.2057703,0.45282218,0.80094641,3.1803713,755,2.841768
5242958,98000,52000,35,2.056736e+08,0.10952001,268.81259,24498.836,61227.426,902.39825,5303.7803,153619.89,960000,3.8039998e+10,1,0.96950072,0.36458334,1.5164194,3.2057703,0.45282218,0.80094641,3.1803713,755,2.841768
5242959,98000,54000,35,2.0566806e+08,0.10952318,268.90219,26497.475,63226.332,902.39825,5303.6704,153615.61,1012000,4.1784001e+10,1,0.96950072,0.36458334,1.5164194,3.2057703,0.45282218,0.80094641,3.1803713,755,2.841768
5242960,98000,56000,35,2.056629e+08,0.10952614,268.97922,28496.23,65225.309,902.39825,5303.5708,153611.61,1068000,4.5816001e+10,1,0.96950072,0.36458334,1.5164194,3.2057703,0.45282218,0.80094641,3.1803713,755,2.841768
5242961,98000,58000,35,2.0565803e+08,0.1095289,269.04617,30495.088,67224.352,902.39825,5303.48,153607.84,1128000,5.0135998e+10,1,0.96950072,0.36458334,1.5164194,3.2057703,0.45282218,0.80094641,3.1803713,755,2.841768
5242962,98000,60000,35,2.0565346e+08,0.1095315,269.10486,32494.031,69223.453,902.39825,5303.3975,153604.31,1192000,5.4743998e+10,1,0.96950072,0.36458334,1.5164194,3.2057703,0.45282218,0.80094641,3.1803713,755,2.841768
5242963,98000,62000,35,2.0564917e+08,0.10953394,269.15677,34493.055,71222.609,902.39825,5303.3223,153601,1260000,5.9640001e+10,1,0.96950072,0.36458334,1.5164194,3.2057703,0.45282218,0.80094641,3.1803713,755,2.841768
5308442,100000,-52000,111,4.5313238e+08,0.16654675,149.78864,25563.689,70612.867,1250.9951,47207.449,184905.31,3212013,1.34472e+11,0.98722357,0.80463547,0.29365081,1.8967762,4.5988536,0.6495983,0.8419776,2.5198939,755,2.118376
5308443,100000,-50000,118,4.7222269e+08,0.17578976,154.16089,25214,68777.172,1999.3075,32164.506,183730.64,3445437,1.4271599e+11,0.97131681,0.84548461,0.31216931,1.9078903,4.6271172,0.65359056,0.84271061,2.5106101,755,2.1049013
5308444,100000,-48000,119,4.7664624e+08,0.17977425,158.51207,24425.686,67090.844,230.52197,26190.461,182532.11,3426527.8,1.3812e+11,0.96225607,0.85910237,0.31481481,1.9093827,4.6311831,0.65416491,0.84281582,2.5092838,755,2.1030676
5308464,100000,-8000,60,3.182496e+08,0.069783434,179.83101,39481.09,90422.883,1195.5798,83911.758,239393.69,2672964.8,1.72908e+11,0.9485876,0.60972172,0.12269939,1.2845925,5.4898815,0.77545798,0.8636924,2.2732096,755,2.4662228
5373977,102000,-54000,104,4.293593e+08,0.15789123,147.76546,27095.602,73700.195,415.69629,48451.734,184857.2,3069150.8,1.33196e+11,0.99607915,0.7664609,0.27659574,1.8847566,4.5630183,0.6445365,0.84104359,2.5318303,755,2.134459
5373978,102000,-52000,116,4.6586672e+08,0.17246728,152.13924,27786.602,71834.344,2184.4819,39711.918,184239.36,3568324,1.56608e+11,0.97766119,0.83310986,0.3068783,1.9048345,4.6190062,0.65244496,0.84250057,2.5132625,755,2.1086366
5373979,102000,-50000,117,4.7396602e+08,0.17785732,156.06244,27019.762,70114.195,1065.8208,29394.266,182996.44,3518017.5,1.49596e+11,0.97391689,0.8418535,0.30952382,1.9063743,4.6230578,0.65301722,0.84260553,2.5119364,755,2.1067576
5374000,102000,-8000,57,3.1391018e+08,0.071192384,179.88058,41745.414,92421.422,1195.5798,82357.164,235391.55,2582088,1.6774799e+11,0.98746866,0.5765413,0.11656442,1.2731484,5.4727788,0.7730422,0.86330014,2.2771883,755,2.4792545
5439513,104000,-54000,111,4.4965162e+08,0.1661322,150.27751,29840.078,74891.953,1349.1831,47102.414,184423.44,3536395,1.6171999e+11,0.98722357,0.80463547,0.29365081,1.8967762,4.5988536,0.6495983,0.8419776,2.5198939,755,2.118376
5439514,104000,-52000,117,4.6999914e+08,0.17546141,154.02951,29625.646,73141.133,1901.1195,34138.898,183468.98,3752452.8,1.70388e+11,0.97480106,0.83883327,0.30952382,1.9063743,4.6230578,0.65301722,0.84260553,2.5119364,755,2.1067576
5439515,104000,-50000,117,4.7499584e+08,0.17948386,157.71223,28844.592,71520.555,132.33397,27574.465,182363.17,3669902.8,1.6158001e+11,0.97391689,0.8418535,0.30952382,1.9063743,4.6230578,0.65301722,0.84260553,2.5119364,755,2.1067576
5439536,104000,-8000,57,3.1225923e+08,0.071271315,179.88925,43714.895,94420.109,1195.5798,82174.547,234641.7,2670086,1.7786e+11,0.98746866,0.5765413,0.11656442,1.2731484,5.4727788,0.7730422,0.86330014,2.2771883,755,2.4792545
5505048,106000,-56000,104,4.2957792e+08,0.15866867,148.58017,31543.492,77949.156,513.88428,48213.734,184450.7,3392955.8,1.59912e+11,0.99607915,0.7664609,0.27659574,1.8847566,4.5630183,0.6445365,0.84104359,2.5318303,755,2.134459
5505049,106000,-54000,116,4.6327181e+08,0.17205472,152.2915,32167.027,76170.422,2282.6699,42112.469,183945.67,3936823.8,1.8789201e+11,0.97766119,0.83310986,0.3068783,1.9048345,4.6190062,0.65244496,0.84250057,2.5132625,755,2.1086366
5505050,106000,-52000,117,4.721496e+08,0.17755048,155.67343,31442.807,74518.836,967.63275,30984.688,182803.22,3880474,1.80052e+11,0.97391689,0.8418535,0.30952382,1.9063743,4.6230578,0.65301722,0.84260553,2.5119364,755,2.1067576
5505072,106000,-8000,55,3.1107565e+08,0.071200252,179.89368,45643.984,96418.906,1195.5798,82119.922,234313.42,2574041.8,1.70756e+11,0.99461281,0.5688234,0.11247443,1.2653298,5.4614363,0.77144009,0.86303949,2.2798409,755,2.4881258
5570584,108000,-56000,111,4.4706778e+08,0.16588363,150.65665,34162.984,79201.078,1447.3711,47006.332,184030.52,3913344,1.93448e+11,0.98722357,0.80463547,0.29365081,1.8967762,4.5988536,0.6495983,0.8419776,2.5198939,755,2.118376
5570585,108000,-54000,116,4.6794819e+08,0.17511651,153.93343,34038.539,77521.156,1802.9315,36003.66,183248.44,4073526.2,1.9855599e+11,0.97751123,0.83520085,0.3068783,1.9048345,4.6190062,0.65244496,0.84250057,2.5132625,755,2.1086366
5570586,108000,-52000,117,4.7345437e+08,0.17917687,157.12585,33269.566,75956.273,34.145973,28912.688,182222.94,4053227.5,1.9392401e+11,0.97391689,0.8418535,0.30952382,1.9063743,4.6230578,0.65301722,0.84260553,2.5119364,755,2.1067576
5570608,108000,-8000,54,3.1008624e+08,0.0710923,179.8969,47563.273,98417.805,1195.5798,82096.305,234118.05,2568020.5,1.71428e+11,0.99790359,0.5645805,0.11042945,1.261362,5.4557829,0.77064151,0.86290944,2.281167,755,2.4926183
5636119,110000,-58000,104,4.2970106e+08,0.15930933,149.19075,35993.625,82232.312,612.07233,48016.129,184105.83,3767319.2,1.90828e+11,0.99607915,0.7664609,0.27659574,1.8847566,4.5630183,0.6445365,0.84104359,2.5318303,755,2.134459
5636120,110000,-56000,115,4.6091629e+08,0.1716454,152.409,36549.273,80526.422,2380.8579,44323.992,183696.08,4302926.5,2.20872e+11,0.97986269,0.82744831,0.30423281,1.903271,4.6149616,0.65187359,0.84239578,2.5145888,755,2.1105385
5636121,110000,-54000,117,4.704551e+08,0.17723027,155.38126,35868.234,78932.922,869.44476,32508.039,182639.66,4296134.5,2.1522801e+11,0.97391689,0.8418535,0.30952382,1.9063743,4.6230578,0.65301722,0.84260553,2.5119364,755,2.1067576
5636144,110000,-8000,54,3.0921114e+08,0.070974141,179.89958,49480.953,100416.8,1195.5798,82083.789,233981.98,2662020,1.8176e+11,0.99790359,0.5645805,0.11042945,1.261362,5.4557829,0.77064151,0.86290944,2.281167,755,2.4926183
5701655,112000,-58000,111,4.4506931e+08,0.16573203,150.95752,38517.27,83533.734,1546.1692,46919.703,183702.7,4339573.5,2.29656e+11,0.98722357,0.80463547,0.29365081,1.8967762,4.5988536,0.6495983,0.8419776,2.5198939,755,2.118376
5701656,112000,-56000,115,4.6604714e+08,0.1747648,153.8604,38452.41,81913.914,1704.7435,37765.781,183059.75,4462504,2.3345599e+11,0.98047292,0.82947618,0.30423281,1.903271,4.6149616,0.65187359,0.84239578,2.5145888,755,2.1105385
5701680,112000,-8000,53,3.0841674e+08,0.070854731,179.90202,51399.945,102415.87,1195.5798,82076.234,233878.05,2658000,1.82124e+11,1,0.56044322,0.10838446,1.2573544,5.450141,0.76984453,0.86277956,2.2824934,755,2.4971495
5767190,114000,-60000,104,4.2976854e+08,0.15984814,149.66534,40446,86542.352,714.09064,47849.141,183809.7,4187558,2.2594399e+11,0.99607915,0.7664609,0.27659574,1.8847566,4.5630183,0.6445365,0.84104359,2.5318303,755,2.134459
5767191,114000,-58000,114,4.5867949e+08,0.17122555,152.5016,40927.844,84898.273,2482.1863,46222.117,183474.33,4702778,2.56968e+11,0.98183513,0.82184714,0.30158731,1.9016834,4.6109242,0.65130329,0.84229106,2.5159152,755,2.112463
5767192,114000,-56000,116,4.688671e+08,0.17690413,155.15399,40295.312,83354.609,771.25677,33966.789,182499.14,4710083.5,2.5268399e+11,0.97751123,0.83520085,0.3068783,1.9048345,4.6190062,0.65244496,0.84250057,2.5132625,755,2.1086366
5767216,114000,-8000,53,3.0768522e+08,0.0707376,179.9043,53321.418,104415.01,1195.5798,82071.234,233793.84,2758000,1.9292399e+11,1,0.56044322,0.10838446,1.2573544,5.450141,0.76984453,0.86277956,2.2824934,755,2.4971495
5832726,116000,-60000,110,4.4347498e+08,0.16563992,151.20131,42893.805,87885.172,162.69878,46841.93,183424.34,4759036,2.67744e+11,0.9884904,0.79751128,0.29100528,1.8950917,4.5948439,0.649032,0.84187335,2.5212202,755,2.1203938
5832727,116000,-58000,115,4.642777e+08,0.1744125,153.80322,42867.133,86316.945,1096.1855,39432.355,182896.36,4943729,2.7525598e+11,0.98047292,0.82947618,0.30423281,1.903271,4.6149616,0.65187359,0.84239578,2.5145888,755,2.1105385
5832752,116000,-8000,53,3.070057e+08,0.070624247,179.90645,55245.824,106414.22,1195.5798,82067.695,233722.88,2862000,2.0415599e+11,1,0.56044322,0.10838446,1.2573544,5.450141,0.76984453,0.86277956,2.2824934,755,2.4971495
