Ref,x,y,Connectivity,Isovist Area,Isovist Compactness,Isovist Drift Angle,Isovist Drift Magnitude,Isovist Max Radial,Isovist Min Radial,Isovist Occlusivity,Isovist Perimeter,Point First Moment,Point Second Moment,Visual Clustering Coefficient,Visual Control,Visual Controllability,Visual Entropy,Visual Integration [HH],Visual Integration [P-value],Visual Integration [Tekl],Visual Mean Depth,Visual Node Count,Visual Relativised Entropy
131087,3090000,778000,56,2.262069e+08,0.081738189,83.926186,34960.707,84641.195,359.10858,42277.41,186485.62,2043839.9,1.08388e+11,0.87337661,0.75922626,0.082717873,1.9721823,4.1656952,0.52725911,0.83109027,2.8821375,1367,2.3120248
131088,3090000,780000,75,2.9420083e+08,0.071523011,76.224335,27254.414,82840.234,595.26337,54867.164,227354.73,2237372,1.06084e+11,0.58342344,1.2915211,0.10623229,1.7401439,4.6323538,0.58632493,0.84248304,2.692533,1367,2.3746779
131089,3090000,782000,72,2.8705606e+08,0.073085107,77.296127,26060.824,81050.047,434.14285,54461.672,222164.09,2113327.2,1.01452e+11,0.61697966,1.2188641,0.10271041,1.9858044,4.3307729,0.54815334,0.83522415,2.8103952,1367,2.2536016
131090,3090000,784000,69,2.7018992e+08,0.079311505,79.41716,25966.211,79281.273,273.02234,51406.086,206905.2,2024861.9,9.7739997e+10,0.65430522,1.1553932,0.099710986,1.9867082,4.3046632,0.54484856,0.83457822,2.8213763,1367,2.2580543
131091,3090000,786000,60,2.3500291e+08,0.079078265,82.313675,28928.912,77529.5,111.90183,48656.172,193247.09,1844626.6,8.9444e+10,0.80451977,0.82282245,0.087847732,1.9765588,4.1819611,0.52931792,0.83150297,2.8748169,1367,2.3053885
196623,3092000,778000,50,1.9350226e+08,0.0811731,87.865517,32201.561,82643.18,375.05832,49798.777,173078,1680254.6,8.2984002e+10,0.94693875,0.71108282,0.074515648,1.9620767,4.1463423,0.5248096,0.8305977,2.8909223,1367,2.3244421
196624,3092000,780000,70,2.7497402e+08,0.068138137,78.183594,23063.672,80773.398,1106.8224,65719.992,225193.38,1850994.6,8.0999997e+10,0.59668738,1.2816051,0.099573255,1.7310358,4.6163802,0.58430308,0.84210747,2.6983895,1367,2.3856018
196625,3092000,782000,69,2.6724811e+08,0.069501199,79.784042,21584.342,78912.328,2101.627,64164.684,219819.44,1764650.6,7.6868002e+10,0.61338449,1.3024788,0.098430812,1.7302356,4.6104183,0.58354849,0.84196711,2.7005856,1367,2.3873441
196626,3092000,784000,63,2.4191134e+08,0.076742321,83.69722,21823.463,77061.906,828.9491,59513.051,199028.64,1589903.4,6.9128004e+10,0.68458784,1.1434902,0.091836736,1.9771749,4.2840009,0.54223329,0.83406496,2.8301611,1367,2.2701688
196627,3092000,786000,51,1.9833176e+08,0.083366893,87.115097,25833.787,75220.891,1032.3186,47049.219,172903.69,1418690.4,6.2635999e+10,0.94117647,0.71089906,0.075780086,1.9629129,4.1511636,0.52541983,0.83072054,2.8887262,1367,2.3228796
196628,3092000,788000,50,1.9866253e+08,0.084159188,86.88372,24497.109,73394.031,1235.8594,36923.52,172231.33,1348726.4,5.7495998e+10,0.97387755,0.67717361,0.074515648,1.9620767,4.1463423,0.5248096,0.8305977,2.8909223,1367,2.3244421
196629,3092000,790000,51,2.0012147e+08,0.084692515,86.588753,22997.602,71585.828,1439.4001,37072.914,172317.45,1340419,5.5319998e+10,0.96392155,0.6794349,0.075892858,1.9638215,4.1495552,0.52521628,0.8306796,2.8894582,1367,2.3223147
196630,3092000,792000,51,2.0214597e+08,0.085261218,86.23761,21489.793,69794.023,1612.5476,37263.141,172608.31,1284340.6,5.0839998e+10,0.96392155,0.6794349,0.075892858,1.9638215,4.1495552,0.52521628,0.8306796,2.8894582,1367,2.3223147
196631,3092000,794000,51,2.0459835e+08,0.085892916,85.822632,20008.889,68024.211,1460.9193,37481.352,173012.44,1232472.1,4.6776001e+10,0.96392155,0.6794349,0.075892858,1.9638215,4.1495552,0.52521628,0.8306796,2.8894582,1367,2.3223147
196632,3092000,796000,53,2.0747765e+08,0.086600393,85.331116,18572.73,66284.109,1299.7987,37730.773,173512.45,1291288.5,4.9039999e+10,0.94049346,0.68380582,0.078286558,1.9644701,4.16084,0.52664459,0.83096683,2.8843338,1367,2.3198626
196633,3092000,798000,54,2.1080274e+08,0.08740145,84.74688,17190.186,64572.637,1138.6782,37849.141,174093.97,1304347.5,4.9028002e+10,0.92941999,0.68581361,0.079763666,1.967062,4.162457,0.52684927,0.83100796,2.8836017,1367,2.3172293
196634,3092000,800000,55,2.1466776e+08,0.08831574,84.049438,15876.633,62899.641,977.55774,38164.773,174770.97,1316637.2,4.8747999e+10,0.9164983,0.68782538,0.081240766,1.9696326,4.1640754,0.52705413,0.83104908,2.8828697,1367,2.3146167
196635,3092000,802000,56,2.1921606e+08,0.089377515,83.214813,14650.833,61274.461,816.43719,38526.855,175560.58,1329813.1,4.8256e+10,0.90324676,0.68983924,0.082717873,1.9721823,4.1656952,0.52725911,0.83109027,2.8821375,1367,2.3120248
196636,3092000,804000,58,2.2457072e+08,0.090619847,82.216476,13524.902,59694.461,655.31671,38815.098,176469.58,1376942.4,4.8647999e+10,0.87598306,0.69422245,0.085672081,1.9772204,4.1689382,0.52766961,0.83117265,2.8806734,1367,2.3069015
196637,3092000,806000,59,2.3097709e+08,0.09210135,81.027969,12524.137,58174.184,494.1962,39338.125,177523.72,1391758.9,4.7775998e+10,0.86265343,0.69626296,0.087149188,1.9797094,4.1705613,0.52787507,0.83121389,2.8799415,1367,2.3043694
196638,3092000,808000,61,2.3874981e+08,0.09392076,79.628716,11675.562,56716.051,333.07568,39752.871,178729.25,1463167,4.9848001e+10,0.8377049,0.7003774,0.089837998,1.9786768,4.2635355,0.53964299,0.8335548,2.8389459,1367,2.2733238
196639,3092000,810000,62,2.483205e+08,0.096201137,78.012764,11010.749,55321.938,171.95517,40379.09,180103.06,1494195.6,4.9979998e+10,0.82601798,0.70235121,0.091310754,1.9811113,4.2652335,0.53985792,0.83359718,2.8382137,1367,2.2708311
196640,3092000,812000,66,2.6030162e+08,0.099117167,76.198837,10566.627,53990.613,10.834664,40898.883,181664.02,1628910.6,5.3719998e+10,0.78321677,0.7106775,0.097201765,1.9906641,4.2720389,0.54071927,0.833767,2.8352854,1367,2.2610416
262160,3094000,780000,30,1.2141785e+08,0.19304848,24.670065,8236.4521,28778.205,393.07639,32632.908,88902.305,304564.69,4.6e+09,0.78160918,0.75217593,0.234375,1.4755044,3.5045817,0.4435809,0.81319308,3.2371888,1367,2.8946233
262161,3094000,782000,28,1.101296e+08,0.23084518,1.796494,5808.7446,24581.316,1724.9205,26360.002,77427.734,224700.31,2.7e+09,0.76984125,0.74349242,0.22764228,1.461879,3.4965725,0.44256717,0.81296134,3.2423134,1367,2.9091995
262170,3094000,800000,41,1.4438906e+08,0.083932027,116.52538,3273.7136,49428.309,0.96616113,47729.559,147030.77,615286.19,1.2636e+10,1,0.65762115,0.075925924,2.0799859,3.596374,0.45519918,0.81582153,3.1800878,1367,2.4041913
262171,3094000,802000,41,1.511244e+08,0.076423563,119.51774,2761.3032,52703.875,41.728546,53001.453,157637.16,602974.69,1.2156e+10,1,0.65762115,0.075925924,2.0799859,3.596374,0.45519918,0.81582153,3.1800878,1367,2.4041913
262172,3094000,804000,44,1.6812483e+08,0.076002419,104.97591,4229.0957,55188.004,82.490929,57482.273,166727.47,754782.38,2.0144001e+10,0.99365753,0.66415173,0.065868266,1.9484055,4.1319451,0.52298737,0.83023012,2.897511,1367,2.339366
262173,3094000,806000,47,1.7936098e+08,0.079522438,103.18449,4073.6436,53934.543,123.25331,53347.98,168354.25,884593.75,2.5551999e+10,0.98612398,0.67062831,0.07025411,1.9557971,4.1383314,0.52379566,0.83039331,2.8945827,1367,2.3315215
262174,3094000,808000,48,1.8425326e+08,0.081100687,108.43155,2731.8242,52200.414,164.0157,38032.344,168966.36,922269.38,2.6424001e+10,0.98315603,0.67278391,0.071641788,1.9576145,4.1415319,0.5242008,0.83047497,2.8931186,1367,2.3293242
262175,3094000,810000,49,1.8727723e+08,0.081769735,124.24683,1445.8954,50507.504,255.74316,38174.383,169648.92,961822.31,2.7243999e+10,0.97959185,0.67496037,0.073025338,1.9594061,4.1447377,0.52460653,0.83055675,2.8916545,1367,2.3271515
262176,3094000,812000,50,1.9104122e+08,0.082630761,184.95844,752.90417,48868.297,399.8941,38530.414,170450.23,1003043.4,2.8068e+10,0.97387755,0.67717361,0.074515648,1.9620767,4.1463423,0.5248096,0.8305977,2.8909223,1367,2.3244421
262177,3094000,814000,50,1.9592075e+08,0.0837887,239.53653,1313.5312,47308.078,596.06171,38892.004,171416.42,1019042.5,2.8272001e+10,0.97387755,0.67717361,0.074515648,1.9620767,4.1463423,0.5248096,0.8305977,2.8909223,1367,2.3244421
262178,3094000,816000,51,2.0236302e+08,0.085315146,254.1761,2025.8008,45867.07,792.22931,39205.738,172646.36,1064306.9,2.9464001e+10,0.96392155,0.6794349,0.075892858,1.9638215,4.1495552,0.52521628,0.8306796,2.8894582,1367,2.3223147
262179,3094000,818000,54,2.1140024e+08,0.087433517,260.72473,2415.8306,44619.082,988.39691,39721.477,174308.55,1190351.2,3.4191999e+10,0.92941999,0.68581361,0.079763666,1.967062,4.162457,0.52684927,0.83100796,2.8836017,1367,2.3172293
262180,3094000,820000,58,2.2481686e+08,0.090550423,266.41986,2254.6025,43661.902,1184.5645,40533.215,176633.94,1330925.5,3.8924001e+10,0.87598306,0.69422245,0.085672081,1.9772204,4.1689382,0.52766961,0.83117265,2.8806734,1367,2.3069015
262181,3094000,822000,62,2.4644371e+08,0.09566205,282.55414,1252.0411,44610.461,1198.7316,41738.652,179926.02,1482335.6,4.4464001e+10,0.82601798,0.70235121,0.091310754,1.9811113,4.2652335,0.53985792,0.83359718,2.8382137,1367,2.2708311
262182,3094000,824000,73,2.8502909e+08,0.10524292,48.869293,1565.1857,46599.406,1037.6111,43161.375,184481.61,1810623.2,5.5255998e+10,0.72983259,0.72461474,0.10656934,2.0007846,4.3029337,0.54462963,0.8345353,2.8221083,1367,2.2450902
262183,3094000,826000,94,3.6237472e+08,0.12416025,64.579971,5976.626,48589.258,876.49054,44830.691,191510.5,2411883.2,7.4876002e+10,0.66460764,0.76627934,0.13682678,2.0431814,4.3430662,0.54970932,0.83552724,2.8052709,1367,2.2005284
262184,3094000,828000,134,5.391369e+08,0.15824459,61.687496,12724.178,50579.91,715.37006,49113.129,206914.06,3601685.2,1.14436e+11,0.66939735,0.84062934,0.19308357,2.106915,4.4274502,0.56038994,0.83759093,2.7708638,1367,2.131031
262185,3094000,830000,249,9.8967379e+08,0.18926938,49.164078,22968.42,66662.031,554.24951,68476.383,256336.69,7807951,2.90708e+11,0.76305223,1.056669,0.35775861,2.22457,4.6524768,0.58887196,0.84295475,2.6852124,1367,2.0010204
262186,3094000,832000,470,1.8619843e+09,0.19204721,35.296043,37339.594,108980.94,393.12903,85910.906,349051.03,19908628,1.077276e+12,0.82277369,1.513577,0.59343433,2.1757407,5.663671,0.71686047,0.86492813,2.3843338,1367,1.8963749
262187,3094000,834000,501,1.966935e+09,0.19272472,31.909306,35890.137,110064.51,232.00851,77463.648,358122.19,20365424,1.082964e+12,0.81712574,1.5831616,0.63257575,2.1605659,5.7580657,0.72880816,0.86682719,2.3616397,1367,1.9038733
262188,3094000,836000,516,2.0365249e+09,0.18601264,28.432146,34884.488,111513.75,70.888008,80666.695,370918.56,20675164,1.1026159e+12,0.80683374,1.6195167,0.65151513,2.1512527,5.8048792,0.73473346,0.86776048,2.3506589,1367,1.9093591
327696,3096000,780000,30,1.1948642e+08,0.22291674,25.957529,7711.9204,28010.68,309.47269,27854.377,82071.594,299587.97,4.4280003e+09,0.80229884,0.7486971,0.22556391,1.4863617,3.510325,0.44430783,0.81335908,3.2335286,1367,2.8826456
327697,3096000,782000,27,1.1038932e+08,0.24671768,2.9525783,4915.6191,23847.506,1525.562,20585.24,74983.953,212673.16,2.388e+09,0.83190882,0.72875881,0.21951219,1.4605752,3.4954314,0.44242272,0.81292826,3.2430453,1367,2.9104211
327722,3096000,832000,357,1.430537e+09,0.28450397,42.627102,40037.66,105516.18,409.9213,118850.2,251368.17,14777204,7.9925602e+11,0.94948542,0.69018328,0.46484375,2.1960125,5.2784634,0.66810411,0.85692799,2.4853587,1367,1.9143671
327723,3096000,834000,465,1.834265e+09,0.27507725,36.612442,37908.117,107161.2,1838.1855,92890.891,289473.38,18283660,9.571e+11,0.93190581,0.95326257,0.60389608,2.1795702,5.5810328,0.70640081,0.86324638,2.4048316,1367,1.9064351
327724,3096000,836000,488,1.9402971e+09,0.19267201,32.702492,35767.77,108475.06,2064.3875,118230.27,355737.56,18567808,9.5962798e+11,0.89207089,1.097778,0.63376623,2.1677122,5.648735,0.71497005,0.86462551,2.3879941,1367,1.9128364
327725,3096000,838000,512,2.0340124e+09,0.17151025,28.054008,33828.332,110210.56,1903.267,128234.98,386043.91,19168172,9.8566e+11,0.84441507,1.3050425,0.64321607,2.1539538,5.8048792,0.73473346,0.86776048,2.3506589,1367,1.9054428
327726,3096000,840000,535,2.1243268e+09,0.14838019,22.948351,32666.902,112476.5,1742.1465,154683.59,424157.97,20008160,1.035688e+12,0.80066508,1.4595317,0.58342421,1.8649889,7.5422549,0.95463604,0.89906198,2.0395315,1367,1.8396449
327727,3096000,842000,554,2.2022935e+09,0.14794075,18.046896,32106.51,114879.59,1581.026,157207.3,432512.47,20926448,1.102656e+12,0.76756257,1.6120473,0.59698278,1.8551689,7.7050371,0.97523969,0.90171468,2.0175695,1367,1.8337247
327728,3096000,844000,571,2.2637174e+09,0.14888687,13.631462,31963.084,115624.82,1419.9054,158850.89,437107.06,21762938,1.160792e+12,0.74410546,1.7138228,0.61397851,1.8470037,7.8118176,0.98875505,0.90343285,2.0036604,1367,1.8332521
327729,3096000,846000,584,2.3139697e+09,0.1501727,9.5671396,32086.473,115639.45,1258.7849,159380.5,440036.06,22599660,1.230212e+12,0.72979861,1.7701117,0.62795699,1.8401864,7.8865991,0.99822032,0.90462601,1.9941435,1367,1.8344948
327730,3096000,848000,588,2.3539182e+09,0.15141675,5.8673615,32431.4,115320.8,1097.6644,156334.14,441991.22,22907234,1.2586281e+12,0.72229946,1.8027388,0.63225806,1.8379236,7.9098978,1.0011693,0.9049961,1.9912152,1367,1.8350291
327731,3096000,850000,597,2.3857587e+09,0.15240383,2.4247179,32922.836,114799.01,936.54388,153218.39,443527.19,23749370,1.334084e+12,0.71328682,1.825834,0.64262646,1.8326566,7.9569106,1.0071198,0.90574044,1.9853587,1367,1.8371246
327732,3096000,852000,606,2.4124951e+09,0.15327884,359.10492,33487.328,114242.74,775.4234,152443.92,444730.62,24645878,1.413416e+12,0.70180833,1.8595624,0.65231431,1.8268486,8.0104723,1.0138992,0.90658462,1.9787701,1367,1.8389928
327733,3096000,854000,613,2.4342682e+09,0.15343191,355.87384,34106.293,113720.24,614.30286,154158.56,446510.12,25440776,1.480456e+12,0.69118983,1.9066865,0.65984929,1.8220503,8.0526333,1.0192355,0.90724623,1.9736457,1367,1.8407052
327734,3096000,856000,617,2.4510111e+09,0.15262331,352.68808,34765.48,113232,453.18237,156979.17,449228.31,26114718,1.5405561e+12,0.68256539,1.9291235,0.66487068,1.8192351,8.070838,1.0215397,0.90753114,1.9714495,1367,1.8424958
327735,3096000,858000,619,2.4506388e+09,0.15093374,349.22925,35205.852,112779.63,182.82149,164932.61,451701.38,26700170,1.592512e+12,0.67295617,1.9473763,0.66487646,1.8176563,8.1013632,1.0254034,0.90800786,1.9677892,1367,1.8409411
393232,3098000,780000,34,1.2714184e+08,0.22870465,30.895317,6654.9243,27477.617,493.08649,20433.592,83581.797,353701.34,5.328e+09,0.73440284,0.89037561,0.24637681,1.5019482,3.5207107,0.44562235,0.81365865,3.2269399,1367,2.8662429
393233,3098000,782000,27,1.1408517e+08,0.24264616,8.1952362,3951.365,23373.471,1464.4847,21997.227,76865.742,212848.33,2.368e+09,0.86324787,0.72677469,0.2109375,1.4715737,3.5011446,0.44314587,0.81309366,3.2393851,1367,2.8983119
393259,3098000,834000,459,1.8092658e+09,0.36205983,38.691273,36540.23,104280.65,740.32092,77463.836,250591.27,17408488,8.8307997e+11,0.94833082,0.9020291,0.59610391,2.1821604,5.5636373,0.70419908,0.86289006,2.409224,1367,1.9052407
393260,3098000,836000,482,1.9154748e+09,0.31458387,34.79475,34632.41,105466.49,2572.9407,77380.664,276614.5,17617134,8.8598e+11,0.91989374,0.96756983,0.625974,2.1711035,5.6309156,0.71271461,0.86426371,2.3923864,1367,1.910885
393261,3098000,838000,500,1.9845211e+09,0.2386321,30.714304,33477.551,107057.47,3896.7664,106203.23,323272.19,17981714,9.0615998e+11,0.88860923,1.0350032,0.57077628,1.8832809,7.1543097,0.90553319,0.89256841,2.0959005,1367,1.8646181
393262,3098000,840000,517,2.0612268e+09,0.22888294,25.94981,32597.828,109144.7,3735.646,109493.71,336403.97,18386776,9.23308e+11,0.85709143,1.1004857,0.56938326,1.8728009,7.4015217,0.93682325,0.89673495,2.0592973,1367,1.8454337
393263,3098000,842000,531,2.1179478e+09,0.21625298,21.694986,32155.996,111839.06,3574.5254,115595.35,350817.72,18850058,9.5420803e+11,0.83377749,1.1598864,0.58223683,1.8674356,7.4947529,0.94862366,0.89828008,2.0461202,1367,1.8423702
393264,3098000,844000,542,2.1659904e+09,0.20600802,17.719191,32036.256,113294.5,3413.405,120983.45,363488.88,19350044,9.9549597e+11,0.82042956,1.1911019,0.59429824,1.8632591,7.5528927,0.95598251,0.89923662,2.0380673,1367,1.842078
393265,3098000,846000,553,2.2086072e+09,0.19712578,13.921592,32114.729,113554.65,3252.2844,126118.96,375225.59,20059942,1.056512e+12,0.80571061,1.234508,0.60635966,1.8585005,7.6119413,0.96345645,0.90020263,2.0300148,1367,1.8423221
393266,3098000,848000,561,2.2472748e+09,0.18749888,10.238764,32320.656,113342.8,3091.1638,133251.33,388091.09,20593462,1.105864e+12,0.78981411,1.2951394,0.61580682,1.8547754,7.650001,0.9682737,0.9008224,2.0248902,1367,1.8434542
393267,3098000,850000,572,2.2831327e+09,0.17629065,6.6145778,32612.766,112883.69,2930.0435,142293.06,403418.56,21421608,1.171456e+12,0.77452755,1.3450246,0.62788147,1.8489629,7.7105846,0.97594184,0.90180439,2.0168376,1367,1.8446767
393268,3098000,852000,582,2.3170847e+09,0.16181332,2.970288,32952.77,112318.32,2768.9229,153529.42,424198.12,22255768,1.237928e+12,0.75778812,1.4091079,0.63885838,1.8431571,7.7664986,0.98301899,0.90270573,2.009517,1367,1.8462697
393269,3098000,854000,592,2.3502316e+09,0.14828293,359.19876,33315.059,111786.14,2607.8022,165526.11,446287.44,23242026,1.319064e+12,0.73857868,1.4879841,0.63930887,1.836049,7.9098978,1.0011693,0.9049961,1.9912152,1367,1.8381193
393270,3098000,856000,597,2.378678e+09,0.14800136,355.43515,33751.781,111289.39,2446.6819,169630.69,449407.09,23896364,1.369092e+12,0.7275359,1.5333567,0.64055794,1.8323041,7.9746847,1.0093695,0.90602106,1.9831625,1367,1.8352557
393271,3098000,858000,603,2.3968128e+09,0.1471958,351.67221,34193.25,110828.49,2065.7415,175487.06,452349.69,24749508,1.43966e+12,0.70965219,1.619351,0.64630222,1.828423,8.016468,1.0146581,0.90667886,1.9780381,1367,1.8357635
393272,3098000,860000,596,2.3589407e+09,0.13951232,346.53806,33652.098,110403.39,1026.317,180838.61,460953.56,24417988,1.3924119e+12,0.70342338,1.6302321,0.63879955,1.832781,7.9746847,1.0093695,0.90602106,1.9831625,1367,1.8344752
458768,3100000,780000,34,1.313805e+08,0.21696433,39.987316,5847.396,27962.807,1438.1086,28504.393,87232.078,349913.5,5.0840003e+09,0.74688059,0.89010239,0.24637681,1.5019482,3.5207107,0.44562235,0.81365865,3.2269399,1367,2.8662429
458769,3100000,782000,30,1.1967418e+08,0.23976338,17.924116,3057.4949,23106.855,1544.7351,20398.129,79197.914,255295.06,2.976e+09,0.8091954,0.80895358,0.22556391,1.4863617,3.510325,0.44430783,0.81335908,3.2335286,1367,2.8826456
458795,3100000,834000,455,1.7972869e+09,0.38531318,40.829235,34881.688,101435.74,113.88868,78154.336,242106.64,16678198,8.2303202e+11,0.95249069,0.89069057,0.59090906,2.1837728,5.5521007,0.70273882,0.86265332,2.4121523,1367,1.9045521
458796,3100000,836000,485,1.928321e+09,0.32209471,36.427006,32571.273,102498.94,2094.7048,74625.664,274285.47,16916016,8.2028403e+11,0.91621369,0.97415704,0.62661499,2.1697474,5.6517158,0.71534735,0.86468595,2.3872621,1367,1.9093447
458797,3100000,838000,506,2.0161268e+09,0.25778949,31.349337,31222.697,103937.81,4082.8157,96115.297,313495.47,17327450,8.3315202e+11,0.87512231,1.0576867,0.55726874,1.875789,7.3456802,0.92975527,0.89580274,2.0673499,1367,1.846794
458798,3100000,840000,522,2.0776346e+09,0.24957688,26.721815,30397.639,105852.62,5729.1455,98773.016,323435.25,17673284,8.4908003e+11,0.84788316,1.1174997,0.57236844,1.8704232,7.4478455,0.9426865,0.89750445,2.0527086,1367,1.8430045
458799,3100000,842000,534,2.1237848e+09,0.23938724,22.474358,29974.359,108372.84,5568.0249,103875.06,333894.84,18124432,8.8503602e+11,0.83312607,1.1503335,0.58552629,1.866354,7.51052,0.95061934,0.89854002,2.0439239,1367,1.8422376
458800,3100000,844000,545,2.1641047e+09,0.23000167,18.446621,29883.578,110764.44,5406.9043,108198.48,343857.56,18660904,9.3125601e+11,0.81671613,1.1927457,0.5975877,1.8620193,7.5689058,0.9580093,0.89949912,2.0358713,1367,1.8420912
458801,3100000,846000,551,2.2009987e+09,0.22517927,14.589559,30029.213,111393.35,5245.7837,111714.88,350469.81,18995380,9.63468e+11,0.81152946,1.2015853,0.60482985,1.8595438,7.595746,0.96140653,0.89993823,2.0322108,1367,1.8428185
458802,3100000,848000,561,2.2347016e+09,0.22122981,10.869922,30327.576,111333.13,5084.6636,114820.48,356281.16,19723182,1.025404e+12,0.79887319,1.2321558,0.61580682,1.8547754,7.650001,0.9682737,0.9008224,2.0248902,1367,1.8434542
458803,3100000,850000,565,2.2658365e+09,0.21554057,7.2409077,30731.352,110953.97,4923.543,119217.5,363458.41,20150982,1.068428e+12,0.79071736,1.2489115,0.62019759,1.8527309,7.6719213,0.97104812,0.90117836,2.0219619,1367,1.843835
458804,3100000,852000,574,2.2943816e+09,0.21006998,3.679682,31215.332,110396.59,4762.4224,124512.52,370472.31,20904146,1.128664e+12,0.77612174,1.2917485,0.62869662,1.8477057,7.7328534,0.97876042,0.90216392,2.0139093,1367,1.8436457
458805,3100000,854000,581,2.319551e+09,0.20442441,0.17337142,31756.004,109854.56,4601.3018,128548.68,377607.41,21669606,1.1921399e+12,0.76638967,1.3156582,0.63358778,1.8434069,7.7947612,0.98659623,0.90315956,2.0058565,1367,1.8420759
458806,3100000,856000,587,2.3408353e+09,0.19826297,356.69547,32341.426,109348.87,4440.1812,134645.14,385185.16,22472006,1.261152e+12,0.75299287,1.3551306,0.64013088,1.839828,7.8289485,0.9909234,0.90370691,2.0014641,1367,1.843097
458807,3100000,858000,593,2.3562386e+09,0.18692701,353.2193,32953.246,108879.12,3815.0752,146065.05,397995.84,23302744,1.326596e+12,0.73883367,1.389452,0.61323684,1.8236367,8.1818199,1.0355868,0.90925813,1.9582723,1367,1.8165809
458808,3100000,860000,585,2.3255565e+09,0.1788839,348.68973,32703.201,108445.81,2580.3164,160535.05,404187.38,22971014,1.2871e+12,0.73280644,1.4042912,0.60496378,1.8274065,8.1321201,1.0292963,0.90848684,1.9641289,1367,1.8164023
458809,3100000,862000,563,2.2509635e+09,0.16810448,342.54272,31659.389,108050.12,1236.2468,155665.25,410203.66,21470106,1.137932e+12,0.74021351,1.3622339,0.58221304,1.8362694,7.9985075,1.0123848,0.90639639,1.9802343,1367,1.8172861
524303,3102000,778000,13,59545660,0.42202985,136.71025,5268.2163,14439.493,977.28516,17169.531,42107.398,86230.258,7.24e+08,0.97435898,0.37714264,0.14444445,1.6818755,3.1742744,0.40177333,0.80328405,3.4699852,1367,2.8322561
524304,3102000,780000,31,1.2014652e+08,0.13073342,57.22963,5739.479,36606.352,1161.3917,56219.305,107465.04,370792.38,6.9479997e+09,0.59784949,0.7972433,0.098726116,1.4736862,4.0831118,0.51680642,0.82897627,2.9202049,1367,2.714613
524305,3102000,782000,33,1.26436e+08,0.23292549,36.055145,2333.8538,23136.049,1758.679,20185.742,82590.82,305274.66,3.764e+09,0.76325756,0.8728177,0.23913044,1.5007569,3.5195537,0.44547591,0.81362534,3.2276721,1367,2.867357
524331,3102000,834000,460,1.8320462e+09,0.38380152,42.667099,32619.863,98591.844,92.20916,79370.203,244917.48,15940901,7.4936399e+11,0.94632,0.90525919,0.59895831,2.1817224,5.5607486,0.70383346,0.86283082,2.409956,1367,1.9065176
524332,3102000,836000,496,1.9662739e+09,0.27552888,37.38607,30287.582,99553.664,2080.4792,96380.977,299463.16,16539312,7.6820801e+11,0.88844085,1.029127,0.55172414,1.8801514,7.2511859,0.917795,0.89421344,2.0812593,1367,1.8525705
524333,3102000,838000,514,2.0441097e+09,0.26924428,32.243839,28960.27,100852.45,4072.4443,91388,308875.75,16858582,7.81196e+11,0.85803354,1.0915999,0.56359649,1.8727567,7.4066401,0.93747109,0.89682019,2.0585651,1367,1.843865
524334,3102000,840000,529,2.0924888e+09,0.26072639,27.719913,28170.287,102603.39,6066.4263,90077.375,317573.31,17275008,8.0814401e+11,0.83846021,1.1367477,0.58004385,1.8681328,7.4842777,0.94729781,0.89810717,2.0475843,1367,1.8424804
524335,3102000,842000,536,2.1301403e+09,0.25083765,23.423727,27736.207,104918.7,7561.5244,96257.734,326672.56,17324846,8.1083597e+11,0.82848376,1.1616901,0.58771932,1.8656089,7.5210686,0.95195448,0.89871371,2.0424597,1367,1.8421712
524336,3102000,844000,545,2.1645524e+09,0.24004425,19.261427,27621.605,107846.07,7400.4038,100838.42,336622.66,17833504,8.5978402e+11,0.81983268,1.1780626,0.59824371,1.8621713,7.5635605,0.95733279,0.89941156,2.0366032,1367,1.8426522
524337,3102000,846000,552,2.1981985e+09,0.23294558,15.231917,27781.07,109111.8,7239.2832,105362.44,344358.78,18242660,8.97936e+11,0.81089061,1.1994971,0.60592753,1.8590889,7.6011367,0.96208888,0.90002626,2.0314789,1367,1.8428618
524338,3102000,848000,560,2.230911e+09,0.22749476,11.296463,28109.104,109276.35,7078.1631,109556.56,351043,18768894,9.4067202e+11,0.80037695,1.2248091,0.61336255,1.8550524,7.6554694,0.96896583,0.90091127,2.0241582,1367,1.8421543
524339,3102000,850000,564,2.2620557e+09,0.22316487,7.4571824,28559.188,108999.89,6917.0425,114186.85,356897.66,19119490,9.7399603e+11,0.7911014,1.2489325,0.61504906,1.8525797,7.6994982,0.97453862,0.9016251,2.0183017,1367,1.840075
524340,3102000,852000,575,2.2909174e+09,0.21927433,3.7043703,29097.287,108477.68,6755.9219,118621.48,362339.56,20116408,1.05706e+12,0.77766401,1.2823099,0.62704474,1.8468069,7.7608709,0.98230666,0.90261525,2.0102489,1367,1.8412199
524341,3102000,854000,582,2.3166431e+09,0.20986438,0.023518173,29703.678,107926.02,6594.8013,124179.7,372447.56,20933772,1.127808e+12,0.76522291,1.3126497,0.60186142,1.8287446,8.1136379,1.0269569,0.90819919,1.966325,1367,1.8164045
524342,3102000,856000,587,2.3373591e+09,0.20828497,356.43951,30358.406,107410.53,6433.6807,128733.88,375524.84,21665108,1.188924e+12,0.7568652,1.3332689,0.60703206,1.8264916,8.1444883,1.0308617,0.90867913,1.9626647,1367,1.8164217
524343,3102000,858000,591,2.3528456e+09,0.20608255,352.89542,31046.936,106931.62,5401.0825,133622.47,378774.78,22341914,1.2414239e+12,0.74674928,1.3557168,0.61116856,1.8246067,8.1693373,1.0340071,0.90906471,1.9597365,1367,1.816511
524344,3102000,860000,588,2.3361075e+09,0.20149879,348.65582,31182.525,106490.05,4063.5515,144986.12,381693.81,22497360,1.247964e+12,0.73697692,1.3710959,0.60431653,1.822948,8.1943398,1.0371715,0.90945184,1.9568082,1367,1.8140053
524345,3102000,862000,568,2.2619182e+09,0.19278504,342.44943,30275.752,106086.83,2615.4412,142204.16,383978.34,21206264,1.119868e+12,0.7418834,1.3273069,0.58376157,1.831044,8.070838,1.0215397,0.90753114,1.9714495,1367,1.8148563
524346,3102000,864000,546,2.1723451e+09,0.18425812,335.11121,29285.229,105718.79,1024.4509,142805.61,384907.19,19828042,9.8423603e+11,0.75339586,1.2724868,0.56115109,1.837883,7.9392157,1.0048801,0.90546066,1.9875549,1367,1.8176777
589841,3104000,782000,36,1.3475318e+08,0.14835323,56.63969,2855.6567,34113.188,782.85925,42271.926,106838.05,383748.56,5.7639997e+09,0.6793651,0.91694242,0.16216215,1.3589621,3.9491158,0.49984631,0.8254773,2.9853587,1367,2.8598621
589842,3104000,784000,25,1.0209299e+08,0.23984368,231.43604,1836.7885,17028.094,150.3576,33074.926,73137.273,198964.03,1.964e+09,0.89999998,0.69344592,0.19685039,1.4665524,3.4977145,0.44271168,0.81299436,3.2415812,1367,2.9033928
589867,3104000,834000,474,1.8826554e+09,0.35470647,44.362617,30134.912,95609.336,515.83307,78303.688,258259.2,15600634,7.0441599e+11,0.92511219,0.94955349,0.61398965,2.1753876,5.6132083,0.71047336,0.86390334,2.3967788,1367,1.9074215
589868,3104000,836000,502,2.0084996e+09,0.28560361,38.280727,27953.605,96651.492,2442.6514,93332.312,297275.38,16008048,7.1118402e+11,0.87120581,1.0587847,0.55164838,1.8762245,7.3356175,0.92848164,0.89563423,2.068814,1367,1.8465366
589869,3104000,838000,519,2.0652364e+09,0.27790019,33.522366,26753.459,97809.367,4384.4131,86985.141,305594.41,16252080,7.1916401e+11,0.84874386,1.1119864,0.56907892,1.8713337,7.4323397,0.94072396,0.89724725,2.0549049,1367,1.8432946
589870,3104000,840000,528,2.1024595e+09,0.26889655,29.05821,25978.562,99391.586,6339.3486,85954.664,313455.66,16333717,7.2381602e+11,0.83796215,1.1379532,0.57894737,1.8684742,7.4790516,0.94663632,0.89802086,2.0483162,1367,1.8425422
589871,3104000,842000,533,2.1333226e+09,0.25895953,24.660259,25519.607,101511.95,8303.9424,91131.359,321749.03,16387175,7.3276398e+11,0.83481216,1.1419163,0.58507133,1.8669055,7.5000014,0.94928795,0.89836669,2.045388,1367,1.8427998
589872,3104000,844000,542,2.163254e+09,0.24476925,20.284687,25357.23,104328.97,9393.9033,96442.883,333257.75,16846746,7.7475598e+11,0.82354665,1.16761,0.59495062,1.8634198,7.5475698,0.95530879,0.89914924,2.0387995,1367,1.8426293
589873,3104000,846000,553,2.1952648e+09,0.2335732,15.955305,25490.689,106642.85,9232.7832,102531.62,343666.25,17482352,8.2975202e+11,0.80793828,1.2067795,0.60305345,1.8577628,7.6390882,0.96689242,0.90064496,2.0263543,1367,1.8394734
589874,3104000,848000,559,2.2279324e+09,0.22793576,11.727549,25837.439,107152.66,9071.6621,107798.92,350469.09,17870886,8.6227203e+11,0.80066168,1.2247622,0.60959649,1.8550084,7.6719213,0.97104812,0.90117836,2.0219619,1367,1.8397346
589875,3104000,850000,569,2.2597737e+09,0.21752717,7.5965166,26322.285,107014.27,8910.542,113412.01,361310.56,18721096,9.3506798e+11,0.78811359,1.2556075,0.58841777,1.8340696,8.0345097,1.0169417,0.90696216,1.9758419,1367,1.8168465
589876,3104000,852000,572,2.2886464e+09,0.21712388,3.6397691,26916.68,106562.39,8749.4209,117091.18,363948.97,19133852,9.7288002e+11,0.78160632,1.2680854,0.59152019,1.8329089,8.0526333,1.0192355,0.90724623,1.9736457,1367,1.8166823
589877,3104000,854000,578,2.3145454e+09,0.21677643,359.79337,27580.551,106000.12,8588.3008,119725.65,366295.66,19864128,1.035416e+12,0.77292764,1.2891618,0.59772491,1.8304648,8.0891256,1.0238544,0.90781689,1.9692533,1367,1.8164657
589878,3104000,856000,587,2.3364897e+09,0.21606642,356.04498,28297.734,105474.49,8216.3027,123533.29,368632.19,20814232,1.109776e+12,0.75785363,1.330605,0.60328877,1.8233956,8.1880751,1.0363786,0.90935493,1.9575403,1367,1.8140087
589879,3104000,858000,590,2.3530829e+09,0.21477653,352.35611,29050.172,104986.09,6890.5674,128164.34,371048.03,21393248,1.152052e+12,0.74911803,1.349664,0.60699588,1.8224458,8.200614,1.0379657,0.90954888,1.9560761,1367,1.8143598
589880,3104000,860000,590,2.350135e+09,0.21212439,348.32605,29518.018,104536.3,5432.5615,135426.69,373126.44,21894272,1.192144e+12,0.73893702,1.3644422,0.60637206,1.8220388,8.2068977,1.038761,0.90964603,1.9553441,1367,1.8140111
589881,3104000,862000,572,2.2815155e+09,0.20423563,342.0881,28828.096,104124.92,3775.1821,136782.06,374671.72,20837600,1.088876e+12,0.74398983,1.3208205,0.58847737,1.8300245,8.0891256,1.0238544,0.90781689,1.9692533,1367,1.8148476
589882,3104000,864000,549,2.1867917e+09,0.19584855,334.30276,27857.344,103751.32,1970.5341,146156.28,374583.34,19411338,9.50952e+11,0.75383908,1.2679508,0.56481481,1.8375915,7.9510036,1.0063721,0.9056471,1.9860908,1367,1.8174026
589883,3104000,866000,520,2.0841379e+09,0.18800467,325.66647,27122.322,103393.82,103.84399,146519.33,373236.28,17626038,7.8623598e+11,0.78340006,1.1829648,0.5349794,1.843797,7.7834315,0.9851622,0.90297776,2.0073206,1367,1.8236665
655377,3106000,782000,38,1.4727622e+08,0.16617116,59.959373,5047.7368,31901.172,221.82193,42009.984,105534.25,460626.56,7.3720003e+09,0.66145092,0.86064118,0.10026385,1.55363,4.1983542,0.53139287,0.8319177,2.8674963,1367,2.6121795
655378,3106000,784000,30,1.1703366e+08,0.22899997,196.01932,1376.9232,19003.953,649.09082,31246.191,80138.758,274927,3.156e+09,0.82758623,0.76249844,0.21897811,1.494836,3.5149333,0.4448911,0.81349206,3.2306004,1367,2.8732708
655403,3106000,834000,488,1.9553672e+09,0.30805424,44.898026,27441.016,90736.125,1184.5419,97074.57,282426.53,15343465,6.6142798e+11,0.88428652,1.0201089,0.54101998,1.8810513,7.2267218,0.91469854,0.89379954,2.0849195,1367,1.8526853
655404,3106000,836000,511,2.0360497e+09,0.29308844,39.824211,25737.689,93710.664,3050.4766,90429.031,295460.75,15630802,6.6519997e+11,0.85459501,1.0938144,0.56153846,1.8740398,7.3811178,0.93424064,0.89639491,2.0622256,1367,1.8451737
655405,3106000,838000,522,2.0781898e+09,0.28464451,35.305561,24627.305,94795.031,4935.042,83364.398,302897.81,15737382,6.72312e+11,0.84409589,1.1226575,0.57236844,1.8704232,7.4478455,0.9426865,0.89750445,2.0527086,1367,1.8430045
655406,3106000,840000,530,2.1072358e+09,0.27399021,30.82551,23844.52,96219.125,6837.4746,82198.43,310880.88,15750582,6.7332801e+11,0.83406925,1.1461064,0.58114034,1.8677865,7.4895115,0.94796026,0.8981936,2.0468521,1367,1.8424231
655407,3106000,842000,538,2.1338986e+09,0.25974351,26.212593,23334.801,98152.008,8756.457,84403.203,321306.47,16009549,6.96428e+11,0.82703716,1.1604289,0.58926618,1.8646667,7.5369473,0.95396423,0.89897484,2.0402637,1367,1.8415898
655408,3106000,844000,542,2.1614287e+09,0.24579987,21.495455,23102.158,100733.34,10688.71,92930.953,332418.03,16031644,6.9987998e+11,0.82144588,1.1738114,0.59105778,1.8623627,7.5796189,0.95936531,0.89967453,2.0344071,1367,1.8394089
655409,3106000,846000,552,2.192182e+09,0.22508696,16.758003,23178.955,103844.02,11226.282,104932.7,349838.88,16639908,7.5158802e+11,0.80899024,1.2039912,0.60196292,1.858205,7.6336436,0.96620327,0.90055633,2.0270865,1367,1.8394455
655410,3106000,848000,557,2.2236608e+09,0.22199602,12.203428,23534.258,104921.96,11065.162,106804.11,354786.12,17040264,7.9017201e+11,0.80391484,1.2150855,0.57600826,1.8383073,7.9628267,1.0078685,0.9058339,1.9846267,1367,1.8178736
655411,3106000,850000,566,2.2550054e+09,0.22113742,7.8100586,24058.102,104988.21,10904.041,110015.47,357970.81,17716656,8.4520803e+11,0.79116297,1.2471486,0.58170605,1.8317547,8.058692,1.0200024,0.90734112,1.9729136,1367,1.8150315
655412,3106000,852000,572,2.2847199e+09,0.22090103,3.585067,24697.355,104635.96,10742.921,113052.2,360514.34,18360056,9.01572e+11,0.78084087,1.2706779,0.58787256,1.8295687,8.0952396,1.0246283,0.90791231,1.9685212,1367,1.8145546
655413,3106000,854000,580,2.3118828e+09,0.22089097,359.51123,25420.295,104077.02,10581.8,116141.09,362659.31,19226090,9.7389203e+11,0.77144301,1.2948837,0.59609455,1.8264028,8.1444883,1.0308617,0.90867913,1.9626647,1367,1.8141481
655414,3106000,856000,587,2.3352463e+09,0.22065896,355.55957,26199.002,103540.89,9717.583,119546.7,364678.78,20067786,1.04042e+12,0.75920254,1.3235747,0.60328877,1.8233956,8.1880751,1.0363786,0.90935493,1.9575403,1367,1.8140087
655415,3106000,858000,591,2.3537421e+09,0.21991993,351.70029,27020.227,103043.21,8234.6152,124024.18,366734.75,20787080,1.097752e+12,0.75111419,1.3420397,0.60802472,1.8219817,8.2068977,1.038761,0.90964603,1.9553441,1367,1.8143721
655416,3106000,860000,592,2.3569623e+09,0.21811749,347.64056,27667.859,102584.34,6425.8354,136887.77,368498.72,21336326,1.138944e+12,0.74169409,1.3585519,0.60905349,1.8215129,8.213192,1.0395577,0.90974319,1.954612,1367,1.8143885
655417,3106000,862000,579,2.2999895e+09,0.21156232,341.80557,27350.262,102164.5,4529.8003,141238.48,369614.25,20721138,1.076012e+12,0.74265379,1.3375249,0.59567899,1.8272513,8.1321201,1.0292963,0.90848684,1.9641289,1367,1.8144989
655418,3106000,864000,552,2.1976899e+09,0.20274514,333.63031,26380.691,101783.7,2606.3547,144099.73,369073.53,19102220,9.2995997e+11,0.75336015,1.271907,0.56790125,1.836738,7.9687514,1.0086185,0.90592742,1.9838946,1367,1.8169475
655419,3106000,866000,522,2.0890991e+09,0.19477051,324.27008,25662.502,101405.83,665.94348,143745.09,367132.5,17255180,7.6131598e+11,0.78031492,1.1886636,0.53703701,1.8434875,7.7947612,0.98659623,0.90315956,2.0058565,1367,1.8231264
720914,3108000,784000,38,1.3994872e+08,0.15977451,84.34066,1833.4087,29396.008,1272.0945,47613.953,104914.53,447399.34,7.048e+09,0.65860599,0.88182241,0.10026385,1.55363,4.1983542,0.53139287,0.8319177,2.8674963,1367,2.6121795
720938,3108000,832000,462,1.8554414e+09,0.32592154,52.479969,27789.432,85149.031,199.71011,108955.78,267468.12,14578863,6.1753203e+11,0.90188843,0.95213819,0.53042477,1.8910917,6.9590654,0.88082081,0.88920319,2.1266472,1367,1.8733711
720939,3108000,834000,500,1.9948306e+09,0.32340312,46.584251,25125.037,85887.516,1989.2264,92346.969,278410.66,15074927,6.2069998e+11,0.86052102,1.06833,0.56053811,1.8804897,7.2364879,0.91593462,0.89396489,2.0834553,1367,1.855516
720940,3108000,836000,515,2.0494961e+09,0.29975948,42.121483,23671.189,90437.164,3806.2844,86779.367,293117.69,15173610,6.1850799e+11,0.84712327,1.1103642,0.56969029,1.8741963,7.3709579,0.93295473,0.89622539,2.0636897,1367,1.8476312
720941,3108000,838000,522,2.0838191e+09,0.28569788,37.675209,22597.688,91825.898,5644.7266,81264.961,302748.09,15116683,6.1799603e+11,0.84174258,1.125784,0.5736264,1.8708502,7.4375014,0.94137722,0.89733291,2.0541728,1367,1.843986
720942,3108000,840000,529,2.1093222e+09,0.27160165,33.003441,21758.445,93090.219,7500.0068,79863.047,312399.41,15105237,6.1836401e+11,0.83522367,1.1401768,0.57688111,1.8670547,7.51052,0.95061934,0.89854002,2.0439239,1367,1.8400176
720943,3108000,842000,537,2.1339039e+09,0.24859861,28.048965,21169.551,94834.398,9371.7432,86884.602,328430.16,15221527,6.2542401e+11,0.82469636,1.166742,0.58560526,1.8642623,7.5528927,0.95598251,0.89923662,2.0380673,1367,1.8395556
720944,3108000,844000,542,2.1586711e+09,0.24038193,22.952286,20868.906,97192.766,11259.199,91739.172,335928.81,15379398,6.4146401e+11,0.81950194,1.1780044,0.56049639,1.8426979,7.8750014,0.99675238,0.90444154,1.9956076,1367,1.8199849
720945,3108000,846000,549,2.1859494e+09,0.2309722,17.839638,20880.26,100356.61,13161.504,97432.195,344861.84,15828588,6.8432803e+11,0.81204045,1.1947814,0.56423432,1.8370768,7.9569106,1.0071198,0.90574044,1.9853587,1367,1.8171778
720946,3108000,848000,557,2.216748e+09,0.22511093,12.863083,21215.172,102517.55,13058.661,102739.4,351774.88,16376003,7.3087602e+11,0.8024295,1.2193165,0.5724563,1.8347322,8.0044861,1.0131414,0.90649045,1.9795022,1367,1.8160219
720947,3108000,850000,563,2.2485094e+09,0.22372141,8.0911217,21762.855,102900.85,12897.541,106678.27,355384.53,16909544,7.7783197e+11,0.79603422,1.2333146,0.57862282,1.8327873,8.0405416,1.0177051,0.90705675,1.9751098,1367,1.8153251
720948,3108000,852000,572,2.2792934e+09,0.22346556,3.5317204,22448.088,102679.73,12736.42,110563.98,358013.78,17653338,8.36268e+11,0.78349233,1.266451,0.58787256,1.8295687,8.0952396,1.0246283,0.90791231,1.9685212,1367,1.8145546
720949,3108000,854000,578,2.3079485e+09,0.2235917,359.17258,23229.133,102156.88,12544.599,113578.12,360155.56,18397476,8.99872e+11,0.77434289,1.2863142,0.59465021,1.827661,8.1259499,1.0285153,0.90839088,1.9648609,1367,1.8145363
720950,3108000,856000,583,2.3330414e+09,0.22369386,354.98386,24074.994,101610.26,10850.629,122474.35,362025.47,19061574,9.5100397e+11,0.76629943,1.306011,0.59979421,1.8255674,8.1568937,1.032432,0.90887171,1.9612006,1367,1.8143903
720951,3108000,858000,588,2.3500869e+09,0.22323242,351.04114,24962.125,101102.67,8912.0352,130107.88,363720.91,19896834,1.018848e+12,0.75667816,1.3282982,0.60493827,1.8233604,8.1880751,1.0363786,0.90935493,1.9575403,1367,1.8143477
720952,3108000,860000,591,2.3545106e+09,0.22192754,347.07663,25759.205,100634.27,6956.896,134790.64,365131.81,20607442,1.073752e+12,0.74635351,1.3501049,0.60802472,1.8219817,8.2068977,1.038761,0.90964603,1.9553441,1367,1.8143721
720953,3108000,862000,582,2.3131991e+09,0.21697429,341.6228,25814.104,100205.63,4989.1826,137443.81,366022.09,20361598,1.043076e+12,0.74200779,1.341017,0.59876543,1.8259952,8.1506863,1.0316463,0.90877539,1.9619327,1367,1.8144113
720954,3108000,864000,555,2.2098284e+09,0.20768657,333.0069,24916.432,99817.359,3014.7271,143336.92,365662.12,18795900,9.0354398e+11,0.75217748,1.2757902,0.57098764,1.8358446,7.9865785,1.0108749,0.90620852,1.9816984,1367,1.8165289
720955,3108000,866000,525,2.0951903e+09,0.19931859,322.81577,24220.391,99421.008,1034.9181,142708.36,363448.41,17065100,7.5198798e+11,0.77687389,1.1936545,0.54067969,1.8435572,7.8061237,0.98803443,0.90334165,2.0043924,1367,1.8225095
786450,3110000,784000,45,1.6213539e+08,0.17467999,77.560623,3925.2197,29125.113,1050.1671,45994.699,107999.62,605323.12,1.0548e+10,0.62929291,0.92994857,0.10843374,1.5972253,4.2703357,0.54050368,0.8337245,2.8360176,1367,2.5553446
786451,3110000,786000,23,94683352,0.16926409,220.11572,2107.5767,22187.428,188.38168,42003.469,83841.555,187945.23,1.956e+09,0.90909094,0.56295794,0.25842696,1.5594805,3.070528,0.38864198,0.80001169,3.5534408,1367,2.984832
786474,3110000,832000,483,1.9285376e+09,0.33064425,53.837311,24739.092,82688.734,1177.1385,101520.62,270731.31,14583215,5.9286402e+11,0.86095721,1.031732,0.5451467,1.8853384,7.1257496,0.90191829,0.89208037,2.1002929,1367,1.8612485
786475,3110000,834000,504,2.0050561e+09,0.32775941,49.47773,23107.521,82801.539,2906.792,90359.758,277262.16,14681622,5.8245998e+11,0.84682381,1.0904678,0.56884873,1.8802022,7.2267218,0.91469854,0.89379954,2.0849195,1367,1.8583958
786476,3110000,836000,511,2.0522996e+09,0.30866614,45.168045,21761.232,84261.188,4671.5024,85290.477,289055.22,14472458,5.64792e+11,0.84577721,1.1039073,0.57222843,1.8772081,7.2956414,0.9234218,0.89496303,2.0746706,1367,1.8538462
786477,3110000,838000,523,2.0859496e+09,0.28054455,40.556377,20622.016,88743.57,6461.1792,83229.914,305672.19,14620924,5.7360397e+11,0.83739549,1.1304806,0.5715847,1.8694326,7.4686203,0.94531602,0.89784843,2.0497804,1367,1.8414776
786478,3110000,840000,530,2.1095548e+09,0.26191601,35.638065,19717.738,89998.477,8273.418,80171.188,318140.75,14643771,5.7598797e+11,0.82920426,1.1531399,0.54808688,1.8454906,7.8061237,0.98803443,0.90334165,2.0043924,1367,1.822331
786479,3110000,842000,535,2.1305944e+09,0.25465167,30.403156,19058.736,91562.312,10105.642,80375.656,324251.56,14660339,5.8157197e+11,0.82532817,1.1620896,0.54984581,1.8404996,7.8750014,0.99675238,0.90444154,1.9956076,1367,1.8198206
786480,3110000,844000,544,2.153055e+09,0.2464678,24.892687,18674.494,93703.969,11954.472,84551.016,331323.62,14991910,6.06556e+11,0.81603426,1.1867251,0.55909556,1.8383983,7.9274626,1.0033925,0.90527457,1.989019,1367,1.8180312
786481,3110000,846000,547,2.178249e+09,0.23717365,19.260923,18598.689,96599.609,13817.388,93703.281,339723.41,15081422,6.1710402e+11,0.81290555,1.1935117,0.56217885,1.8376186,7.9451051,1.0056255,0.90555382,1.9868228,1367,1.817507
786482,3110000,848000,554,2.2077763e+09,0.22825678,13.72663,18876.641,99821.305,15052.161,100244.66,348634.72,15592574,6.6338403e+11,0.80643815,1.2081783,0.56995887,1.8361468,7.9806271,1.0101216,0.90611476,1.9824305,1367,1.8166643
786483,3110000,850000,561,2.2399683e+09,0.22575761,8.4535694,19436.135,100721.84,14891.04,104628.32,353105.66,16194100,7.1576001e+11,0.79916602,1.2257092,0.57716048,1.8339378,8.0224733,1.0154182,0.90677321,1.977306,1367,1.815801
786484,3110000,852000,569,2.2720527e+09,0.22531925,3.4694943,20165.662,100684.84,14729.92,107872.67,355971.28,16921014,7.7512003e+11,0.78917795,1.2500407,0.58539093,1.8311454,8.070838,1.0215397,0.90753114,1.9714495,1367,1.8150586
786485,3110000,854000,573,2.2999939e+09,0.22540033,358.86679,21010.166,100240.23,13182.969,119704.31,358089.03,17484252,8.2207198e+11,0.78176451,1.2651908,0.58950615,1.8296418,8.0952396,1.0246283,0.90791231,1.9685212,1367,1.8147854
786486,3110000,856000,583,2.3213914e+09,0.22560322,354.63507,21921.332,99682.727,11186.039,123662.27,359589.06,18452640,8.9392402e+11,0.76622283,1.3088486,0.59979421,1.8255674,8.1568937,1.032432,0.90887171,1.9612006,1367,1.8143903
786487,3110000,858000,588,2.3385651e+09,0.22539273,350.55209,22875.119,99164.492,9188.0449,127618.94,361085.22,19249616,9.5667998e+11,0.75797611,1.3297573,0.60493827,1.8233604,8.1880751,1.0363786,0.90935493,1.9575403,1367,1.8143477
786488,3110000,860000,590,2.3486042e+09,0.22449717,346.51361,23829.947,98686.188,7188.832,133727.52,362580.47,19936020,1.011052e+12,0.74927342,1.3460404,0.60699588,1.8224458,8.200614,1.0379657,0.90954888,1.9560761,1367,1.8143598
786489,3110000,862000,585,2.3233554e+09,0.22117205,341.379,24211.338,98248.43,5189.6196,131818.12,363326.97,20071296,1.014956e+12,0.74433321,1.3426589,0.60185188,1.8246982,8.1693373,1.0340071,0.90906471,1.9597365,1367,1.8143609
786490,3110000,864000,558,2.2230333e+09,0.21166086,332.48297,23470.053,97852.391,3190.4075,142301.45,363293.5,18586960,8.8897598e+11,0.75293273,1.2788508,0.57407409,1.8349112,8.0044861,1.0131414,0.90649045,1.9795022,1367,1.8161467
786491,3110000,866000,528,2.1021793e+09,0.20266911,321.34732,22800.547,97457.18,1191.1951,141777.5,361032.28,16840258,7.3505997e+11,0.77441639,1.2006264,0.54320985,1.8424541,7.8289485,0.9909234,0.90370691,2.0014641,1367,1.8216021
851986,3112000,784000,51,1.9856614e+08,0.13737364,70.739929,8017.6069,41162.242,390.88937,68498.883,134773.91,798792.5,1.6724e+10,0.57803923,0.96410954,0.097514339,1.6372159,4.5189881,0.57197601,0.83979672,2.7349927,1367,2.4587717
851987,3112000,786000,43,1.513559e+08,0.16413158,81.059685,2307.345,26302.652,1096.4968,52014.746,107648.64,533460.44,8.6200003e+09,0.65448505,0.89707708,0.10361446,1.5927274,4.266933,0.54007298,0.83363962,2.8374817,1367,2.5599606
852009,3112000,830000,430,1.7217073e+09,0.33343127,65.555824,21892.971,76281.836,636.02197,104802.61,254730.78,11895094,4.2334801e+11,0.86353338,0.93078566,0.50588238,1.9100548,6.6687431,0.84407425,0.88406974,2.1756954,1367,1.8918786
852010,3112000,832000,470,1.8831295e+09,0.32663396,58.940182,21633.125,78342.508,2260.9526,99219.289,269162.38,13236757,4.9653599e+11,0.84886813,1.0190488,0.54714787,1.904355,6.8786139,0.87063789,0.88779652,2.1398244,1367,1.877789
852011,3112000,834000,502,1.9960228e+09,0.31321028,53.359329,21223.436,80182.641,3930.0918,94593.133,282989.09,14191003,5.4466e+11,0.8419416,1.0910636,0.56341189,1.8801124,7.2413807,0.91655391,0.89404768,2.0827234,1367,1.8558118
852012,3112000,836000,513,2.0479529e+09,0.29484662,48.879337,19948.92,80595.906,5636.1685,90287.281,295438.34,14190669,5.3819598e+11,0.83846551,1.1139053,0.54171067,1.8585105,7.6011367,0.96208888,0.90002626,2.0314789,1367,1.8308836
852013,3112000,838000,524,2.0821276e+09,0.27947891,44.171947,18752.285,84190.789,7376.3643,84887.078,305973.69,14187282,5.31744e+11,0.83181292,1.1434895,0.54300517,1.8470098,7.7664986,0.98301899,0.90270573,2.009517,1367,1.8238518
852014,3112000,840000,528,2.1058176e+09,0.26744139,39.048256,17767.803,86920.719,9143.2949,76218.07,314558.19,14046405,5.2483601e+11,0.82884109,1.1513087,0.5437693,1.8430136,7.8232298,0.99019957,0.90361547,2.0021963,1367,1.8217735
852015,3112000,842000,535,2.1249938e+09,0.26018763,33.465691,17007.359,88335.422,10933.132,77053.602,320361.59,14188279,5.3812399e+11,0.823704,1.1660844,0.54984581,1.8404996,7.8750014,0.99675238,0.90444154,1.9956076,1367,1.8198206
852016,3112000,844000,538,2.1456961e+09,0.25213584,27.439081,16517.824,90263.609,12619.965,80773.766,327018.06,14175034,5.4060401e+11,0.82289743,1.1699826,0.55349797,1.8403808,7.8865991,0.99822032,0.90462601,1.9941435,1367,1.8193815
852017,3112000,846000,543,2.1692705e+09,0.24302267,21.14959,16342.356,92900.836,13455.119,89159.617,334917.91,14344805,5.5561198e+11,0.81859016,1.1794908,0.55864197,1.8391792,7.9157443,1.0019093,0.90508884,1.9904832,1367,1.8184216
852018,3112000,848000,549,2.1971215e+09,0.23261981,14.878644,16529.875,96476.602,14396.474,96056.305,344515.41,14774216,5.9490802e+11,0.81277174,1.1925789,0.56481481,1.8375915,7.9510036,1.0063721,0.9056471,1.9860908,1367,1.8174026
852019,3112000,850000,561,2.2283238e+09,0.22755812,8.9940319,17084.111,98385.812,15428.781,110064.61,350790.56,15648322,6.6329202e+11,0.79683602,1.2332298,0.57716048,1.8339378,8.0224733,1.0154182,0.90677321,1.977306,1367,1.815801
852020,3112000,852000,565,2.2547758e+09,0.22649124,3.8174081,17858.824,98636.914,15252.666,114763.75,353696.62,16098747,7.0186002e+11,0.79290777,1.241922,0.5812757,1.8325773,8.0465832,1.0184697,0.90715146,1.9743778,1367,1.8153971
852021,3112000,854000,573,2.2804045e+09,0.22641654,358.97626,18758.617,98318.703,13261.921,119217.67,355759.75,16900700,7.64024e+11,0.78300321,1.2664005,0.58890033,1.8291887,8.1013632,1.0254034,0.90800786,1.9677892,1367,1.8144895
852022,3112000,856000,578,2.3038574e+09,0.22670278,354.41302,19738.111,97758.102,11274.451,122501.15,357358.66,17692228,8.3193201e+11,0.77402508,1.2853308,0.59403908,1.8272213,8.1321201,1.0292963,0.90848684,1.9641289,1367,1.8142251
852023,3112000,858000,583,2.3234898e+09,0.22671655,350.05286,20764.787,97228.82,9289.6006,126498.91,358867.16,18481748,8.9430799e+11,0.76486123,1.3069633,0.59979421,1.8255674,8.1568937,1.032432,0.90887171,1.9612006,1367,1.8143903
852024,3112000,860000,589,2.3375329e+09,0.22614166,345.83139,21822.246,96740.227,7304.7661,131187.52,360407.25,19348320,9.5617201e+11,0.75166601,1.3422705,0.6059671,1.8229054,8.1943398,1.0371715,0.90945184,1.9568082,1367,1.8143517
852025,3112000,862000,585,2.3244334e+09,0.22389615,340.82724,22461.697,96293.469,5319.9316,136916.69,361193.72,19589470,9.7070003e+11,0.7472837,1.3409302,0.60185188,1.8246982,8.1693373,1.0340071,0.90906471,1.9597365,1367,1.8143609
852026,3112000,864000,559,2.2372585e+09,0.2151041,332.10828,22042.242,95888.867,3335.0974,141524.83,361525.28,18311684,8.6817997e+11,0.75570816,1.2781854,0.57510287,1.8345912,8.0104723,1.0138992,0.90658462,1.9787701,1367,1.8160274
852027,3112000,866000,529,2.1098936e+09,0.20525329,319.92188,21401.879,95504.414,1350.2632,142069.86,359410,16575627,7.1675203e+11,0.77493268,1.2019014,0.54423869,1.8422664,7.8346758,0.99164826,0.9037984,2.0007322,1367,1.821362
917523,3114000,786000,54,2.0467893e+08,0.1416602,70.410271,7357.2544,38293.219,1378.2123,70729.492,134746.53,852407.25,1.8096001e+10,0.58001399,0.96473873,0.094240837,1.4367133,4.9060931,0.62097263,0.84877419,2.5980966,1367,2.5484958
917524,3114000,788000,37,1.2515968e+08,0.17571063,41.221947,2925.896,23487.314,444.72791,47356.508,94610.234,408088.66,5.944e+09,0.73273271,0.67681891,0.1,1.543587,4.1819611,0.52931792,0.83150297,2.8748169,1367,2.6254208
917544,3114000,828000,383,1.537527e+09,0.40332958,78.176155,20070.238,59331.977,373.81375,92277.398,218870.02,9793339,3.02308e+11,0.88567793,0.83640558,0.4653706,1.9177111,6.3485489,0.80354667,0.87821555,2.2349927,1367,1.9225304
917545,3114000,830000,413,1.6611218e+09,0.32671934,73.960266,18428.389,70106.531,1878.3999,95141.094,252765.77,10371818,3.2163601e+11,0.86839134,0.90713745,0.49284008,1.9172301,6.5265093,0.82607144,0.88149518,2.2013178,1367,1.9032451
917546,3114000,832000,448,1.7909185e+09,0.29860497,67.121277,18245.715,73663.68,3437.2913,99024.992,274532.88,11627874,3.9057202e+11,0.84487855,0.98812586,0.49393606,1.8916043,7.0091634,0.88716179,0.89007312,2.1185944,1367,1.8638359
917547,3114000,834000,486,1.9414737e+09,0.29895049,59.292637,18833.469,76444.344,5045.6211,100361.49,285674.22,13076966,4.7207599e+11,0.8385728,1.0589983,0.51978612,1.866564,7.4015217,0.93682325,0.89673495,2.0592973,1367,1.8413091
917548,3114000,836000,509,2.0294548e+09,0.29844666,53.686596,18239.039,77747.922,6696.0127,92223.234,292321.84,13690715,4.9967999e+11,0.83422798,1.1117753,0.53748679,1.8584074,7.5849872,0.96004474,0.89976233,2.033675,1367,1.8316808
917549,3114000,838000,518,2.0729317e+09,0.29412112,48.752453,17041.686,78630.93,8380.9932,84221.117,297600.97,13653740,4.9246801e+11,0.83248323,1.1303554,0.54354668,1.8540874,7.6664295,0.97035307,0.90108925,2.0226941,1367,1.827976
917550,3114000,840000,526,2.0994237e+09,0.27338392,43.409531,15920.029,83603.625,9400.6934,78829.719,310647.97,13644304,4.9178001e+11,0.83233023,1.1431243,0.54226804,1.8439384,7.8061237,0.98803443,0.90334165,2.0043924,1367,1.8224322
917551,3114000,842000,530,2.1177592e+09,0.26532948,37.448105,15032.073,85155.969,10023.106,72210.07,316701.75,13627432,4.95396e+11,0.83055246,1.1479115,0.54526746,1.8420745,7.8404112,0.99237424,0.90389001,2,1367,1.8211259
917552,3114000,844000,537,2.1369414e+09,0.257471,30.820675,14413.952,86876.453,10788.115,76664.844,322951.34,13764748,5.0553599e+11,0.82179189,1.1716976,0.55246913,1.8406079,7.880796,0.99748582,0.90453374,1.9948756,1367,1.8195854
917553,3114000,846000,544,2.1587914e+09,0.24855663,23.720091,14118.805,89260.156,11678.571,90065.945,330367.69,14062399,5.2817599e+11,0.81566864,1.1876945,0.55967081,1.8389256,7.9215989,1.0026503,0.90518165,1.9897511,1367,1.8182417
917554,3114000,848000,547,2.1772969e+09,0.23817167,16.981405,14224.298,92532.789,12672.846,100929.49,338936.81,14206956,5.41984e+11,0.81266451,1.1939073,0.56217885,1.8376186,7.9451051,1.0056255,0.90555382,1.9868228,1367,1.817507
917555,3114000,850000,553,2.2010017e+09,0.22920525,10.598518,14732.761,95783.133,13761.175,108474.37,347378.44,14780103,5.9410403e+11,0.80732894,1.2060132,0.56834531,1.8359399,7.9806271,1.0101216,0.90611476,1.9824305,1367,1.8165675
917556,3114000,852000,559,2.2283218e+09,0.22710247,4.7101188,15526.787,96507.211,14936.303,113981.36,351142.16,15345397,6.4006003e+11,0.80015516,1.2245041,0.57510287,1.8345912,8.0104723,1.0138992,0.90658462,1.9787701,1367,1.8160274
917557,3114000,854000,566,2.2559949e+09,0.22681454,359.29599,16479.961,96360.711,13505.1,117420.06,353539.97,16097645,7.0194397e+11,0.79186964,1.2444865,0.58230454,1.832226,8.0526333,1.0192355,0.90724623,1.9736457,1367,1.8153064
917558,3114000,856000,570,2.2821151e+09,0.22709486,354.28336,17529.736,95836.562,11520.266,121797.62,355361.25,16729957,7.52748e+11,0.78434312,1.2595756,0.58641976,1.8307762,8.0769243,1.0223101,0.90762633,1.9707174,1367,1.8149842
917559,3114000,858000,576,2.304798e+09,0.22732341,349.57513,18634.727,95295.805,9535.4307,125483.65,356943.34,17623828,8.2351201e+11,0.77606279,1.2801437,0.5925926,1.8284669,8.1136379,1.0269569,0.90819919,1.966325,1367,1.8146236
917560,3114000,860000,581,2.3220462e+09,0.22699377,345.08316,19774.096,94797.031,7550.5967,130631.2,358536.5,18394466,8.77796e+11,0.76585555,1.3040298,0.5977366,1.8264184,8.1444883,1.0308617,0.90867913,1.9626647,1367,1.8144363
917561,3114000,862000,583,2.3165317e+09,0.22516991,339.96759,20589.326,94340.555,5565.7622,135233.12,359557.94,19030122,9.2072398e+11,0.75347918,1.3317304,0.59979421,1.8255674,8.1568937,1.032432,0.90887171,1.9612006,1367,1.8143903
917562,3114000,864000,567,2.2508644e+09,0.21776696,331.98376,20614.461,93926.883,3580.9277,142632.64,360399.03,18443740,8.70292e+11,0.75577241,1.2963721,0.58333331,1.8318703,8.058692,1.0200024,0.90734112,1.9729136,1367,1.8152198
917563,3114000,866000,530,2.1155777e+09,0.20650625,318.75323,19976.471,93555.305,1596.0934,147632.48,358800.31,16388780,7.0678e+11,0.77471912,1.2043968,0.54526746,1.8420745,7.8404112,0.99237424,0.90389001,2,1367,1.8211259
983059,3116000,786000,62,2.383775e+08,0.16204034,77.824158,9651.415,36748.984,330.67502,68267.938,135964.64,1098132.9,2.5284e+10,0.56689584,1.0143882,0.10782608,1.4535055,4.9309402,0.62411749,0.84933227,2.590044,1367,2.5288675
983060,3116000,788000,53,2.0645114e+08,0.1424688,64.832916,7976.7017,35416.285,1629.1461,73781.711,134944.03,815349.12,1.6996e+10,0.62772131,0.83765215,0.098330244,1.4206688,4.8286753,0.61117369,0.84702188,2.623719,1367,2.5800059
983061,3116000,790000,30,1.0086402e+08,0.16240138,29.297703,4674.4136,20710.721,84.64502,50248.469,88344.234,282514.78,3.572e+09,0.87356323,0.44453859,0.081521742,1.5248196,4.167316,0.52746427,0.83113146,2.8814056,1367,2.64519
983079,3116000,826000,366,1.468934e+09,0.19046563,83.493248,19283.447,81745.477,381.45071,193113.84,311313.38,9730448,3.1684402e+11,0.84138036,0.82572287,0.33701658,1.4657266,8.3606567,1.0582227,0.91200572,1.9377745,1367,2.0521924
983080,3116000,828000,382,1.5323745e+09,0.38076067,86.259933,17920.986,52428.355,1760.645,83970.773,224885.45,9365284,2.7568e+11,0.87132239,0.85692805,0.43958575,1.9030483,6.5344734,0.82707942,0.88164037,2.1998537,1367,1.9062744
983081,3116000,830000,399,1.5961992e+09,0.36588684,83.975761,16254.184,54799.141,3200.8022,81784.227,234139.72,9525625,2.7509601e+11,0.86395639,0.89454502,0.45135745,1.9002298,6.6687431,0.84407425,0.88406974,2.1756954,1367,1.8929917
983082,3116000,832000,417,1.6789317e+09,0.30958331,79.251129,15212.006,66278.797,4697.8062,91805.32,261055.39,9817905,2.8373601e+11,0.86131477,0.9210909,0.46592179,1.8979212,6.7956862,0.86014163,0.88633394,2.1537335,1367,1.8810791
983083,3116000,834000,456,1.8159313e+09,0.29996097,70.33683,15454.089,71114.25,6245.3945,95856.578,275817.78,11246351,3.5792801e+11,0.83953154,1.0063758,0.49945235,1.888425,7.0786529,0.89595717,0.89127237,2.1076136,1367,1.8591008
983084,3116000,836000,498,1.9913349e+09,0.29795766,60.01733,16545.527,75246.102,6668.6968,98137.297,289800.97,13039297,4.5904e+11,0.83859783,1.080542,0.52642709,1.8603824,7.5210686,0.95195448,0.89871371,2.0424597,1367,1.8349093
983085,3116000,838000,514,2.0538301e+09,0.29887527,54.600357,15446.823,75415.961,6978.6987,87644.594,293861.16,13238569,4.5933199e+11,0.83204013,1.1252848,0.54334038,1.857982,7.6065354,0.96277219,0.90011442,2.0307467,1367,1.8307645
983086,3116000,840000,524,2.0896188e+09,0.29047588,48.991203,14226.475,77186.352,7483.3423,79355.555,300665.38,13218597,4.521e+11,0.82946301,1.1469181,0.5498426,1.8528856,7.6994982,0.97453862,0.9016251,2.0183017,1367,1.826673
983087,3116000,842000,529,2.108926e+09,0.27039,42.700794,13166.875,81943.398,8159.7178,72630.93,313069.16,13234492,4.5720001e+11,0.82669562,1.1559491,0.54479915,1.8428237,7.8289485,0.9909234,0.90370691,2.0014641,1367,1.8215363
983088,3116000,844000,533,2.1192195e+09,0.26231003,35.924725,12446.058,83536.672,8983.0195,80440.703,318629.09,13267492,4.63184e+11,0.8251633,1.1642181,0.54779035,1.8409183,7.8634377,0.99528867,0.90425736,1.9970717,1367,1.8202623
983089,3116000,846000,535,2.1295256e+09,0.2533536,28.613489,12052.358,85675.688,9930.7627,88952.109,324999.59,13306368,4.7119601e+11,0.82581818,1.1636189,0.54984581,1.8404996,7.8750014,0.99675238,0.90444154,1.9956076,1367,1.8198206
983090,3116000,848000,539,2.145008e+09,0.24308154,20.859499,12012.577,88644.148,10985.71,97760.484,332999.38,13534722,4.9238399e+11,0.82312697,1.1698298,0.55452675,1.8401493,7.8924112,0.99895591,0.9047184,1.9934114,1367,1.8191814
983091,3116000,850000,545,2.1672929e+09,0.23152889,13.221643,12396.062,92628.375,12135.433,106727.77,342973.97,14050284,5.3807199e+11,0.81802481,1.181394,0.56069958,1.8386676,7.9274626,1.0033925,0.90527457,1.989019,1367,1.8180658
983092,3116000,852000,551,2.1957455e+09,0.22722712,6.2336159,13174.909,94243.633,13380.915,112190.77,348470.38,14648788,5.8747598e+11,0.8110081,1.1990489,0.56687242,1.837027,7.9628267,1.0078685,0.9058339,1.9846267,1367,1.8170952
983093,3116000,854000,559,2.2258478e+09,0.22651693,359.97601,14170.97,94354.125,13750.93,116351.57,351400.47,15405310,6.4721597e+11,0.80163628,1.2217908,0.57510287,1.8345912,8.0104723,1.0138992,0.90658462,1.9787701,1367,1.8160274
983094,3116000,856000,565,2.2546627e+09,0.2263651,354.37274,15290.327,93918.391,11766.096,122626.92,353786.28,16063052,6.9486399e+11,0.79421955,1.2397076,0.5812757,1.8325773,8.0465832,1.0184697,0.90715146,1.9743778,1367,1.8153971
983095,3116000,858000,568,2.2788877e+09,0.22626528,349.35733,16470.76,93366.297,9781.2607,129102.41,355760.25,16733425,7.5065603e+11,0.78757113,1.2530465,0.58436215,1.8315102,8.0647602,1.0207704,0.90743607,1.9721816,1367,1.8151371
983096,3116000,860000,575,2.2957565e+09,0.2263042,344.81982,17672.396,92856.477,7796.4268,133256.94,357043.84,17639856,8.15328e+11,0.77521586,1.2817894,0.59156376,1.828863,8.1074953,1.0261796,0.90810347,1.9670571,1367,1.8146734
983097,3116000,862000,576,2.2946043e+09,0.22514904,339.77402,18631.135,92389.656,5811.5923,137692,357868.75,18240942,8.58224e+11,0.76663041,1.2991872,0.59320289,1.8289052,8.1074953,1.0261796,0.90810347,1.9670571,1367,1.8149351
983098,3116000,864000,564,2.2495649e+09,0.22026692,332.65637,19023.559,91966.539,3826.7581,140365.05,358244.5,17968184,8.3389999e+11,0.76720458,1.2735918,0.58264464,1.8347641,8.016468,1.0146581,0.90667886,1.9780381,1367,1.8166301
983099,3116000,866000,530,2.1120733e+09,0.20832318,318.41431,18395.066,91587.008,1841.9236,147154.23,356936.22,16147786,6.8961999e+11,0.78073263,1.195567,0.54752064,1.8442551,7.8175197,0.9894768,0.9035241,2.0029283,1367,1.8218706
1048596,3118000,788000,63,2.4320395e+08,0.16363142,79.113953,9250.8203,33871.238,638.31476,69999.07,136664.88,1073807.5,2.362e+10,0.59293395,0.95447624,0.10956522,1.4557257,4.9332113,0.62440497,0.84938318,2.5893118,1367,2.5264921
1048597,3118000,790000,55,2.1267341e+08,0.17787257,61.983379,8967.1797,32529.043,1433.0596,63759.371,122576.45,823944.94,1.6423999e+10,0.66397309,0.7614429,0.10185185,1.423354,4.837399,0.61227787,0.84722036,2.6207907,1367,2.5759087
1048598,3118000,792000,34,1.1470881e+08,0.14293376,35.138927,6575.2271,31376.363,26.899977,64768.305,100423.63,353775.12,5.088e+09,0.73975044,0.43461302,0.078160919,1.5542938,4.3272734,0.54771036,0.83513772,2.8118594,1367,2.5771432
1048614,3118000,824000,357,1.4292111e+09,0.18984297,87.186127,18305.705,75154.586,623.68524,184522.8,307578.44,9880705,3.37404e+11,0.78196895,0.84129262,0.31648937,1.4121554,8.5817318,1.0862045,0.91534442,1.9136164,1367,2.0775514
1048615,3118000,826000,358,1.4311512e+09,0.39676321,95.9114,18535.301,48402.098,1883.7567,83267.273,212903.11,8912595,2.65692e+11,0.86825347,0.82235086,0.40914285,1.8920662,6.4673924,0.81858891,0.88041306,2.2122986,1367,1.9204131
1048616,3118000,828000,374,1.4840512e+09,0.3969467,95.885658,16730.615,47889.418,3207.239,78577.695,216752.08,8970268,2.57368e+11,0.86348581,0.85504621,0.42742857,1.897607,6.530489,0.8265751,0.88156778,2.2005856,1367,1.9096807
1048617,3118000,830000,380,1.5336109e+09,0.3916336,94.993446,15099.957,48016.852,4589.0342,75871.125,221831.16,8771762,2.4276001e+11,0.87479514,0.84637737,0.43378997,1.8989486,6.5584822,0.8301183,0.88207746,2.1954613,1367,1.9057357
1048618,3118000,832000,398,1.5901528e+09,0.37591189,92.903145,13619.124,50094.93,4707.1182,76962.992,230558.61,8981261,2.43372e+11,0.86214447,0.89308596,0.44971752,1.8996044,6.6687431,0.84407425,0.88406974,2.1756954,1367,1.8933133
1048619,3118000,834000,421,1.6728389e+09,0.31977654,87.752907,12542.376,60943.422,4572.6982,87167.328,256394.5,9445635,2.5726801e+11,0.85665649,0.93464375,0.47039106,1.8984512,6.8129783,0.86233026,0.88664001,2.1508052,1367,1.8791462
1048620,3118000,836000,460,1.8349125e+09,0.29997891,74.945564,13013.991,68692.93,4681.3232,94948.461,277247.25,11024452,3.4054e+11,0.83715069,1.0148548,0.50273222,1.8875453,7.1068358,0.89952433,0.89175636,2.1032212,1367,1.8571289
1048621,3118000,838000,506,2.015298e+09,0.29925251,62.362293,13928.072,72734.828,5024.7046,93246.562,290908,12858626,4.3475999e+11,0.83234847,1.1072533,0.53431892,1.8588704,7.5689058,0.9580093,0.89949912,2.0358713,1367,1.8324479
1048622,3118000,840000,517,2.0670042e+09,0.29811066,56.503799,12821.949,73246.734,5582.9478,92014.078,295179.94,12895980,4.3005601e+11,0.83511013,1.1271676,0.5424974,1.854272,7.6609454,0.96965897,0.9010002,2.0234261,1367,1.8282075
1048623,3118000,842000,521,2.0774989e+09,0.27810502,50.988735,11716.562,77780.312,6320.4331,83983.906,306387.41,12750626,4.2140801e+11,0.83678579,1.1351037,0.53989637,1.8475435,7.7496395,0.98088509,0.90243447,2.011713,1367,1.824586
1048624,3118000,844000,522,2.0815034e+09,0.26613057,44.328049,10832.478,80255.297,7208.1836,80650.742,313506.19,12671861,4.2372399e+11,0.83895546,1.1309448,0.53814435,1.8446287,7.7834315,0.9851622,0.90297776,2.0073206,1367,1.8234423
1048625,3118000,846000,523,2.0904257e+09,0.25717643,36.293297,10215.05,82154.141,8220.3799,85296.148,319599.97,12658363,4.29504e+11,0.84214997,1.125649,0.53806585,1.8433262,7.8004384,0.98731476,0.90325058,2.0051246,1367,1.8228624
1048626,3118000,848000,529,2.104929e+09,0.24697818,27.192457,9951.9102,84821.789,9337.9072,92444.602,327261.09,12958361,4.5399998e+11,0.8379733,1.1365923,0.54423869,1.8422664,7.8346758,0.99164826,0.9037984,2.0007322,1367,1.821362
1048627,3118000,850000,534,2.1243439e+09,0.23453461,17.997032,10148.725,88554.906,10562.823,108033.09,337375.78,13267393,4.7930399e+11,0.83169961,1.1507739,0.54938269,1.8412628,7.8634377,0.99528867,0.90425736,1.9970717,1367,1.8202217
1048628,3118000,852000,539,2.1480712e+09,0.22606905,9.9377079,10850.178,91737.008,11892.89,115620.14,345548.28,13737912,5.2107602e+11,0.82755482,1.1594443,0.55452675,1.8401493,7.8924112,0.99895591,0.9047184,1.9934114,1367,1.8191814
1048629,3118000,854000,547,2.176478e+09,0.22464924,2.8053391,11849.815,92275.906,13317.197,119947.44,348923,14446515,5.7494399e+11,0.81982309,1.178687,0.5644995,1.8396585,7.9215989,1.0026503,0.90518165,1.9897511,1367,1.8184202
1048630,3118000,856000,552,2.2055452e+09,0.22477651,356.49689,13002.122,92000.711,12011.926,124134.66,351145.78,15099275,6.27024e+11,0.81261998,1.1949592,0.57024795,1.8387014,7.9451051,1.0056255,0.90555382,1.9868228,1367,1.8179435
1048631,3118000,858000,558,2.2326492e+09,0.22539027,350.82309,14234.509,91439.961,10027.092,127776.66,352815.47,15861963,6.8408797e+11,0.80188286,1.2173854,0.57644629,1.8368133,7.9806271,1.0101216,0.90611476,1.9824305,1367,1.8172132
1048632,3118000,860000,566,2.2554171e+09,0.22563772,345.59448,15506.747,90918.492,8042.2568,131625.69,354415.34,16817592,7.5250002e+11,0.78946185,1.247419,0.58471072,1.8340452,8.0284872,1.0161793,0.90686762,1.9765739,1367,1.8164685
1048633,3118000,862000,570,2.2642117e+09,0.22493111,340.20413,16632.223,90440.898,6057.4229,135672.52,355663,17574242,8.0442799e+11,0.78022999,1.2696435,0.58884299,1.8325533,8.0526333,1.0192355,0.90724623,1.9736457,1367,1.8161947
1048634,3118000,864000,562,2.2402693e+09,0.22197264,333.4982,17327.027,90007.938,4072.5881,133245.61,356127.31,17591352,8.0139197e+11,0.77752614,1.2625085,0.58057851,1.8354652,8.0044861,1.0131414,0.90649045,1.9795022,1367,1.8168081
1048635,3118000,866000,531,2.1100204e+09,0.20968762,318.61368,16831.322,89620.117,2087.7539,147509.41,355600.09,16027561,6.8103202e+11,0.78675336,1.1924199,0.55140185,1.8466183,7.7947612,0.98659623,0.90315956,2.0058565,1367,1.8227301
1048636,3118000,868000,486,1.9464196e+09,0.1977649,298.68579,17067.207,89261,102.91951,151171.91,351680.72,13532864,4.91008e+11,0.83399093,1.064791,0.50572318,1.8532559,7.5369473,0.95396423,0.89897484,2.0402637,1367,1.8362585
1114133,3120000,790000,62,2.4408939e+08,0.18142883,78.968651,9431.0029,31193.023,527.36609,64307.117,130024.81,997258.38,2.0452e+10,0.64727658,0.82896703,0.11502783,1.4384454,4.8505445,0.61394167,0.84751898,2.6163983,1367,2.5602596
1114134,3120000,792000,61,2.2981054e+08,0.19181113,64.807808,9032.3496,29628.189,1526.0161,62266.316,122702.38,884464.31,1.6592e+10,0.68907106,0.73414749,0.11317254,1.4362831,4.8483486,0.61366373,0.84746915,2.6171303,1367,2.5625663
1114135,3120000,794000,52,1.899595e+08,0.19991338,47.748466,9314.6777,28494.611,279.83203,58681.391,109273.41,663701.69,1.1044e+10,0.73076922,0.54554856,0.096834265,1.4149772,4.8243251,0.61062306,0.84692281,2.6251831,1367,2.5860481
1114149,3120000,822000,345,1.3853458e+09,0.20354678,91.583946,17784.418,68465.141,1076.3634,171042.47,292450.19,9770377,3.3886002e+11,0.74330974,0.84161472,0.30530974,1.3995845,8.5135145,1.0775701,0.91432083,1.9209371,1367,2.094243
1114150,3120000,824000,340,1.3658144e+09,0.1754925,100.98686,18076.082,77812.805,2222.4661,188332.47,312731.41,8925845,2.8846001e+11,0.82811034,0.80582196,0.31164071,1.4404813,8.2258081,1.0411545,0.90993792,1.9531479,1367,2.0855248
1114151,3120000,826000,342,1.3721085e+09,0.40614799,105.87099,17645.584,45315.488,3431.8865,78394.062,206042.59,8331847,2.43876e+11,0.86685187,0.79958963,0.39085713,1.885246,6.4055033,0.81075549,0.8792724,2.2240117,1367,1.9323356
1114152,3120000,828000,348,1.4066822e+09,0.40736115,107.20368,16029.074,44144.734,3858.7822,75270.695,208311.45,8173070.5,2.29596e+11,0.87180763,0.800466,0.39771429,1.8879547,6.4285727,0.8136754,0.87969851,2.2196193,1367,1.927724
1114153,3120000,830000,360,1.4464783e+09,0.40497378,107.97669,14500.01,43427.324,3158.1658,74157.727,211859.25,8179878,2.2114401e+11,0.86765707,0.82445455,0.4104903,1.8919201,6.4830518,0.82057095,0.88070035,2.2093704,1367,1.9186621
1114154,3120000,832000,376,1.4975868e+09,0.39870095,107.82265,13037.353,43450.613,2725.5271,73222.578,217258.77,8334834,2.19328e+11,0.86731917,0.85318178,0.42873433,1.8973688,6.5464559,0.82859612,0.88185865,2.1976573,1367,1.9079993
1114155,3120000,834000,393,1.5621531e+09,0.38534245,106.17728,11626.941,44994.992,2572.7234,74581.031,225706.11,8530419,2.1935201e+11,0.8644259,0.88302583,0.4481186,1.9017775,6.6151958,0.83729661,0.88310522,2.1852124,1367,1.8979518
1114156,3120000,836000,413,1.6490707e+09,0.3402774,100.86417,10497.4,53337.102,2695.325,90937.5,246778.89,8928360,2.3086e+11,0.86377209,0.91657895,0.46352413,1.8997965,6.7570987,0.85525757,0.88564897,2.1603222,1367,1.8840944
1114157,3120000,838000,459,1.8287245e+09,0.29855552,82.015244,11406.091,66485.016,3083.7747,105235.61,277438.38,10795652,3.2407201e+11,0.84648609,1.003714,0.50218821,1.8879834,7.0974169,0.89833212,0.89159477,2.1046853,1367,1.857744
1114158,3120000,840000,496,1.9923706e+09,0.29840109,67.857391,12146.329,70305.75,3703.9624,100465.44,289660.84,12228418,3.9620402e+11,0.85364938,1.0677429,0.52431291,1.8606017,7.51052,0.95061934,0.89854002,2.0439239,1367,1.8355014
1114159,3120000,842000,507,2.0237757e+09,0.29224411,62.379951,10985.177,71363.859,4510.9199,90622.07,294994.03,12232570,3.9056399e+11,0.85457355,1.0912842,0.53256303,1.8563627,7.6011367,0.96208888,0.90002626,2.0314789,1367,1.8309728
1114160,3120000,844000,507,2.0198349e+09,0.26779002,57.148582,9957.9922,76808.094,5470.0132,86473.734,307868.81,12028602,3.8486399e+11,0.85946161,1.0828145,0.5226804,1.8465933,7.6994982,0.97453862,0.9016251,2.0183017,1367,1.8278002
1114161,3120000,846000,509,2.0218885e+09,0.25833398,50.060497,9134.2275,78682.883,6551.4766,88212.008,313612.06,12007720,3.898e+11,0.862692,1.0867113,0.52528381,1.8469795,7.7050371,0.97523969,0.90171468,2.0175695,1367,1.827299
1114162,3120000,848000,510,2.0316941e+09,0.24848467,40.960747,8558.6885,81065.727,7748.4429,94478.734,320541.53,11947028,3.9078799e+11,0.86527985,1.0819862,0.52631581,1.8468682,7.7105846,0.97594184,0.90180439,2.0168376,1367,1.8269912
1114163,3120000,850000,514,2.0494958e+09,0.23726641,30.234253,8379.5117,84433.352,9065.1504,103812.48,329465.78,12194343,4.1322401e+11,0.86548191,1.0842478,0.53099173,1.8469522,7.7272739,0.97805429,0.90207392,2.0146413,1367,1.8259511
1114164,3120000,852000,524,2.0762721e+09,0.22534825,19.150463,8749.04,88765.844,10491.641,112685.77,340267.09,12844679,4.6111198e+11,0.8533417,1.1104685,0.54413289,1.8480523,7.7552509,0.9815954,0.90252477,2.0109811,1367,1.8242627
1114165,3120000,854000,530,2.1103336e+09,0.22225972,9.1749964,9614.373,90083.766,12011.858,118425.3,345422.09,13395628,5.0451599e+11,0.84791523,1.1210824,0.55265903,1.8487868,7.7664986,0.98301899,0.90270573,2.009517,1367,1.8238978
1114166,3120000,856000,538,2.1456223e+09,0.22219269,0.72056389,10739.289,90043.289,12257.756,122869.43,348350.69,14129387,5.5886401e+11,0.83831418,1.1417122,0.56100106,1.8468379,7.8118176,0.98875505,0.90343285,2.0036604,1367,1.8224486
1114167,3120000,858000,547,2.1793592e+09,0.222955,353.51059,12001.677,89516.859,10272.922,126608.55,350477.97,15004830,6.2039202e+11,0.82672054,1.1667682,0.57038581,1.8443027,7.8634377,0.99528867,0.90425736,1.9970717,1367,1.8211315
1114168,3120000,860000,554,2.2087959e+09,0.2235875,347.18045,13329.726,88983.25,8288.0869,131179.48,352337.59,15866353,6.8144798e+11,0.81414795,1.193647,0.58193278,1.8455828,7.8576684,0.99455845,0.90416539,1.9978038,1367,1.8229473
1114169,3120000,862000,558,2.2286106e+09,0.22346376,341.25882,14627.271,88494.438,6303.2529,135409.19,354012.41,16578141,7.2925197e+11,0.80688918,1.2051152,0.63193655,1.8578312,7.4790516,0.94663632,0.89802086,2.0483162,1367,1.8625358
1114170,3120000,864000,554,2.2122079e+09,0.22116448,333.82968,15390.538,88051.258,4318.4185,130016.07,354535.88,16807290,7.39216e+11,0.80068678,1.2044084,0.6274066,1.8600867,7.4582186,0.94399947,0.89767629,2.0512445,1367,1.8618895
1114171,3120000,866000,528,2.1090225e+09,0.21066189,319.68826,15277.417,87654.719,2333.5842,147630.38,354692.94,15684339,6.5597597e+11,0.8047266,1.1496487,0.60000002,1.8728279,7.3105812,0.92531276,0.89521414,2.0724745,1367,1.8615456
1114172,3120000,868000,483,1.9343588e+09,0.19743024,296.5282,15513.192,87271.75,348.74976,150956.06,350886.47,13243898,4.7417999e+11,0.8476156,1.0278879,0.54886365,1.887224,7.0927162,0.89773721,0.89151406,2.1054173,1367,1.8643525
1179670,3122000,792000,64,2.4621451e+08,0.18787593,85.407715,9230.2734,31265.953,30.108007,65084.195,128329.41,1014988.5,1.9988001e+10,0.64583331,0.80422813,0.11873841,1.4427128,4.8549418,0.61449826,0.84761876,2.6149342,1367,2.5557027
1179671,3122000,794000,67,2.5322216e+08,0.18595105,70.202797,8722.623,28437.277,1141.1011,62283.055,130814.68,930299.69,1.6312001e+10,0.70872909,0.68090063,0.12430426,1.4489739,4.8615532,0.61533511,0.8477686,2.6127379,1367,2.549005
1179672,3122000,796000,74,2.8116346e+08,0.096934408,37.968082,11277.483,53260.75,830.45001,121320.41,190917.34,1112432.1,2.3896001e+10,0.57349128,0.66643977,0.10249308,1.280614,5.5149341,0.69803458,0.86188805,2.421669,1367,2.5750248
1179683,3122000,818000,306,1.2436453e+09,0.21928768,95.114693,20404.49,55236.016,738.50427,158132.34,266959.94,9056291,3.2877199e+11,0.72193295,0.77360171,0.27127659,1.3649625,8.2448053,1.0435591,0.9102307,1.9509517,1367,2.1484401
1179684,3122000,820000,332,1.335781e+09,0.21377286,97.10392,17851.543,61705.254,1712.538,156059.11,280218.16,9508200,3.3506401e+11,0.71195358,0.84619594,0.29354554,1.3866552,8.4330721,1.0673883,0.91310626,1.9297218,1367,2.1124895
1179685,3122000,822000,335,1.3391081e+09,0.18996949,102.55224,16625.574,70436.484,2750.3323,174425.16,297625.97,9336249,3.24952e+11,0.74219322,0.84384239,0.29593641,1.3881279,8.4597168,1.0707608,0.91350949,1.9267936,1367,2.1088457
1179686,3122000,824000,312,1.2638643e+09,0.40160853,113.96224,18707.904,45837.82,3853.0911,79225.102,198862.86,7836612,2.40108e+11,0.87263995,0.75165814,0.35657144,1.8689376,6.2925978,0.79646486,0.87717056,2.2459736,1367,1.9579712
1179687,3122000,826000,317,1.2747174e+09,0.40766725,117.17507,17189.09,44030.797,3045.2698,76923.055,198225.25,7677779,2.2466399e+11,0.87375712,0.75735182,0.3622857,1.8719797,6.3111382,0.79881155,0.87751758,2.2423134,1367,1.9533962
1179688,3122000,828000,320,1.2842515e+09,0.41053239,120.52264,15751.171,42247.402,2059.7649,74249.578,198269.66,7469854.5,2.0885601e+11,0.87431425,0.75527346,0.36571428,1.8737421,6.3223152,0.80022621,0.87772644,2.2401171,1367,1.9507099
1179689,3122000,830000,325,1.2998871e+09,0.4115113,123.94764,14379.646,40490.922,1254.0599,73316.117,199235.58,7368308.5,1.9853201e+11,0.8745299,0.76593745,0.37015945,1.8749969,6.352314,0.80402327,0.87828565,2.2342606,1367,1.9460646
1179690,3122000,832000,332,1.3314203e+09,0.41098648,126.92745,13089.92,38766.109,749.93982,76801.859,201766.36,7301446.5,1.89644e+11,0.87389439,0.77699035,0.3781321,1.878787,6.378798,0.80737537,0.87877768,2.2291362,1367,1.9400873
1179691,3122000,834000,336,1.3429527e+09,0.40454528,127.19631,13044.295,38419.867,572.7486,84020.477,204245.14,7248872.5,1.8359199e+11,0.89099145,0.75376856,0.38312429,1.88135,6.3902159,0.80882055,0.8789894,2.2269399,1367,1.9368855
1179692,3122000,836000,350,1.3839127e+09,0.38601953,123.1042,13240.225,40460.641,716.15271,90343.391,212253.39,7327549.5,1.80392e+11,0.91480964,0.75327802,0.40091637,1.8897456,6.4285727,0.8136754,0.87969851,2.2196193,1367,1.9265409
1179693,3122000,838000,368,1.4694117e+09,0.34669104,116.13384,12709.992,45914.59,1159.6429,96767.25,230783.83,7560709.5,1.83328e+11,0.93842554,0.76138586,0.42201835,1.8969518,6.4948463,0.8220638,0.88091648,2.2071743,1367,1.9141787
1179694,3122000,840000,430,1.7252936e+09,0.28685772,90.423126,13028.259,64796.461,1853.1183,114960.88,274918,9849924,2.8869601e+11,0.92911583,0.85799742,0.5212121,1.9130604,6.562501,0.83062696,0.88215047,2.1947291,1367,1.9057103
1179695,3122000,842000,471,1.8860347e+09,0.36504835,77.517784,12582.891,67987.094,2738.4285,72080.258,254803.02,11047425,3.3760399e+11,0.92487693,0.94451702,0.55805689,1.8919129,6.8741989,0.8700791,0.88771898,2.1405563,1367,1.8881319
1179696,3122000,844000,477,1.9113033e+09,0.35660329,73.407631,10882.643,70163.547,3774.7781,55496.09,259523.72,10857363,3.24836e+11,0.92525941,0.95491081,0.57125747,1.8896658,6.8609877,0.86840689,0.8874867,2.1427526,1367,1.8941813
1179697,3122000,846000,482,1.9278612e+09,0.32897276,67.722092,9370.3838,75244.648,4938.0547,57354.652,271370.62,10859294,3.27736e+11,0.91967803,0.96602637,0.56506449,1.8891957,6.9635901,0.88139349,0.88928193,2.1259151,1367,1.8809122
1179698,3122000,848000,490,1.949506e+09,0.31748828,59.264236,8102.6084,77384.406,6237.7417,59650.234,277781.53,11079097,3.42592e+11,0.91189849,0.98393786,0.57309943,1.886857,7.0091634,0.88716179,0.89007312,2.1185944,1367,1.8789874
1179699,3122000,850000,498,1.9763165e+09,0.30363032,47.400318,7216.938,80390.602,7666.8579,65902.234,285996.44,11404888,3.6440402e+11,0.90292758,1.0024374,0.58245611,1.8841834,7.0460539,0.89183104,0.89071089,2.1127379,1367,1.8787103
1179700,3122000,852000,505,2.0101384e+09,0.28685671,32.554096,6949.4326,84695.805,9203.5791,77424.703,296746.34,11790344,3.9222401e+11,0.8935172,1.020295,0.59064329,1.8815769,7.0786529,0.89595717,0.89127237,2.1076136,1367,1.8787156
1179701,3122000,854000,518,2.0522072e+09,0.27722606,17.577332,7459.2446,87681.25,10825.987,83999.992,304999.06,12633409,4.4973602e+11,0.87523055,1.0572819,0.60584795,1.8760697,7.1400013,0.90372211,0.89232409,2.0980966,1367,1.8793443
1179702,3122000,856000,528,2.0966948e+09,0.27676287,5.1116705,8479.2324,88021.109,12503.586,89017.07,308545.09,13434284,5.0670001e+11,0.86136508,1.0866967,0.61754388,1.871238,7.1879206,0.90978736,0.89314097,2.090776,1367,1.880381
1179703,3122000,858000,537,2.1396082e+09,0.27806315,355.26224,9767.5957,87597.195,10518.752,93550.852,310957,14226151,5.5924798e+11,0.84727204,1.1161551,0.62807018,1.8664415,7.2316012,0.91531616,0.89388216,2.0841875,1367,1.8817303
1179704,3122000,860000,545,2.1777902e+09,0.27959928,347.27042,11181.021,87051.055,8533.918,96893.953,312856.31,15129225,6.22712e+11,0.83152318,1.1486145,0.63742691,1.8618178,7.2708769,0.92028731,0.89454585,2.078331,1367,1.8832647
1179705,3122000,862000,555,2.20879e+09,0.28026554,340.47879,12656.329,86550.867,6549.083,101069.09,314700.41,16150184,6.8797602e+11,0.8138485,1.1901367,0.64912283,1.8555558,7.3205752,0.92657775,0.89538193,2.0710104,1367,1.8856316
1179706,3122000,864000,553,2.2031281e+09,0.2785421,332.24918,13600.438,86097.227,4564.2485,94458.281,315267.62,16491184,7.0616403e+11,0.80823308,1.1940434,0.64678365,1.8568513,7.3105812,0.92531276,0.89521414,2.0724745,1367,1.885118
1179707,3122000,866000,539,2.1346378e+09,0.26916045,319.63541,14066.988,85690.93,2579.4143,112570.91,315690.44,16138164,6.7637202e+11,0.80404991,1.1705558,0.63040936,1.8653176,7.2413807,0.91655391,0.89404768,2.0827234,1367,1.8820843
1179708,3122000,868000,487,1.9492937e+09,0.25129953,293.50766,14518.099,85284.75,594.58002,118089.94,312210.66,13408488,4.8428001e+11,0.84372282,1.0366474,0.56959063,1.8877761,6.995429,0.88542336,0.88983506,2.1207907,1367,1.8791689
1245208,3124000,796000,73,2.904207e+08,0.17879355,77.507851,8331.6836,30781.656,1133.0205,56932.051,142870.58,968198.38,1.6188e+10,0.67960423,0.69706178,0.13443831,1.463017,4.8837218,0.618141,0.84826994,2.6054173,1367,2.5322719
1245209,3124000,798000,133,5.2244794e+08,0.06553752,12.417272,19119.057,58910.359,1680.3049,223186.25,316505.62,3166934.5,1.08096e+11,0.48359534,0.89924324,0.17592593,1.3938054,5.7923212,0.73314399,0.86751068,2.3535872,1367,2.4290745
1245210,3124000,800000,118,5.029319e+08,0.10836732,6.4912462,18898.521,61069.621,924.60364,133477.48,241496.23,2633943.2,8.8975999e+10,0.50832969,0.72409821,0.15608466,1.3682489,5.7457089,0.7272442,0.86657989,2.364568,1367,2.4584386
1245211,3124000,802000,71,2.8230374e+08,0.13346146,41.087433,7376.793,27171.334,325.65509,78778.836,163036.69,811697.5,1.1367999e+10,0.73400402,0.44384614,0.11507294,1.2674636,5.2192993,0.66061562,0.85566151,2.5021963,1367,2.6441259
1245216,3124000,812000,175,7.0723411e+08,0.16612563,90.09446,21813.211,57588.52,33.954159,155574.08,231296.05,4844874.5,1.843e+11,0.64367819,0.52703685,0.16587678,1.2756387,7.1257496,0.90191829,0.89208037,2.1002929,1367,2.344609
1245217,3124000,814000,276,1.1106403e+09,0.20391801,99.531525,23309.41,55824.551,671.55402,158541.97,261615.73,8401205,3.2504401e+11,0.71607381,0.75360721,0.24468085,1.3315134,8.058692,1.0200024,0.90734112,1.9729136,1367,2.1953452
1245218,3124000,816000,306,1.2204269e+09,0.21803221,101.07621,20943.33,53970.641,1538.4238,151035.55,265216.47,9150976,3.41852e+11,0.70208937,0.82377017,0.27055702,1.3610266,8.2638903,1.0459747,0.91052437,1.9487555,1367,2.1500993
1245219,3124000,818000,315,1.2731739e+09,0.17885257,103.58691,18673.334,54925.445,2489.9036,176591.33,299089.53,9120290,3.2791999e+11,0.70828027,0.83141667,0.27876106,1.371558,8.3152189,1.0524714,0.91131169,1.942899,1367,2.136214
1245220,3124000,820000,324,1.3034597e+09,0.16741997,105.578,16116.742,62910.438,3459.323,186897.92,312788.03,9236068,3.2724799e+11,0.69888777,0.85276413,0.28621909,1.3778005,8.3868456,1.0615374,0.91240454,1.9348463,1367,2.1242926
1245221,3124000,822000,295,1.1951566e+09,0.13536048,118.25763,18218.416,74149.242,3353.4128,215169.28,333097.53,7830386.5,2.61e+11,0.82216072,0.75509149,0.2676951,1.3855844,8.016468,1.0146581,0.90667886,1.9780381,1367,2.1522627
1245222,3124000,824000,284,1.1475418e+09,0.29898545,124.9577,18331.52,46718.723,2352.0759,106368.29,219616.09,7054799.5,2.1522399e+11,0.87490666,0.71125132,0.3242009,1.8488442,6.1943331,0.78402728,0.87531877,2.2657394,1367,1.9858904
1245223,3124000,826000,273,1.1089402e+09,0.38448486,130.74496,16902.312,44958.254,1327.5891,78767.523,190379.14,6552443,1.9153601e+11,0.88887095,0.66987514,0.31164384,1.8399949,6.1551733,0.77907079,0.87457478,2.273792,1367,1.9979802
1245224,3124000,828000,248,1.0156499e+09,0.37158808,140.31223,15128.658,43224.754,309.35855,79559.398,185330.14,5698558,1.5870801e+11,0.89052498,0.61347049,0.28310502,1.8173268,6.0679898,0.76803583,0.87290591,2.2920938,1367,2.0278604
1245230,3124000,840000,320,1.2756097e+09,0.65169919,131.9034,14615.402,35933.43,38.820301,57052.172,156834.02,6357199.5,1.45264e+11,0.99710029,0.61259663,0.46852124,1.9195837,5.59269,0.70787632,0.86348474,2.4019034,1367,2.0387921
1245231,3124000,842000,444,1.7656251e+09,0.41438365,90.720818,12931.478,65241.008,1012.4149,81513.367,231394.42,10460058,3.1359199e+11,0.94671875,0.87150037,0.57216495,1.8884383,6.4752126,0.81957871,0.88055658,2.2108345,1367,1.945384
1245232,3124000,844000,469,1.8676474e+09,0.41056001,84.962532,10969.9,65854.859,2135.5842,53643.879,239091.45,10737041,3.1417601e+11,0.93806607,0.93116862,0.58845669,1.885034,6.6645937,0.84354895,0.88399518,2.1764276,1367,1.9263282
1245233,3124000,846000,473,1.8871053e+09,0.36687982,81.851357,9100.9004,71235.039,3411.6382,52123.25,254238.38,10632158,3.1029599e+11,0.93501627,0.93895787,0.5803681,1.8879824,6.7570987,0.85525757,0.88564897,2.1603222,1367,1.9103677
1245234,3124000,848000,480,1.911425e+09,0.34661752,75.767708,7442.2822,73758.898,4842.4614,54774.645,263243.91,10740912,3.18976e+11,0.92602646,0.95609421,0.5832321,1.8870229,6.8216572,0.86342877,0.88679338,2.1493411,1367,1.9036545
1245235,3124000,850000,486,1.9396928e+09,0.3291069,65.349434,6042.2319,76426.789,6402.9165,58269.027,272146.59,10873381,3.2771201e+11,0.91985917,0.96993262,0.59052247,1.8847795,6.8478274,0.86674118,0.88725501,2.1449487,1367,1.9037783
1245236,3124000,852000,495,1.9740998e+09,0.3095552,48.410503,5157.0264,80283,8056.1826,68405.086,283087.31,11278288,3.5381599e+11,0.90856743,0.99210924,0.60145807,1.8810551,6.8874607,0.87175769,0.88795179,2.1383603,1367,1.904299
1245237,3124000,854000,506,2.0171871e+09,0.29085615,26.732592,5189.9429,84866.969,9770.6475,78360.289,295215.34,11968697,4.00952e+11,0.89351547,1.0207334,0.61482382,1.8759127,6.9365296,0.87796837,0.88881034,2.1303074,1367,1.9054861
1245238,3124000,856000,519,2.0658831e+09,0.28724179,8.0674791,6105.376,85899.773,11529.348,84689.523,300631.16,12846587,4.59664e+11,0.87487072,1.0592009,0.6306197,1.8689874,6.995429,0.88542336,0.88983506,2.1207907,1367,1.9076803
1245239,3124000,858000,530,2.1140532e+09,0.28745753,354.8429,7471.8667,85681.68,10764.582,89365.352,304001.72,13742888,5.19624e+11,0.85830867,1.093398,0.64398539,1.8623995,7.0460539,0.89183104,0.89071089,2.1127379,1367,1.9102169
1245240,3124000,860000,541,2.1579676e+09,0.28863299,345.28799,9024.2178,85122.773,8779.748,92924.844,306516.91,14707548,5.82208e+11,0.84141165,1.1313347,0.65735114,1.8551326,7.0974169,0.89833212,0.89159477,2.1046853,1367,1.9133881
1245241,3124000,862000,550,2.1949363e+09,0.28915298,337.81491,10650.878,84610.281,6794.9136,97707.469,308853.16,15670929,6.4476401e+11,0.82372576,1.1695594,0.66828674,1.8486735,7.1400013,0.90372211,0.89232409,2.0980966,1367,1.9164633
1245242,3124000,864000,553,2.2004764e+09,0.28763407,329.36874,11873.001,84145.359,4810.0791,101230.8,310058.12,16323421,6.8429998e+11,0.81186283,1.1912946,0.67193198,1.8464164,7.1543097,0.90553319,0.89256841,2.0959005,1367,1.9175857
1245243,3124000,866000,545,2.1634555e+09,0.28162003,318.73788,12854.908,83728.844,2825.2446,103720.57,310704.22,16365696,6.8264002e+11,0.80538988,1.1809016,0.66221142,1.8523195,7.1162801,0.90071976,0.89191818,2.101757,1367,1.914701
1245244,3124000,868000,494,1.9728076e+09,0.26061454,290.68179,13614.746,83342.352,840.41028,116336.04,308423.84,13742175,5.0213202e+11,0.83800739,1.0543159,0.60024303,1.8814902,6.8830347,0.8711974,0.88787413,2.1390922,1367,1.9042212
1310744,3126000,796000,83,3.2693398e+08,0.079082303,93.524643,20078.154,72577.945,54.283569,163620.69,227926.75,1851242.1,6.7704001e+10,0.60358506,0.56461984,0.09662398,1.5710407,5.5007715,0.69624203,0.86159545,2.4253294,1367,2.3255651
1310745,3126000,798000,169,6.7207181e+08,0.049910855,38.747829,17267.23,70581.281,1850.054,300711.09,411353.56,4670670,1.8124e+11,0.40166244,1.0150583,0.15405652,1.2148668,7.3006148,0.92405128,0.89504665,2.0739386,1367,2.3788245
1310746,3126000,800000,160,6.662272e+08,0.073944643,47.142448,15979.692,68629.375,2814.7769,206319.12,336482.72,4275549,1.6800801e+11,0.40031448,0.95663619,0.14598539,1.199695,7.2511859,0.917795,0.89421344,2.0812593,1367,2.3981805
1310747,3126000,802000,127,4.9162298e+08,0.11716523,95.686836,21249.135,66779.922,2264.7207,134173.23,229626.31,3123678.5,1.24856e+11,0.59142607,0.66005659,0.14399093,1.4168224,6.1340218,0.77639359,0.8741715,2.2781844,1367,2.3487859
1310748,3126000,804000,143,5.6761037e+08,0.15186934,97.012451,23113.479,65201.621,1879.5948,117867.66,216718.03,3761341.5,1.53596e+11,0.6451295,0.63338071,0.15526602,1.4205099,6.3372793,0.80212021,0.87800562,2.2371888,1367,2.3158956
1310749,3126000,806000,161,6.7047398e+08,0.18224184,100.01234,25474.293,63913.672,1661.3173,117102.11,215016.53,4582196,1.9329601e+11,0.7054348,0.61177987,0.17538126,1.4531361,6.394031,0.8093034,0.87906009,2.226208,1367,2.279494
1310750,3126000,808000,208,8.3249805e+08,0.1629439,103.24843,27227.613,62141.449,1595.5352,149732.41,253383,6365138,2.6978401e+11,0.74981421,0.68159229,0.19790676,1.3323085,7.265944,0.91966295,0.89446265,2.0790629,1367,2.278079
1310751,3126000,810000,245,9.8811302e+08,0.19595921,106.23647,27169.367,60281.402,1684.6045,140715.22,251724.45,7603130,3.1445198e+11,0.74727333,0.74518842,0.22685185,1.3521545,7.6065354,0.96277219,0.90011442,2.0307467,1367,2.2230449
1310752,3126000,812000,269,1.0785499e+09,0.21012132,108.13187,25584.096,58433.25,1982.7445,137505.44,253974.42,8220324.5,3.27344e+11,0.74085891,0.78281391,0.24543795,1.3634547,7.8289485,0.9909234,0.90370691,2.0014641,1367,2.1900926
1310753,3126000,814000,288,1.1632664e+09,0.19913097,107.85909,22650.416,56598.375,2534.752,149180.2,270941.25,8652580,3.32636e+11,0.71276134,0.82210273,0.25419241,1.3387202,8.1631107,1.0332189,0.90896821,1.9604685,1367,2.1790376
1310754,3126000,816000,301,1.215678e+09,0.20668121,108.63951,19781.639,54778.336,3319.2156,146452.47,271871.53,8847623,3.28652e+11,0.69114065,0.84337443,0.26613617,1.3557363,8.2321301,1.0419548,0.91003543,1.9524158,1367,2.1576629
1310755,3126000,818000,307,1.2363274e+09,0.1988434,111.08494,17106.471,55283.895,3578.6958,149721.02,279522.06,8825956,3.1851201e+11,0.67379874,0.8591311,0.2712014,1.3607483,8.2766628,1.0475913,0.91072059,1.9472914,1367,2.1491618
1310756,3126000,820000,300,1.2105875e+09,0.17392236,115.97101,14884.373,65591.891,2520.0835,170159.28,295750.38,8445659,2.9972801e+11,0.6934002,0.83660644,0.26478377,1.3519959,8.2384624,1.0427563,0.910133,1.9516838,1367,2.1603417
1310757,3126000,822000,256,1.0380531e+09,0.35229567,130.70401,19386.779,49426.457,1595.6039,82972.984,192424.81,6526020.5,2.0904799e+11,0.8503983,0.69767731,0.29223743,1.8249745,6.0956187,0.77153283,0.87343669,2.2862372,1367,2.0179279
1310758,3126000,824000,235,9.4960877e+08,0.34573793,138.40773,17814.781,47686.43,632.89313,83163.297,185782.06,5762581.5,1.75392e+11,0.85924715,0.63261366,0.26826483,1.8040844,6.023623,0.76242024,0.87204987,2.3016105,1367,2.0447698
1310768,3126000,844000,454,1.8016308e+09,0.44397137,96.364807,11543.982,62807.105,585.97089,68089.836,225818.94,10592516,3.0715999e+11,0.95344788,0.89089876,0.60292166,1.8791405,6.4131746,0.81172645,0.8794142,2.2225475,1367,1.968402
1310769,3126000,846000,464,1.8498813e+09,0.42069888,95.438301,9355.7314,64080.523,2021.9956,46373.566,235066.75,10472528,2.9734001e+11,0.94649774,0.91539979,0.59487182,1.8826292,6.5705533,0.83164614,0.88229674,2.193265,1367,1.9421397
1310770,3126000,848000,471,1.8758195e+09,0.37132755,93.626289,7409.9336,70101.445,3615.5566,52325.836,251954.36,10504258,3.0083999e+11,0.93786871,0.93237543,0.59022558,1.8857317,6.6728983,0.84460014,0.88414437,2.1749635,1367,1.9251875
1310771,3126000,850000,479,1.9057042e+09,0.35118389,88.302284,5611.4619,72546.758,5305.9092,55434.34,261135.19,10678762,3.1118e+11,0.92956036,0.95097029,0.59875,1.8830628,6.7147346,0.84989542,0.88489366,2.1676428,1367,1.9238343
1310772,3126000,852000,489,1.9401993e+09,0.3300432,75.752281,4041.8301,75969.164,7058.085,58952.52,271795.78,11091298,3.3664801e+11,0.91758019,0.97466308,0.60972571,1.8791859,6.765636,0.85633808,0.88580078,2.1588581,1367,1.9229592
1310773,3126000,854000,498,1.982831e+09,0.30619967,47.909206,3161.3745,80992.266,8850.6895,72969.195,285262.97,11580001,3.69032e+11,0.90486693,0.99816048,0.60510325,1.8797174,6.9007745,0.87344277,0.88818514,2.1361639,1367,1.9045625
1310774,3126000,856000,512,2.0345373e+09,0.2958695,13.893818,3681.1604,83604.703,10670.313,80727.273,293959.59,12458239,4.2580401e+11,0.88513637,1.0369968,0.62211424,1.8728313,6.9635901,0.88139349,0.88928193,2.1259151,1367,1.9063915
1310775,3126000,858000,524,2.0877553e+09,0.29492441,353.24857,5116.4233,83727.227,11010.412,85057.312,298256.12,13375526,4.8732799e+11,0.86742663,1.0745206,0.63669503,1.8660764,7.0183496,0.8883245,0.89023215,2.1171303,1367,1.9087553
1310776,3126000,860000,537,2.1375398e+09,0.2958549,341.50592,6849.6958,83197.883,9025.5781,89127.617,301316.31,14417317,5.5359603e+11,0.84763336,1.1171652,0.65249091,1.8578544,7.0786529,0.89595717,0.89127237,2.1076136,1367,1.9121608
1310777,3126000,862000,545,2.1806804e+09,0.2964685,333.54889,8659.5596,82672.523,7040.7437,93896.734,304026.66,15334099,6.1479197e+11,0.83049107,1.1528143,0.66221142,1.8523195,7.1162801,0.90071976,0.89191818,2.101757,1367,1.914701
1310778,3126000,864000,552,2.1976115e+09,0.29536274,325.22516,10175.531,82195.797,5055.9092,98018.773,305775.38,16146776,6.62532e+11,0.81560534,1.1859261,0.67071688,1.8471745,7.1495337,0.90492868,0.89248687,2.0966325,1367,1.917206
1310779,3126000,866000,547,2.1771674e+09,0.29114747,315.2514,11469.536,81768.602,3071.075,94553.523,306545.06,16357266,6.7170003e+11,0.81030732,1.1804954,0.66464156,1.8508784,7.1257496,0.90191829,0.89208037,2.1002929,1367,1.9153897
1310780,3126000,868000,502,2.0055053e+09,0.26988068,288.40451,12743.285,81390.664,1086.2405,115185.83,305584.22,14274217,5.37024e+11,0.83059376,1.0753145,0.60996354,1.8778583,6.9186058,0.87569976,0.88849723,2.1332357,1367,1.904984
1376281,3128000,798000,215,8.649504e+08,0.085375741,70.245544,20458.025,71861.531,1146.0345,229497.95,356806.94,7020209,3.0620398e+11,0.42786351,1.0912795,0.1956324,1.2877407,7.5475698,0.95530879,0.89914924,2.0387995,1367,2.2861962
1376282,3128000,800000,205,8.7265504e+08,0.091572255,81.349846,20558.488,70238.258,2972.9778,212413.3,346054.31,6593340.5,2.92124e+11,0.46810138,1.021742,0.1870438,1.2763021,7.4790516,0.94663632,0.89802086,2.0483162,1367,2.3038175
1376283,3128000,802000,183,7.1824595e+08,0.17602873,106.46198,30383.26,68459.805,2794.6221,126220.44,226438.23,6009617,2.7741599e+11,0.70233589,0.85384929,0.20819113,1.5097423,6.3260493,0.80069888,0.87779617,2.2393851,1367,2.2408919
1376284,3128000,804000,208,8.352153e+08,0.20585154,107.84966,30112.264,66594.844,2617.9028,123722.61,225801.64,6818645.5,3.0989599e+11,0.73666853,0.80313414,0.23059867,1.5329268,6.5106392,0.82406276,0.88120538,2.204246,1367,2.1954956
1376285,3128000,806000,228,9.2624595e+08,0.22963786,110.32999,30158.086,64740.359,2470.3894,106268.63,225136.72,7494433,3.35424e+11,0.76250094,0.80751026,0.2428115,1.5348756,6.7485833,0.85417974,0.88549745,2.1617863,1367,2.1622906
1376286,3128000,808000,242,9.8283629e+08,0.17440356,112.51723,29400.17,62897.215,3278.5757,142079.78,266114.09,7855548.5,3.4200401e+11,0.76825213,0.82588369,0.22723004,1.3646549,7.51052,0.95061934,0.89854002,2.0439239,1367,2.2224586
1376287,3128000,810000,258,1.0412892e+09,0.19569601,113.85966,27605.535,61066.352,3678.4297,131578,258582.8,8185644,3.4404401e+11,0.7634905,0.80426699,0.23540147,1.3501033,7.7664986,0.98301899,0.90270573,2.009517,1367,2.2081227
1376288,3128000,812000,271,1.0875553e+09,0.20085728,115.16879,25324.469,59249.109,3943.2256,131300,260847.59,8275020.5,3.3175201e+11,0.73748803,0.82541406,0.24681239,1.3634547,7.8519073,0.99382931,0.90407354,1.9985359,1367,2.187772
1376289,3128000,814000,286,1.1457647e+09,0.18665206,114.6182,21781.494,57447,4428.481,146565.09,277738.59,8518737,3.2741199e+11,0.6877684,0.86445141,0.25153914,1.3309635,8.1755743,1.0347964,0.90916139,1.9590044,1367,2.1846795
1376290,3128000,816000,290,1.1749769e+09,0.19022962,115.66823,18449.746,55661.75,3637.6064,146828.66,278599.62,8416647,3.1150401e+11,0.65624624,0.87862641,0.25483304,1.3341472,8.2068977,1.038761,0.90964603,1.9553441,1367,2.1789365
1376291,3128000,818000,296,1.1764859e+09,0.1761308,118.35521,14966.104,56788.172,2092.2419,154702.89,289721.44,8502478,3.08232e+11,0.62743932,0.87631387,0.26033422,1.3422226,8.2384624,1.0427563,0.910133,1.9516838,1367,2.1688998
1376292,3128000,820000,238,9.6076173e+08,0.12478586,134.72334,20175.562,71020.93,788.74353,198173.64,311049.91,6230410.5,2.0953199e+11,0.82718152,0.69647455,0.27014756,1.8037773,6.0508485,0.76586622,0.87257576,2.295754,1367,2.0413079
1376305,3128000,846000,451,1.7999679e+09,0.45195094,106.80031,10227.68,60504.477,846.4632,49512.652,223713.22,10352195,2.9099999e+11,0.96174425,0.88131732,0.60618281,2.1877482,5.4531579,0.69021547,0.86060762,2.4377744,1367,1.9190401
1376306,3128000,848000,462,1.8381777e+09,0.41544461,109.66854,8077.5957,63248.453,2587.0356,48775.152,235799.09,10337127,2.8793599e+11,0.94972342,0.90898681,0.59922177,1.8836273,6.5145998,0.82456398,0.88127774,2.2035139,1367,1.9500915
1376307,3128000,850000,469,1.8712911e+09,0.37113073,110.82011,6116.0581,68743.5,4379.5229,53676.836,251716.77,10450084,2.96e+11,0.94169265,0.9250319,0.6036036,1.8829607,6.5665245,0.83113623,0.88222361,2.1939971,1367,1.9446689
1376308,3128000,852000,479,1.9067666e+09,0.34896377,109.74187,4207.105,71748.656,6206.2617,56852.574,262037.55,10754127,3.12896e+11,0.93032902,0.94920003,0.59875,1.8830628,6.7147346,0.84989542,0.88489366,2.1676428,1367,1.9238343
1376309,3128000,854000,490,1.9486781e+09,0.3243224,99.642387,2364.0789,76221.031,8051.9897,61646.566,274780.88,11244766,3.42124e+11,0.91635573,0.97649181,0.61250001,1.8780421,6.7613649,0.85579747,0.88572484,2.15959,1367,1.925058
1376310,3128000,856000,502,2.0014321e+09,0.30371219,39.688652,1337.188,80950.094,9912.9121,75756.969,287769.16,12012791,3.93384e+11,0.89930099,1.0086353,0.6275,1.8717954,6.8129783,0.86233026,0.88664001,2.1508052,1367,1.9271131
1376311,3128000,858000,519,2.0594266e+09,0.30077538,347.49286,2707.1541,81684.047,11256.242,81553.352,293330.31,13121154,4.6298798e+11,0.87483352,1.0588923,0.64875001,1.8615471,6.8874607,0.87175769,0.88795179,2.1383603,1367,1.9313346
1376312,3128000,860000,531,2.115472e+09,0.30138206,333.43567,4695.4849,81276.617,9271.4082,86495.586,296995.5,14023983,5.1821199e+11,0.85695201,1.0969938,0.66209477,1.8542712,6.9500337,0.87967759,0.88904583,2.1281114,1367,1.9329613
1376313,3128000,862000,544,2.165238e+09,0.30233136,326.30981,6724.2622,80737.805,7286.5737,90928.898,299996.47,15152542,5.9042398e+11,0.83589262,1.1451308,0.67830426,1.8444824,7.0091634,0.88716179,0.89007312,2.1185944,1367,1.9380047
1376314,3128000,864000,551,2.1943534e+09,0.30184209,319.22849,8551.1924,80248.727,5301.7397,94867.898,302251.38,16019010,6.4450403e+11,0.81938297,1.1805563,0.66950184,1.847927,7.1447644,0.90432501,0.89240545,2.0973647,1367,1.916832
1376315,3128000,866000,548,2.182123e+09,0.29835802,309.37817,10087.086,79810.336,3316.905,90067.023,303162.66,16290349,6.5625601e+11,0.81380856,1.1794865,0.6658566,1.8501492,7.1304936,0.90251875,0.89216149,2.0995607,1367,1.915742
1376316,3128000,868000,514,2.0498767e+09,0.28000298,287.04282,11859.42,79423.078,1332.0708,113839.41,303310.53,14976168,5.76052e+11,0.82147437,1.1056923,0.62454432,1.8717606,6.9726572,0.88254112,0.88943964,2.1244509,1367,1.9067341
1441817,3130000,798000,243,9.6531795e+08,0.12252644,84.592041,25227.494,72911.086,693.56128,199560.78,314648.16,8853116,4.1738001e+11,0.50045913,0.90431678,0.2245841,1.3472877,7.6065354,0.96277219,0.90011442,2.0307467,1367,2.227304
1441818,3130000,800000,244,1.0002963e+09,0.096221834,95.909317,24747.344,71051.672,1017.1425,230680.48,361436.88,8765065,4.1226001e+11,0.52792954,1.0951537,0.22181818,1.3272951,7.7105846,0.97594184,0.90180439,2.0168376,1367,2.2339287
1441819,3130000,802000,208,8.3938061e+08,0.21786287,113.30103,34783.43,69201.688,802.44476,125576.22,220035.52,7718822.5,3.7399999e+11,0.77173913,0.85814649,0.23825888,1.7753775,5.9236736,0.74976945,0.87010437,2.3235724,1367,2.082634
1441820,3130000,804000,222,8.9011827e+08,0.23835728,115.14342,33776.027,67362.266,625.72559,114489.05,216628,7999834,3.7510801e+11,0.77347028,0.90014732,0.25429553,1.7918965,5.9699006,0.75562054,0.87100714,2.3133235,1367,2.0623043
1441821,3130000,806000,243,9.7717747e+08,0.23880994,116.41371,31137.652,65534.898,492.36169,98767.195,226759.48,8243266.5,3.7317201e+11,0.76257527,0.89354521,0.25498426,1.5438752,6.8741989,0.8700791,0.88771898,2.1405563,1367,2.1388502
1441822,3130000,808000,247,9.9791066e+08,0.2440785,118.72272,29884.986,63720.074,2010.4624,96180.688,226665.8,8152805,3.5884001e+11,0.77627462,0.85546172,0.25918153,1.5483524,6.8918929,0.87231869,0.88802952,2.1376281,1367,2.1329443
1441823,3130000,810000,254,1.0281516e+09,0.1882903,120.26897,27744.066,61919.09,3644.4326,127479.94,261950.69,8026001.5,3.3789601e+11,0.7480315,0.8603183,0.23154056,1.3438898,7.7496395,0.98088509,0.90243447,2.011713,1367,2.2153001
1441824,3130000,812000,266,1.0572722e+09,0.19082879,121.61118,25006.361,60133.406,5305.4429,134179.83,263861.72,8080622.5,3.24372e+11,0.71476805,0.87791604,0.24116047,1.3514831,7.8519073,0.99382931,0.90407354,1.9985359,1367,2.1982245
1441825,3130000,814000,275,1.1038484e+09,0.17504756,121.05735,20708.652,58364.668,4292.9175,150953.8,281502.09,8136717.5,3.12884e+11,0.66157931,0.87486827,0.24122807,1.3137993,8.1259499,1.0285153,0.90839088,1.9648609,1367,2.2045207
1441826,3130000,816000,278,1.1168832e+09,0.17302106,122.6691,16618.992,56615.18,2543.7908,155290.55,284812.69,7966377.5,2.9287999e+11,0.61628962,0.89329278,0.24364592,1.3159928,8.1506863,1.0316463,0.90877539,1.9619327,1367,2.2002323
1441827,3130000,818000,273,1.0978628e+09,0.15165608,126.33369,11620.708,60490.055,850.22363,179451.17,301612.31,7750389,2.7997199e+11,0.58368349,0.87828052,0.2392638,1.3099539,8.1197891,1.0277356,0.90829498,1.965593,1367,2.208509
1441842,3130000,848000,448,1.7904221e+09,0.44886059,121.04845,9342.0273,58413.441,1742.3319,49012.078,223885.98,10209437,2.8318001e+11,0.96559405,0.87288207,0.60215056,2.1890988,5.4448409,0.68916279,0.86043441,2.4399707,1367,1.9183456
1441843,3130000,850000,459,1.8330999e+09,0.39229864,127.4459,7382.6411,64629.395,3597.364,53606.152,242320.19,10335113,2.8907998e+11,0.95321137,0.89948434,0.59765625,2.1821468,5.5578628,0.7034682,0.86277163,2.4106882,1367,1.9063245
1441844,3130000,852000,472,1.8720845e+09,0.36708733,133.57828,5538.4526,67624.469,5458.2871,55940.102,253152.92,10624660,3.0217201e+11,0.9391126,0.93178135,0.605905,1.8823904,6.5867171,0.83369201,0.88258994,2.1903367,1367,1.9429749
1441845,3130000,854000,483,1.9142286e+09,0.34200254,141.35004,3704.3933,71561.406,7327.9546,59528.543,265208.34,11094356,3.2960401e+11,0.92611015,0.95734388,0.62002569,1.8770096,6.6315799,0.83937043,0.88340098,2.1822841,1367,1.9446797
1441846,3130000,856000,495,1.9660707e+09,0.31371993,153.57217,1760.5673,77423.391,9200.3154,68129.695,280629.56,11765031,3.7189599e+11,0.90931171,0.98881412,0.63543004,1.8703434,6.6812239,0.84565389,0.88429374,2.1734993,1367,1.9472871
1441847,3130000,858000,510,2.0282282e+09,0.30566314,280.9935,631.1189,79495.805,11078.438,78497.742,288763.19,12710554,4.3040401e+11,0.88756883,1.0311282,0.63749999,1.8671789,6.8478274,0.86674118,0.88725501,2.1449487,1367,1.9289064
1441848,3130000,860000,525,2.0906175e+09,0.30566111,311.41153,2760.4614,79359.664,9517.2383,83645.297,293171.75,13753817,4.9445601e+11,0.86529261,1.0781482,0.65625,1.8575317,6.9141393,0.87513441,0.88841909,2.1339679,1367,1.9331981
1441849,3130000,862000,540,2.1477202e+09,0.30699724,312.9122,4964.707,78806.773,7532.4043,88220.508,296501.25,14898593,5.6449198e+11,0.84219748,1.13018,0.67500001,1.8465641,6.9817481,0.88369179,0.88959759,2.1229868,1367,1.9387286
1441850,3130000,864000,550,2.1900247e+09,0.30720642,310.29288,7062.604,78304.711,5547.5698,92355.109,299305.22,15942068,6.3081998e+11,0.82148039,1.1769911,0.6875,1.8385004,7.0275602,0.88949031,0.89039147,2.1156662,1367,1.943122
1441851,3130000,866000,549,2.1862582e+09,0.30444348,301.52966,8846.3643,77854.516,3562.7354,86089.672,300401.66,16287206,6.4676797e+11,0.81696647,1.1792074,0.68624997,1.8393342,7.0229521,0.88890702,0.89031178,2.1163983,1367,1.9426569
1441852,3130000,868000,529,2.1080197e+09,0.29184392,286.82812,10920.278,77457.148,1577.901,110368.04,301277.66,15798900,6.1966398e+11,0.81667811,1.139842,0.66125,1.8547375,6.9320402,0.87740016,0.88873196,2.1310396,1367,1.9345503
1507353,3132000,798000,154,6.1928115e+08,0.086778417,63.100307,17312.646,73610.422,517.07288,215023.84,299462.88,5101964,2.2355599e+11,0.47016382,0.60998249,0.14180478,1.2012657,7.1734772,0.90795928,0.89289516,2.0929723,1367,2.4057791
1507354,3132000,800000,76,3.1447702e+08,0.085625447,350.09409,19731.432,53715.926,318.40747,141031.97,214831.5,1818590,6.0612002e+10,0.68807018,0.5930934,0.11078718,1.2833271,5.4200416,0.68602389,0.85991681,2.4465592,1367,2.5907559
1507358,3132000,808000,231,9.3318611e+08,0.23562874,123.11154,31865.25,64605.125,866.36237,113286.48,223087.34,7929759.5,3.5341998e+11,0.80368906,0.78365326,0.24239245,1.5298795,6.8216572,0.86342877,0.88679338,2.1493411,1367,2.1570981
1507359,3132000,810000,243,9.690583e+08,0.17611718,126.05289,28543.822,62834.895,2533.4475,132877.67,262953.53,7832962.5,3.3203601e+11,0.75063771,0.85942936,0.22151321,1.329636,7.6884437,0.97313941,0.90144616,2.0197659,1367,2.2341735
1507360,3132000,812000,246,9.9459366e+08,0.18037114,127.68725,25020.518,61081.984,4200.5327,133403.77,263235.38,7428768.5,2.9754399e+11,0.7043305,0.85014516,0.22302811,1.3262291,7.7384405,0.97946763,0.90225405,2.0131772,1367,2.2319815
1507361,3132000,814000,257,1.0414588e+09,0.16422243,127.18578,19443.834,59347.699,3433.8254,154157.12,282299.25,7461972.5,2.82232e+11,0.62150413,0.88646686,0.22504379,1.2883244,8.0284872,1.0161793,0.90686762,1.9765739,1367,2.2364888
1507362,3132000,816000,231,9.185895e+08,0.14163937,132.0605,10334.459,56811.352,1608.569,167980.31,285478.69,6224128,2.1724801e+11,0.52298135,0.8529855,0.20245399,1.2540357,7.869215,0.99601996,0.90434939,1.9963397,1367,2.2828376
1507378,3132000,848000,433,1.7262406e+09,0.46503875,128.33061,10940.013,55232.816,1007.8327,50963.113,215978.75,10085447,2.8184799e+11,0.97418952,0.83986324,0.58198923,2.1950536,5.4036336,0.68394715,0.85957342,2.4509516,1367,1.9156286
1507379,3132000,850000,448,1.7889407e+09,0.4409011,137.44777,9068.5557,56765.789,2880.1931,49901.504,225804.34,10217767,2.8369201e+11,0.96582377,0.8723405,0.59733331,2.1897066,5.4615002,0.69127136,0.86078113,2.4355783,1367,1.9145997
1507380,3132000,852000,458,1.8337997e+09,0.38476536,146.47415,7425.7402,63558.176,4754.7275,55838.648,244727.58,10377394,2.9159201e+11,0.9546597,0.8962515,0.59635419,2.1825652,5.5549803,0.7031033,0.86271244,2.4114201,1367,1.9061369
1507381,3132000,854000,473,1.8784315e+09,0.35944551,156.69925,5844.2915,67015.688,6641.5083,58436.414,256263.11,10871279,3.16136e+11,0.93816966,0.93261081,0.6071887,1.8819298,6.5907702,0.83420503,0.88266337,2.1896048,1367,1.9431031
1507382,3132000,856000,486,1.9292356e+09,0.33057782,170.44466,4248.6392,72289.641,8528.2891,62936.363,270807.5,11447278,3.47708e+11,0.92191249,0.96446055,0.62387675,1.8754215,6.6439219,0.84093249,0.88362336,2.1800878,1367,1.945258
1507383,3132000,858000,501,1.9933734e+09,0.31038532,195.66652,2591.8955,77014.828,10425.175,73810.094,284085.25,12370524,4.0528799e+11,0.9002555,1.0053756,0.64313221,1.8666946,6.7063255,0.84883106,0.88474333,2.169107,1367,1.9488873
1507384,3132000,860000,517,2.0621417e+09,0.30908975,252.99638,2180.052,77413.469,9763.0684,80048.914,289548.88,13443578,4.7120001e+11,0.87707853,1.0527518,0.66367137,1.855916,6.7741947,0.8574214,0.88595283,2.1573939,1367,1.9541401
1507385,3132000,862000,534,2.1271101e+09,0.31068453,287.04337,3740.5664,76879.828,7778.2344,85728.234,293318.94,14627550,5.41248e+11,0.85140294,1.1094044,0.66750002,1.8511118,6.9545465,0.88024884,0.88912445,2.1273792,1367,1.9363655
1507386,3132000,864000,549,2.1833892e+09,0.31162694,296.59839,5832.4336,76364.094,5793.3999,90296.18,296724.25,15855368,6.1596402e+11,0.82657254,1.1688023,0.68624997,1.8393342,7.0229521,0.88890702,0.89031178,2.1163983,1367,1.9426569
1507387,3132000,866000,548,2.1888701e+09,0.30963877,291.13,7830.4585,75901.477,3808.5657,82605.281,298048.72,16232230,6.3610402e+11,0.82088101,1.173808,0.685,1.8401619,7.0183496,0.8883245,0.89023215,2.1171303,1367,1.9421974
1507388,3132000,868000,541,2.156588e+09,0.30335608,283.94696,10012.329,75493.008,1823.7313,95964.984,298890.56,16446581,6.4954001e+11,0.81385636,1.1663069,0.67624998,1.845785,6.9863024,0.88426822,0.88967669,2.1222548,1367,1.9391422
1572889,3134000,798000,102,4.081337e+08,0.2458258,2.6662591,23023.191,50503.934,657.66046,79303.492,144441.64,2575105.2,8.3063996e+10,0.83964276,0.4772405,0.15269461,1.4316814,5.3738093,0.6801722,0.85894722,2.4590044,1367,2.4649742
1572890,3134000,800000,68,2.9071994e+08,0.16999316,352.0152,20863.539,51936.414,238.15494,82011.953,146597.52,1576475.9,5.0803999e+10,0.81826162,0.40648147,0.10225564,1.3619965,5.2758632,0.66777498,0.85687256,2.4860907,1367,2.5431268
1572895,3134000,810000,208,8.4511789e+08,0.21185735,129.3978,31349.498,63810.391,1428.5369,116533.57,223893.67,6901542.5,2.99576e+11,0.85186732,0.62192994,0.22198506,1.5108582,6.6563091,0.84250045,0.88384628,2.1778917,1367,2.1944432
1572896,3134000,812000,218,8.7109984e+08,0.16163203,134.46558,24318.791,62028.801,3095.6221,143179.62,260240.67,6454377.5,2.543e+11,0.66976702,0.81033707,0.19818182,1.2909311,7.5689058,0.9580093,0.89949912,2.0358713,1367,2.2810671
1572897,3134000,814000,200,8.1507917e+08,0.13542768,136.50189,13048.035,58839.492,2708.0664,159687.58,275011.66,5221702.5,1.8165599e+11,0.52974874,0.80648541,0.17574692,1.2108192,7.6774206,0.97174424,0.90126753,2.02123,1367,2.341368
1572898,3134000,816000,166,6.7010003e+08,0.10920845,313.40985,4905.689,54725.207,828.81696,167005.31,277681.31,3855880,1.18924e+11,0.45381525,0.75079381,0.15271389,1.2222522,7.2364879,0.91593462,0.89396489,2.0834553,1367,2.3795145
1572914,3134000,848000,413,1.6510303e+09,0.46773025,132.86436,12628.211,52569.492,317.79709,56525.824,210612.78,9891541,2.8157601e+11,0.97497588,0.79954481,0.56420767,2.2020686,5.312501,0.67241228,0.85765195,2.4758418,1367,1.9204153
1572915,3134000,850000,437,1.7421436e+09,0.46040466,143.58647,10896.645,52930.668,2204.5779,50507.031,218060.52,10211265,2.8775599e+11,0.97302288,0.84785426,0.58736557,2.1935949,5.4145613,0.68533021,0.85980219,2.4480233,1367,1.9162307
1572916,3134000,852000,448,1.7916695e+09,0.42222136,153.51248,9512.4893,56591.047,4100.7998,52650.836,230921.19,10338570,2.9247999e+11,0.96590364,0.87145865,0.58792651,2.1872239,5.5064278,0.69695795,0.86171234,2.4238653,1367,1.9077156
1572917,3134000,854000,462,1.8398738e+09,0.37659138,163.33244,8158.9517,62584.363,6006.0884,57474.555,247778.58,10724071,3.1054001e+11,0.95069069,0.90458012,0.60000002,2.180891,5.5723214,0.70529824,0.86306804,2.4070277,1367,1.9058136
1572918,3134000,856000,476,1.8913412e+09,0.3481189,174.56744,6802.9521,67173.758,7920.2563,61411.641,261291.98,11287115,3.39748e+11,0.93471032,0.93784076,0.61818182,2.1742835,5.6132083,0.71047336,0.86390334,2.3967788,1367,1.9091333
1572919,3134000,858000,491,1.95467e+09,0.31691527,188.94884,5262.5107,73816.359,9843.71,70086.367,278400.53,12076958,3.8582e+11,0.9138701,0.97795147,0.63029528,1.8726586,6.6645937,0.84354895,0.88399518,2.1764276,1367,1.9463305
1572920,3134000,860000,512,2.0292785e+09,0.31188518,213.80612,3858.0125,75341.664,10008.899,76044.867,285942.28,13298084,4.5629201e+11,0.88400501,1.0376605,0.65725291,1.8594497,6.7528386,0.85471827,0.88557315,2.1610541,1367,1.9523431
1572921,3134000,862000,528,2.1025286e+09,0.31343874,250.30563,3777.248,74956.711,8024.0645,82350.781,290335.12,14418651,5.2402799e+11,0.86010003,1.0892923,0.67779201,1.8476042,6.8216572,0.86342877,0.88679338,2.1493411,1367,1.9585999
1572922,3134000,864000,544,2.1681592e+09,0.31509247,274.87082,5134.4395,74426.617,6039.2305,87317.188,294057,15606064,5.93012e+11,0.83538485,1.1480898,0.69833118,1.8341641,6.8918929,0.87231869,0.88802952,2.1376281,1367,1.9663589
1572923,3134000,866000,548,2.1895788e+09,0.31407729,277.95267,7154.6289,73950.945,4054.396,79142.625,295983.12,16266809,6.31468e+11,0.82258904,1.1725663,0.703466,1.8305484,6.9096785,0.87456983,0.88834107,2.1346998,1367,1.9685401
1572924,3134000,868000,544,2.1714429e+09,0.30956152,274.81955,9421.8701,73530.805,2069.5615,90611.453,296896.91,16570475,6.4884802e+11,0.81679261,1.1701746,0.68000001,1.8434117,7.000001,0.88600206,0.88991439,2.1200585,1367,1.9404173
1572925,3134000,870000,465,1.8677609e+09,0.27431887,244.94756,16465.582,73141.336,84.72715,115537.82,292508,13155673,4.61932e+11,0.87520391,0.96926153,0.58125001,1.8884902,6.6563091,0.84250045,0.88384628,2.1778917,1367,1.9231771
1638425,3136000,798000,109,4.3405178e+08,0.2643905,3.7934511,22312.27,48636.422,848.43225,79326.672,143632.52,2682342,8.2128003e+10,0.87563711,0.48741996,0.16292974,1.4442329,5.3954668,0.68291342,0.85940218,2.4531479,1367,2.4504285
1638426,3136000,800000,67,2.8618845e+08,0.17564188,351.35754,19542.479,50191.492,157.9024,81647.695,143092.52,1536172.5,4.7984001e+10,0.85843509,0.35775754,0.10075188,1.3596953,5.2732654,0.6674462,0.85681719,2.4868228,1367,2.5456264
1638431,3136000,810000,167,6.7726112e+08,0.29539943,134.10741,31026.09,64405.094,306.35901,89911.5,169737.66,5335367.5,2.27064e+11,0.86905706,0.47208452,0.18132465,1.4610002,6.4285727,0.8136754,0.87969851,2.2196193,1367,2.2678688
1638432,3136000,812000,149,6.0760454e+08,0.12141712,138.83829,22843.875,60993.574,1906.7538,156871.09,250769.94,3982685.2,1.49196e+11,0.71032107,0.48949301,0.13860466,1.2053492,7.0974169,0.89833212,0.89159477,2.1046853,1367,2.4110744
1638433,3136000,814000,157,6.4409728e+08,0.11616223,145.32852,4507.9307,53606.238,2086.5356,165316.94,263966.12,3544409.2,1.06524e+11,0.46823454,0.69579214,0.14364135,1.197978,7.221849,0.91408175,0.89371699,2.0856516,1367,2.4031191
1638434,3136000,816000,174,7.0361171e+08,0.088399656,322.41324,21652.303,102761.73,176.42343,211111.92,316261.41,4959236,2.0410801e+11,0.51518172,0.83419991,0.18238993,1.3999888,6.6439219,0.84093249,0.88362336,2.1800878,1367,2.2936072
1638451,3136000,850000,424,1.6949638e+09,0.46993589,147.9015,12779.183,50008.676,1600.2311,52397.047,212895.19,10164186,2.92296e+11,0.9753111,0.82153505,0.57923496,2.1986752,5.3416467,0.67610133,0.8582691,2.4677892,1367,1.9215589
1638452,3136000,852000,438,1.7522899e+09,0.45397821,157.43388,11580.684,50882.668,3527.3877,50572.723,220237.06,10317257,2.9573598e+11,0.97264451,0.85018516,0.58870965,2.1932158,5.4172997,0.68567687,0.85985953,2.4472914,1367,1.9163951
1638453,3136000,854000,449,1.7993225e+09,0.3942019,166.89314,10517.515,58091.598,5463.0967,56674.992,239497,10560315,3.0717601e+11,0.96356982,0.87431026,0.58463544,2.1860747,5.5291696,0.69983643,0.8621816,2.4180088,1367,1.9046903
1638454,3136000,856000,465,1.8517053e+09,0.36568648,176.2903,9345.5908,62202.641,7328.3623,59736.656,252253.05,11121891,3.3422e+11,0.94725621,0.91163689,0.60389608,2.1795702,5.5810328,0.70640081,0.86324638,2.4048316,1367,1.9064351
1638455,3136000,858000,479,1.9132276e+09,0.3322303,186.82962,7995.0278,68562.914,9149.1426,65593.742,269010.12,11780846,3.6985199e+11,0.92974383,0.94547057,0.62207794,2.17272,5.6220484,0.71159226,0.86408335,2.3945827,1367,1.9099844
1638456,3136000,860000,499,1.9914898e+09,0.31445527,200.96246,6309.9888,73036.992,10254.729,72465.328,282107.44,12913712,4.3486799e+11,0.90113562,1.0003532,0.64805198,2.1609392,5.6816983,0.71914226,0.86529261,2.3799415,1367,1.916939
1638457,3136000,862000,519,2.0731654e+09,0.31527889,223.70374,5181.833,73037.781,8269.8945,78788.891,287458.06,14122699,5.03748e+11,0.87246042,1.0611267,0.66623878,1.8544601,6.7827749,0.85850739,0.88610506,2.1559298,1367,1.954899
1638458,3136000,864000,540,2.1486976e+09,0.31777626,250.22679,5368.0449,72492.539,6285.0605,84159.844,291495.5,15503988,5.8228002e+11,0.84126985,1.1330839,0.69319642,1.8376766,6.8741989,0.8700791,0.88771898,2.1405563,1367,1.9642754
1638459,3136000,866000,549,2.1877394e+09,0.31783548,262.74411,6944.3262,72003.133,4300.2261,88121.805,294104.41,16344774,6.2980397e+11,0.82504356,1.1726158,0.7047497,1.8296282,6.9141393,0.87513441,0.88841909,2.1339679,1367,1.9691007
1638460,3136000,868000,547,2.1822131e+09,0.31458795,264.33655,9141.373,71570.695,2315.3918,85117.297,295244.94,16737192,6.5213202e+11,0.81853735,1.1752416,0.70218229,1.8314621,6.9052234,0.87400591,0.88826311,2.135432,1367,1.9679856
1638461,3136000,870000,486,1.9485363e+09,0.28465301,245.37599,15163.159,71194.805,330.5574,115495.19,293292.75,14448216,5.3780801e+11,0.84732085,1.0302318,0.62387675,1.8754215,6.6439219,0.84093249,0.88362336,2.1800878,1367,1.945258
1703961,3138000,798000,127,4.9610579e+08,0.28240669,6.595705,21479.191,46789.949,1039.2041,81019.555,148578.03,3035271.2,8.8167997e+10,0.86339206,0.55568594,0.18983558,1.4735123,5.4448409,0.68916279,0.86043441,2.4399707,1367,2.4172723
1703962,3138000,800000,67,2.8191693e+08,0.17637578,350.33951,17968.072,48489.906,77.649872,81931.195,141724.86,1482573.2,4.3908002e+10,0.86883765,0.3432661,0.10075188,1.3596953,5.2732654,0.6674462,0.85681719,2.4868228,1367,2.5456264
1703968,3138000,812000,106,4.280488e+08,0.14000605,147.01865,20685.096,57163.945,695.51703,117581.68,196009.97,2465990,8.3684e+10,0.72704405,0.35608542,0.10291262,1.1664461,6.7063255,0.84883106,0.88474333,2.169107,1367,2.4951847
1703969,3138000,814000,143,5.7447962e+08,0.12344269,345.42831,7752.2529,51440.926,1535.231,148387.97,241829.64,2897072.5,7.6119998e+10,0.56623656,0.53949088,0.13697319,1.2293613,6.927556,0.8768326,0.88865364,2.1317716,1367,2.4100819
1703987,3138000,850000,411,1.6462408e+09,0.47417107,151.09184,14690.009,48201.27,1023.1232,55836.07,208873.86,10147877,3.0000801e+11,0.97553855,0.79577363,0.5614754,2.2026091,5.3072357,0.6717459,0.85754019,2.4773059,1367,1.9202799
1703988,3138000,852000,430,1.713914e+09,0.46745563,160.16022,13656.971,49142.309,2861.8704,51279.809,214649.19,10458556,3.0891599e+11,0.97452158,0.83351642,0.57795697,2.1960862,5.3954668,0.68291342,0.85940218,2.4531479,1367,1.9152352
1703989,3138000,854000,441,1.7613658e+09,0.44378105,168.90834,12809.725,50162.027,4677.9214,51698.719,223329.11,10617534,3.14704e+11,0.97104722,0.85618567,0.588,2.1925035,5.4420743,0.68881261,0.86037678,2.4407027,1367,1.9133362
1703990,3138000,856000,454,1.811466e+09,0.38312235,177.25215,11873.143,57373.41,6462.9658,58230.723,243753.73,11034032,3.3499601e+11,0.9585728,0.88509536,0.5896104,2.1841617,5.5492239,0.7023747,0.86259419,2.4128842,1367,1.9043933
1703991,3138000,858000,470,1.8710534e+09,0.35092065,185.742,10698.977,62817.367,8206.9795,62916.805,258847.27,11684275,3.6686401e+11,0.94126934,0.92230439,0.61038959,2.177254,5.595612,0.70824617,0.8635444,2.4011712,1367,1.9075797
1703992,3138000,860000,489,1.9486565e+09,0.31820613,195.51825,9035.0625,70148.703,9895.5049,72407.375,277407.56,12685467,4.2256001e+11,0.91511619,0.97251862,0.63506496,2.1671262,5.6517158,0.71534735,0.86468595,2.3872621,1367,1.9131812
1703993,3138000,862000,511,2.0382419e+09,0.31651479,209.93552,7323.3159,71102.836,8515.7256,73752.336,284469.56,13964283,4.9414e+11,0.88305897,1.0365242,0.66363639,2.1527183,5.7181001,0.7237497,0.86602598,2.3711567,1367,1.9222022
1703994,3138000,864000,532,2.1242806e+09,0.31966236,230.38879,6524.8906,70562.938,6530.8906,79539.859,288978.22,15298927,5.7005598e+11,0.8514719,1.1072859,0.69090909,2.136183,5.7829385,0.73195636,0.86732376,2.3557832,1367,1.9334481
1703995,3138000,866000,548,2.1815416e+09,0.32092428,247.31149,7289.793,70058.562,4546.0566,84570.109,292270.78,16423136,6.3151197e+11,0.8266924,1.1694981,0.703466,1.8305484,6.9096785,0.87456983,0.88834107,2.1346998,1367,1.9685401
1703996,3138000,868000,549,2.1890726e+09,0.31876257,253.28487,9226.9785,69612.852,2561.2219,80360.984,293765.88,16901354,6.5710798e+11,0.81901401,1.1789888,0.7047497,1.8296282,6.9141393,0.87513441,0.88841909,2.1339679,1367,1.9691007
1703997,3138000,870000,524,2.0994211e+09,0.30424294,250.60585,12591.621,69226.336,576.38763,110824.76,294472.31,16433853,6.4378398e+11,0.82211405,1.1256453,0.67265725,1.8507129,6.8043213,0.86123455,0.88648683,2.1522694,1367,1.9568969
1769497,3140000,798000,160,6.3273427e+08,0.25500289,13.04266,20870.617,49902.141,1229.9758,92382.516,176580.64,3753887,1.0526e+11,0.85526729,0.69055575,0.21390374,1.5140752,5.7891903,0.73274767,0.86744833,2.3543191,1367,2.3222816
1769505,3140000,814000,235,9.2891859e+08,0.13114549,331.72009,20425.725,98213.078,997.22101,182927.22,298343.84,6113908.5,2.22212e+11,0.63895255,0.90054834,0.2458159,1.4868003,6.9096785,0.87456983,0.88834107,2.1346998,1367,2.1851366
1769523,3140000,850000,399,1.5870333e+09,0.47592962,153.02446,16562.41,49695.496,206.70055,62848.887,204704.12,10110651,3.0624799e+11,0.97492474,0.77161634,0.55648535,2.2276046,5.151516,0.65203619,0.85419738,2.5219619,1367,1.9299415
1769524,3140000,852000,420,1.6753108e+09,0.47563341,162.265,15756.793,50902.125,1992.2321,53171.984,210385.81,10546862,3.21656e+11,0.97558814,0.81385845,0.57377046,2.1999919,5.3310113,0.67475522,0.85804415,2.4707174,1367,1.9210647
1769525,3140000,854000,433,1.7268108e+09,0.46333385,170.14696,15022.168,51879.508,3745.8052,50791.793,216411.48,10763024,3.29328e+11,0.97418952,0.83986324,0.58198923,2.1950536,5.4036336,0.68394715,0.85957342,2.4509516,1367,1.9156286
1769526,3140000,856000,443,1.7716724e+09,0.41413397,177.89465,14382.722,52928.266,5454.5005,55020.484,231860.2,10994341,3.4009199e+11,0.96930635,0.86008751,0.58136481,2.1890459,5.4923086,0.69517088,0.86142033,2.4275255,1367,1.9070157
1769527,3140000,858000,459,1.829086e+09,0.36993501,185.09839,13376.05,57265.965,7112.2881,60526.988,249263.83,11615624,3.7052799e+11,0.95314479,0.89666438,0.59610391,2.1821604,5.5636373,0.70419908,0.86289006,2.409224,1367,1.9052407
1769528,3140000,860000,477,1.9020946e+09,0.33033359,192.73184,11913.651,65176.629,8712.29,67547.391,268995.25,12436042,4.1194799e+11,0.93116117,0.94016534,0.61948049,2.1737683,5.6161518,0.71084595,0.86396331,2.3960469,1367,1.9094114
1769529,3140000,862000,502,1.9978287e+09,0.31742567,202.59293,9850.2275,68986.945,8761.5557,73676.078,281230.91,13783905,4.84984e+11,0.89538056,1.0100517,0.65194803,2.1589661,5.6907554,0.72028863,0.86547536,2.3777452,1367,1.9181771
1769530,3140000,864000,523,2.094257e+09,0.32072431,217.33282,8321.1152,68637.664,6776.7212,74090.734,286453.41,15084480,5.5880398e+11,0.8638345,1.0780418,0.6792208,2.1436098,5.7549715,0.72841656,0.86676526,2.3623719,1367,1.9283059
1769531,3140000,866000,544,2.1711519e+09,0.32332879,233.97308,8150.3535,68117.906,4791.8867,79893.609,290487.78,16415317,6.3118403e+11,0.83195889,1.1563532,0.7064935,2.1254671,5.820653,0.73672998,0.86807376,2.3469985,1367,1.9410768
1769532,3140000,868000,551,2.191084e+09,0.32215026,242.59898,9704.8398,67658.164,2807.0522,76095.445,292351.41,17062626,6.6357599e+11,0.81995708,1.1825769,0.70731705,1.8277682,6.9230781,0.87626582,0.88857543,2.1325037,1367,1.9702405
1769533,3140000,870000,540,2.1688077e+09,0.31665725,246.74208,11968.207,67259.719,822.2179,90392.445,293373.41,17173040,6.7700798e+11,0.8229506,1.1576142,0.69319642,1.8376766,6.8741989,0.8700791,0.88771898,2.1405563,1367,1.9642754
1835033,3142000,798000,222,8.8838541e+08,0.15831004,26.406851,19670.51,67683.828,1420.7477,132467.23,265553.12,4998718,1.3746001e+11,0.7947495,0.96472079,0.27577639,1.5855894,6.1871762,0.78312141,0.87518305,2.2672036,1367,2.2006342
1835040,3142000,812000,223,8.8431149e+08,0.1129095,340.80902,24400.998,95689.617,99.828201,205918.27,313720.09,5858175.5,2.01244e+11,0.79727709,0.94968379,0.29932886,1.6917608,5.85566,0.74116087,0.86876673,2.3389459,1367,2.1611004
1835041,3142000,814000,264,1.0543514e+09,0.13712722,326.94855,20289.58,96208.602,606.65155,187369.7,310839.22,6659097.5,2.35408e+11,0.64146215,1.0653219,0.2901099,1.5405208,6.8347173,0.86508179,0.88702393,2.147145,1367,2.1514499
1835060,3142000,852000,410,1.6351338e+09,0.48133999,163.99599,17893.109,52683,1003.7582,55628.762,206612.03,10673505,3.3737199e+11,0.97608685,0.7938844,0.57182705,2.2245691,5.1789179,0.65550447,0.85479099,2.5139093,1367,1.9309417
1835061,3142000,854000,424,1.6922154e+09,0.4745127,171.15289,17248.512,53620.223,2684.4299,51492.746,211694.14,10917848,3.4636798e+11,0.97553414,0.82179129,0.57923496,2.1986752,5.3416467,0.67610133,0.8582691,2.4677892,1367,1.9215589
1835062,3142000,856000,435,1.7379059e+09,0.45699799,178.08699,16711.439,54628.52,4319.0483,51107.352,218605.42,11151026,3.56588e+11,0.97362149,0.84365845,0.5846774,2.1943359,5.4090919,0.68463796,0.85968775,2.4494874,1367,1.9159186
1835063,3142000,858000,447,1.7874228e+09,0.3896817,184.70895,16041.006,55703.195,5908.1025,58415.109,240084.2,11529423,3.7437601e+11,0.96462715,0.86948383,0.58203125,2.1867921,5.5234666,0.69911462,0.86206406,2.4194729,1367,1.9044279
1835064,3142000,860000,466,1.8555411e+09,0.35171163,191.08414,14797.179,58513.52,7457.3345,63983.535,257481.98,12324392,4.1263599e+11,0.94501823,0.91267008,0.60519481,2.1791186,5.5839424,0.70676911,0.86330593,2.4040995,1367,1.9066532
1835065,3142000,862000,489,1.9513217e+09,0.31876552,198.3596,12679.237,66435.336,8967.5225,73919.523,277353.53,13511748,4.7583599e+11,0.91281134,0.9736926,0.63506496,2.1671262,5.6517158,0.71534735,0.86468595,2.3872621,1367,1.9131812
1835066,3142000,864000,517,2.0589226e+09,0.32091859,209.04649,10532.943,66716.789,7022.5513,74284.336,283940.62,15065778,5.5996403e+11,0.87174064,1.0592164,0.67142856,2.1482761,5.7364764,0.72607565,0.86639488,2.3667643,1367,1.9251478
1835067,3142000,866000,540,2.1563927e+09,0.32496953,223.53485,9417.4775,66180.789,5037.7168,73824.906,288766.97,16452712,6.35104e+11,0.8370508,1.1425248,0.70129871,2.1291437,5.8080268,0.73513186,0.86782306,2.3499267,1367,1.9384344
1835068,3142000,868000,549,2.1875223e+09,0.32480669,233.07957,10555.083,65706.43,3052.8826,70159.125,290916.72,17119824,6.6771603e+11,0.82294947,1.175517,0.71298701,2.1207216,5.836513,0.73873746,0.86838806,2.3433383,1367,1.9445218
1835069,3142000,870000,542,2.1903025e+09,0.32158256,239.37131,12335.753,65295.137,1068.0481,82723.57,292557.16,17354920,6.871e+11,0.82529962,1.1597859,0.70389611,2.1273186,5.8143334,0.73593009,0.86794829,2.3484626,1367,1.939743
1900569,3144000,798000,225,8.9593626e+08,0.20582333,28.136383,17090.486,50660.863,1611.5194,94349.703,233881.67,4577341.5,1.123e+11,0.82753968,0.95164812,0.29920211,1.5875093,6.0134764,0.761136,0.87185347,2.3038068,1367,2.229183
1900570,3144000,800000,227,9.0855194e+08,0.15377064,21.379942,17319.684,64892.18,1465.0353,134437.52,272485.31,4673507,1.19416e+11,0.83719933,0.9369849,0.28233832,1.5906712,6.2015066,0.78493524,0.87545466,2.2642753,1367,2.1946704
1900571,3144000,802000,225,9.1426816e+08,0.21539409,16.21981,19197.994,63175.625,1438.3198,104482.51,230953.66,4779857,1.29496e+11,0.86242062,0.90290713,0.37251654,1.622187,5.4642868,0.6916241,0.86083907,2.4348462,1367,2.3008385
1900572,3144000,804000,244,9.6903104e+08,0.19621813,11.34642,19747.844,61485.562,1254.5568,124089.2,249117.48,5511988.5,1.6288e+11,0.78567094,1.0528879,0.40397352,1.6312602,5.5177751,0.69839424,0.86194664,2.4209371,1367,2.2875195
1900573,3144000,806000,248,9.88096e+08,0.20328592,4.1243591,19561.451,59555.051,847.13147,108219.23,247144.45,5670049,1.68952e+11,0.76557398,1.1051916,0.40924093,1.6342797,5.5348845,0.70055979,0.86229926,2.4165447,1367,2.2825274
1900574,3144000,808000,249,1.0005576e+09,0.20494041,356.87341,19571.307,57603.082,332.63797,106224.69,247692.11,5648980,1.64332e+11,0.77293044,1.1121961,0.41157025,1.6547247,5.5120955,0.69767535,0.86182946,2.4224012,1367,2.2685196
1900575,3144000,810000,258,1.018926e+09,0.11904505,349.06171,20298.896,93090.938,540.05713,178801,327959.78,6013584,1.8412e+11,0.75679427,1.1539378,0.34584451,1.719242,5.9732304,0.75604194,0.87107199,2.3125916,1367,2.1236365
1900576,3144000,812000,276,1.0977468e+09,0.09864182,340.90796,19733.779,93654.031,1663.5695,218068.27,373960.31,6790873,2.30372e+11,0.67552042,1.2054203,0.25964251,1.4252014,7.6664295,0.97035307,0.90108925,2.0226941,1367,2.1522253
1900577,3144000,814000,272,1.0779026e+09,0.13259028,325.70099,20834.594,97453.039,592.8833,191752.45,319623.62,6760267,2.4756399e+11,0.67240071,1.1040294,0.29857299,1.5475177,6.8741989,0.8700791,0.88771898,2.1405563,1367,2.1409554
1900597,3144000,854000,417,1.6558682e+09,0.48311356,172.06436,19523.553,55382.227,1517.0703,53576.312,207535.89,11168768,3.6844801e+11,0.97642273,0.80812198,0.58158994,2.2222581,5.1965075,0.65773082,0.85517079,2.5087848,1367,1.9319383
1900598,3144000,856000,427,1.7047316e+09,0.47212601,178.26376,19030.035,56352.551,3095.2407,50940.637,213011.95,11380814,3.78764e+11,0.97515148,0.82783705,0.58333331,2.1976254,5.3496513,0.67711449,0.85843813,2.4655929,1367,1.9219885
1900599,3144000,858000,438,1.7492541e+09,0.44545457,184.35294,18594.242,57387.785,4637.8408,52000.941,222141.48,11672959,3.92308e+11,0.97228926,0.84953827,0.58399999,2.1936145,5.4337907,0.68776417,0.86020404,2.442899,1367,1.9128773
1900600,3144000,860000,455,1.8098801e+09,0.37405184,190.00806,17652.477,58484.645,6144.0688,61066.527,246583.45,12315009,4.2241999e+11,0.95715737,0.88735163,0.59090906,2.1837728,5.5521007,0.70273882,0.86265332,2.4121523,1367,1.9045521
1900601,3144000,862000,477,1.8988205e+09,0.32563174,195.82462,15784.267,62262.293,7592.6738,69940.75,270697.06,13344880,4.74288e+11,0.92904711,0.9413619,0.61948049,2.1737683,5.6161518,0.71084595,0.86396331,2.3960469,1367,1.9094114
1900602,3144000,864000,505,2.0173452e+09,0.32038948,203.65875,13094.862,64794.688,7321.793,74662.961,281291.06,14810825,5.5112001e+11,0.8884567,1.021251,0.65584415,2.1569383,5.6998415,0.72143865,0.86565852,2.3755491,1367,1.9194669
1900603,3144000,866000,532,2.1306752e+09,0.32570061,215.26611,11197.266,64247.555,5381.6187,74764.141,286717.53,16351355,6.3409999e+11,0.84769833,1.1145676,0.69090909,2.136183,5.7829385,0.73195636,0.86732376,2.3557832,1367,1.9334481
1900604,3144000,868000,545,2.178506e+09,0.32676807,225.11566,11719.91,63757.695,3441.449,63992.449,289443.97,17181360,6.7619599e+11,0.82756341,1.1633037,0.70779222,2.1245313,5.8238182,0.73713064,0.86813653,2.3462665,1367,1.941753
1900605,3144000,870000,546,2.1978028e+09,0.3248367,232.22459,13098.8,64755.117,1511.0939,75787.75,291586.06,17588382,6.9994001e+11,0.82567465,1.1674376,0.70909089,2.1235888,5.8269868,0.73753166,0.86819935,2.3455343,1367,1.9424357
1966105,3146000,798000,230,9.087785e+08,0.219813,31.200991,15597.216,51147.684,1802.2913,90130.859,227933.03,4517018,1.09052e+11,0.80892348,0.97988069,0.29677418,1.5939232,6.1095276,0.77329332,0.87370318,2.283309,1367,2.2078404
1966106,3146000,800000,226,9.1198726e+08,0.20268555,21.918507,14770.231,46804.98,3464.2148,104320.16,237786.91,4262727.5,9.9159998e+10,0.85762048,0.91831183,0.30093208,1.5882777,6.0134764,0.761136,0.87185347,2.3038068,1367,2.2287185
1966107,3146000,802000,225,8.9922995e+08,0.18330783,13.688291,16223.781,62104.48,3435.9795,112745.17,248284.61,4319642,1.0624e+11,0.88253969,0.8886345,0.36945814,1.6173352,5.4866815,0.6944586,0.86130375,2.4289896,1367,2.3007791
1966108,3146000,804000,234,9.5952666e+08,0.18247816,8.5371113,16919.977,60371.383,3232.8552,118381.84,257056.16,4605455.5,1.18964e+11,0.84611714,0.96768987,0.38172922,1.6328216,5.5149341,0.69803458,0.86188805,2.421669,1367,2.2834499
1966109,3146000,806000,254,1.0137217e+09,0.19352925,4.1335893,17474.377,58664.984,2767.6753,103811.92,256561.22,5401547.5,1.53316e+11,0.75998259,1.1417381,0.41368079,1.6422076,5.575222,0.70566541,0.86312747,2.4062958,1367,2.2689397
1966110,3146000,808000,260,1.0226612e+09,0.19245018,356.60693,17497.969,56701.867,2309.4885,95883.422,258411.39,5553118,1.57332e+11,0.75340062,1.175992,0.42276424,1.6449888,5.595612,0.70824617,0.8635444,2.4011712,1367,2.2642164
1966111,3146000,810000,266,1.0547725e+09,0.1140867,347.22321,19091.211,91135.555,2422.7371,172871.73,340852.78,6039694.5,1.92792e+11,0.72657114,1.1937927,0.34954008,1.690256,6.1025653,0.77241206,0.87356985,2.2847731,1367,2.1292853
1966112,3146000,812000,291,1.1488758e+09,0.1022133,338.86203,18451.248,92937.508,2929.2112,201114.56,375826.81,7082029,2.4929999e+11,0.6379903,1.2713783,0.2795389,1.4618968,7.6282063,0.96551508,0.90046775,2.0278184,1367,2.1251192
1966113,3146000,814000,295,1.1696723e+09,0.10861973,329.71487,20890.006,95969.164,1000.0695,206458.31,367860.09,7730874.5,3.0629999e+11,0.61967021,1.2701954,0.29353234,1.4946481,7.4582186,0.94399947,0.89767629,2.0512445,1367,2.116348
1966133,3146000,854000,404,1.6157574e+09,0.49117473,172.96983,21887.529,57163.305,281.23425,55424.414,203317.61,11283683,3.8827999e+11,0.97694272,0.78260595,0.56741571,2.2383659,5.0830574,0.64337122,0.85270417,2.5424597,1367,1.9410112
1966134,3146000,856000,419,1.669105e+09,0.48337477,178.52965,21415.01,58097.188,1818.3475,52153.676,208307.44,11618493,4.02092e+11,0.97645336,0.81202823,0.58437937,2.2215433,5.2015548,0.65836972,0.85527956,2.5073206,1367,1.9322747
1966135,3146000,858000,430,1.7156407e+09,0.46845725,183.96669,21000.684,59095.965,3318.1943,50785.441,214527.58,11930520,4.1772001e+11,0.97487938,0.83375198,0.58743167,2.1965222,5.3576798,0.67813069,0.85860753,2.4633968,1367,1.9224688
1966136,3146000,860000,442,1.7645604e+09,0.4016777,189.278,20497.762,60155.719,4764.3276,57615.035,234954.81,12318585,4.3623599e+11,0.96969044,0.85757816,0.5800525,2.1893933,5.4894934,0.69481456,0.86136204,2.4282577,1367,1.9068918
1966137,3146000,862000,465,1.8445645e+09,0.35121793,194.22588,18974.084,61271.957,6135.2095,65064.008,256899.66,13246856,4.7921201e+11,0.94572675,0.91033989,0.60389608,2.1795702,5.5810328,0.70640081,0.86324638,2.4048316,1367,1.9064351
1966138,3146000,864000,493,1.9676887e+09,0.31980205,200.09218,16029.04,62603.617,7375.8882,74822.164,278062.56,14637607,5.5082798e+11,0.90490443,0.98654366,0.64025974,2.1647232,5.663671,0.71686047,0.86492813,2.3843338,1367,1.9146165
1966139,3146000,866000,527,2.0977019e+09,0.32566443,209.15453,13360.648,63661.5,5904.6216,74308.898,284506.16,16427718,6.43976e+11,0.85421461,1.0976089,0.68441558,2.1403728,5.7673678,0.72998559,0.8670131,2.3594437,1367,1.9305309
1966140,3146000,868000,541,2.1666862e+09,0.32819217,218.68213,13107.362,64928.191,3996.1331,60892.703,288030.72,17285862,6.8885597e+11,0.8320052,1.1516532,0.70259738,2.1282344,5.8111782,0.73553079,0.86788565,2.3491948,1367,1.9390856
1966141,3146000,870000,546,2.1947174e+09,0.32698727,225.87189,14192.16,66238.68,2089.7969,67673.938,290421.53,17818308,7.1854798e+11,0.82562089,1.1678319,0.70909089,2.1235888,5.8269868,0.73753166,0.86819935,2.3455343,1367,1.9424357
1966142,3146000,872000,523,2.0906519e+09,0.31020135,235.21239,15503.848,67590.117,201.09946,126619.11,291020.75,17567112,7.2190401e+11,0.80344021,1.1530814,0.6792208,2.1436098,5.7549715,0.72841656,0.86676526,2.3623719,1367,1.9283059
2031640,3148000,796000,229,9.081728e+08,0.21442744,42.893997,16407.207,58534.02,2.1822884,82948.68,230700.75,4649874,1.17816e+11,0.78349805,0.99176949,0.28768843,1.5930507,6.1800356,0.78221768,0.8750475,2.2686677,1367,2.1964984
2031641,3148000,798000,238,9.3452128e+08,0.20047544,35.118103,14542.788,57539.551,1993.063,100262.96,242029.86,4531395,1.08796e+11,0.79175973,1.029389,0.30126584,1.6014489,6.1907525,0.7835741,0.87525088,2.2664714,1367,2.1890364
2031642,3148000,800000,230,9.3275456e+08,0.2074174,24.466579,13147.508,47559.398,3983.9438,102489.95,237720.17,4108083.2,9.1988001e+10,0.85916084,0.91956943,0.30065361,1.5932957,6.0748734,0.76890707,0.87303829,2.2906296,1367,2.2143726
2031643,3148000,802000,230,9.168711e+08,0.21168314,11.58588,13987.401,45396.02,5432.1313,97700.07,233300.64,4043327.2,9.0496e+10,0.88171637,0.92906576,0.40636042,1.6678216,5.2967367,0.67041701,0.85731709,2.4802341,1367,2.2954566
2031644,3148000,804000,235,9.3860384e+08,0.1647176,2.9860859,13986.285,59321.445,5204.2788,121168.04,267593.81,4178326.5,9.6899998e+10,0.86335695,0.96790099,0.38651314,1.6219083,5.5120955,0.69767535,0.86182946,2.4224012,1367,2.2944899
2031645,3148000,806000,244,9.9141056e+08,0.17918566,359.78473,14820.752,57570.273,4688.23,104334.84,263681.75,4496197,1.10688e+11,0.82972407,1.0282086,0.39739415,1.6381969,5.54635,0.70201099,0.86253512,2.4136164,1367,2.2752633
2031646,3148000,808000,264,1.0510016e+09,0.11403901,354.42517,16278.133,88624.672,4297.168,166086.78,340314.06,5497515,1.63644e+11,0.73409957,1.1865201,0.35246995,1.704754,6.0304065,0.76327884,0.87218106,2.3001463,1367,2.128176
2031647,3148000,810000,282,1.1184649e+09,0.096536942,345.37152,16681.703,89082.359,4374.0527,202312.66,381565.72,6289453.5,2.0439201e+11,0.67088163,1.2509787,0.26528692,1.4317406,7.6994982,0.97453862,0.9016251,2.0183017,1367,2.1431813
2031648,3148000,812000,297,1.1839361e+09,0.10390817,336.13065,17824.201,93187.266,3533.7688,198051.11,378394,7233371,2.70656e+11,0.6242379,1.2975037,0.29232284,1.4883471,7.5263538,0.95262349,0.89880067,2.0417278,1367,2.1140552
2031649,3148000,814000,299,1.1974986e+09,0.11104569,328.44348,20775.32,94332.695,1675.0724,202227.7,368121.84,7830213,3.2082398e+11,0.61854953,1.2750001,0.29780877,1.4990226,7.4738321,0.94597572,0.89793462,2.0490484,1367,2.1110711
2031670,3148000,856000,408,1.6278327e+09,0.49460906,178.9595,23945.68,59861.117,491.5354,53927.246,203366.2,11861311,4.2904001e+11,0.97779065,0.79067343,0.57303369,2.2371576,5.0927258,0.64459497,0.85291594,2.5395315,1367,1.9415181
2031671,3148000,858000,423,1.6788259e+09,0.48295489,183.7795,23496.098,60825.453,1935.9813,51341.965,209003.94,12256442,4.4711199e+11,0.97624731,0.82018024,0.58995813,2.2200408,5.2116795,0.65965122,0.8554976,2.5043924,1367,1.9330169
2031672,3148000,860000,433,1.7269716e+09,0.46240789,188.57208,23073.822,61849.367,3312.8743,50704.254,216638.14,12570226,4.6360799e+11,0.97418952,0.83986324,0.58198923,2.1950536,5.4036336,0.68394715,0.85957342,2.4509516,1367,1.9156286
2031673,3148000,862000,450,1.7912301e+09,0.37978083,193.14114,22127.99,62929.98,4583.0972,60636.203,243452.42,13171918,4.9126801e+11,0.96069288,0.87596858,0.58441556,2.1856606,5.5377464,0.70092201,0.86235821,2.4158125,1367,1.9038121
2031674,3148000,864000,480,1.907024e+09,0.32176542,197.76271,19424.744,64063.898,5698.874,71984.016,272906.16,14521902,5.5708798e+11,0.92358214,0.95019144,0.62337661,2.1721869,5.625001,0.71196598,0.86414343,2.3938506,1367,1.910279
2031675,3148000,866000,516,2.0578326e+09,0.32474494,204.70305,15856.007,65247.863,6524.6406,74551.953,282188.12,16294629,6.4686798e+11,0.86920297,1.0613205,0.6701299,2.1490321,5.7334056,0.72568697,0.86633331,2.3674963,1367,1.9246421
2031676,3148000,868000,538,2.154006e+09,0.32924223,213.52008,14645.701,66478.781,4638.9043,61242.902,286728.34,17485720,7.0851999e+11,0.83536512,1.1431832,0.69870132,2.1309426,5.8017344,0.73433542,0.86769795,2.3513908,1367,1.9371507
2031677,3148000,870000,543,2.1865126e+09,0.32847318,220.48964,15503.053,67753.609,2773.4541,61280.117,289221.75,17968114,7.3593999e+11,0.82815844,1.1599872,0.70519483,2.1263959,5.8174915,0.73632979,0.868011,2.3477306,1367,1.9404068
2031678,3148000,872000,547,2.1833244e+09,0.32243499,227.09645,16647.449,69069.711,915.44147,107729.45,291704.41,18472538,7.6576398e+11,0.80692554,1.2016153,0.71038961,2.1226397,5.8301587,0.73793316,0.86826223,2.3448024,1367,1.9431247
2097176,3150000,796000,229,9.155664e+08,0.21801859,47.798279,15029.722,56808.16,192.95409,80510.562,229722.27,4420053,1.06756e+11,0.79426187,0.97657079,0.28768843,1.5930507,6.1800356,0.78221768,0.8750475,2.2686677,1367,2.1964984
2097177,3150000,798000,243,9.5595482e+08,0.20423356,39.522198,13311.396,55754.543,2183.8347,81616.578,242526.97,4492353.5,1.06608e+11,0.78077066,1.0503699,0.30489334,1.6057893,6.233994,0.78904724,0.87606871,2.2576866,1367,2.1789908
2097178,3150000,800000,242,9.7490496e+08,0.16261965,26.964327,11877.764,54791.18,4174.7153,130046.63,274472.97,4259394,9.6680002e+10,0.81351805,1.027179,0.3063291,1.6049446,6.2050996,0.78539002,0.87552267,2.2635431,1367,2.1843534
2097179,3150000,802000,237,9.4669056e+08,0.21039675,12.166879,12143.299,43984.797,6165.5962,92683.867,237787.73,3929281,8.3336004e+10,0.86154616,0.97459185,0.41798943,1.6712348,5.3177767,0.67308003,0.85776383,2.4743776,1367,2.290122
2097180,3150000,804000,238,9.4293312e+08,0.22298612,0.50396311,11893.893,46099.77,7160.9004,84761.234,230518.86,3884926.2,8.1960002e+10,0.87309861,0.97259635,0.42049471,1.670752,5.3177767,0.67308003,0.85776383,2.4743776,1367,2.2909086
2097181,3150000,806000,239,9.5223066e+08,0.1175399,350.94885,12249.253,85649.844,6622.2988,156847.38,319068.09,3933593.2,8.4551999e+10,0.8658275,0.98767167,0.44924814,1.9117404,4.8091612,0.60870373,0.84657693,2.6303074,1367,2.1941354
2097182,3150000,808000,256,1.044096e+09,0.085429855,346.91275,14575.452,86568.484,6289.5308,219778.19,391895.53,5004958,1.52356e+11,0.77144605,1.0631548,0.25858587,1.4657087,7.1879206,0.90978736,0.89314097,2.090776,1367,2.1709802
2097183,3150000,810000,289,1.1595433e+09,0.097368576,341.98975,15431.964,90408.25,6137.936,197551.28,386846.81,6419592,2.2151601e+11,0.65107173,1.2707204,0.2778846,1.4607785,7.6119413,0.96345645,0.90020263,2.0300148,1367,2.1277804
2097184,3150000,812000,307,1.2153874e+09,0.10651721,332.86969,17355.707,91544.758,4313.1177,197565.55,378662.59,7527478,2.9128799e+11,0.60486257,1.3297024,0.30186823,1.496668,7.5849872,0.96004474,0.89976233,2.033675,1367,2.1009369
2097185,3150000,814000,305,1.2241674e+09,0.11222874,326.11166,20363.404,92646.766,2518.5239,201268.72,370231.47,7923694,3.2749601e+11,0.61367559,1.3066006,0.30408773,1.5050559,7.5000014,0.94928795,0.89836669,2.045388,1367,2.1033237
2097186,3150000,816000,304,1.1968516e+09,0.11363037,321.05997,24108.623,93859.867,755.09381,206623.92,363812.72,8561994,3.78484e+11,0.62749696,1.2873387,0.30645162,1.5115733,7.4375014,0.94137722,0.89733291,2.0541728,1367,2.1049757
2097207,3150000,858000,410,1.6321427e+09,0.49830547,183.89908,26248.41,62573.426,488.05597,52889.41,202878.56,12483901,4.7591201e+11,0.97823364,0.79466081,0.57584268,2.236517,5.0975733,0.6452086,0.85302204,2.5380673,1367,1.9418061
2097208,3150000,860000,423,1.6867218e+09,0.48206109,188.08299,25710.926,63564.148,1778.9996,50798.164,209688.98,12824941,4.9276001e+11,0.97624731,0.82018024,0.58995813,2.2200408,5.2116795,0.65965122,0.8554976,2.5043924,1367,1.9330169
2097209,3150000,862000,436,1.7411048e+09,0.44907767,192.32213,25150.582,64611,2942.3533,51835.074,220727.61,13262112,5.1468e+11,0.97322577,0.84559047,0.58602148,2.1939685,5.4118252,0.68498391,0.85974497,2.4487555,1367,1.9160719
2097210,3150000,864000,461,1.8379447e+09,0.34936124,196.29691,23161.254,65710.797,4003.7573,66121.859,257118.78,14215570,5.5846797e+11,0.94812787,0.90154362,0.5987013,2.18132,5.5694237,0.70493144,0.86300868,2.4077599,1367,1.9056171
2097211,3150000,866000,506,2.0068864e+09,0.32261342,201.44731,18798.766,66860.07,5065.1616,74719.484,279592.25,16254578,6.56612e+11,0.88483542,1.0271846,0.65714288,2.1562502,5.7028766,0.7218228,0.86571968,2.3748169,1367,1.9199083
2097212,3150000,868000,536,2.1390134e+09,0.32994559,209.32278,16342.088,68056.336,5378.2222,72981.633,285424.03,17754544,7.32728e+11,0.8372646,1.1380016,0.69610387,2.1327155,5.7954555,0.73354071,0.86757308,2.352855,1367,1.9358919
2097213,3150000,870000,541,2.1780465e+09,0.32969669,215.98648,16935.439,69296.844,3546.9534,60597.469,288125.19,18208380,7.6019597e+11,0.82965702,1.1551838,0.70259738,2.1282344,5.8111782,0.73553079,0.86788565,2.3491948,1367,1.9390856
2097214,3150000,872000,552,2.2030623e+09,0.32690352,221.75424,17988.566,70578.977,1737.6145,62973.621,291010.41,18879610,7.9531599e+11,0.8091349,1.2103728,0.71688312,2.1177938,5.8460708,0.73994714,0.86857718,2.3411419,1367,1.9466653
2162712,3152000,796000,231,9.2745754e+08,0.21905077,53.479221,13761.908,55122.199,383.72589,83551.445,230663.86,4208032,9.4879998e+10,0.80222094,0.97509789,0.28983688,1.5949129,6.1907525,0.7835741,0.87525088,2.2664714,1367,2.1934454
2162713,3152000,798000,247,9.7876934e+08,0.17666876,43.902187,11770.204,54009.113,2374.6067,96207.992,263854.94,4324868,9.6531997e+10,0.78190315,1.0657865,0.30991217,1.6092132,6.2485423,0.79088867,0.87634295,2.2547584,1367,2.1743634
2162714,3152000,800000,254,1.0200608e+09,0.16872741,29.786238,10633.456,52981.723,4365.4873,105292.79,275629.16,4376252,9.8551996e+10,0.78733933,1.0932966,0.3186951,1.614967,6.2741661,0.79413193,0.87682486,2.249634,1367,2.1664898
2162715,3152000,802000,245,9.7688909e+08,0.20179032,14.472764,10534.959,45476.539,6356.3682,91295.016,246647.89,3916817,8.0727998e+10,0.84028101,1.0187217,0.41525424,1.6595254,5.4393101,0.68846279,0.86031914,2.4414349,1367,2.2778177
2162716,3152000,804000,242,9.5797568e+08,0.21673174,0.31902102,10070.667,45084.098,8347.249,77020.82,235679.02,3749220,7.4920002e+10,0.86193889,0.99496955,0.42756185,1.672033,5.3283591,0.67441952,0.857988,2.4714494,1367,2.2888114
2162717,3152000,806000,244,9.7083309e+08,0.13187097,345.14334,11434.905,84103.094,8570.3604,147583.39,304160.38,4013379.2,9.8240004e+10,0.84584767,0.98069215,0.37251908,1.9410487,5.144093,0.65109664,0.85403621,2.5241582,1367,2.0946264
2162718,3152000,808000,260,1.0364766e+09,0.10280161,334.74255,12852.453,85541.578,8284.7852,187481.56,355946.5,4879526.5,1.47024e+11,0.76884466,1.0364381,0.2674897,1.5048004,7.0974169,0.89833212,0.89159477,2.1046853,1367,2.1472342
2162719,3152000,810000,283,1.154652e+09,0.097838916,332.62909,14780.986,88759.383,6990.5391,206700.5,385101.03,6200944.5,2.27036e+11,0.68220437,1.148896,0.27237728,1.4555364,7.5742588,0.95868683,0.8995868,2.0351391,1367,2.1362047
2162720,3152000,812000,312,1.2405348e+09,0.10797799,329.05878,16957.193,89916.734,5221.2222,197744.16,379963.41,7609778.5,3.0206801e+11,0.60250229,1.3380234,0.30678466,1.5010265,7.6119413,0.96345645,0.90020263,2.0300148,1367,2.0945206
2162721,3152000,814000,315,1.2528401e+09,0.11389872,323.09702,19951.27,91041.094,3482.8069,198355.5,371786.25,8280298,3.5107999e+11,0.59995955,1.3498466,0.31374502,1.5128555,7.5582228,0.95665717,0.89932406,2.0373354,1367,2.0907476
2162722,3152000,816000,312,1.2403094e+09,0.11680418,318.71313,23297.799,92344.414,1770.2627,199742.7,365292.53,8761802,3.9148801e+11,0.61711597,1.319001,0.31610942,1.5214251,7.4530282,0.94334251,0.89759034,2.0519767,1367,2.0954413
2162723,3152000,818000,310,1.1973911e+09,0.14592896,314.43372,26929.809,93672.305,90.478233,174024.44,321108.78,9626661,4.6271201e+11,0.6466437,1.2802129,0.41891891,1.7252665,6.1587129,0.77951878,0.87464219,2.2730601,1367,2.0997865
2162744,3152000,860000,407,1.6254774e+09,0.50512105,188.10016,28896.08,65298.238,165.28265,52093.121,201093.33,13054647,5.2544799e+11,0.98015034,0.78859591,0.57323945,2.240159,5.0638309,0.64093769,0.85228217,2.5483162,1367,1.9460696
2162745,3152000,862000,425,1.6940643e+09,0.48046929,191.64198,28007.785,66312.539,1247.2363,50302.188,210492.7,13564255,5.4930801e+11,0.97610432,0.82415962,0.59274757,2.2192531,5.2167568,0.66029382,0.85560685,2.5029283,1367,1.9334227
2162746,3152000,864000,443,1.7681207e+09,0.39073792,195.34186,26883.615,67379.375,2308.6406,59301.707,238461.41,14177143,5.7837997e+11,0.96646678,0.86065781,0.57682294,2.1881588,5.5120955,0.69767535,0.86182946,2.4224012,1367,1.9039671
2162747,3152000,866000,486,1.9368745e+09,0.32052401,199.14755,22468.162,68495.867,3391.4058,73137.164,275565.84,15883512,6.5605599e+11,0.91098386,0.96975082,0.63116884,2.1688662,5.6427827,0.71421665,0.86450475,2.3894582,1367,1.9121636
2162748,3152000,868000,535,2.1216393e+09,0.3300986,205.90823,18169.961,69659.25,4578.8159,73291.219,284196.59,18130028,7.64924e+11,0.83895129,1.1344645,0.6948052,2.1335921,5.7923212,0.73314399,0.86751068,2.3535872,1367,1.9352717
2162749,3152000,870000,539,2.169547e+09,0.33069551,212.21124,18460.822,70866.898,4421.7876,60010.938,287127.84,18472198,7.8713999e+11,0.83116883,1.1503574,0.69999999,2.1300464,5.8048792,0.73473346,0.86776048,2.3506589,1367,1.9377894
2162750,3152000,872000,550,2.1978762e+09,0.32784173,217.80455,19347.896,72116.297,2663.2756,61871.398,290251.47,19089782,8.2062403e+11,0.80896175,1.2099284,0.71428573,2.1197524,5.8396955,0.73914021,0.86845106,2.3426061,1367,1.9452299
2162751,3152000,874000,511,2.0395662e+09,0.30348861,227.60512,19394.754,73405.078,930.95007,109982.18,290604.69,17916440,7.8195602e+11,0.78449023,1.152701,0.66363639,2.1527183,5.7181001,0.7237497,0.86602598,2.3711567,1367,1.9222022
2228248,3154000,796000,239,9.4887898e+08,0.21214814,59.830986,12518.72,53479.324,557.10223,87723.883,237077.72,4253150.5,9.5707996e+10,0.79093564,1.0121052,0.29987454,1.6022652,6.2195134,0.7872144,0.8757953,2.2606149,1367,2.1837132
2228249,3154000,798000,252,1.0122284e+09,0.1804125,48.562157,10218.395,52306.238,2537.4224,91132.07,265528.34,4206473,8.8467997e+10,0.77135903,1.1115264,0.31578946,1.6133537,6.270493,0.79366696,0.87675583,2.250366,1367,2.168103
2228250,3154000,800000,256,1.0368672e+09,0.17119694,34.315674,9039.0176,51214.043,4525.4019,98843.172,275878.91,4188689,8.8719999e+10,0.79194242,1.0930971,0.32120451,1.6165558,6.2815261,0.79506344,0.87696296,2.2481699,1367,2.1642923
2228251,3154000,802000,258,1.016103e+09,0.16047511,19.248949,9142.2744,50216.695,6517.1904,102712.29,282078.5,4131795,8.7399997e+10,0.79582542,1.1078994,0.40822786,1.6339498,5.663671,0.71686047,0.86492813,2.3843338,1367,2.2602804
2228252,3154000,804000,249,9.8547699e+08,0.12183059,0.58244544,8684.2998,81299.023,8511.0381,154667.36,318823.25,3779275,7.6103999e+10,0.83582717,1.0252318,0.34392264,1.7251245,5.8492637,0.74035126,0.8686403,2.34041,1367,2.1384189
2228253,3154000,806000,254,1.0103385e+09,0.10091727,340.44049,10455.352,81985.109,10506.451,189746.05,354695.47,4312500,1.16808e+11,0.79788989,1.0034548,0.24446583,1.4232751,7.4220386,0.9394201,0.89707619,2.0563691,1367,2.180192
2228254,3154000,808000,269,1.070719e+09,0.116003,328.16058,12421.276,85976.828,9691.2686,176944.69,340571.31,5254572,1.7813601e+11,0.73986018,1.0539484,0.28831726,1.5354935,6.9590654,0.88082081,0.88920319,2.1266472,1367,2.1394563
2228255,3154000,810000,283,1.1306665e+09,0.12247786,320.53873,14987.839,87125.227,7948.4023,175731.52,340599.03,6177925.5,2.35868e+11,0.69804275,1.1100694,0.31064764,1.5570896,6.9230781,0.87626582,0.88857543,2.1325037,1367,2.1274402
2228256,3154000,812000,304,1.2216174e+09,0.10650309,320.55743,17102.244,88222.945,6226.9717,208926.94,379657.03,7407559.5,3.0564401e+11,0.63878757,1.2180383,0.2992126,1.4947506,7.5635605,0.95733279,0.89941156,2.0366032,1367,2.1047976
2228257,3154000,814000,320,1.280017e+09,0.11551081,319.38943,19538.602,89522.609,4532.7422,192810.39,373165.5,8407569,3.6086799e+11,0.59986287,1.3647354,0.31872511,1.51692,7.5849872,0.96004474,0.89976233,2.033675,1367,2.0846348
2228258,3154000,816000,332,1.2814158e+09,0.12000012,315.38928,22370.508,90847.711,2859.0437,193686.56,366318.72,9588022,4.3884e+11,0.59476578,1.3917329,0.336714,1.5372945,7.5528927,0.95598251,0.89923662,2.0380673,1367,2.072186
2228259,3154000,818000,317,1.253418e+09,0.12046267,312.27539,25443.916,92197.164,1185.3453,197820.36,361598.53,9441750,4.37484e+11,0.62630278,1.3264292,0.33020833,1.5402048,7.3406453,0.92911804,0.89571846,2.0680821,1367,2.0935991
2228282,3154000,864000,426,1.7033624e+09,0.47712973,194.6053,30306.105,69068.742,613.52368,50009.234,211806.97,14345505,6.12004e+11,0.97596246,0.82623559,0.59414226,2.2188499,5.2192993,0.66061562,0.85566151,2.5021963,1367,1.9336343
2228283,3154000,866000,461,1.8379492e+09,0.34442997,197.7551,27234.785,70153.898,1770.1531,67630.188,258953.16,15483432,6.6108398e+11,0.9459964,0.90239906,0.5987013,2.18132,5.5694237,0.70493144,0.86300868,2.4077599,1367,1.9056171
2228284,3154000,868000,523,2.0896869e+09,0.32901239,202.97533,20469.709,71285.758,3059.686,72742.172,282513.66,18045514,7.7771198e+11,0.85302156,1.0944731,0.6792208,2.1436098,5.7549715,0.72841656,0.86676526,2.3623719,1367,1.9283059
2228285,3154000,870000,539,2.1610296e+09,0.33149683,209.03018,20059.904,72461.805,4470.001,59262.699,286217.12,18880128,8.2389998e+11,0.83116883,1.1503574,0.69999999,2.1300464,5.8048792,0.73473346,0.86776048,2.3506589,1367,1.9377894
2228286,3154000,872000,550,2.1931479e+09,0.32847473,214.40338,20783.117,73679.656,3681.6748,60800.883,289659.59,19423798,8.54024e+11,0.80747807,1.2126615,0.71428573,2.1197524,5.8396955,0.73914021,0.86845106,2.3426061,1367,1.9452299
2228287,3154000,874000,527,2.1036671e+09,0.31057441,221.84027,21135.518,74937.023,2002.2555,104586.45,291749.81,18824856,8.4054802e+11,0.79624969,1.1788293,0.68441558,2.1403728,5.7673678,0.72998559,0.8670131,2.3594437,1367,1.9305309
2228288,3154000,876000,440,1.7603776e+09,0.26749861,236.5569,19341.729,76231.766,354.75671,127984.17,287572.31,15393313,6.8565198e+11,0.73008907,1.0435013,0.5699482,2.1888733,5.5149341,0.69803458,0.86188805,2.421669,1367,1.9018112
2293784,3156000,796000,249,9.9221242e+08,0.18787298,65.78875,11012.971,51883.305,1192.5471,93906.875,257617.34,4293051,9.4055997e+10,0.76204818,1.1050471,0.31203008,1.6108822,6.2594986,0.79227537,0.87654918,2.2525623,1367,2.1714842
2293785,3156000,798000,261,1.0283533e+09,0.17984049,56.256283,9031.4102,50649.059,3016.4421,93242.312,268060.22,4336264,9.2119998e+10,0.75534922,1.1558715,0.32706767,1.6204391,6.303709,0.79787123,0.87737864,2.2437775,1367,2.1582708
2293786,3156000,800000,255,1.0472237e+09,0.17173423,41.917019,7575.2471,49491.949,4911.9619,97746.734,276819.22,3969668.8,7.8960001e+10,0.80015439,1.0676175,0.31994981,1.6157644,6.277844,0.79459745,0.87689388,2.2489018,1367,2.1653883
2293787,3156000,802000,257,1.0279699e+09,0.16114447,24.360451,7217.0352,48423.812,6841.269,94393.281,283131,3914611,7.7664002e+10,0.80486989,1.0829428,0.38074073,1.5968505,5.85566,0.74116087,0.86876673,2.3389459,1367,2.2578568
2293788,3156000,804000,262,1.0468149e+09,0.11502061,359.76657,8404.9727,79529.492,8790.9658,149992.83,338183.22,4246498,1.02832e+11,0.77757305,1.0876775,0.34610304,1.6870867,6.0748734,0.76890707,0.87303829,2.2906296,1367,2.1359603
2293789,3156000,806000,269,1.0713969e+09,0.10200999,335.97577,9647.4365,83197.359,10752.636,190437.67,363294.47,4883511,1.5193601e+11,0.7430228,1.0710163,0.26502463,1.4610366,7.3760343,0.93359727,0.89631009,2.0629575,1367,2.1532972
2293790,3156000,808000,280,1.1126632e+09,0.12047454,322.17587,12345.59,84336.18,10683.681,175496.25,340674.12,5713649.5,2.0845601e+11,0.71328723,1.0902797,0.30010718,1.545642,7.0091634,0.88716179,0.89007312,2.1185944,1367,2.1252885
2293791,3156000,810000,289,1.1563709e+09,0.13341767,314.90286,15114.633,85405.469,8976.3076,172198.45,330025,6464897,2.56168e+11,0.69146484,1.1073318,0.31758243,1.5623763,6.9455266,0.87910712,0.88896728,2.1288433,1367,2.1206503
2293792,3156000,812000,299,1.1866308e+09,0.13841376,310.66022,18079.939,86701.234,7301.3071,172698.94,328226.09,7294193.5,3.09196e+11,0.67275709,1.1476012,0.32857144,1.5701715,6.9908628,0.88484544,0.88975585,2.1215227,1367,2.1092141
2293793,3156000,814000,318,1.2586948e+09,0.11433434,311.69479,19856.152,88023.367,5627.6089,201975.42,371943.38,8591841,3.83944e+11,0.63559711,1.2511768,0.31704885,1.515986,7.5689058,0.9580093,0.89949912,2.0358713,1367,2.0871027
2293794,3156000,816000,328,1.3065356e+09,0.12124526,311.54654,21565.09,89370.703,3955.0833,186851.19,367987.59,9154373,4.07096e+11,0.60233462,1.374707,0.32767233,1.5251429,7.6119413,0.96345645,0.90020263,2.0300148,1367,2.0752656
2293795,3156000,818000,324,1.2871264e+09,0.12229162,308.69275,23802.473,90404.586,2297.7749,192554.36,363678.12,9444311,4.2824401e+11,0.60742271,1.3682486,0.32694247,1.5284188,7.5369473,0.95396423,0.89897484,2.0402637,1367,2.0807657
2293796,3156000,820000,312,1.2387306e+09,0.15151316,305.4996,25819.783,90763.781,640.46637,149293.44,320529.66,9437257,4.2978401e+11,0.63438863,1.2986845,0.42162162,1.7259409,6.1658039,0.78041637,0.87477708,2.271596,1367,2.0985253
2293819,3156000,866000,433,1.7248224e+09,0.46376112,197.04982,32304.529,71831.969,234.24422,55541.121,216187.19,15320508,6.8468802e+11,0.97418952,0.83986324,0.58198923,2.1950536,5.4036336,0.68394715,0.85957342,2.4509516,1367,1.9156286
2293820,3156000,868000,508,2.0220663e+09,0.32551587,200.46713,23919.689,72933.453,1644.6421,74098.711,279393.66,17950076,7.9551601e+11,0.87564647,1.0405304,0.65974027,2.154856,5.7089562,0.72259235,0.86584204,2.3733528,1367,1.9208084
2293821,3156000,870000,536,2.1524298e+09,0.33213538,206.33153,21718.854,74079.078,3170.5557,58449.996,285372.34,19136662,8.5371997e+11,0.83193612,1.1446904,0.69610387,2.1327155,5.7954555,0.73354071,0.86757308,2.352855,1367,1.9358919
2293822,3156000,872000,551,2.1890844e+09,0.32878131,211.46887,22275.254,75266.555,4779.8086,59444.367,289256.16,19846784,8.9471602e+11,0.80535883,1.2176901,0.7155844,2.1187766,5.8428817,0.7395435,0.86851412,2.3418741,1367,1.9459444
2293823,3156000,874000,536,2.1375626e+09,0.31445161,217.69121,22738.543,76493.727,3147.0676,101153.21,292272.16,19505984,8.91564e+11,0.79691029,1.1990536,0.69610387,2.1327155,5.7954555,0.73354071,0.86757308,2.352855,1367,1.9358919
2293824,3156000,876000,487,1.9523803e+09,0.28834373,226.57523,22363.531,77758.539,1545.4794,116961.43,291696.94,17626874,8.1065601e+11,0.76133376,1.1292896,0.63082904,2.1684778,5.6517158,0.71534735,0.86468595,2.3872621,1367,1.911222
2359319,3158000,794000,221,8.8346925e+08,0.25498509,72.297188,13511.279,53505.449,943.90656,88733.844,208661.94,3886170.8,8.7867998e+10,0.82566845,0.92142755,0.36229509,1.6444871,5.4476104,0.68951333,0.86049211,2.4392385,1367,2.2823484
2359320,3158000,796000,253,9.98456e+08,0.18570314,75.543823,10298.081,51301.562,2345.4727,95949.969,259932.02,4330613.5,9.5272002e+10,0.75378001,1.1252624,0.3166458,1.6141634,6.277844,0.79459745,0.87689388,2.2489018,1367,2.1663816
2359321,3158000,798000,263,1.0458707e+09,0.1752388,65.238586,8058.9634,49144.512,3937.2363,99074.531,273860.12,4309665.5,9.0599997e+10,0.75706035,1.1493076,0.32957393,1.6219471,6.3111382,0.79881155,0.87751758,2.2423134,1367,2.1561487
2359322,3158000,800000,259,1.0573165e+09,0.16982459,52.8232,6325.2515,47818.547,5663.7915,99998.43,279709.47,3994235.5,7.9656002e+10,0.79494774,1.0736001,0.32496864,1.6188934,6.2925978,0.79646486,0.87717056,2.2459736,1367,2.1610391
2359323,3158000,802000,260,1.0498623e+09,0.10161454,27.221422,5755.5312,76966.711,7474.4941,169012.31,360323.97,3937148.2,8.0636002e+10,0.79221857,1.0836972,0.28602859,1.6058097,6.7273879,0.85149699,0.88511962,2.1654465,1367,2.1059742
2359324,3158000,804000,274,1.0905405e+09,0.092745394,354.50217,7300.9868,78050.289,9338.001,189685.8,384396.72,4695891,1.26932e+11,0.73110342,1.1247669,0.25300092,1.4016683,7.7664986,0.98301899,0.90270573,2.009517,1367,2.1621261
2359325,3158000,806000,292,1.1576174e+09,0.1014806,334.08398,9523.6875,81549.844,11234.218,197820.39,378613.38,5722343,1.90952e+11,0.67779976,1.1832689,0.27783063,1.4537883,7.6884437,0.97313941,0.90144616,2.0197659,1367,2.1256163
2359326,3158000,808000,291,1.165291e+09,0.11862829,317.08582,12338.209,82678.156,10179.979,181947.89,351340.31,6125154.5,2.28404e+11,0.69323379,1.122833,0.29364279,1.5006177,7.3658886,0.93231308,0.89614069,2.0644217,1367,2.1217983
2359327,3158000,810000,299,1.1893207e+09,0.1400841,309.70679,15298.136,83880.336,8894.4561,171095.14,326632.97,6870733.5,2.7780399e+11,0.68121928,1.1382164,0.32893288,1.570493,6.9863024,0.88426822,0.88967669,2.1222548,1367,2.1095622
2359328,3158000,812000,311,1.2061673e+09,0.1514625,305.90067,18303.818,85199.297,7608.9321,163401.31,316341.5,7919487.5,3.4401999e+11,0.66864431,1.1701694,0.3470982,1.5826662,6.9817481,0.88369179,0.88959759,2.1229868,1367,2.1017041
2359329,3158000,814000,306,1.2139524e+09,0.15418489,303.08121,20849.256,86544.383,6323.4082,161653.98,314546.5,8074581,3.555e+11,0.67761707,1.1555156,0.34113711,1.5790173,6.9635901,0.88139349,0.88928193,2.1259151,1367,2.1065071
2359330,3158000,816000,313,1.2664965e+09,0.11837069,303.8399,21507.01,87624.305,5037.8843,185863.42,366678,8678334,3.86676e+11,0.64657575,1.2298723,0.31144279,1.5105062,7.5528927,0.95598251,0.89923662,2.0380673,1367,2.0932014
2359331,3158000,818000,321,1.285471e+09,0.12166563,304.20023,21949.789,87934.68,3417.2964,168371.45,364377.97,9075614,3.9443599e+11,0.61234426,1.344364,0.32522798,1.5285468,7.5000014,0.94928795,0.89836669,2.045388,1367,2.0846941
2359332,3158000,820000,312,1.2381004e+09,0.14881812,301.96915,23537.225,89355.008,1759.988,135323.83,323336.66,8976486,3.8332799e+11,0.62896776,1.3247817,0.42162162,1.7259409,6.1658039,0.78041637,0.87477708,2.271596,1367,2.0985253
2359333,3158000,822000,302,1.1794542e+09,0.15081541,297.69,25437.412,89958.75,102.67966,144163.38,313489.22,9051062,3.9196e+11,0.64517832,1.2649645,0.40810812,1.7223332,6.1305103,0.77594918,0.87410444,2.2789166,1367,2.1050534
2359356,3158000,868000,467,1.8613161e+09,0.32316637,198.73085,30409.373,74600.945,367.22333,90291.266,269030.75,17109532,7.8991203e+11,0.93258953,0.91927123,0.60649353,2.1786611,5.5868554,0.70713782,0.86336547,2.4033675,1367,1.9068767
2359357,3158000,870000,534,2.1436764e+09,0.33262554,204.02539,23428.799,75717.375,2022.91,55503.52,284581.56,19514992,8.9367603e+11,0.83278173,1.1401793,0.69350648,2.1344621,5.7891903,0.73274767,0.86744833,2.3543191,1367,1.9346577
2359358,3158000,872000,548,2.1858673e+09,0.32868543,208.92865,23808.789,76875.562,3756.1208,57997.145,289085.69,20068698,9.2602801e+11,0.80520159,1.2139368,0.71168834,2.1216841,5.8333344,0.73833507,0.86832511,2.3440702,1367,1.94382
2359359,3158000,874000,543,2.1613668e+09,0.31652761,214.34431,24326.102,78073.438,4350.5625,98294.25,292929.69,20148984,9.4484398e+11,0.79375207,1.2207497,0.70519483,2.1263959,5.8174915,0.73632979,0.868011,2.3477306,1367,1.9404068
2359360,3158000,876000,510,2.0331031e+09,0.2950545,221.40894,24303.25,79309.016,2785.5725,110928.61,294261.53,18930018,8.9572803e+11,0.77255672,1.1734966,0.66062176,2.1538017,5.7211547,0.72413635,0.86608732,2.3704245,1367,1.9202626
2359361,3158000,878000,436,1.7656244e+09,0.25969815,230.94965,23482.945,80580.43,1251.8173,132232.5,292293.84,15804641,7.4459998e+11,0.72705895,1.0460927,0.56476682,2.1900311,5.5035982,0.69659978,0.86165386,2.4245973,1367,1.9015555
2424852,3160000,788000,156,6.2329248e+08,0.22182713,79.19442,19611.223,60475.762,1461.8998,100231.31,187907.25,3370389,9.1395998e+10,0.77708852,0.79598403,0.25827813,1.5655686,5.2784634,0.66810411,0.85692799,2.4853587,1367,2.3719172
2424853,3160000,790000,186,7.4045914e+08,0.2384056,82.592514,17512.033,58076.219,1246.2106,99422.547,197559.2,3772186.5,9.6131998e+10,0.81859922,0.8071546,0.30342579,1.5998224,5.3819103,0.68119758,0.85911757,2.4568081,1367,2.3269396
2424854,3160000,792000,207,8.2425107e+08,0.25216609,83.506065,15164.55,55694.84,1630.6084,87239.531,202670.88,3843709.5,9.1011998e+10,0.83176214,0.86672509,0.33878887,1.6359959,5.4118252,0.68498391,0.85974497,2.4487555,1367,2.2933502
2424855,3160000,794000,225,8.9026003e+08,0.22272061,83.250946,12746.304,53339.199,2546.3811,92815.82,224121.31,3875426.5,8.6091997e+10,0.81726193,0.95989549,0.36644951,1.6492652,5.4698682,0.69233054,0.860955,2.433382,1367,2.2745967
2424856,3160000,796000,251,9.9594394e+08,0.1861375,87.01902,9829.8301,51015.605,3765.957,93654.18,259301.75,4226677,9.1684004e+10,0.77137846,1.0851016,0.31414267,1.6125302,6.270493,0.79366696,0.87675583,2.250366,1367,2.1686227
2424857,3160000,798000,264,1.0520708e+09,0.17455494,78.225243,7406.2217,48731.691,5169.6123,99743.555,275208.19,4316316.5,9.1395998e+10,0.75763339,1.140332,0.33041301,1.6227118,6.3185849,0.79975408,0.87765676,2.2408493,1367,2.1544647
2424858,3160000,800000,259,1.0603361e+09,0.16757146,69.185722,5445.1016,46496.684,6721.8794,102845.02,281985.44,3937167.2,7.7264003e+10,0.79632455,1.0666845,0.32496864,1.6188934,6.2925978,0.79646486,0.87717056,2.2459736,1367,2.1610391
2424859,3160000,802000,269,1.0896015e+09,0.10400337,21.745502,4780.8521,74934.672,8388.0059,175730.97,362839.94,4418736.5,1.10288e+11,0.75115132,1.097393,0.2923913,1.6006496,6.826005,0.8639791,0.88687015,2.1486092,1367,2.0981603
2424860,3160000,804000,283,1.1469279e+09,0.097231716,345.48691,6718.2964,78766.508,10135.272,184614.61,385007.34,5258786.5,1.6564e+11,0.7054106,1.127856,0.26773888,1.4387511,7.6719213,0.97104812,0.90117836,2.0219619,1367,2.1400821
2424861,3160000,806000,302,1.2096942e+09,0.10668966,326.58691,9387.9492,79918.422,10040.163,180199.44,377469.25,6251907.5,2.2389999e+11,0.6625157,1.2075104,0.29178745,1.4777294,7.6554694,0.96896583,0.90091127,2.0241582,1367,2.1090367
2424862,3160000,808000,311,1.2459657e+09,0.11282967,314.67789,12189.619,81059.961,8647.8477,194382.67,372517.19,6895819.5,2.64416e+11,0.65155065,1.2309042,0.30976096,1.509516,7.5369473,0.95396423,0.89897484,2.0402637,1367,2.0957189
2424863,3160000,810000,316,1.2275896e+09,0.14087582,304.86108,15460.059,82375.523,7362.3242,169511.92,330912.59,7701506,3.22212e+11,0.66409487,1.1940055,0.34763476,1.5825114,7.0646448,0.89418417,0.89103132,2.1098096,1367,2.0912762
2424864,3160000,812000,311,1.2265294e+09,0.15895867,301.00876,18176.088,83718.195,6076.8003,158032.45,311387.94,7823097,3.3172e+11,0.67163157,1.1669036,0.34748602,1.5829093,6.9772,0.88311607,0.88951862,2.123719,1367,2.1021297
2424865,3160000,814000,305,1.2132248e+09,0.16437821,297.90073,20244.691,84850.25,4791.2764,143284.25,304546.38,8029851.5,3.4802401e+11,0.68323988,1.1399661,0.3404018,1.5785793,6.9545465,0.88024884,0.88912445,2.1273792,1367,2.1079757
2424866,3160000,816000,298,1.1815645e+09,0.16474713,294.92929,21699.836,85105.516,3505.7524,134843.73,300209.69,7996947.5,3.41108e+11,0.69513929,1.1237873,0.3329609,1.5738385,6.9186058,0.87569976,0.88849723,2.1332357,1367,2.1159127
2424867,3160000,818000,300,1.1980823e+09,0.11594038,295.14334,21646.773,86527.781,2220.2285,172601.77,360355.28,8201986,3.4015199e+11,0.66454852,1.1887349,0.30272451,1.5087405,7.4117661,0.93811989,0.89690542,2.0578332,1367,2.1101074
2424868,3160000,820000,309,1.2255206e+09,0.12033902,296.52402,21437.816,86981.32,1579.2476,153509.03,357735.47,8570060,3.47756e+11,0.62856722,1.3158339,0.3287234,1.5432848,7.2024221,0.91162288,0.89338738,2.0885799,1367,2.1074502
2424869,3160000,822000,223,8.855081e+08,0.2253482,277.08148,13927.538,41739.992,1222.2014,106437.66,222215.39,4592673,1.11416e+11,0.73381007,1.0355012,0.3679868,1.6223791,5.4642868,0.6916241,0.86083907,2.4348462,1367,2.3000388
2424893,3160000,870000,528,2.1198744e+09,0.33116329,201.92281,25259.236,77375.57,1078.1857,75787.969,283621.34,19833056,9.3392798e+11,0.83451211,1.1261503,0.6857143,2.1395476,5.7704749,0.73037887,0.86707515,2.3587115,1367,1.9311022
2424894,3160000,872000,549,2.1835302e+09,0.32800457,206.72101,25369.676,78505.617,2924.4666,61867.918,289230.84,20520680,9.7231602e+11,0.80235463,1.2207115,0.71298701,2.1207216,5.836513,0.73873746,0.86838806,2.3433383,1367,1.9445218
2424895,3160000,874000,546,2.1792545e+09,0.31707731,211.56152,25912.516,79675.203,4806.6333,95104.891,293884.25,20576916,9.8720403e+11,0.79195482,1.2335294,0.70725387,2.1242683,5.8333344,0.73833507,0.86832511,2.3440702,1367,1.9406281
2424896,3160000,876000,524,2.0819252e+09,0.29751948,217.64917,26030.354,80882.516,4069.7527,106689.34,296537.62,19896798,9.6800801e+11,0.77447343,1.2068477,0.67875648,2.1432917,5.7642636,0.72959268,0.86695105,2.3601756,1367,1.9272578
2424897,3160000,878000,476,1.9014639e+09,0.27211428,224.66579,25971.324,82125.727,2530.8188,127112.55,296328.44,17895100,8.7305598e+11,0.74140644,1.1344389,0.61578268,2.1744308,5.6220484,0.71159226,0.86408335,2.3945827,1367,1.907362
2424898,3160000,880000,393,1.5716767e+09,0.22943838,234.12248,24820.395,83403.141,937.16351,140717.61,293395.53,14111662,6.7361997e+11,0.70152414,0.9790774,0.50840878,2.1966646,5.3873248,0.68188292,0.85923129,2.455344,1367,1.903784
2490387,3162000,786000,139,5.4312461e+08,0.34428129,96.156227,19417.633,38469.707,150.61461,69886.914,140798.48,2889022.8,7.1164002e+10,0.83286417,0.77790529,0.28024194,1.8308828,4.5323749,0.57367045,0.84011656,2.7298682,1367,2.3021362
2490388,3162000,788000,162,6.5328102e+08,0.2053484,95.983948,18810.299,60894.75,1964.6482,111826.92,199944.42,3327580.8,8.0796e+10,0.8509317,0.80289292,0.29401088,1.6193095,5.080646,0.64306605,0.8526513,2.5431919,1367,2.3662825
2490389,3162000,790000,184,7.3738042e+08,0.2383353,94.858833,17321.449,58418.18,1960.3035,96705.195,197177.12,3682560,9.1311997e+10,0.83992636,0.79984891,0.30016312,1.5980556,5.3765068,0.68051368,0.85900396,2.4582722,1367,2.3291278
2490390,3162000,792000,204,8.1351891e+08,0.25501561,94.132607,15022.482,55953.656,2257.7163,88887.477,200219.03,3781918.5,8.9400001e+10,0.84270263,0.84396785,0.33224756,1.6148425,5.4337907,0.68776417,0.86020404,2.442899,1367,2.3075504
2490391,3162000,794000,226,8.9195296e+08,0.18927439,96.736145,12611.927,53478.141,2592.7583,112963.84,243349.23,3914170,8.694e+10,0.81647986,0.95935684,0.29658791,1.6023926,6.0372052,0.76413935,0.87231243,2.2986822,1367,2.2114592
2490392,3162000,796000,253,9.9823667e+08,0.18216671,98.267326,9658.998,51026.062,3739.4097,97180.844,262414.09,4277682,9.334e+10,0.7726959,1.0886673,0.31625,1.6141576,6.2815261,0.79506344,0.87696296,2.2481699,1367,2.1657791
2490393,3162000,798000,268,1.0491885e+09,0.1737334,94.362999,7060.5381,48604.816,5407.6963,91980.906,275479.97,4388464.5,9.3492003e+10,0.75392699,1.1586832,0.33500001,1.6256636,6.3372793,0.80212021,0.87800562,2.2371888,1367,2.1496639
2490394,3162000,800000,267,1.0804207e+09,0.10536627,78.695564,4541.605,72500.242,7183.7734,180535.62,358963.75,4318189,9.7928004e+10,0.75801861,1.1022493,0.2864807,1.5929635,6.8697896,0.86952096,0.88764149,2.1412885,1367,2.0986569
2490395,3162000,802000,286,1.1432541e+09,0.085001752,12.534537,3745.4277,75986.508,8959.8506,219672.8,411114.09,5251977.5,1.5428e+11,0.68754756,1.1624286,0.26166514,1.3987947,7.8982315,0.99969262,0.90481091,1.9926794,1367,2.1515858
2490396,3162000,804000,301,1.2058917e+09,0.10169344,334.45377,6569.4058,77128.07,10589.42,189398.58,386022.5,6069689,2.0583599e+11,0.6609745,1.2016027,0.28449905,1.4560856,7.7777791,0.98444676,0.90288699,2.0080528,1367,2.1144574
2490397,3162000,806000,313,1.2622176e+09,0.11179914,318.5141,9427.8145,78240.172,8838.6279,175611.55,376662.88,6782722,2.5118401e+11,0.64944297,1.2300085,0.30241546,1.4877183,7.7161398,0.97664493,0.90189415,2.0161054,1367,2.0944536
2490398,3162000,808000,334,1.3031322e+09,0.11997966,309.58191,12109.659,79552.078,7218.5103,168602.78,369441.22,7945678,3.1651601e+11,0.62338388,1.3094153,0.33003953,1.5222782,7.7050371,0.97523969,0.90171468,2.0175695,1367,2.0677204
2490399,3162000,810000,323,1.2877439e+09,0.13429698,301.24716,14912.985,80892.172,5830.1919,171738.8,347125.53,7798114,3.1632799e+11,0.64942408,1.2357013,0.3259334,1.5276554,7.5316467,0.95329338,0.89888769,2.0409956,1367,2.0819361
2490400,3162000,812000,310,1.2333133e+09,0.16094057,295.16321,17394.234,82083.719,4544.668,143459.44,310319.34,7810576.5,3.2413201e+11,0.67483038,1.1560628,0.3463687,1.582243,6.9726572,0.88254112,0.88943964,2.1244509,1367,2.1031609
2490401,3162000,814000,299,1.1913539e+09,0.16910231,291.44009,18911.807,82276.266,3259.1443,128675.67,297543.56,7633009.5,3.1111201e+11,0.69657248,1.1166798,0.33370537,1.5743033,6.927556,0.8768326,0.88865364,2.1317716,1367,2.1144233
2490402,3162000,816000,286,1.1489029e+09,0.17037095,288.34531,20381.16,83700.93,1973.6204,124406.58,291104.44,7428931.5,2.9608401e+11,0.71726167,1.063189,0.31991053,1.5649518,6.8609877,0.86840689,0.8874867,2.1427526,1367,2.1297543
2490403,3162000,818000,279,1.1055593e+09,0.17137994,285.90121,21946.252,83987.961,688.09656,123334.7,284718.69,7510970,2.9964799e+11,0.72940356,1.0369009,0.31740615,1.5632101,6.765636,0.85633808,0.88580078,2.1588581,1367,2.1437855
2490405,3162000,822000,129,5.1665146e+08,0.24938112,242.9621,7722.7314,36167.789,1470.2512,66752.414,161351.11,2353901.5,5.1164e+10,0.75024223,0.64750659,0.21571906,1.5294808,5.1939874,0.65741181,0.85511643,2.509517,1367,2.4162183
2490406,3162000,824000,137,5.4262694e+08,0.25543451,251.28029,10453.943,35006.383,684.41461,83015.859,163386.36,2645585,5.9699999e+10,0.72584802,0.6855247,0.22909699,1.5400394,5.2142172,0.65997237,0.8555522,2.5036604,1367,2.4041414
2490429,3162000,870000,448,1.8031496e+09,0.29263669,196.37759,24970.039,79051.188,393.73093,113884.91,278263.62,16988580,8.2002798e+11,0.84830415,0.95264083,0.58181816,2.1863759,5.5320258,0.70019794,0.86224043,2.4172766,1367,1.9035535
2490430,3162000,872000,544,2.1657326e+09,0.32445675,204.66939,27009.881,80154.117,2328.1897,73324.531,289620.25,20836230,1.01654e+12,0.80165339,1.211944,0.7064935,2.1254671,5.820653,0.73672998,0.86807376,2.3469985,1367,1.9410768
2490431,3162000,874000,548,2.1918228e+09,0.31589586,209.19342,27508.309,81296.641,4277.9243,102066.69,295281.12,21120546,1.04228e+12,0.79054296,1.2406006,0.70984459,2.1223824,5.8396955,0.73914021,0.86845106,2.3426061,1367,1.941992
2490432,3162000,876000,533,2.1165724e+09,0.29786152,214.64197,27686.26,82476.938,5345.2427,102521.88,298823.19,20584824,1.025932e+12,0.77642512,1.2319093,0.69041449,2.1358862,5.7923212,0.73314399,0.86751068,2.3535872,1367,1.9323698
2490433,3162000,878000,499,1.983378e+09,0.2766563,220.56738,27823.949,83693.281,3697.3381,122768.93,300149.34,19310080,9.72008e+11,0.75084305,1.1813955,0.64553684,2.1613441,5.6907554,0.72028863,0.86547536,2.3777452,1367,1.9148877
2490434,3162000,880000,435,1.7484841e+09,0.24595633,226.82753,28248.832,84943.688,1889.395,135657.5,298886.81,16549299,8.3284401e+11,0.71609724,1.070279,0.56129032,2.1900015,5.5092602,0.69731647,0.86177087,2.4231331,1367,1.9002234
2490435,3162000,882000,344,1.3799566e+09,0.19965456,235.42776,26800.236,86226.562,3.1016083,149035.84,294712.12,12157845,5.85164e+11,0.69879311,0.87666976,0.44387096,2.1912489,5.2629004,0.66613424,0.85659587,2.4897511,1367,1.9181908
2555923,3164000,786000,120,4.8456269e+08,0.35087454,110.86179,20169.166,38449.105,1297.3307,68087.523,131735.86,2589422,6.7031998e+10,0.84663868,0.70724344,0.23762377,1.8144556,4.5132751,0.57125294,0.83966005,2.7371888,1367,2.3168113
2555924,3164000,788000,114,4.686936e+08,0.38346946,116.49536,18959.598,37193.312,659.4436,63984.051,123932.16,2351568.2,5.7568002e+10,0.94100296,0.49544993,0.22574258,1.8068745,4.5018921,0.56981218,0.8393873,2.7415812,1367,2.3249681
2555926,3164000,792000,160,6.4544877e+08,0.42282221,115.31761,15882.766,35052.062,279.95349,57945.785,138502.28,2898350,6.1319999e+10,0.9481132,0.61090243,0.31620553,1.8555287,4.5926251,0.58129638,0.84154725,2.7071743,1367,2.2712262
2555927,3164000,794000,220,8.8162829e+08,0.19111879,110.04128,13098.812,53974.645,936.65167,114872.27,240766.47,3894357.2,8.7276003e+10,0.82224989,0.92609543,0.27989823,1.5973109,6.0990896,0.77197224,0.87350321,2.2855051,1367,2.2041321
2555928,3164000,796000,256,1.0133773e+09,0.17421748,108.972,9441.9502,51415.438,2712.0811,102358.67,270361.38,4390235.5,9.6908001e+10,0.77818626,1.0902904,0.31920201,1.6165558,6.3000011,0.79740191,0.8773092,2.2445095,1367,2.1612456
2555929,3164000,798000,264,1.0413578e+09,0.16772589,111.1919,7329.5044,48845.664,4488.1577,96022.938,279321.81,4347570.5,9.3711999e+10,0.76446021,1.1318468,0.32917705,1.6227471,6.3297882,0.80117208,0.87786591,2.2386529,1367,2.1525919
2555930,3164000,800000,274,1.1135583e+09,0.10607716,82.890594,3127.7598,70364.203,6264.2349,182464.75,363203.84,4774936,1.23012e+11,0.72674525,1.1180751,0.29367632,1.5990634,6.9052234,0.87400591,0.88826311,2.135432,1367,2.0893924
2555931,3164000,802000,300,1.2030171e+09,0.091152467,348.4603,3246.9331,74340.602,8073.5527,218065.42,407245.81,6000850.5,1.9389201e+11,0.65855074,1.2081459,0.28116214,1.4412488,7.8289485,0.9909234,0.90370691,2.0014641,1367,2.1221888
2555932,3164000,804000,315,1.2676518e+09,0.096164301,321.84174,6648.647,75421.023,9871.793,214006,407003.34,6790794.5,2.4199601e+11,0.64019817,1.245389,0.30405405,1.4886432,7.7328534,0.97876042,0.90216392,2.0139093,1367,2.0919638
2555933,3164000,806000,333,1.3162314e+09,0.11698418,310.29584,9524.5625,76729.008,7964.7866,179615.28,376017,7764449.5,2.9826e+11,0.62637937,1.29286,0.32937685,1.5222197,7.6939669,0.97383851,0.90153557,2.0190337,1367,2.0689201
2555934,3164000,808000,335,1.3404279e+09,0.12438097,302.51794,11782.123,78066.32,6117.4644,165858.94,368001.59,7957557.5,3.0906401e+11,0.62239701,1.3102072,0.33102766,1.5230221,7.7105846,0.97594184,0.90180439,2.0168376,1367,2.0665574
2555935,3164000,810000,332,1.3266691e+09,0.12747823,296.63818,13453.768,79326.375,4405.5547,152329.42,361633.16,7989149,3.1159199e+11,0.62646961,1.3018237,0.32806325,1.5207764,7.6939669,0.97383851,0.90153557,2.0190337,1367,2.0700595
2555936,3164000,812000,309,1.2281117e+09,0.14834885,287.83472,15784.577,79446.93,3012.5361,136505.58,322538.66,7460434.5,2.8833998e+11,0.67650151,1.161611,0.32389936,1.5370197,7.2708769,0.92028731,0.89454585,2.078331,1367,2.1040709
2555937,3164000,814000,293,1.1632576e+09,0.16936687,283.60074,17577.34,80820.594,1727.0123,120953.62,293784.34,7221311.5,2.73692e+11,0.70704567,1.0930629,0.32700893,1.5698363,6.9007745,0.87344277,0.88818514,2.1361639,1367,2.1210487
2555938,3164000,816000,280,1.112292e+09,0.17278819,280.69965,19232.768,80975.977,441.48843,119144.11,284418.12,7135994,2.68396e+11,0.72224784,1.0408773,0.3125,1.5594932,6.8434515,0.86618733,0.88717794,2.1456809,1367,2.136024
2555941,3164000,822000,68,2.797575e+08,0.1143233,145.166,2252.667,42570.828,145.46983,98016.211,175359.14,1175197.9,2.5692e+10,0.84108865,0.39440218,0.087968953,1.2506703,5.6517158,0.71534735,0.86468595,2.3872621,1367,2.5774093
2555942,3164000,824000,102,4.1455805e+08,0.2205445,232.23186,6965.7793,36437.746,1643.787,68905.562,153691.38,1925501.6,4.3591999e+10,0.76198798,0.54837006,0.17142858,1.4902177,5.1170578,0.64767474,0.85344762,2.5322108,1367,2.4626298
2555943,3164000,826000,114,4.5414285e+08,0.24774191,243.25896,10803.967,37844.094,211.16496,84602.023,151775.42,2286671.2,5.4092001e+10,0.72007453,0.59425879,0.19063546,1.5078554,5.1564765,0.65266407,0.85430503,2.5204978,1367,2.4406374
2555966,3164000,872000,524,2.0895487e+09,0.31235167,202.38615,28553.123,81820.945,1981.151,90740.438,289940.75,20692726,1.04784e+12,0.79800916,1.1768618,0.67875648,2.1432917,5.7642636,0.72959268,0.86695105,2.3601756,1367,1.9272578
2555967,3164000,874000,550,2.1865375e+09,0.31120974,207.05391,29152.127,82937.102,3970.7441,110774.97,297137.06,21666986,1.099744e+12,0.78619641,1.252556,0.71243525,2.12047,5.8460708,0.73994714,0.86857718,2.3411419,1367,1.9433814
2555968,3164000,876000,537,2.1390912e+09,0.29538029,212.13264,29317.541,84090.938,5962.2998,112385.66,301667.72,21192986,1.086868e+12,0.77388197,1.247682,0.69469601,2.1327147,5.8080268,0.73513186,0.86782306,2.3499267,1367,1.9339519
2555969,3164000,878000,512,2.0409536e+09,0.27679011,217.40482,29498.189,85280.805,4376.5327,122247.44,304401.09,20237202,1.04576e+12,0.75210983,1.2182215,0.66064519,2.1528895,5.7364764,0.72607565,0.86639488,2.3667643,1367,1.9190152
2555970,3164000,880000,464,1.8543756e+09,0.25123051,222.53563,30479.492,86505.086,2405.1665,132893.03,304556.31,18344086,9.5741202e+11,0.73126906,1.1272683,0.59793812,2.1799958,5.595612,0.70824617,0.8635444,2.4011712,1367,1.903015
2555971,3164000,882000,395,1.5777172e+09,0.21827239,227.51721,31532.926,87762.289,422.37823,144079.17,301383.94,15293605,7.95532e+11,0.72059369,0.98597395,0.50382656,2.1938124,5.4227858,0.68637127,0.85997421,2.4458272,1367,1.9005167
2621458,3166000,784000,87,3.3804317e+08,0.22666784,117.58676,18444.26,41305.219,731.71576,78929.328,136897.67,1827486,4.8363999e+10,0.7594226,0.61631572,0.17261904,1.7667713,4.449523,0.56318372,0.83812588,2.762079,1367,2.3679287
2621459,3166000,786000,59,2.3401448e+08,0.23080538,130.08034,17240.691,40040.879,896.13586,63670.648,112876.45,1097722.6,2.7480001e+10,0.73056692,0.49205366,0.13882352,1.7002534,4.216536,0.53369415,0.83237624,2.8594437,1367,2.4816363
2621463,3166000,794000,204,8.1636275e+08,0.19824168,122.50874,14873.711,54925.188,16.465727,120984.8,227483.05,3730615.5,8.2004001e+10,0.85733604,0.85079223,0.27236316,1.5799534,5.9203992,0.74935502,0.87004024,2.3243046,1367,2.2474856
2621464,3166000,796000,253,9.9476749e+08,0.16675739,121.91021,10037.821,52230.09,1792.5426,105052.92,273793.53,4323683.5,9.4232003e+10,0.8019951,1.0667371,0.31704262,1.6141654,6.2741661,0.79413193,0.87682486,2.249634,1367,2.1669877
2621465,3166000,798000,268,1.0596955e+09,0.10384098,121.16337,6385.0137,67967.203,3630.7625,179400.62,358105.59,4704472.5,1.14692e+11,0.74031526,1.1409069,0.2863248,1.591859,6.8918929,0.87231869,0.88802952,2.1376281,1367,2.0967607
2621466,3166000,800000,292,1.1677984e+09,0.087364778,84.424606,1297.8976,71556.352,5575.7358,229910.98,409845.97,5743099,1.7435201e+11,0.67198604,1.1859387,0.26642334,1.401829,7.9510036,1.0063721,0.9056471,1.9860908,1367,2.1437354
2621467,3166000,802000,315,1.2596536e+09,0.095050372,317.69012,3634.2612,72712.461,7549.5181,224357.98,408087.78,6810424,2.33068e+11,0.63200891,1.258449,0.29411766,1.4516089,7.9392157,1.0048801,0.90546066,1.9875549,1367,2.1024218
2621468,3166000,804000,343,1.3218542e+09,0.10149355,307.6373,6973.6841,73906.336,8329.9434,213078.3,404554.91,8064278,2.9911201e+11,0.60191298,1.3639017,0.32885906,1.505594,7.9333348,1.0041357,0.90536755,1.988287,1367,2.0579181
2621469,3166000,806000,341,1.3576762e+09,0.12037724,300.89551,9250.627,75240.656,7533.5459,183550.31,376470.41,8052566.5,3.0118399e+11,0.6111092,1.3307441,0.33695653,1.5273863,7.7440362,0.98017585,0.90234417,2.0124452,1367,2.05967
2621470,3166000,808000,335,1.3467293e+09,0.12455776,293.23535,10571.471,76580.438,5544.353,158610.48,368603.72,7887360,2.9447999e+11,0.62273663,1.3033558,0.33102766,1.5230221,7.7105846,0.97594184,0.90180439,2.0168376,1367,2.0665574
2621471,3166000,810000,327,1.3093706e+09,0.12803042,286.82413,11819.277,76617.477,3567.2671,139366.55,358492.12,7600895.5,2.7609199e+11,0.63300878,1.2820797,0.32312253,1.5169387,7.6664295,0.97035307,0.90108925,2.0226941,1367,2.0759835
2621472,3166000,812000,319,1.2707338e+09,0.12908003,281.92828,13226.954,77849.516,1646.4921,133695.69,351724.56,7368388,2.59392e+11,0.64492023,1.2582595,0.31963927,1.5201037,7.5475698,0.95530879,0.89914924,2.0387995,1367,2.086139
2621473,3166000,814000,280,1.1216934e+09,0.17130816,274.23318,16677.24,77942.039,194.88034,118133.04,286848.78,6798390.5,2.4131201e+11,0.72373271,1.041683,0.31284916,1.5597911,6.8390818,0.8656342,0.88710088,2.1464128,1367,2.1363838
2621478,3166000,824000,68,2.8386813e+08,0.18092395,187.97774,3361.4473,32857.414,319.00552,64346.43,140415.56,1173866.1,2.4924e+10,0.86654961,0.39904189,0.1184669,1.4368049,4.9721456,0.62933296,0.85025316,2.5768669,1367,2.5362091
2621479,3166000,826000,94,3.8576736e+08,0.20852216,229.52319,7316.7188,39276.125,1389.1527,70975.148,152472.52,1808343.5,4.1927999e+10,0.77099061,0.5233798,0.15851602,1.4757515,5.0927258,0.64459497,0.85291594,2.5395315,1367,2.4794786
2621502,3166000,872000,441,1.7630111e+09,0.2736007,197.12772,26068.795,81847.172,1889.2557,98241.523,284560,16613843,8.3532402e+11,0.80029893,1.0160207,0.57124352,2.1885698,5.5177751,0.69839424,0.86194664,2.4209371,1367,1.9018884
2621503,3166000,874000,540,2.1506742e+09,0.30114213,205.04192,30765.301,84595.078,3888.8804,84610.242,299575.62,21838602,1.146928e+12,0.78139216,1.2418246,0.69857699,2.1300671,5.8174915,0.73632979,0.868011,2.3477306,1367,1.935824
2621504,3166000,876000,541,2.1454244e+09,0.28885823,209.91534,30957.93,85723.742,5888.7568,119880.7,305505.59,21850738,1.154052e+12,0.76941878,1.267169,0.69806451,2.1297565,5.8269868,0.73753166,0.86819935,2.3455343,1367,1.9347489
2621505,3166000,878000,521,2.0803551e+09,0.27251646,214.79607,31131.881,86888.203,4507.021,125827.33,309725.75,21048668,1.118164e+12,0.75411189,1.2431886,0.67139173,2.1464665,5.7673678,0.72998559,0.8670131,2.3594437,1367,1.922614
2621506,3166000,880000,484,1.9315803e+09,0.25015533,219.42503,32256.785,88086.828,2508.3694,140545.23,311498.84,19644958,1.052832e+12,0.7315504,1.1854424,0.61734694,2.1705434,5.6786861,0.71876097,0.86523175,2.3806734,1367,1.9033254
2621507,3166000,882000,421,1.6898127e+09,0.22245163,223.15474,34547.922,89318.406,508.97772,146828.42,308962.97,17144152,9.3152798e+11,0.72567582,1.0525359,0.53562343,2.1910572,5.5007715,0.69624203,0.86159545,2.4253294,1367,1.8965003
2686994,3168000,784000,59,2.3377877e+08,0.16661821,121.1356,13676.831,42885.621,1231.271,76949.312,132784.16,1054124.9,2.6268e+10,0.64640564,0.5110662,0.11776447,1.7131796,4.3929458,0.55602264,0.83675063,2.7847731,1367,2.4250033
2686995,3168000,786000,14,59064284,0.34718361,190.54959,914.26154,10356.899,172.43509,19950.977,46236.801,65024.312,3.64e+08,0.91208792,0.25010449,0.060869563,1.6858441,3.2464387,0.4109073,0.80551296,3.4150805,1367,2.8108823
2686999,3168000,794000,182,7.1701466e+08,0.33792523,108.13136,12644.982,38563.684,33.856133,62855.867,163289.64,3085384.8,6.2768001e+10,0.92926961,0.67233652,0.35968378,1.871096,4.6363645,0.58683258,0.84257716,2.6910689,1367,2.2532032
2687000,3168000,796000,246,9.6472883e+08,0.22846147,133.9191,11058.215,45941.066,1756.1552,66096.211,230356.81,4242251.5,9.2843999e+10,0.83477682,1.0195793,0.35446686,1.6054564,5.8749323,0.74360025,0.86914688,2.3345535,1367,2.242974
2687001,3168000,798000,276,1.089916e+09,0.079599589,136.53293,4446.563,68775.703,3604.9148,234144.52,414806.97,5305334,1.47232e+11,0.71588933,1.1484261,0.30463576,1.612859,6.7956862,0.86014163,0.88633394,2.1537335,1367,2.0926633
2687002,3168000,800000,301,1.2195578e+09,0.090239622,272.40768,1120.957,69920.586,5558.939,234426.45,412104.62,6530551.5,2.1982e+11,0.66440755,1.1815588,0.28236398,1.4432296,7.8289485,0.9909234,0.90370691,2.0014641,1367,2.1205118
2687003,3168000,802000,335,1.3050346e+09,0.098521903,293.89288,4779.9341,71084.133,7037.0684,225044.28,407990.03,7873861,2.8309999e+11,0.61726695,1.3132378,0.31965649,1.4900818,7.9215989,1.0026503,0.90518165,1.9897511,1367,2.0722396
2687004,3168000,804000,341,1.3496564e+09,0.10425599,291.84601,7169.167,72415.211,6388.1655,215818.17,403335.12,8056809,2.9182801e+11,0.60969466,1.3500546,0.32631579,1.5024216,7.9333348,1.0041357,0.90536755,1.988287,1367,2.060483
2687005,3168000,806000,339,1.340854e+09,0.11957835,285.71512,8129.1841,73776.508,6032.6294,171147.59,375378.53,7963763.5,2.8669601e+11,0.61114311,1.3291146,0.33464956,1.5252651,7.7384405,0.97946763,0.90225405,2.0131772,1367,2.061909
2687006,3168000,808000,331,1.3231025e+09,0.12367491,279.27307,9024.8027,73787.898,5661.8315,160325.72,366657.75,7593534.5,2.6443199e+11,0.62400442,1.2962806,0.32675222,1.5193206,7.6939669,0.97383851,0.90153557,2.0190337,1367,2.0712116
2687007,3168000,810000,323,1.2893343e+09,0.12644506,274.0217,10404.676,74858.312,3747.2493,144391.31,357961.88,7303536,2.45876e+11,0.63417494,1.2702935,0.3188549,1.5130727,7.650001,0.9682737,0.9008224,2.0248902,1367,2.0807931
2687008,3168000,812000,313,1.249378e+09,0.12928638,270.2952,12065.796,74882.016,2006.7985,142427.05,348478.09,7081095.5,2.34444e+11,0.65130663,1.2350101,0.31362724,1.515238,7.5157909,0.95128644,0.8986268,2.0431919,1367,2.0934453
2687009,3168000,814000,202,8.0952672e+08,0.14040913,266.4353,12872.731,67168.602,499.53818,130313.09,269167.66,3813322.5,9.1311997e+10,0.73676175,0.87235659,0.28133705,1.6691892,5.7059145,0.72220737,0.86578083,2.3740849,1367,2.2041152
2687015,3168000,826000,68,2.913952e+08,0.18449371,203.59882,5179.2124,35772.934,492.5412,65011.312,140881.95,1204872.4,2.6212e+10,0.87576824,0.40121341,0.11826087,1.4371938,4.9744549,0.62962526,0.8503046,2.5761347,1367,2.5353558
2687016,3168000,828000,95,3.8368771e+08,0.20561805,230.08791,7793.6167,42113.168,1026.2948,72110.359,153131.05,1854990.6,4.4096e+10,0.73639417,0.54772896,0.16047297,1.4771169,5.0927258,0.64459497,0.85291594,2.5395315,1367,2.4784172
2687037,3168000,870000,151,6.1349133e+08,0.38170451,34.175243,12371.069,40120.098,72.526825,55952.145,142116.83,2584796.5,5.8772001e+10,0.95178807,0.43667391,0.23410852,2.1622601,4.3395467,0.54926383,0.83544052,2.806735,1367,2.1039085
2687038,3168000,872000,368,1.4715978e+09,0.24503577,191.69366,21854.895,78959.227,2048.9231,94789.844,274716.5,12676989,6.0983601e+11,0.80116397,0.89222616,0.47792208,2.1967547,5.312501,0.67241228,0.85765195,2.4758418,1367,1.9104071
2687039,3168000,874000,500,1.9927502e+09,0.27492303,202.23105,30858.676,86269.359,4031.1997,95174.031,301804.56,20175122,1.084876e+12,0.77501404,1.1742679,0.64516127,2.1609452,5.6998415,0.72143865,0.86565852,2.3755491,1367,1.9139409
2687040,3168000,876000,534,2.1333253e+09,0.27718043,207.93645,32547.021,87373.273,6017.1113,126283.94,310994.12,22088934,1.204168e+12,0.76639897,1.2596742,0.68814433,2.1360755,5.8080268,0.73513186,0.86782306,2.3499267,1367,1.9296796
2687041,3168000,878000,529,2.1035817e+09,0.26284757,212.59438,32719.809,88513.125,4294.3047,131060.75,317126.56,21884612,1.196908e+12,0.75133902,1.2724738,0.6747449,2.1417382,5.8174915,0.73632979,0.868011,2.3477306,1367,1.9208109
2687042,3168000,880000,497,1.9929047e+09,0.24317248,217.03465,33740.473,89687.438,2316.0935,149188.08,320915.72,20710796,1.141712e+12,0.73111248,1.2252276,0.63231552,2.1635032,5.7242126,0.72452337,0.86614877,2.3696926,1367,1.9060584
2687043,3168000,882000,439,1.7617955e+09,0.21771647,220.04997,37139.531,90894.773,335.13831,155367.81,318887.16,18586768,1.043888e+12,0.74260724,1.0846798,0.54874998,1.9439074,6.3485489,0.80354667,0.87821555,2.2349927,1367,1.921126
2752530,3170000,784000,35,1.4207941e+08,0.13793232,67.486916,5769.0796,34147.879,1210.8507,66567.062,113772.55,306194.75,3.312e+09,0.62857145,0.40282291,0.085995086,1.6176419,4.1803284,0.52911133,0.83146161,2.8755491,1367,2.5599761
2752531,3170000,786000,22,86303096,0.27728048,22.453035,4463.1021,16264.797,288.32739,31728.42,62540.086,149301.8,1.368e+09,0.79220778,0.3216714,0.057894737,1.670663,3.944752,0.49929398,0.82536185,2.9875548,1367,2.5808251
2752535,3170000,794000,211,8.3412429e+08,0.30175167,124.95118,13421.522,40934.305,1050.5597,70066.867,186378.36,3711018.8,7.9072002e+10,0.92737532,0.80164999,0.41617358,1.8856748,4.6973691,0.59455401,0.84400171,2.669107,1367,2.2347474
2752536,3170000,796000,260,1.0235615e+09,0.139285,138.50841,8987.3799,63326.266,2772.8586,141898.89,303885.31,5100613.5,1.35512e+11,0.75556874,1.0728986,0.31400967,1.6337709,6.394031,0.8093034,0.87906009,2.226208,1367,2.1310599
2752537,3170000,798000,297,1.169572e+09,0.11187433,168.73251,2455.4099,67131.766,4495.1577,182733,362454.22,6579479.5,2.1380801e+11,0.66744018,1.2027394,0.30000001,1.5250551,7.3709579,0.93295473,0.89622539,2.0636897,1367,2.0994279
2752538,3170000,800000,323,1.2736204e+09,0.12015992,266.34595,3658.9321,68262.438,6222.1201,189813.36,364959.88,7626967,2.68204e+11,0.65246236,1.2336377,0.33506224,1.5612456,7.3709579,0.93295473,0.89622539,2.0636897,1367,2.071137
2752539,3170000,802000,329,1.3132175e+09,0.12473127,272.03195,6239.3325,69590.016,5215.1484,171273.73,363735.44,7826841.5,2.7775199e+11,0.64493293,1.2568482,0.34962806,1.5757847,7.2857156,0.92216545,0.89479595,2.0761347,1367,2.0702491
2752540,3170000,804000,326,1.3039081e+09,0.099752545,266.66904,6936,70949.133,4467.2261,201224.67,405290.5,7632735.5,2.6732e+11,0.64015102,1.269331,0.32055065,1.5125842,7.6884437,0.97313941,0.90144616,2.0197659,1367,2.0771506
2752541,3170000,806000,325,1.2882277e+09,0.11471745,262.43066,7587.0518,70958.18,4043.7664,170142.03,375652.69,7440749.5,2.5155201e+11,0.63240266,1.2822471,0.31988189,1.5125151,7.6774206,0.97174424,0.90126753,2.02123,1367,2.0783584
2752542,3170000,808000,322,1.2773217e+09,0.12074375,259.14194,8488.1367,71842.414,3980.0381,161683.47,364605.12,7228779.5,2.35092e+11,0.62912869,1.2824289,0.31692913,1.5101081,7.6609454,0.96965897,0.9010002,2.0234261,1367,2.082015
2752543,3170000,810000,305,1.2164668e+09,0.1227159,249.25998,8991.9258,70403.664,4141.5171,186767.44,352943.06,6421372.5,1.881e+11,0.64779985,1.2353179,0.30561122,1.5084748,7.4738321,0.94597572,0.89793462,2.0490484,1367,2.103442
2752544,3170000,812000,251,1.0011337e+09,0.15255764,219.68021,10237.948,48208.578,3321.396,134811.22,287166.62,4542883,1.01056e+11,0.7356813,1.0470817,0.25200802,1.4556998,7.1927481,0.91039836,0.89322305,2.090044,1367,2.1787846
2752545,3170000,814000,200,7.9831251e+08,0.24001311,239.28737,11564.004,37097.309,1814.1356,85835.039,204443.8,3515868.5,7.2988e+10,0.80005026,0.8812533,0.33444816,1.6233455,5.3576798,0.67813069,0.85860753,2.4633968,1367,2.3141761
2752546,3170000,816000,152,5.9738893e+08,0.24178497,259.01926,13019.396,32678.854,306.87534,80627.969,176205.25,2679439.5,5.5936e+10,0.80210876,0.69422114,0.26116839,1.5707282,5.1914697,0.65709317,0.85506207,2.5102489,1367,2.3843367
2752552,3170000,828000,73,3.070543e+08,0.19087024,210.59314,6524.3613,38647.422,666.07684,64642.898,142181.61,1327222.1,2.9912001e+10,0.84665143,0.437123,0.12695652,1.4475765,4.9860344,0.63109088,0.85056227,2.5724745,1367,2.5241647
2752553,3170000,830000,116,4.7010838e+08,0.14839728,266.96289,5108.0107,44949.129,755.3067,74818.852,199522.08,2422570.5,6.2172e+10,0.56386805,1.0103749,0.1952862,1.5118729,5.1490393,0.65172267,0.85414362,2.5226941,1367,2.438925
2752573,3170000,870000,159,6.5081005e+08,0.33203518,38.970798,10003.96,38237.348,531.35052,57246.156,156942.3,2561010.2,5.4276002e+10,0.92413026,0.48518133,0.24574961,2.1711316,4.3572016,0.55149847,0.83587503,2.7994144,1367,2.0937126
2752574,3170000,872000,323,1.2844663e+09,0.21663049,187.40323,18415.234,78312.641,2452.7253,94115.82,272964.72,10222963,4.7494801e+11,0.79368496,0.82785541,0.420026,2.1874502,5.1939874,0.65741181,0.85511643,2.509517,1367,1.929016
2752575,3170000,874000,446,1.7819455e+09,0.24381953,199.08235,29049.613,85857.688,4391.8569,101762.62,303052.5,17248030,9.1973603e+11,0.76930517,1.0833299,0.56887758,2.1858065,5.5665288,0.70456505,0.86294937,2.4084918,1367,1.897109
2752576,3170000,876000,519,2.0699644e+09,0.25498992,205.92996,33444.391,89039.531,5884.0068,135257.88,319392.59,21737068,1.217728e+12,0.75655591,1.2507997,0.66030532,2.1494074,5.7923212,0.73314399,0.86751068,2.3535872,1367,1.9145949
2752577,3170000,878000,530,2.1157284e+09,0.24642546,210.81485,34187.102,90155.461,3922.3569,137294.98,328467.28,22501532,1.268732e+12,0.7471056,1.2895881,0.66250002,1.9021796,6.7105274,0.84936291,0.88481849,2.1683748,1367,1.9331149
2752578,3170000,880000,512,2.0482383e+09,0.22878256,215.26683,34912.141,91305.617,1960.7068,159136.78,335415.94,21789458,1.230316e+12,0.7215631,1.2844321,0.59534883,1.877033,7.1447644,0.90432501,0.89240545,2.0973647,1367,1.875405
2818066,3172000,784000,38,1.5715242e+08,0.32539108,76.500587,6640.9038,19154.658,787.69122,30728.754,77904.516,351140.47,4.028e+09,0.70554763,0.40644452,0.092682928,1.6269538,4.1901417,0.53035337,0.83171004,2.8711567,1367,2.5494795
2818067,3172000,786000,35,1.330371e+08,0.32464916,52.248962,5531.3223,16238.774,1191.2578,30999.494,71760.289,271062.06,2.612e+09,0.76134455,0.38861018,0.089285716,1.7116441,3.9828939,0.50412166,0.82636756,2.9685211,1367,2.5354567
2818070,3172000,792000,181,7.1962822e+08,0.36482865,121.08292,16080.36,43339.781,344.96436,61990.488,157439.81,3436940.5,8.0299999e+10,0.94088399,0.66390836,0.3577075,1.8704855,4.6343584,0.58657861,0.84253007,2.6918008,1367,2.2539282
2818071,3172000,794000,231,9.1264544e+08,0.13329189,137.21933,14719.028,60658.52,2067.2634,167440.97,293328.41,4464450,1.09108e+11,0.85270095,0.94590831,0.28413284,1.6212102,6.2159033,0.78675753,0.87572706,2.2613471,1367,2.165061
2818072,3172000,796000,285,1.1250058e+09,0.11212115,148.63689,5475.6479,66386.516,3789.5623,186965.73,355090.09,6425429.5,2.0008e+11,0.68631083,1.155113,0.3437877,1.6524675,6.4948463,0.8220638,0.88091648,2.2071743,1367,2.1037502
2818073,3172000,798000,328,1.272242e+09,0.1245966,230.79016,2742.3647,65441.324,5511.8613,178027.05,358209.19,8049094,2.7924401e+11,0.63451928,1.3029386,0.34024897,1.5647953,7.39641,0.93617624,0.89664984,2.0600293,1367,2.0656071
2818074,3172000,800000,328,1.3139427e+09,0.12929188,250.75305,4910.043,66765.086,4698.4146,171381.91,357361.28,7955403.5,2.7664001e+11,0.64524132,1.265204,0.34856537,1.5751284,7.2807627,0.92153853,0.89471251,2.0768669,1367,2.0712941
2818075,3172000,802000,324,1.2827866e+09,0.1268502,244.14943,6358.4595,68121.852,3449.0088,157785.5,356481.16,7690514.5,2.6280799e+11,0.64738369,1.2646703,0.34431455,1.5724539,7.2610183,0.91903949,0.8943795,2.0797951,1367,2.0755191
2818076,3172000,804000,315,1.2469341e+09,0.12561046,240.33746,7746.6514,68128.273,2579.3486,152929.52,353194.38,7225711.5,2.38164e+11,0.66066122,1.2449043,0.34653464,1.5818459,7.059988,0.89359474,0.8909511,2.1105418,1367,2.0923133
2818077,3172000,806000,307,1.2107634e+09,0.13831469,239.3568,9060.5986,68795.773,2060.5408,134018.08,331665.59,6874154,2.19056e+11,0.67320263,1.2225398,0.33773378,1.5763358,7.0229521,0.88890702,0.89031178,2.1163983,1367,2.1007831
2818078,3172000,808000,267,1.0501931e+09,0.10994633,207.79977,10741.162,60470.836,1982.9987,193321,346456.84,5104694,1.28068e+11,0.72788715,1.1056143,0.26726726,1.4711698,7.2857156,0.92216545,0.89479595,2.0761347,1367,2.1550837
2818079,3172000,810000,242,9.6179552e+08,0.17319721,199.1828,12036.71,51325.367,2151.2043,139971.97,264165.34,4434194.5,1.01196e+11,0.7470594,1.042912,0.27594072,1.5061996,6.6233778,0.83833224,0.88325298,2.1837482,1367,2.2103152
2818080,3172000,812000,236,9.411287e+08,0.18941638,207.513,11957.26,50116.551,2352.1873,132061.44,249873.77,4440945,1.02308e+11,0.73094124,1.0347903,0.27188939,1.5024298,6.562501,0.83062696,0.88215047,2.1947291,1367,2.2218108
2818081,3172000,814000,198,7.9980032e+08,0.25069615,226.87935,12119.666,39175.875,2679.5469,86342.25,200226.64,3587530.8,7.6840002e+10,0.795775,0.88188177,0.33673468,1.6156614,5.3257093,0.67408413,0.85793191,2.4721816,1367,2.3273737
2818082,3172000,816000,168,6.7386438e+08,0.23790279,239.92766,13714.415,39562.559,1621.4728,87884.391,188665.03,3135247.2,6.9688001e+10,0.79997146,0.77521265,0.28816468,1.5876691,5.2346048,0.66255289,0.85599017,2.4978037,1367,2.3638473
2818083,3172000,818000,138,5.4150157e+08,0.236057,252.63049,14921.439,34813.875,114.21248,82446.352,169783.84,2599615,5.8099999e+10,0.79657251,0.65540409,0.23752151,1.5539287,5.153995,0.65234995,0.85425121,2.52123,1367,2.4042289
2818089,3172000,830000,104,4.2548211e+08,0.14531647,268.09344,2676.3411,41504.344,839.61255,71678.875,191817.47,2004479.2,4.8580002e+10,0.58420461,0.95217144,0.17931035,1.5057491,5.0710235,0.64184809,0.85244018,2.5461202,1367,2.4584322
2818090,3172000,832000,128,5.1398685e+08,0.15159829,263.25647,6562.1934,47784.199,631.10089,93512.562,206411.45,2400437.5,5.9804e+10,0.55647147,1.0484561,0.21368948,1.5231429,5.1990299,0.65805012,0.85522515,2.5080528,1367,2.4207957
2818109,3172000,870000,164,6.7640787e+08,0.29134402,45.041115,7978.4697,36369.402,1242.8257,60410.516,170807.22,2486289.5,4.9152e+10,0.89682776,0.52379417,0.25230768,2.1756697,4.3714294,0.55329925,0.8362242,2.7935579,1367,2.0876691
2818110,3172000,872000,293,1.1691432e+09,0.18785119,184.453,15627.523,78810.141,3083.7812,96869.953,279660.94,8512238,3.7957199e+11,0.77130771,0.80596215,0.37564102,2.169472,5.146565,0.65140951,0.85408992,2.5234261,1367,1.9471787
2818111,3172000,874000,403,1.6157455e+09,0.21271585,196.77217,26738.533,84615.875,4957.6914,104996.59,308952.34,14781147,7.7329603e+11,0.75944102,1.0255203,0.50564617,1.9481629,6.2050996,0.78539002,0.87552267,2.2635431,1367,1.9296452
2818112,3172000,876000,488,1.9566362e+09,0.2186943,204.11501,32974.797,90720.375,5506.8691,146827.22,335305.94,20173748,1.143156e+12,0.73916924,1.2241043,0.56351042,1.8852955,7.059988,0.89359474,0.8909511,2.1105418,1367,1.8720644
2818113,3172000,878000,533,2.1269917e+09,0.21461023,209.81383,35275.188,91813.359,3536.5349,157663.52,352908.91,23025496,1.3321999e+12,0.71807331,1.3582643,0.59820426,1.868403,7.4015217,0.93682325,0.89673495,2.0592973,1367,1.8544574
2818114,3172000,880000,531,2.112885e+09,0.21214175,214.42111,35724.461,92940.703,1570.9264,165815.89,353777.16,23138288,1.3374e+12,0.69254875,1.3926154,0.55894738,1.8548369,7.7050371,0.97523969,0.90171468,2.0175695,1367,1.8268328
2883602,3174000,784000,53,2.1606274e+08,0.21921751,92.183998,11525.827,35851.055,38.364594,56618.207,111290.28,676634,1.1815999e+10,0.67706823,0.47464642,0.11963882,1.6804919,4.2703357,0.54050368,0.8337245,2.8360176,1367,2.4833779
2883603,3174000,786000,55,2.196321e+08,0.24925186,88.029633,10784.228,33849.594,1799.9006,51774.23,105228.56,664786.94,1.1532e+10,0.7097643,0.48046353,0.1241535,1.6846576,4.2737436,0.54093504,0.83380949,2.8345535,1367,2.4790931
2883604,3174000,788000,59,2.4642381e+08,0.29879713,87.761375,10322.458,31847.832,1387.4138,49283.465,101802.41,704505.69,1.2012e+10,0.79427236,0.40641508,0.13318284,1.6927282,4.2805762,0.54179984,0.83397973,2.8316252,1367,2.4707806
2883605,3174000,790000,120,4.8047203e+08,0.33072385,109.51704,15039.456,36268.867,774.328,65463.973,135115.83,2070287.9,4.7180001e+10,0.87394959,0.55041617,0.24144869,1.8105541,4.4981108,0.56933355,0.83929658,2.7430453,1367,2.323909
2883606,3174000,792000,199,7.8383206e+08,0.33456197,130.04793,16565.719,45738.996,1361.6685,67055.633,171584.55,3854476.8,9.4932001e+10,0.90543628,0.83260357,0.38269231,1.8637894,4.7347488,0.59928524,0.84486777,2.6559298,1367,2.2408576
2883607,3174000,794000,269,1.0627623e+09,0.1407216,143.77896,9677.0107,61564.973,3083.967,156901.55,308065.16,6200024.5,1.89324e+11,0.69991124,1.1250052,0.32487923,1.6409435,6.4285727,0.8136754,0.87969851,2.2196193,1367,2.1210377
2883608,3174000,796000,326,1.2637549e+09,0.12591587,195.69992,2969.8408,66726.531,4806.2661,186287.62,355137.16,8347418,2.8954001e+11,0.62888157,1.3114462,0.32929292,1.5488622,7.5210686,0.95195448,0.89871371,2.0424597,1367,2.0640042
2883609,3174000,798000,331,1.3123209e+09,0.13297199,224.06656,4548.5869,63940.465,4448.9175,161954.09,352163.94,8434564,2.9259599e+11,0.62578046,1.3279668,0.34300518,1.5663706,7.4168987,0.93876952,0.89699078,2.057101,1367,2.0621369
2883610,3174000,800000,317,1.2758198e+09,0.13162082,220.19504,6312.4316,65294.66,3164.9653,158788,349009.56,7666068.5,2.5574e+11,0.65750909,1.2360778,0.33687568,1.5675815,7.2267218,0.91469854,0.89379954,2.0849195,1367,2.0830908
2883611,3174000,802000,309,1.2348133e+09,0.13038908,219.0258,7912.061,65298.16,1881.0131,154408.59,344972.88,7329710,2.4012e+11,0.66599423,1.2100617,0.32837406,1.5617113,7.1879206,0.90978736,0.89314097,2.090776,1367,2.0920236
2883612,3174000,804000,298,1.1964485e+09,0.12909625,219.72424,9377.9189,65710.172,743.01538,151928.05,341267.66,6843685,2.14548e+11,0.68347907,1.1681563,0.32783279,1.5697391,6.9817481,0.88369179,0.88959759,2.1229868,1367,2.1106813
2883613,3174000,806000,227,8.9824416e+08,0.20217729,184.48686,15811.761,56128.359,88.465042,129757.91,236284.89,4328409.5,1.05172e+11,0.82718021,0.94026625,0.29290321,1.5265279,6.1587129,0.77951878,0.87464219,2.2730601,1367,2.2619946
2883615,3174000,810000,194,7.9836538e+08,0.24516509,195.40273,17353.674,53154.523,161.3286,109083.52,202290.95,3830953.2,9.4476001e+10,0.8643235,0.75785279,0.25627476,1.4914594,5.9832411,0.75730908,0.87126672,2.3103952,1367,2.3170385
2883616,3174000,812000,188,7.7508262e+08,0.23751053,203.26149,17735.75,52037.266,364.71875,110227.98,202505.81,3759016,9.3220004e+10,0.8697235,0.74565166,0.24769433,1.4847021,5.9699006,0.75562054,0.87100714,2.3133235,1367,2.3242888
2883617,3174000,814000,184,7.588553e+08,0.22746162,213.36111,13235.032,41275.438,737.5271,113031.05,204753.03,3524421.5,7.9672001e+10,0.80363506,0.78018486,0.31239387,1.5845031,5.312501,0.67241228,0.85765195,2.4758418,1367,2.3549299
2883618,3174000,816000,162,6.8555789e+08,0.22758642,225.66795,13851.364,41582.535,1448.873,93573.727,194560.12,3115106.5,7.1455998e+10,0.81979907,0.69633609,0.27597955,1.584039,5.2294931,0.66190588,0.8558805,2.4992678,1367,2.3666484
2883619,3174000,818000,139,5.82832e+08,0.2194486,237.03804,15146.79,40511.625,1428.8099,92011.945,182688.08,2702197,6.2835999e+10,0.85632366,0.60099691,0.23924269,1.5551531,5.1564765,0.65266407,0.85430503,2.5204978,1367,2.4028208
2883625,3174000,830000,82,3.2543158e+08,0.28207099,22.498678,11812.187,36683.129,376.37387,20084,120408.06,1142592.2,2.1400001e+10,0.7765733,0.90628886,0.23768117,1.6731068,4.162457,0.52684927,0.83100796,2.8836017,1367,2.5237851
2883626,3174000,832000,122,4.9906115e+08,0.15442073,257.73941,4770.8481,44352.145,1974.147,73538.609,201525.03,2050459.8,4.7467999e+10,0.58528656,1.0344658,0.20854701,1.5324758,5.1293111,0.64922565,0.8537147,2.5285506,1367,2.425401
2883627,3174000,834000,117,4.7394314e+08,0.15726198,249.52499,8823.0254,50618.527,658.73199,94725.875,194605.98,2079840.1,5.3452001e+10,0.61081636,0.808245,0.19532554,1.5073829,5.1714158,0.6545549,0.85462868,2.5161054,1367,2.4386179
2883644,3174000,868000,147,5.8887821e+08,0.36378574,54.645042,9505.5303,35360.77,508.57532,53516.789,142624.73,2136492.2,3.9392002e+10,0.89665455,0.48518643,0.22755417,2.1567464,4.3342781,0.54859698,0.83531064,2.8089311,1367,2.1093283
2883645,3174000,870000,172,7.1244237e+08,0.23915462,50.056362,5773.3345,36602.137,2179.8213,68500.414,193481.94,2543762.2,4.8224002e+10,0.84876919,0.58470243,0.2548148,1.8741883,5.0638309,0.64093769,0.85228217,2.5483162,1367,2.1512053
2883646,3174000,872000,279,1.1176961e+09,0.15341456,185.40125,13163.812,79904.219,3919.7703,119380.54,302575.31,7512514.5,3.1914e+11,0.72677344,0.83845478,0.32142857,1.8330059,6.2122979,0.78630114,0.87565887,2.262079,1367,1.9929615
2883647,3174000,874000,387,1.5322335e+09,0.17811538,197.27325,24309.615,84463.031,5713.4829,117900.07,328788.56,13540899,6.9327598e+11,0.70407414,1.0943942,0.40909091,1.8477331,6.9635901,0.88139349,0.88928193,2.1259151,1367,1.8930391
2883648,3174000,876000,462,1.8595905e+09,0.19465104,203.85861,31034.82,90131.031,5238.8154,157552.42,346485.66,18387784,1.026424e+12,0.70172125,1.2472216,0.48631579,1.8616114,7.3406453,0.92911804,0.89571846,2.0680821,1367,1.8480643
2883649,3174000,878000,520,2.0751958e+09,0.20479445,209.26321,34954.414,93486.641,3247.9146,157337.58,356841.5,22431288,1.3150441e+12,0.69144803,1.3853221,0.54736841,1.8573442,7.6445408,0.96758258,0.90073365,2.0256224,1367,1.8289115
2883650,3174000,880000,545,2.1642045e+09,0.20883486,213.82161,36705.188,94591.234,1259.1567,163106.28,360871.5,24258812,1.4378079e+12,0.67378575,1.472363,0.56830031,1.8463616,7.8404112,0.99237424,0.90389001,2,1367,1.8218676
2949139,3176000,786000,94,3.6196787e+08,0.26774195,108.28671,16710.109,40726.23,673.34192,64693.16,130341.2,1679825.1,4.0071999e+10,0.7650423,0.61743087,0.1902834,1.7737224,4.443984,0.56248266,0.83799183,2.7642753,1367,2.3642766
2949140,3176000,788000,128,5.1376643e+08,0.34514585,117.20909,18101.477,39119.113,2173.8674,64148.395,136768.62,2539882.8,6.5328001e+10,0.8449803,0.64011735,0.25754526,1.8198378,4.5132751,0.57125294,0.83966005,2.7371888,1367,2.3138597
2949141,3176000,790000,185,7.3637958e+08,0.33749902,130.11218,19064.553,48090.316,2754.8867,63938.84,165584.45,3868569,1.03228e+11,0.883255,0.85346055,0.36489153,1.8735306,4.6444068,0.58785045,0.84276575,2.6881406,1367,2.2500031
2949142,3176000,792000,217,8.5648e+08,0.16207781,135.34209,14907.42,56375.863,2937.1855,143824.25,257692.48,4616218,1.26796e+11,0.82757294,0.92867053,0.33180428,1.9236253,5.07583,0.64245647,0.85254568,2.544656,1367,2.1173413
2949143,3176000,794000,326,1.2585208e+09,0.12426522,173.99524,3883.5391,70608.406,4161.1348,189216.25,356747,8566766,2.9301201e+11,0.62138742,1.3756616,0.36343366,1.5874934,7.059988,0.89359474,0.8909511,2.1105418,1367,2.0897722
2949144,3176000,796000,331,1.2980937e+09,0.1328162,201.12193,4928.998,67483.875,4199.4204,158419.66,350455.16,8624546,2.9506001e+11,0.62462693,1.3665961,0.34443289,1.5683281,7.39641,0.93617624,0.89664984,2.0600293,1367,2.0629857
2949145,3176000,798000,322,1.2620129e+09,0.13347395,200.60941,7153.0156,65023.047,2915.4683,147969.92,344697.88,8194601,2.77508e+11,0.63038641,1.3381259,0.33367875,1.5600101,7.3709579,0.93295473,0.89622539,2.0636897,1367,2.0720687
2949146,3176000,800000,305,1.2155311e+09,0.13382097,201.66878,9042.7715,62927.465,1631.5161,151397.39,337851.53,7409563.5,2.4045601e+11,0.67049181,1.2084565,0.32412326,1.5586543,7.1686759,0.90735155,0.89281338,2.0937042,1367,2.0966032
2949147,3176000,802000,290,1.1575105e+09,0.13412617,204.30215,10730.444,62574.211,347.56384,149311.7,329314.34,6866264.5,2.13188e+11,0.69018018,1.1567754,0.31624863,1.5563991,6.9863024,0.88426822,0.88967669,2.1222548,1367,2.1206858
2949155,3176000,818000,148,6.02792e+08,0.24423257,222.69106,14721.665,44070.312,998.84967,88926.617,176111.16,3071873.8,7.6291998e+10,0.79040265,0.65294898,0.25212947,1.5479115,5.2142172,0.65997237,0.8555522,2.5036604,1367,2.3996115
2949156,3176000,820000,127,5.2233197e+08,0.25494424,234.25308,16378.961,41048.586,1236.1471,81493.047,160455.88,2621056.8,6.4708002e+10,0.85676789,0.55199116,0.21821305,1.5402764,5.1293111,0.64922565,0.8537147,2.5285506,1367,2.4193985
2949160,3176000,828000,82,3.2708611e+08,0.25975537,42.405281,11053.252,35162.594,589.76526,43901.445,125792.2,1056664.8,1.8224001e+10,0.81451368,0.81612813,0.23768117,1.6731068,4.162457,0.52684927,0.83100796,2.8836017,1367,2.5237851
2949161,3176000,830000,86,3.4107514e+08,0.25759888,29.76442,10139.607,34712.547,1893.2526,22669.336,128990.58,1095447.2,1.9339999e+10,0.77264023,0.93584371,0.24927536,1.6778804,4.1689382,0.52766961,0.83117265,2.8806734,1367,2.5188422
2949162,3176000,832000,107,4.2568342e+08,0.14033678,337.81125,2109.7559,39831.785,3196.7397,84182.375,195237.19,1542624.5,3.2188e+10,0.61435372,0.98892224,0.18166384,1.5118263,5.1024303,0.64582336,0.85312825,2.5366032,1367,2.4468031
2949163,3176000,834000,116,4.8165248e+08,0.1636821,237.83472,7983.0747,47194.594,2117.1731,72082.797,192296.44,1895321.9,4.6231998e+10,0.63493252,0.81465077,0.19694397,1.5256346,5.1244025,0.64860439,0.85360777,2.5300148,1367,2.4313874
2949164,3176000,836000,111,4.4935194e+08,0.16959722,244.60649,10795.49,53452.227,748.61542,91435.859,182468.91,1950206.2,5.2712002e+10,0.618837,0.78089452,0.18530884,1.4982197,5.1564765,0.65266407,0.85430503,2.5204978,1367,2.44889
2949179,3176000,866000,133,5.3633741e+08,0.310247,64.281944,9272.5352,34450.074,352.18445,61625.238,147390.73,1885198,3.3044001e+10,0.87001592,0.47463176,0.19940031,1.8246026,4.9537473,0.62700427,0.84984267,2.5827234,1367,2.210988
2949180,3176000,868000,176,6.9397709e+08,0.23788682,48.142323,4936.8301,39571.516,1766.5872,75124.664,191466.3,2673967.2,5.1527999e+10,0.76766235,0.67497313,0.21437271,1.7860954,5.6132083,0.71047336,0.86390334,2.3967788,1367,2.1218786
2949181,3176000,870000,196,8.08888e+08,0.19914812,9.129427,2400.1411,43197.398,3306.1694,84622.414,225923.3,3137159,6.5384002e+10,0.73757195,0.75215858,0.23757575,1.8098204,5.6847143,0.71952397,0.86535347,2.3792093,1367,2.0911551
2949182,3176000,872000,283,1.1385317e+09,0.1419647,197.12341,11110.834,81000.227,4939.3979,127161.04,317458.75,7233791,2.8861199e+11,0.64716941,0.96499085,0.30267379,1.7903409,6.4830518,0.82057095,0.88070035,2.2093704,1367,1.9923683
2949183,3176000,874000,373,1.4920097e+09,0.16835965,199.84802,22419.678,84981.977,6639.0625,112035.82,333711.94,12599569,6.3432799e+11,0.66623425,1.1366098,0.3913956,1.8357903,6.9365296,0.87796837,0.88881034,2.1303074,1367,1.9044915
2949184,3176000,876000,443,1.7780358e+09,0.18445644,204.01173,29567.67,89668.531,5173.3921,147873.05,348039.31,17165726,9.4633597e+11,0.66955048,1.2758166,0.46338913,1.8551441,7.2807627,0.92153853,0.89471251,2.0768669,1367,1.8568566
2949185,3176000,878000,501,2.0017992e+09,0.19240886,208.47035,34699.648,95097.711,3174.1611,155056.12,361578.53,21425032,1.2639681e+12,0.66904593,1.3957825,0.52241921,1.8549293,7.595746,0.96140653,0.89993823,2.0322108,1367,1.8317699
2949186,3176000,880000,532,2.1257439e+09,0.20136045,212.50208,37335.902,96256.766,1175.3838,151980.59,364228,23884504,1.444816e+12,0.66263825,1.4679656,0.55474454,1.8497906,7.7664986,0.98301899,0.90270573,2.009517,1367,1.8239731
3014676,3178000,788000,173,6.8845638e+08,0.35437888,130.69582,22051.074,50563.641,569.32629,69559.758,156246.12,4021838.5,1.16344e+11,0.88190615,0.80695885,0.34122288,1.8658921,4.6203632,0.58480728,0.84220123,2.6969254,1367,2.2590122
3014677,3178000,790000,196,7.6144838e+08,0.32920662,136.00153,20449.768,50503.828,1472.3075,65073.875,170486.84,4333946.5,1.21668e+11,0.88409209,0.90212756,0.37692308,1.8622456,4.7284775,0.59849149,0.84472281,2.6581259,1367,2.2427862
3014678,3178000,792000,301,1.1737267e+09,0.19549033,149.47105,2321.72,57136.75,3062.2205,141492.59,274679.22,7871511.5,2.6196401e+11,0.66157252,1.2084694,0.46024466,1.9610671,5.2862792,0.66909337,0.85709453,2.4831624,1367,2.0642145
3014679,3178000,794000,328,1.2924346e+09,0.13010691,183.87318,5834.3984,71116.344,3949.9236,160297.06,353312.53,8822674,3.0280801e+11,0.62349892,1.3701067,0.33131313,1.550352,7.5316467,0.95329338,0.89888769,2.0409956,1367,2.0617015
3014680,3178000,796000,315,1.2460439e+09,0.13179122,186.3679,8312.498,68471.602,2665.9714,148600.39,344689.75,8234053.5,2.7737201e+11,0.63665956,1.3309951,0.32642487,1.5547875,7.3356175,0.92848164,0.89563423,2.068814,1367,2.0800478
3014681,3178000,798000,306,1.1991968e+09,0.13320938,188.34854,10598.119,66264.953,1382.019,143090.41,336343.28,7905233,2.64332e+11,0.64684451,1.2794391,0.32484075,1.5589867,7.1782856,0.90856785,0.89297706,2.0922401,1367,2.0952063
3014682,3178000,800000,283,1.1448524e+09,0.13437374,191.33006,12415.855,64331.543,98.066833,150631,327206.91,6961007,2.19756e+11,0.68603867,1.1511173,0.30074388,1.5403588,7.0646448,0.89418417,0.89103132,2.1098096,1367,2.1231666
3014692,3178000,820000,143,5.920064e+08,0.187804,207.34637,10467.057,46294.023,1089.0243,108120.29,199028.7,3137724,8.3131998e+10,0.63774252,0.70049882,0.23833333,1.53758,5.2448587,0.66385072,0.85620993,2.4948754,1367,2.4015207
3014693,3178000,822000,129,5.2156768e+08,0.22499184,230.19678,14779.631,42676.922,1043.4843,89458.273,170677.73,2789006.2,7.3491997e+10,0.74672967,0.6032806,0.21901529,1.5253272,5.1714158,0.6545549,0.85462868,2.5161054,1367,2.4247909
3014695,3178000,826000,81,3.2173213e+08,0.30147642,67.434006,11770.013,38989.398,803.15662,38332.578,115804.51,1098995,2.0828e+10,0.90987653,0.6212433,0.21657754,1.6989019,4.2132187,0.53327429,0.83229268,2.8609078,1367,2.4861355
3014696,3178000,828000,85,3.4147002e+08,0.22093526,56.615456,10050.741,35605.641,2106.644,49112.812,139363.39,1056233.8,1.8251999e+10,0.83389354,0.77633464,0.23480663,1.6954508,4.1950655,0.53097659,0.83183455,2.8689604,1367,2.4953864
3014697,3178000,830000,90,3.631329e+08,0.22668269,41.502934,8925.7422,32754.396,3410.1311,27427.768,141882.41,1095981.4,1.8955999e+10,0.76479399,0.96577001,0.25280899,1.6949147,4.1934228,0.53076869,0.83179307,2.8696926,1367,2.4977925
3014698,3178000,832000,90,3.6311309e+08,0.20073958,29.230865,7068.7183,32511.494,4713.6187,51974.426,150768.08,996323.81,1.568e+10,0.77053684,0.94049954,0.25641027,1.6893042,4.1852293,0.52973163,0.83158576,2.8733528,1367,2.5051532
3014699,3178000,834000,114,4.6734486e+08,0.15023841,226.8356,6021.7124,46102.133,3575.614,85942.656,197712.08,1742610.6,4.1568002e+10,0.63918644,0.81186527,0.19387755,1.5222086,5.1170578,0.64767474,0.85344762,2.5322108,1367,2.4356558
3014700,3178000,836000,116,4.7978698e+08,0.17778985,232.9915,10319.753,50033.641,2201.3171,77493.469,184151.67,1916600.9,4.9840001e+10,0.63673162,0.82372361,0.19694397,1.5256346,5.1244025,0.64860439,0.85360777,2.5300148,1367,2.4313874
3014701,3178000,838000,110,4.3914768e+08,0.16947532,241.77185,12482.465,56285.398,779.10278,91738.555,180450.05,1935389.2,5.4443999e+10,0.62969142,0.76784021,0.18272425,1.4951086,5.1639352,0.65360808,0.85446674,2.5183017,1367,2.4499969
3014713,3178000,862000,105,4.2433549e+08,0.25616857,47.739883,6900.0234,33382.25,9.2021236,74895.469,144276.86,1536156.6,2.7676e+10,0.84157509,0.47469315,0.13157895,1.6816777,5.3496513,0.67711449,0.85843813,2.4655929,1367,2.2541592
3014714,3178000,864000,153,6.1528557e+08,0.25166038,43.856449,3345.4329,39185.922,824.65271,68531.992,175281.42,2419368.5,4.7700001e+10,0.75378394,0.66854864,0.18523003,1.7485723,5.5636373,0.70419908,0.86289006,2.409224,1367,2.1613271
3014715,3178000,866000,175,6.9943494e+08,0.2421705,38.919876,1939.8552,41670.906,1905.549,67193.875,190510.09,2810407.8,5.7336001e+10,0.72545159,0.73424423,0.21160822,1.7803814,5.6309156,0.71271461,0.86426371,2.3923864,1367,2.1238017
3014716,3178000,868000,193,7.7303962e+08,0.23116435,352.19553,1128.4098,44038.18,3177.6316,67896.453,204996,3167796.8,6.7576001e+10,0.7095747,0.78710097,0.23253012,1.8024234,5.6937809,0.72067153,0.86553639,2.3770132,1367,2.0957572
3014717,3178000,870000,208,8.5054842e+08,0.19504999,282.99521,1761.6481,46327.223,4591.9717,76590.203,234089.27,3534474.5,7.9887999e+10,0.6959309,0.83571225,0.2491018,1.8176919,5.7549715,0.72841656,0.86676526,2.3623719,1367,2.0739877
3014718,3178000,872000,276,1.1103526e+09,0.1372811,201.28018,10898.979,81739.523,6112.9087,116560.55,318808.59,6801223.5,2.61428e+11,0.62769431,0.97904682,0.29967427,1.8049276,6.3560843,0.8045004,0.8783558,2.2335286,1367,1.9989811
3014719,3178000,874000,358,1.4271743e+09,0.16053098,200.36969,21678.576,85930.281,7343.207,108341.04,334244.28,11765502,5.8657997e+11,0.64597905,1.1370178,0.37526205,1.8274893,6.8741989,0.8700791,0.88771898,2.1405563,1367,1.9175152
3014720,3178000,876000,421,1.6917376e+09,0.17682287,203.46266,28897.814,89858.891,5366.874,144965,346738.59,16023211,8.8300002e+11,0.65643024,1.2525884,0.4399164,1.8499942,7.1782856,0.90856785,0.89297706,2.0922401,1367,1.8697772
3014721,3178000,878000,471,1.8964324e+09,0.18528634,207.40475,33958.602,94492.5,3397.3613,151340.5,358634.38,19629858,1.147936e+12,0.65995395,1.3498878,0.49062499,1.8552337,7.4426699,0.94203138,0.89741868,2.0534408,1367,1.8429316
3014722,3178000,880000,517,2.0573586e+09,0.19285762,211.13478,37749.523,97936.156,1438.8773,151034.67,366135.22,23315680,1.434224e+12,0.65707046,1.4511621,0.53854167,1.8522922,7.6884437,0.97313941,0.90144616,2.0197659,1367,1.8270551
3080213,3180000,790000,306,1.1972045e+09,0.19925158,136.09837,2245.1211,54354.34,587.86853,146412.97,274781.97,8339976.5,2.8099199e+11,0.64155149,1.2693471,0.4678899,1.9618124,5.2993574,0.67074871,0.85737282,2.4795022,1367,2.0624669
3080214,3180000,792000,304,1.2099487e+09,0.14489999,172.83823,4466.2964,74880.891,2587.6885,158492.7,323932.28,8038406,2.65192e+11,0.66317093,1.2493067,0.34428087,1.580888,6.8918929,0.87231869,0.88802952,2.1376281,1367,2.1146636
3080215,3180000,794000,309,1.2356328e+09,0.12885499,176.03458,9791.1719,71971.203,2416.4744,151634.81,347135.47,8290473,2.7973999e+11,0.64432818,1.3113049,0.32154006,1.5522193,7.2857156,0.92216545,0.89479595,2.0761347,1367,2.0877378
3080216,3180000,796000,302,1.1806356e+09,0.13024876,178.51663,12344.26,69627.391,1132.5221,145032.03,337501.81,8019336,2.7023599e+11,0.64971066,1.2855964,0.31295338,1.5444388,7.2708769,0.92028731,0.89454585,2.078331,1367,2.0954676
3080229,3180000,822000,173,6.9585645e+08,0.149426,151.51877,8246.9395,62861.48,1315.1699,133211.39,241908.81,4132403.5,1.29304e+11,0.50315905,0.97836351,0.16894531,1.3624446,6.9141393,0.87513441,0.88841909,2.1339679,1367,2.2911694
3080230,3180000,824000,182,7.2569709e+08,0.14658757,173.50174,6692.3809,60890.82,1320.8525,126276.77,249421.59,4185664,1.27272e+11,0.501791,1.0443083,0.17738791,1.375298,6.9635901,0.88139349,0.88928193,2.1259151,1367,2.2737291
3080231,3180000,826000,133,5.3836474e+08,0.12133951,108.92578,5589.9917,58921.824,2320.0354,135602.78,236125.08,2727334.2,8.1355997e+10,0.54021418,0.8672061,0.13013698,1.2909887,6.7316165,0.85203218,0.88519508,2.1647146,1367,2.3780248
3080232,3180000,828000,101,4.0693683e+08,0.15326934,78.186317,13929.171,56956.426,3623.5227,84052.367,182658.88,1645558,4.4731998e+10,0.75267327,0.78690505,0.1313394,1.6880221,5.2654877,0.66646177,0.85665113,2.4890189,1367,2.2625568
3080233,3180000,830000,110,4.3667587e+08,0.14574626,67.860458,11684.73,54994.562,4927.0098,66394.688,194037.56,1729406,4.4244001e+10,0.66688907,1.0792434,0.14304291,1.7054892,5.2888899,0.66942382,0.85715014,2.4824305,1367,2.2433023
3080234,3180000,832000,110,4.338783e+08,0.13769148,62.708538,9372.0439,53034.891,6230.4971,70138.961,198991.89,1611222.4,3.8927999e+10,0.66622186,1.0842754,0.14285715,1.7050329,5.291503,0.66975456,0.85720575,2.4816983,1367,2.2432547
3080235,3180000,834000,104,4.2021267e+08,0.089765824,78.205452,5015.5581,51079.789,5029.6641,122657,242540.34,1421661,3.2804e+10,0.68857354,0.77617764,0.10822061,1.3129342,6.3410311,0.80259514,0.87807554,2.2364569,1367,2.4110081
3080236,3180000,836000,133,5.2875853e+08,0.1146841,211.01994,7380.8442,49963.168,3606.8948,106155.63,240703.28,2362256,6.5192002e+10,0.57678288,0.93081868,0.13434343,1.3479174,6.5665245,0.83113623,0.88222361,2.1939971,1367,2.3486362
3080237,3180000,838000,121,5.0449344e+08,0.15443961,228.71497,11000.139,52870.395,2163.033,88435.781,202606.48,2057772.4,5.5808e+10,0.63650137,0.8400625,0.19579288,1.5444772,5.2091446,0.65933037,0.85544306,2.5051246,1367,2.397438
3080238,3180000,840000,113,4.606648e+08,0.15115091,238.62965,12722.947,59118.113,793.87543,98957.938,195700.56,1973765.2,5.5567999e+10,0.63448167,0.78657424,0.18801996,1.5260898,5.146565,0.65140951,0.85408992,2.5234261,1367,2.4256542
3080245,3180000,854000,104,4.139224e+08,0.26932842,66.23764,6323.2842,32326.52,389.67596,66046.031,138970.72,1725905.2,3.5271999e+10,0.8560493,0.53241611,0.1301627,1.6781924,5.3523245,0.67745286,0.85849458,2.4648609,1367,2.2565939
3080246,3180000,856000,113,4.4990416e+08,0.26919073,59.920658,4535.7715,32641.074,706.56915,65926.844,144922.19,1836035.2,3.6423999e+10,0.85967129,0.56815124,0.13985148,1.6904409,5.4009085,0.68360221,0.85951632,2.4516838,1367,2.2378249
3080247,3180000,858000,121,4.9148218e+08,0.26659667,56.565941,3254.0945,35105.078,1072.2571,66039.867,152205.89,1961432,3.8724002e+10,0.83140498,0.59472179,0.14810282,1.6998703,5.4476104,0.68951333,0.86049211,2.4392385,1367,2.2219913
3080248,3180000,860000,136,5.457625e+08,0.26265872,63.358437,2204.052,37403.367,1437.9451,66674.258,161588.66,2214757,4.4032e+10,0.78736383,0.64543062,0.16444983,1.7200851,5.5177751,0.69839424,0.86194664,2.4209371,1367,2.1931753
3080249,3180000,862000,151,6.0766573e+08,0.26109663,90.202301,1291.6115,39609.355,1912.5096,65980.945,171015.97,2475130.8,5.0199998e+10,0.75240618,0.69472563,0.18236715,1.7441596,5.5636373,0.70419908,0.86289006,2.409224,1367,2.165132
3080250,3180000,864000,167,6.6669792e+08,0.25716022,157.61086,878.2019,41764.32,2611.9421,65015.551,180496,2761480.5,5.7436e+10,0.72491163,0.74176627,0.20169082,1.7684219,5.6102681,0.71010119,0.86384344,2.397511,1367,2.1371226
3080251,3180000,866000,180,7.236039e+08,0.24461301,211.0961,1538.5413,43886.164,3560.8347,65577.156,192803.81,3018655.5,6.5236001e+10,0.70664185,0.77613616,0.2166065,1.7848336,5.6576872,0.71610314,0.86480695,2.385798,1367,2.1159699
3080252,3180000,868000,199,7.8679264e+08,0.22598264,231.68066,2432.4453,45984.141,4071.0352,68928.273,209169.11,3448193.8,7.8879998e+10,0.68493986,0.83606249,0.23860911,1.8075334,5.7242126,0.72452337,0.86614877,2.3696926,1367,2.0869572
3080253,3180000,870000,212,8.6412006e+08,0.19156785,238.77542,3602.7012,48066.133,4430.9976,78165.383,238084.25,3795352.2,9.1940004e+10,0.67401415,0.87520951,0.25029516,1.8150985,5.8048792,0.73473346,0.86776048,2.3506589,1367,2.0688553
3080254,3180000,872000,273,1.0887711e+09,0.13416095,204.6037,11370.437,82495.242,5057.4487,116078.44,319345.03,6635961.5,2.47332e+11,0.60781622,1.0106515,0.29418105,1.7963344,6.3712087,0.80641478,0.87863684,2.2306004,1367,2.0041983
3080255,3180000,874000,349,1.3797746e+09,0.15432884,201.20973,21323.867,87160.109,5919.2275,108281.77,335185.69,11319602,5.6071599e+11,0.62388432,1.1584812,0.36128363,1.8121378,6.8874607,0.87175769,0.88795179,2.1383603,1367,1.9281496
3080256,3180000,876000,409,1.6253567e+09,0.17042795,203.22853,28547.711,90496.125,5810.2598,143270.08,346185.5,15394630,8.4631998e+11,0.63602042,1.2677009,0.4229576,1.8390019,7.1686759,0.90735155,0.89281338,2.0937042,1367,1.8784916
3080257,3180000,878000,453,1.8131954e+09,0.17903072,206.64529,33529.68,94486.648,3896.1997,150066.25,356749.56,18684532,1.09192e+12,0.64263809,1.3505205,0.46701032,1.8469096,7.4015217,0.93682325,0.89673495,2.0592973,1367,1.8514082
3080258,3180000,880000,497,1.9814017e+09,0.18479165,210.02785,37805.516,99007.773,2004.1537,154652.5,367070.94,22290060,1.378716e+12,0.64255697,1.4396987,0.5113169,1.8474613,7.6445408,0.96758258,0.90073365,2.0256224,1367,1.8315704
3080259,3180000,882000,508,2.0176104e+09,0.18716246,213.66757,41325.074,100703,138.46901,180546.88,368056.25,24389950,1.5581e+12,0.62773144,1.4853673,0.52263373,1.8466474,7.7050371,0.97523969,0.90171468,2.0175695,1367,1.8277986
3145748,3182000,788000,214,8.3890464e+08,0.22510427,336.7887,10210.269,51576.934,188.34026,125765.45,216406.03,5993276,2.0262401e+11,0.75095433,0.71459353,0.34076434,1.9407346,4.9675331,0.62874919,0.85015035,2.578331,1367,2.1253657
3145749,3182000,790000,290,1.1537101e+09,0.22067736,157.74451,4898.9492,56704.25,1484.8873,112192.09,256315.22,8068684.5,2.7034e+11,0.69636083,1.0223392,0.44410414,1.95859,5.2551532,0.66515368,0.85643029,2.4919472,1367,2.0693693
3145750,3182000,792000,291,1.1525893e+09,0.13506241,167.45354,9256.1934,75522.344,2166.9773,163801.52,327472.59,7711314,2.5206401e+11,0.67752105,1.2337106,0.30000001,1.5363163,7.2364879,0.91593462,0.89396489,2.0834553,1367,2.105315
3145751,3182000,794000,294,1.1642676e+09,0.12669614,171.0426,14396.506,73017.219,883.02502,150007.53,339820.56,7994305,2.71168e+11,0.65561515,1.3031089,0.30497926,1.5381998,7.2267218,0.91469854,0.89379954,2.0849195,1367,2.1054842
3145765,3182000,822000,169,6.6348141e+08,0.14326093,128.4817,12979.793,62486.141,12.117746,130173.97,241243.41,4522690.5,1.63672e+11,0.48682728,0.96970254,0.16375969,1.3474836,6.9320402,0.87740016,0.88873196,2.1310396,1367,2.302258
3145766,3182000,824000,182,7.178096e+08,0.15676427,141.78113,10116.652,60500.57,1461.6606,120708.49,239875.56,4667794,1.61772e+11,0.49280554,1.0121331,0.17618586,1.3682092,6.995429,0.88542336,0.88983506,2.1207907,1367,2.2761359
3145767,3182000,826000,187,7.402983e+08,0.15479264,153.79967,8333.5596,58516.512,2803.8025,120863.39,245150.72,4646391.5,1.5750799e+11,0.49215111,1.0472846,0.18120155,1.3772806,7.0137534,0.88774276,0.89015263,2.1178625,1367,2.2659004
3145768,3182000,828000,164,6.5531955e+08,0.13250557,132.40474,6915.7271,56533.352,3979.6721,137631.77,249295.5,3815284.2,1.277e+11,0.51122248,1.0025431,0.15860735,1.3366841,6.9186058,0.87569976,0.88849723,2.1332357,1367,2.3135319
3145769,3182000,830000,149,5.938839e+08,0.10138093,93.012306,8788.7529,54552.055,5002.8008,129930.83,271317.34,3151351.8,1.01568e+11,0.534464,1.2395431,0.14508277,1.3167868,6.8216572,0.86342877,0.88679338,2.1493411,1367,2.3433912
3145770,3182000,832000,135,5.2836998e+08,0.10408985,82.959549,12542.905,52573.09,5880.4814,112520.5,252563.06,2510258.2,7.5076002e+10,0.63471532,1.1908317,0.15033408,1.3920281,6.2521901,0.79135036,0.87641168,2.2540264,1367,2.3540852
3145771,3182000,834000,124,4.9885046e+08,0.15883215,89.737167,11822.431,50595.273,6434.687,84600.297,198664.8,2174628.5,6.2863999e+10,0.72423291,0.85947359,0.1573604,1.7219315,5.3765068,0.68051368,0.85900396,2.4582722,1367,2.2143168
3145772,3182000,836000,142,5.6307008e+08,0.129682,115.99017,8039.4771,48620.441,4990.8252,110627.8,233585.73,2697586.8,7.8600004e+10,0.6146239,0.93310338,0.13921569,1.3358589,6.7273879,0.85149699,0.88511962,2.1654465,1367,2.3384228
3145773,3182000,838000,169,6.6055053e+08,0.14317696,165.80742,7242.6147,52949.629,3610.2546,101209.61,240780.55,3689672.5,1.159e+11,0.54311073,1.0492818,0.16536203,1.3827467,6.8522086,0.86729574,0.8873322,2.1442168,1367,2.2807922
3145774,3182000,840000,164,6.7008768e+08,0.14519559,176.66679,6896.8682,55705.52,2433.1406,116597.6,240820.83,3506968.5,1.06952e+11,0.56247193,1.0188297,0.16046967,1.3741097,6.8303585,0.86453009,0.88694704,2.147877,1367,2.2911983
3145775,3182000,842000,166,6.6276467e+08,0.13369355,178.88892,5995.4512,61950.434,1593.905,131447.05,249591.27,3586503.8,1.09052e+11,0.5606426,1.0237067,0.16038647,1.3638813,6.8963308,0.87288034,0.8881073,2.1368961,1367,2.2921429
3145776,3182000,844000,131,5.323481e+08,0.23901345,94.392601,6383.2842,40760.066,1168.3439,71311.391,167298.33,2289246,5.3544002e+10,0.77005285,0.80914158,0.16603296,1.7335807,5.3981862,0.68325764,0.85945922,2.4524157,1367,2.200671
3145777,3182000,846000,126,5.141137e+08,0.27581209,92.437263,5649.9814,38809.875,1035.9991,62724.719,153048.08,2208795,5.0191999e+10,0.79961902,0.75360888,0.15498155,1.7114607,5.4503827,0.68986422,0.86054987,2.4385066,1367,2.2113976
3145778,3182000,848000,124,5.0667661e+08,0.27300924,92.392891,4720.9688,36868.586,1110.3984,63802.188,152715,2171093.8,4.7943999e+10,0.81615525,0.71929038,0.15252152,1.7078613,5.4448409,0.68916279,0.86043441,2.4399707,1367,2.2154341
3145779,3182000,850000,125,5.0646822e+08,0.27013791,93.951424,3740.9114,34936.844,1406.2407,65523.105,153492.89,2194457,4.7575998e+10,0.82748389,0.69862616,0.15225334,1.7046136,5.4698682,0.69233054,0.860955,2.433382,1367,2.2142744
3145780,3182000,852000,125,5.1307021e+08,0.26741922,98.556763,2773.9231,33647.758,1927.3899,66625.68,155273.39,2175085.5,4.6387999e+10,0.83006454,0.67889196,0.15225334,1.7046136,5.4698682,0.69233054,0.860955,2.433382,1367,2.2142744
3145781,3182000,854000,128,5.2674429e+08,0.26457515,110.47865,1939.807,35588.273,2369.5642,67308.164,158172.27,2235237.2,4.7575998e+10,0.81902069,0.68084055,0.15421687,1.7040303,5.5035982,0.69659978,0.86165386,2.4245973,1367,2.2094471
3145782,3182000,856000,136,5.4730413e+08,0.26293379,134.91124,1540.3153,37284.609,2677.0261,67920.57,161732.05,2403130.5,5.1768001e+10,0.7883442,0.70270586,0.16190477,1.7111562,5.5549803,0.7031033,0.86271244,2.4114201,1367,2.1951828
3145783,3182000,858000,144,5.7602528e+08,0.26283327,163.48907,1742.3236,38889.703,2953.8538,68013.156,165953.17,2554312.2,5.5559999e+10,0.76350039,0.71915245,0.17142858,1.7247436,5.578126,0.70603293,0.8631869,2.4055636,1367,2.17974
3145784,3182000,860000,154,6.1162701e+08,0.26403368,183.27766,2383.7068,40605.316,2631.7756,66750.883,170615.55,2752086.2,6.0951998e+10,0.73660982,0.74773186,0.18333334,1.7409335,5.6073308,0.70972943,0.86378354,2.398243,1367,2.1612017
3145785,3182000,862000,161,6.5024448e+08,0.26471886,196.93378,3211.6536,42393.348,2324.2095,65139.355,175691.53,2882207.5,6.5072001e+10,0.72267079,0.75646424,0.19166666,1.7517639,5.6279569,0.71234012,0.86420357,2.3931186,1367,2.1487083
3145786,3182000,864000,171,6.9044614e+08,0.26078087,207.35168,4107.6743,44224.527,2079.0171,64293.32,182403,3046940.8,6.9800002e+10,0.70698315,0.77867568,0.20357142,1.7665489,5.6576872,0.71610314,0.86480695,2.385798,1367,2.13152
3145787,3182000,866000,181,7.3438259e+08,0.2503531,215.53212,4999.2886,46089.414,1966.8071,64708.852,191994.88,3234392,7.5788001e+10,0.69496626,0.79464966,0.21470937,1.7785999,5.6968093,0.72105491,0.86559743,2.376281,1367,2.1153851
3145788,3182000,868000,194,7.8755155e+08,0.23036264,222.02466,5788.3872,47979.699,2085.377,67513.523,207270.94,3493274.8,8.3755999e+10,0.68308318,0.82603139,0.23013049,1.795766,5.7364764,0.72607565,0.86639488,2.3667643,1367,2.0949912
3145789,3182000,870000,208,8.6552742e+08,0.18847473,226.3253,6413.7666,49888.844,2503.8887,79003.008,240225.33,3802813,9.3915996e+10,0.67386657,0.86373663,0.24557261,1.8104173,5.7923212,0.73314399,0.86751068,2.3535872,1367,2.0745645
3145790,3182000,872000,263,1.071509e+09,0.13157478,207.09775,12407.612,83435.742,3225.4358,115449.86,319901.69,6343253,2.35268e+11,0.60781354,0.98392236,0.28340518,1.7868314,6.3335314,0.80164587,0.87793577,2.237921,1367,2.0168138
3145791,3182000,874000,334,1.3449454e+09,0.14917585,202.16422,21316.934,88581.25,4205.2119,108190.41,336595.25,10561709,5.1582399e+11,0.61993128,1.1319582,0.3457557,1.8025999,6.8216572,0.86342877,0.88679338,2.1493411,1367,1.9430106
3145792,3182000,876000,389,1.5702863e+09,0.16449952,203.09163,28512.734,91449.531,5399.2988,134636.59,346347.5,14452765,7.9646799e+11,0.63632631,1.2218065,0.40269151,1.8324051,7.0693083,0.89477438,0.89111161,2.1090777,1367,1.8932883
3145793,3182000,878000,429,1.7357187e+09,0.17279567,205.71416,33530.676,94921.328,4601.9961,176809.91,355286.06,17555406,1.033288e+12,0.64691848,1.290753,0.44272447,1.8431138,7.2758164,0.9209125,0.89462912,2.0775988,1367,1.8653253
3145794,3182000,880000,466,1.8819804e+09,0.17834957,208.56961,37823.688,98894.125,2778.4055,189615.22,364146.75,20608592,1.275136e+12,0.65314507,1.3511107,0.47942388,1.8469217,7.4790516,0.94663632,0.89802086,2.0483162,1367,1.8447857
3145795,3182000,882000,489,1.9698706e+09,0.18117495,211.64912,41863.66,102387.85,989.43372,204370.66,369636.38,23449216,1.5268919e+12,0.64940161,1.4110718,0.50360453,1.8483794,7.595746,0.96140653,0.89993823,2.0322108,1367,1.8346739
3211283,3184000,786000,225,8.8745472e+08,0.23650059,340.52078,10299.244,48805.391,414.60818,113289.12,217151.05,6251231.5,2.06556e+11,0.74301589,0.75762308,0.35828024,1.9479232,4.9930077,0.63197351,0.85071725,2.5702782,1367,2.1163993
3211284,3184000,788000,287,1.1407023e+09,0.23402071,148.44305,5610.6763,57943.172,1711.1553,114428.4,247493.59,8287908,2.8241599e+11,0.69476867,0.98583913,0.43950996,1.9578578,5.2474284,0.66417599,0.85626501,2.4941435,1367,2.070688
3211285,3184000,790000,272,1.0815247e+09,0.16149449,158.95609,10206.891,79186.57,1917.4802,149530.86,290097.72,7616994.5,2.57796e+11,0.72574341,0.945144,0.29122055,1.5378624,6.9772,0.88311607,0.88951862,2.123719,1367,2.1353271
3211286,3184000,792000,268,1.0726393e+09,0.11767738,163.56329,15165.841,76456.211,633.52802,182300.88,338442.81,7268673.5,2.4062e+11,0.71532786,1.1175333,0.28004178,1.5179,7.0693083,0.89477438,0.89111161,2.1090777,1367,2.1403921
3211303,3184000,826000,179,7.4249363e+08,0.16267318,140.7077,11897.688,58131.488,1202.4675,118691.97,239493.28,4564349.5,1.5658e+11,0.50925869,1.0139474,0.1732817,1.3632941,6.9817481,0.88369179,0.88959759,2.1229868,1367,2.2821484
3211304,3184000,828000,187,7.6931674e+08,0.1588145,149.28117,10263.538,56131.152,2278.033,119067.82,246724.58,4624309,1.5594399e+11,0.50129378,1.0889171,0.17911877,1.3647394,7.0693083,0.89477438,0.89111161,2.1090777,1367,2.2703564
3211305,3184000,830000,182,7.462073e+08,0.12261444,130.49196,8312.1973,54130.781,3198.2791,147752.89,276543.78,4208758.5,1.37204e+11,0.48254508,1.3399101,0.1743295,1.3566198,7.0460539,0.89183104,0.89071089,2.1127379,1367,2.2803319
3211306,3184000,832000,169,6.9772141e+08,0.11366656,117.5761,8336.5322,52590.887,4183.3828,126729.27,277734.34,3678115,1.17728e+11,0.51141167,1.3474696,0.1620326,1.3357692,6.9817481,0.88369179,0.88959759,2.1229868,1367,2.3066351
3211307,3184000,834000,144,6.1717517e+08,0.10948007,112.68333,10189.528,54362.602,4905.7339,141815.14,266159.28,2909511.8,9.0736001e+10,0.63092464,0.94745618,0.13872832,1.2955245,6.8478274,0.86674118,0.88725501,2.1449487,1367,2.3591917
3211308,3184000,836000,137,5.7669811e+08,0.10870169,107.66743,11600.962,48129.367,4625.3408,127197,258202.86,2549461.5,7.2507998e+10,0.69504076,0.88594872,0.13645418,1.3168535,6.6728983,0.84460014,0.88414437,2.1749635,1367,2.3624191
3211309,3184000,838000,154,6.4479232e+08,0.14359833,136.31512,9423.9131,50268.949,4344.9478,100948.41,237541.88,3129931.5,9.2524003e+10,0.60580593,0.956357,0.14569536,1.317062,6.9410253,0.87853742,0.88888878,2.1295755,1367,2.3286767
3211310,3184000,840000,171,7.1025299e+08,0.1502405,167.4613,9199.0352,55908.934,4064.5544,99975.227,243735.03,3812763.2,1.20384e+11,0.55927074,1.046664,0.16162571,1.3464884,7.0229521,0.88890702,0.89031178,2.1163983,1367,2.2923727
3211311,3184000,842000,166,7.0565606e+08,0.14908955,177.19534,8749.7979,58539.402,3512.1443,106002.25,243880.95,3607238.8,1.10388e+11,0.57517344,1.0284424,0.15689981,1.3377085,7.000001,0.88600206,0.88991439,2.1200585,1367,2.3029907
3211312,3184000,844000,167,6.8432397e+08,0.13466398,183.14241,7987.9692,64782.414,3156.1021,122813.52,252702.81,3670581.5,1.1298e+11,0.5668422,1.0298659,0.15666041,1.3297902,7.0414214,0.89124471,0.8906309,2.1134701,1367,2.3051634
3211313,3184000,846000,137,5.6491174e+08,0.2080209,125.96638,5596.6719,38340.336,3035.7092,74468.695,184731.84,2417870.2,5.4832001e+10,0.73057103,0.87868214,0.16646415,1.7100459,5.5377464,0.70092201,0.86235821,2.4158125,1367,2.1972489
3211314,3184000,848000,130,5.4805824e+08,0.27147701,127.24727,4981.3291,37096.938,2808.6711,62643.969,159276.52,2256906.8,4.9348002e+10,0.78127611,0.78868884,0.15834348,1.7135499,5.4838719,0.694103,0.86124557,2.4297218,1367,2.2042286
3211315,3184000,850000,129,5.4955795e+08,0.2740047,137.55629,4242.749,36051.195,2447.2996,63201.406,158756.92,2263459.2,4.9116e+10,0.78694284,0.76272494,0.15542169,1.7058214,5.5064278,0.69695795,0.86171234,2.4238653,1367,2.2074311
3211316,3184000,852000,133,5.559289e+08,0.27186692,151.41533,3818.0225,35238.793,2082.3335,64303.328,160301.05,2385370.5,5.2219998e+10,0.76862609,0.76698256,0.15909091,1.7087545,5.5348845,0.70055979,0.86229926,2.4165447,1367,2.2004066
3211317,3184000,854000,136,5.6748806e+08,0.26981914,166.89229,3794.738,36315.309,1717.3677,65146.051,162572.44,2476546.2,5.4768001e+10,0.75697166,0.7549969,0.16190477,1.7111562,5.5549803,0.7031033,0.86271244,2.4114201,1367,2.1951828
3211318,3184000,856000,140,5.8390592e+08,0.26864684,180.85954,4166.6387,38206.172,1352.4017,65902.602,165266.75,2576967.8,5.7448002e+10,0.74398768,0.75696582,0.16666667,1.7180223,5.5665288,0.70456505,0.86294937,2.4084918,1367,2.1873915
3211319,3184000,858000,146,6.0400877e+08,0.26885158,191.95638,4850.2212,40111.926,987.43579,65823.602,168023.59,2730858,6.2048002e+10,0.72470474,0.76634914,0.17380953,1.7280509,5.5839424,0.70676911,0.86330593,2.4040995,1367,2.1759655
3211320,3184000,860000,150,6.2544051e+08,0.26968625,200.91895,5755.8882,42029.727,655.56647,65258.984,170713.77,2845057.8,6.6144002e+10,0.71516776,0.7596519,0.17857143,1.7345608,5.595612,0.70824617,0.8635444,2.4011712,1367,2.1685176
3211321,3184000,862000,155,6.4631802e+08,0.26892138,208.42227,6841.9053,43957.398,348.00018,64696.902,173786.25,2967926.8,7.0352003e+10,0.70305824,0.76455545,0.18452381,1.7425057,5.6102681,0.71010119,0.86384344,2.397511,1367,2.1593931
3211322,3184000,864000,159,6.6158035e+08,0.26422757,214.00493,8106.9976,45893.266,88.191193,90207.07,177381.03,3119041.8,7.6712002e+10,0.68688798,0.76352715,0.1886121,1.7466488,5.6309156,0.71271461,0.86426371,2.3923864,1367,2.152673
3211324,3184000,868000,148,6.2582867e+08,0.20742027,191.7509,9466.4727,49786.188,105.38724,105969.2,194718.44,2663911.2,6.4187998e+10,0.72917813,0.59476978,0.17577197,1.7299193,5.595612,0.70824617,0.8635444,2.4011712,1367,2.1725514
3211325,3184000,870000,164,7.2145293e+08,0.17112799,197.5946,9463.998,51741.094,605.40332,115611.77,230169.83,2905035,7.1252001e+10,0.72983688,0.64047432,0.19385342,1.752165,5.6546998,0.715725,0.86474645,2.3865299,1367,2.1443229
3211326,3184000,872000,221,9.3232198e+08,0.11637251,194.51001,14593.575,84516.414,1452.9304,155367.16,317294.59,5236875.5,1.96012e+11,0.66013986,0.77500278,0.23840345,1.7415658,6.1764717,0.78176653,0.87497985,2.2693996,1367,2.0753746
3211327,3184000,874000,290,1.2050979e+09,0.13404159,195.49902,22748.668,90134.578,2584.0244,147323.31,336121.5,9078131,4.5353199e+11,0.6757189,0.9318465,0.30082989,1.7702202,6.6274762,0.83885098,0.88332695,2.1830161,1367,1.9918193
3211328,3184000,876000,343,1.4157869e+09,0.1496343,198.23846,29963.918,92629,3939.1753,148188.56,344816.69,12786732,7.2556e+11,0.69510514,1.0210056,0.35544041,1.8093541,6.856595,0.86785096,0.88740945,2.1434846,1367,1.9337313
3211329,3184000,878000,384,1.5812829e+09,0.15915066,201.63037,34887.926,95676.219,5459.5386,185877.16,353350.31,15849065,9.5889601e+11,0.70466167,1.0954303,0.39710444,1.8294393,7.0506926,0.89241815,0.89079088,2.1120059,1367,1.8974359
3211330,3184000,880000,420,1.7239526e+09,0.16566437,205.00305,38960.023,99190.914,3698.4514,199665.38,361620.5,18773500,1.193156e+12,0.70471644,1.1644043,0.43343654,1.8407648,7.2316012,0.91531616,0.89388216,2.0841875,1367,1.8711514
3211331,3184000,882000,446,1.8295142e+09,0.16888164,208.34686,42962.52,103106.96,1937.3644,214464.72,368961.97,21520472,1.432596e+12,0.70072049,1.2278833,0.45932028,1.8450985,7.3709579,0.93295473,0.89622539,2.0636897,1367,1.8552932
3211332,3184000,884000,306,1.2608353e+09,0.12052063,219.93459,38171.133,105151.47,140.14842,236686.23,362579.66,13669400,9.0753997e+11,0.52690452,0.98376858,0.31513903,1.7769638,6.723165,0.85096246,0.88504428,2.1661787,1367,1.9751325
3276818,3186000,784000,253,9.8863827e+08,0.25342396,347.23914,10417.832,48248.301,640.8761,106406.59,221411.31,6918959,2.23316e+11,0.71805006,0.87174618,0.40286624,1.9622625,5.0590467,0.64033216,0.85217696,2.5497804,1367,2.0973699
3276819,3186000,786000,263,1.0427549e+09,0.22586292,117.72072,2277.4668,58255.02,1937.4232,116766.92,240864.94,7551861.5,2.5694e+11,0.7027545,0.88325751,0.41093749,1.9690744,5.1121726,0.6470564,0.85334104,2.533675,1367,2.0830605
3276820,3186000,788000,269,1.0637967e+09,0.16043808,154.17912,11098.933,82979.922,1667.9833,152925.42,288655.97,7749392,2.6558e+11,0.73245299,0.92301404,0.41194487,1.9522171,5.2015548,0.65836972,0.85527956,2.5073206,1367,2.0797892
3276821,3186000,790000,245,9.8583034e+08,0.1582865,157.05321,17006.6,79940.961,384.03101,144977.81,279759,6856893.5,2.3238001e+11,0.77751756,0.85773575,0.25283799,1.4902059,7.0137534,0.88774276,0.89015263,2.1178625,1367,2.1694191
3276840,3186000,828000,186,7.5837056e+08,0.16529839,145.05629,13253.511,55739.996,533.94458,111179.9,240110.61,4944608.5,1.7539999e+11,0.50514388,1.0435061,0.17415731,1.3359952,7.1782856,0.90856785,0.89297706,2.0922401,1367,2.2831519
3276841,3186000,830000,195,7.9873869e+08,0.1323543,153.0347,11297.354,53716.711,1416.1957,122880.37,275383.72,4950493.5,1.71128e+11,0.48379594,1.2080714,0.18258427,1.3505038,7.221849,0.91408175,0.89371699,2.0856516,1367,2.2652028
3276842,3186000,832000,190,7.6623891e+08,0.12544228,142.49055,9277.9619,51690.875,2628.2898,115733.22,277054.41,4454703,1.4653601e+11,0.47418547,1.4248562,0.17806935,1.3436919,7.1927481,0.91039836,0.89322305,2.090044,1367,2.2746155
3276843,3186000,834000,165,6.8527392e+08,0.12559432,141.57742,9689.5137,54927.98,2928.5989,129799.68,261849.67,3734817.8,1.2204e+11,0.55454546,1.0275755,0.15478425,1.3023521,7.0693083,0.89477438,0.89111161,2.1090777,1367,2.3260593
3276844,3186000,836000,159,6.4873254e+08,0.12416223,140.74724,9417.5498,57061.457,2645.0933,128273.15,256237.7,3519266.5,1.13516e+11,0.57845712,0.98303246,0.14929578,1.2926722,7.0367947,0.89065915,0.89055103,2.114202,1367,2.338639
3276845,3186000,838000,162,6.530151e+08,0.089657687,147.06046,9550.6123,58834.523,2364.7002,163973.52,302533,3558176.8,1.11556e+11,0.57388234,0.99358225,0.14930876,1.2731246,7.1447644,0.90432501,0.89240545,2.0973647,1367,2.3435125
3276846,3186000,840000,171,6.891936e+08,0.10342347,162.61218,10345.47,54324.121,2084.3071,148868.95,289378.34,3837854.8,1.19152e+11,0.55300999,1.0350994,0.15760368,1.289348,7.1879206,0.90978736,0.89314097,2.090776,1367,2.3238719
3276847,3186000,842000,175,7.2034112e+08,0.10572462,178.02893,11131.282,58847.508,1790.8177,146839.08,292607.84,4075346.8,1.30668e+11,0.55356324,1.0598346,0.16416511,1.3437662,7.0786529,0.89595717,0.89127237,2.1076136,1367,2.2882161
3276848,3186000,844000,171,7.1077683e+08,0.14658098,184.59723,10855.119,61372.199,1471.9625,111141.68,246849.8,3879461.8,1.20008e+11,0.56676984,1.0450282,0.16041276,1.3368371,7.059988,0.89359474,0.8909511,2.1105418,1367,2.296634
3276849,3186000,846000,169,6.917513e+08,0.13283437,189.439,10301.006,67614.094,1153.1073,125652.37,255814.22,3886311.8,1.22776e+11,0.56410259,1.024893,0.15720931,1.3220704,7.0927162,0.89773721,0.89151406,2.1054173,1367,2.3060572
3276850,3186000,848000,151,6.0448352e+08,0.11794513,168.33595,7110.6567,68382.273,834.25201,140684.2,253779.86,3045507,8.1644003e+10,0.6457395,0.93682963,0.14803922,1.3276829,6.8000011,0.86068773,0.88641036,2.1530015,1367,2.3363783
3276851,3186000,850000,140,5.6890637e+08,0.24904129,159.18712,6309.3091,38583.977,480.88141,69270.953,169429.73,2606792,5.9167998e+10,0.72816032,0.82695246,0.16666667,1.7180223,5.5665288,0.70456505,0.86294937,2.4084918,1367,2.1873915
3276852,3186000,852000,139,5.6787866e+08,0.27099633,170.88329,6247.0073,37780.324,115.9155,68918.703,162274.77,2636475.8,6.0356002e+10,0.71514964,0.80715275,0.16547619,1.7163196,5.5636373,0.70419908,0.86289006,2.409224,1367,2.189326
3276863,3186000,874000,246,9.923456e+08,0.18586065,183.23004,25854.287,91730.555,1112.0178,105838.48,259025.59,7595148.5,3.8910001e+11,0.79990047,0.66829276,0.32241154,2.1473439,4.9930077,0.63197351,0.85071725,2.5702782,1367,1.9855417
3276864,3186000,876000,305,1.2124426e+09,0.20162311,189.9659,32464.766,93975.125,2665.1194,97576.758,274894.06,11279149,6.5741999e+11,0.78910697,0.81075382,0.39869282,2.1820753,5.1391563,0.65047181,0.85392892,2.5256224,1367,1.9396799
3276865,3186000,878000,343,1.3808865e+09,0.21082008,194.93231,37208.027,96673.219,4355.2905,135863.67,286898.28,14095809,8.7600798e+11,0.79007041,0.88397455,0.44778067,2.1940587,5.2371645,0.66287684,0.85604507,2.4970717,1367,1.9200691
3276866,3186000,880000,380,1.5206469e+09,0.21413219,199.2263,41001.148,99804.727,4593.3535,152279.16,298729.53,16935150,1.0999041e+12,0.77968335,0.97916466,0.49479166,2.1979144,5.338984,0.67576432,0.85821277,2.4685211,1367,1.9078113
3276867,3186000,882000,410,1.6310826e+09,0.16476272,203.18504,44683.234,103317.41,2651.1748,206027.58,352706.47,19651550,1.326816e+12,0.77097023,1.0424719,0.53177691,2.1955571,5.4282827,0.68706703,0.860089,2.4443631,1367,1.9022899
3276868,3186000,884000,400,1.6106596e+09,0.14847074,207.94498,47507.184,106841.42,686.56506,238877.69,369221,20335952,1.429312e+12,0.71769422,1.0505151,0.47789726,1.9021045,6.530489,0.8265751,0.88156778,2.2005856,1367,1.9102547
3342353,3188000,782000,293,1.1483613e+09,0.28094637,357.98785,10640.957,51059.375,867.14404,94878.609,226637.88,7757829,2.42412e+11,0.70323533,1.0365578,0.46656051,1.9732544,5.1564765,0.65266407,0.85430503,2.5204978,1367,2.0792651
3342354,3188000,784000,271,1.0785158e+09,0.25898015,20.14641,2868.0173,52936.902,2163.6912,105619.7,228762.55,7566808.5,2.50684e+11,0.6906656,0.92271912,0.43084261,1.9688716,5.1048627,0.64613116,0.85318142,2.5358713,1367,2.0871394
3342355,3188000,786000,263,1.0476576e+09,0.22363929,150.06633,10708.209,62739.91,1418.4862,114979.79,242627.8,7816593.5,2.7689199e+11,0.72585839,0.88963896,0.40275651,1.9498576,5.1864414,0.65645677,0.85495353,2.511713,1367,2.0832801
3342356,3188000,788000,237,9.3811526e+08,0.15513529,152.98714,19773.535,83517.805,134.534,145641.3,275662.53,7010945.5,2.5206401e+11,0.78337979,0.8216877,0.25374731,1.5015899,6.8216572,0.86342877,0.88679338,2.1493411,1367,2.1841469
3342378,3188000,832000,209,8.2351315e+08,0.130128,160.80836,11655.498,54752.43,1409.6022,102544.02,282003.72,5359413.5,1.86108e+11,0.44690835,1.508481,0.19423792,1.3625715,7.3305969,0.92784613,0.89555007,2.0695462,1367,2.2421679
3342379,3188000,834000,180,7.2547232e+08,0.14300101,157.75064,11739.661,52454.613,1010.2047,125311.41,252490.95,4391015,1.4656401e+11,0.51502174,1.0898417,0.16744186,1.3175263,7.1830997,0.90917718,0.89305896,2.0915082,1367,2.299113
3342380,3188000,836000,167,6.8153274e+08,0.1420529,156.65948,11189.691,56110.773,664.84595,124432.05,245540.55,3953834,1.293e+11,0.55508262,0.98992926,0.15549348,1.2961559,7.1162801,0.90071976,0.89191818,2.101757,1367,2.3260849
3342381,3188000,838000,161,6.6654778e+08,0.11702084,159.82069,10673.199,59593.668,384.45288,136903.39,267540.16,3695185.2,1.172e+11,0.56909937,0.96770847,0.15060805,1.2914782,7.0646448,0.89418417,0.89103132,2.1098096,1367,2.3363936
3342382,3188000,840000,171,7.0079827e+08,0.09622971,174.53903,11671.005,61532.254,104.05979,168150.39,302514.97,4103285.2,1.34664e+11,0.526591,1.0220994,0.1557377,1.2721351,7.2511859,0.917795,0.89421344,2.0812593,1367,2.3321462
3342400,3188000,876000,283,1.132556e+09,0.21460836,188.25932,33604.07,95445.414,1656.1448,92883.391,257520.3,10626508,6.2889597e+11,0.82064003,0.72101009,0.37041885,2.1716154,5.0830574,0.64337122,0.85270417,2.5424597,1367,1.9545439
3342401,3188000,878000,323,1.2993681e+09,0.22276817,193.1963,38308.996,97852.469,3490.8345,130290.84,270735.03,13385180,8.4006398e+11,0.81499141,0.80722982,0.42277488,2.18927,5.1814232,0.65582156,0.85484511,2.5131772,1367,1.9296541
3342402,3188000,880000,354,1.4324343e+09,0.22607858,197.44304,41988.121,100662.85,4923.9346,146491.89,282171.12,15951434,1.05332e+12,0.80674124,0.8897326,0.46153846,2.1958423,5.2680774,0.66678959,0.85670644,2.488287,1367,1.9156338
3342403,3188000,882000,387,1.5391392e+09,0.22640736,201.2982,45509.859,103829.5,2937.2241,157583,292279.66,18564048,1.26552e+12,0.7869221,0.97665793,0.50325096,2.1977029,5.3603611,0.67847008,0.85866404,2.4626646,1367,1.9060613
3342404,3188000,884000,401,1.6093599e+09,0.22343341,204.88251,49140.828,107310.66,950.51367,172334.47,300855.16,20735800,1.476112e+12,0.76546133,1.0096859,0.52010375,2.1965704,5.4036336,0.68394715,0.85957342,2.4509516,1367,1.9032108
3407887,3190000,778000,285,1.1366789e+09,0.27214128,3.0032706,14773.56,54513.508,575.75134,78131.414,229100.81,6526423.5,1.7713599e+11,0.80405241,1.0505613,0.45746389,1.9732693,5.1121726,0.6470564,0.85334104,2.533675,1367,2.0867281
3407888,3190000,780000,333,1.303366e+09,0.29203072,14.245174,10011.775,53878.066,1635.5063,66666.438,236822.98,8276749,2.48744e+11,0.70518106,1.2028009,0.53025478,1.9733894,5.2577329,0.6654802,0.85648543,2.4912152,1367,2.0715265
3407889,3190000,782000,322,1.2888749e+09,0.29219919,16.167793,6186.4727,54473.453,2389.959,92909.992,235434.89,8495192,2.69652e+11,0.6749289,1.1384802,0.51273882,1.9744278,5.2294931,0.66190588,0.8558805,2.4992678,1367,2.0726285
3407890,3190000,784000,272,1.0776334e+09,0.22669649,143.59502,7231.8081,64693.953,1168.9893,113224.55,244409.48,8009476.5,2.8550001e+11,0.69196332,0.92018843,0.41653904,1.9533066,5.2091446,0.65933037,0.85544306,2.5051246,1367,2.07813
3407914,3190000,832000,87,3.5024333e+08,0.095329396,192.22124,9761.6895,57480.219,953.63257,109436.48,214870.33,1340690.5,3.2999999e+10,0.57792032,0.92637134,0.1507799,1.4776769,5.0187449,0.63523114,0.85128784,2.5622256,1367,2.4920406
3407936,3190000,876000,266,1.0631455e+09,0.21680947,186.96642,34801.34,97010.195,1096.5618,92886.734,248234.52,10136628,6.03816e+11,0.84352392,0.65885317,0.34816754,2.1612647,5.0423737,0.63822186,0.85180974,2.5549049,1367,1.9678218
3407937,3190000,878000,309,1.2330839e+09,0.2283528,191.84999,39385.32,99172.992,3070.0366,127814.28,260494.2,13027218,8.3068001e+11,0.8288362,0.76340795,0.40445027,2.1841414,5.146565,0.65140951,0.85408992,2.5234261,1367,1.9373707
3407938,3190000,880000,339,1.3605879e+09,0.23210832,196.00653,42958.5,101710.69,5043.5112,144008.12,271408.16,15397824,1.027212e+12,0.81986701,0.84598088,0.44255874,2.1931381,5.2269406,0.66158283,0.85582566,2.5,1367,1.9217622
3407939,3190000,882000,366,1.4641361e+09,0.23292449,199.7614,46343.25,104581.41,3167.4014,153309.39,281052.91,17771406,1.22908e+12,0.81079423,0.90148872,0.47718382,2.1973665,5.2993574,0.67074871,0.85737282,2.4795022,1367,1.9117171
3407940,3190000,884000,386,1.5413957e+09,0.23086946,203.23126,49730.414,107753.7,1180.6909,164339.08,289653.5,19990566,1.43176e+12,0.78982574,0.95138085,0.50129873,2.1974964,5.3603611,0.67847008,0.85866404,2.4626646,1367,1.9059639
3473422,3192000,776000,309,1.2356297e+09,0.28613746,27.461761,10956.771,57617.215,750.98724,66563.711,232949.47,7182725,2.06336e+11,0.74675328,1.1283182,0.49361023,1.9737399,5.1914697,0.65709317,0.85506207,2.5102489,1367,2.0767822
3473423,3192000,778000,333,1.3012892e+09,0.29233769,29.593845,8927.0576,56700.262,2074.866,66530.812,236509.97,8056899,2.4335199e+11,0.70518106,1.2028009,0.53025478,1.9733894,5.2577329,0.6654802,0.85648543,2.4912152,1367,2.0715265
3473424,3192000,780000,346,1.3830552e+09,0.2974233,35.359295,6664.8008,56720.234,2813.5669,67454.695,241733.7,8568282,2.6508e+11,0.6847114,1.243336,0.55095541,1.9711064,5.291503,0.66975456,0.85720575,2.4816983,1367,2.0712316
3473425,3192000,782000,374,1.4939142e+09,0.28888088,55.317356,4244.9502,61273.555,944.54938,72855.422,254922.61,9764831,3.17504e+11,0.64106607,1.3416709,0.58528954,1.969221,5.3954668,0.68291342,0.85940218,2.4531479,1367,2.0617247
3473450,3192000,832000,54,2.0568528e+08,0.27944565,169.662,6802.3755,23754.492,637.53876,29932.465,96174.047,628340.69,8.736e+09,0.79454929,0.7260679,0.17307693,1.6189868,4.035419,0.51076984,0.82774085,2.942899,1367,2.6012332
3473451,3192000,834000,67,2.6129227e+08,0.098109327,219.91728,20124.01,60008.797,26.829519,105135.12,182941.86,1610726.6,5.7815998e+10,0.5106287,0.72445166,0.11591695,1.4359612,4.9767666,0.62991786,0.85035604,2.5754027,1367,2.5358627
3473472,3192000,876000,249,9.9573248e+08,0.2114391,185.87804,36175.602,98648.234,771.9126,96000.234,243267.23,9701413,5.8339603e+11,0.86468452,0.59958786,0.32591623,2.1491513,5.002336,0.63315421,0.85092431,2.5673499,1367,1.9827749
3473473,3192000,878000,293,1.1749025e+09,0.22797517,190.71371,40525.98,100604.42,2745.3875,132363.36,254484.94,12611177,8.1588001e+11,0.84765536,0.70665258,0.38350785,2.1769001,5.1072969,0.64643931,0.85323459,2.5351391,1367,1.9474962
3473474,3192000,880000,322,1.2988964e+09,0.23365225,194.77533,43973.125,102908.31,4718.8623,142902.05,264306.12,14843558,1.003764e+12,0.8379482,0.79334617,0.42091504,2.1885858,5.1814232,0.65582156,0.85484511,2.5131772,1367,1.9300344
3473475,3192000,882000,349,1.3998189e+09,0.23563266,198.42667,47235.066,105524.98,3397.5789,150585.09,273226.69,17126372,1.199332e+12,0.82541251,0.85476816,0.45501956,2.1949716,5.2551532,0.66515368,0.85643029,2.4919472,1367,1.9174881
3473476,3192000,884000,367,1.479482e+09,0.23466258,201.78842,50450.188,108425.56,1410.8683,159992.67,281473.72,19105808,1.3813759e+12,0.80723929,0.89757967,0.47786459,2.1971979,5.3046069,0.67141318,0.85748434,2.4780381,1367,1.9111784
3538957,3194000,774000,311,1.2431901e+09,0.28732699,43.94743,10396.988,60490.973,926.22314,66511.109,233176.88,7110363.5,2.0806001e+11,0.74253708,1.134358,0.49601275,1.9742147,5.1990299,0.65805012,0.85522515,2.5080528,1367,2.0754375
3538958,3194000,776000,332,1.2997485e+09,0.2925497,47.59906,8615.8486,59524.359,2250.1021,66385.547,236284.23,7861728,2.41184e+11,0.70825905,1.1978412,0.52866244,1.9735175,5.2551532,0.66515368,0.85643029,2.4919472,1367,2.0715945
3538959,3194000,778000,343,1.3676218e+09,0.29706743,55.236629,6789.4746,59219.887,3573.9807,66989.453,240525.11,8281206.5,2.6012e+11,0.68968338,1.2330471,0.54617834,1.9717351,5.2836714,0.66876328,0.85703903,2.4838946,1367,2.0712025
3538960,3194000,780000,363,1.4531937e+09,0.2972261,72.743431,5125.6914,60781.461,3106.6289,69446.289,247869.56,9118744,2.96952e+11,0.6574738,1.3019674,0.57710654,1.9670014,5.338984,0.67576432,0.85821277,2.4685211,1367,2.0713766
3538961,3194000,782000,248,9.9111558e+08,0.58325571,335.96332,16725.4,38398.816,1513.2644,20764.029,146129.39,4822967.5,1.13832e+11,0.97316182,0.92407769,0.61538464,2.226486,3.5183973,0.44532958,0.81359202,3.228404,1367,2.3640552
3538962,3194000,784000,240,9.6169318e+08,0.76013052,330.33582,18357.422,39818.07,8.5438433,13210.252,126089.55,4933149.5,1.20928e+11,0.9963389,0.89318603,0.59850377,2.2292204,3.5068767,0.44387138,0.81325942,3.2357247,1367,2.3611414
3538986,3194000,832000,46,1.7570515e+08,0.25710449,172.08153,8094.209,25670.701,321.44498,31962.789,92670.68,581001.31,8.9520005e+09,0.81449276,0.6594336,0.14838709,1.6027222,4.0202708,0.50885254,0.82734621,2.9502196,1367,2.6182954
3538987,3194000,834000,40,1.516077e+08,0.21542074,199.88524,7299.1035,26813.768,337.4855,36427.18,94041.984,499391.22,7.72e+09,0.83974361,0.61081445,0.12861736,1.5922953,4.0127397,0.50789928,0.82714957,2.9538798,1367,2.6285036
3539008,3194000,876000,232,9.3521587e+08,0.20300138,184.99208,37553.93,100343.98,447.26343,99626.094,240608.73,9206462,5.6043202e+11,0.87740707,0.54545331,0.3040629,2.1357629,4.9606309,0.62787551,0.84999639,2.5805271,1367,1.999379
3539009,3194000,878000,280,1.1226735e+09,0.22450833,189.73004,41726.562,102123.16,2420.7383,134125.95,250677.55,12287625,8.0498e+11,0.85750127,0.66766977,0.36649215,2.1699145,5.07583,0.64245647,0.85254568,2.544656,1367,1.9567676
3539010,3194000,880000,308,1.2444332e+09,0.23186469,193.68929,45051.656,104226.52,4394.2129,142370.81,259700.88,14458244,9.8991197e+11,0.85475272,0.7507692,0.40314135,2.1837323,5.144093,0.65109664,0.85403621,2.5241582,1367,1.9379625
3539011,3194000,882000,336,1.3432104e+09,0.23534909,197.23921,48198.445,106622.77,3627.7561,148807.23,267806.25,16678230,1.180364e+12,0.8365494,0.81845069,0.43864229,2.1923892,5.2192993,0.66061562,0.85566151,2.5021963,1367,1.9230875
3539012,3194000,884000,358,1.423813e+09,0.23596103,200.49969,51280.934,109288.11,1641.0457,155943.22,275366.59,18868718,1.378468e+12,0.82102561,0.87134111,0.46675357,2.1964388,5.2784634,0.66810411,0.85692799,2.4853587,1367,1.9142445
3604492,3196000,772000,312,1.2488722e+09,0.288203,60.346626,10736.616,63356.945,1101.4591,66434.008,233353.7,7069506,2.1241201e+11,0.74055982,1.1373008,0.49760765,1.9742248,5.2015548,0.65836972,0.85527956,2.5073206,1367,2.075238
3604493,3196000,774000,331,1.2986387e+09,0.29266095,65.174927,9168.5283,62349.602,2425.3379,66218.477,236138.45,7746172,2.44484e+11,0.71081203,1.1940868,0.52707005,1.9736389,5.2525759,0.66482747,0.85637516,2.4926794,1367,2.0716689
3604494,3196000,776000,340,1.3566985e+09,0.2966533,73.449196,7684.8872,61837.734,3749.2168,66616.469,239729.8,8039760,2.5780801e+11,0.69475967,1.2232349,0.54140127,1.9723026,5.2758632,0.66777498,0.85687256,2.4860907,1367,2.0712318
3604495,3196000,778000,357,1.4268877e+09,0.29830688,87.832237,6486.439,62475.637,5073.0957,68187.016,245170.48,8736493,2.89344e+11,0.66680831,1.2806619,0.56847131,1.9682758,5.3204184,0.67341441,0.8578198,2.4736457,1367,2.0718398
3604496,3196000,780000,311,1.2479775e+09,0.23946567,17.577148,3589.0754,70397.234,4335.4888,114676.32,255909.66,7022910.5,2.1854e+11,0.71561038,1.1412147,0.48746082,1.9816822,5.2142172,0.65997237,0.8555522,2.5036604,1367,2.0661848
3604497,3196000,782000,243,9.7834464e+08,0.66750777,332.84961,15283.91,36990.344,2830.7681,15418.113,135713.39,4436557,9.9044e+10,0.99122536,0.90370852,0.60598505,2.2278862,3.510325,0.44430783,0.81335908,3.2335286,1367,2.3627145
3604498,3196000,784000,240,9.6773734e+08,0.73707789,326.76343,16548.5,38461.605,1326.0475,12447.898,128447.89,4591309.5,1.06492e+11,0.9963389,0.89318603,0.59850377,2.2292204,3.5068767,0.44387138,0.81325942,3.2357247,1367,2.3611414
3604522,3196000,832000,41,1.5933402e+08,0.24117722,173.55371,9511.5889,27603.613,5.3511643,33411.59,91115.242,540665.06,8.896e+09,0.81707317,0.61334431,0.13225806,1.5931673,4.0127397,0.50789928,0.82714957,2.9538798,1367,2.6279354
3604523,3196000,834000,37,1.4575838e+08,0.21364424,193.7905,8966.6045,28610.768,648.14148,36318.422,92592.57,483870.38,8.1080003e+09,0.87987989,0.58357537,0.1197411,1.5838722,4.0052361,0.5069496,0.82695335,2.9575403,1367,2.6376131
3604544,3196000,876000,218,8.7224186e+08,0.1926403,184.06174,38145.32,101948.36,122.61427,105695.95,238533.73,8720691,5.31e+11,0.87739396,0.50534612,0.2857143,2.1228986,4.9286709,0.62383026,0.84928137,2.590776,1367,2.014441
3604545,3196000,878000,268,1.0759663e+09,0.21961577,188.87273,42961.105,103712.15,2096.0891,136061.47,248126.12,11964942,7.9351998e+11,0.86290455,0.65342551,0.35078534,2.1625729,5.0471263,0.63882339,0.85191453,2.5534408,1367,1.9661738
3604546,3196000,880000,298,1.1957756e+09,0.22836797,192.72099,46184.883,105641.42,4069.564,142002.64,256514.66,14276412,9.9342398e+11,0.86179471,0.72535515,0.39005235,2.1793225,5.1195035,0.64798433,0.85350096,2.5314789,1367,1.9441808
3604547,3196000,882000,323,1.2925734e+09,0.23308408,196.16951,49233.711,107846.13,3857.9333,147842.33,263983.16,16366998,1.175924e+12,0.85222006,0.77810156,0.42167103,2.1885593,5.1864414,0.65645677,0.85495353,2.511713,1367,1.9293826
3604548,3196000,884000,343,1.3727971e+09,0.23504534,199.33711,52195.02,110304.73,1871.2229,153844.58,270914.53,18327906,1.35614e+12,0.83554125,0.82655579,0.44719687,2.1937435,5.239727,0.66320115,0.85609996,2.4963396,1367,1.9198865
3670027,3198000,770000,312,1.2533997e+09,0.28882247,74.431107,11848.007,66217.227,1276.6949,66317.398,233525.45,7066011,2.19728e+11,0.74220878,1.1353354,0.49760765,1.9742248,5.2015548,0.65836972,0.85527956,2.5073206,1367,2.075238
3670028,3198000,772000,331,1.2979324e+09,0.29264063,79.619171,10453.829,65175.59,2600.5737,66015.297,236082.42,7752292,2.54604e+11,0.71081203,1.1940868,0.52707005,1.9736389,5.2525759,0.66482747,0.85637516,2.4926794,1367,2.0716689
3670029,3198000,774000,338,1.3486935e+09,0.29616016,87.306679,9208.3779,64520.504,3924.4526,66275.453,239220.42,7916901.5,2.62052e+11,0.69824243,1.2167536,0.53821653,1.972647,5.2706699,0.66711771,0.85676181,2.4875548,1367,2.0712836
3670030,3198000,776000,352,1.4082647e+09,0.29821575,98.545448,8258.5312,64670.77,5248.3315,67394.711,243602.53,8452535,2.87008e+11,0.67488992,1.2635996,0.56050956,1.9696651,5.3072357,0.6717459,0.85754019,2.4773059,1367,2.0714655
3670031,3198000,778000,318,1.2703073e+09,0.26302105,70.500839,3683.7478,67550.172,6572.21,108194.81,246356.55,7045183.5,2.2462e+11,0.71335042,1.1571933,0.50717705,1.9772501,5.2040825,0.65868962,0.85533404,2.5065887,1367,2.0747206
3670032,3198000,780000,249,9.9150675e+08,0.58732355,336.74905,12301.477,34162.73,5652.9922,19789.121,145651.2,4085098.2,8.2304e+10,0.97198468,0.92892474,0.61786598,2.2259772,3.5195537,0.44547591,0.81362534,3.2276721,1367,2.3646412
3670033,3198000,782000,243,9.7710733e+08,0.67966211,328.95117,13596.183,35638.484,4148.272,14415.032,134409.38,4140919,8.7015997e+10,0.99272186,0.90458685,0.60598505,2.2278862,3.510325,0.44430783,0.81335908,3.2335286,1367,2.3627145
3670034,3198000,784000,242,9.7040512e+08,0.72379583,322.44339,14887.073,37163.305,2643.551,12503.836,129799.62,4316986.5,9.4663999e+10,0.9941017,0.90115696,0.60349125,2.2283418,3.5091748,0.44416225,0.81332582,3.2342606,1367,2.3621793
3670035,3198000,786000,241,9.6657498e+08,0.74534059,316.94406,16269.594,38731.395,1138.8306,11883.409,127657.2,4541768,1.04276e+11,0.99515903,0.89803416,0.60099751,2.2287867,3.5080254,0.44401678,0.81329262,3.2349927,1367,2.361655
3670059,3198000,834000,36,1.4061614e+08,0.21046637,190.32602,10665.321,30448.623,958.79749,36473.379,91628.625,504049.16,9.2239995e+09,0.8952381,0.57672703,0.11650486,1.5817528,4.0037389,0.50676006,0.82691419,2.9582722,1367,2.6397471
3670081,3198000,878000,258,1.0340124e+09,0.21395874,188.12065,44212.672,105358.57,1771.4399,104960.44,246435.23,11726430,7.8330403e+11,0.86761379,0.6258958,0.33769634,2.155787,5.0234528,0.635827,0.85139197,2.5607615,1367,1.9746466
3670082,3198000,880000,284,1.1521925e+09,0.22394222,191.85374,47364.309,107135.86,3744.9148,142104.11,254272.55,13771637,9.6583202e+11,0.8741104,0.68769914,0.37172773,2.1721704,5.0854712,0.64367676,0.8527571,2.5417278,1367,1.9538139
3670083,3198000,882000,311,1.2469736e+09,0.2297204,195.20033,50332.859,109172.76,4088.1106,147171.3,261176.3,15967146,1.15944e+12,0.85910177,0.75169218,0.40653595,2.1845617,5.153995,0.65234995,0.85425121,2.52123,1367,1.936097
3670084,3198000,884000,328,1.3263456e+09,0.23278879,198.27689,53192.066,111448.74,2101.4001,152522.78,267579.12,17757624,1.329192e+12,0.85186845,0.78598541,0.42764017,2.1897931,5.2015548,0.65836972,0.85527956,2.5073206,1367,1.9267137
3670085,3198000,886000,347,1.3893484e+09,0.23301792,201.15529,56014.863,113945.38,114.68981,160962.7,273725.88,19736584,1.5166761e+12,0.82640636,0.83474362,0.45182291,2.1942735,5.2525759,0.66482747,0.85637516,2.4926794,1367,1.9180782
3735561,3200000,766000,300,1.2026527e+09,0.2833752,79.678429,14642.717,70309.188,128.05212,79104.211,230937.31,6918938,2.20392e+11,0.7581048,1.0983788,0.47923324,1.973253,5.1689196,0.654239,0.85457468,2.5168376,1367,2.0789506
3735562,3200000,768000,313,1.2573052e+09,0.28914598,85.428123,13514.167,69075.289,1451.9309,66134.914,233758.11,7206161.5,2.35488e+11,0.74014908,1.1384417,0.49920255,1.9742281,5.2040825,0.65868962,0.85533404,2.5065887,1367,2.0750451
3735563,3200000,770000,331,1.2976863e+09,0.29239643,90.400513,12243.677,68002.086,2775.8098,65759.297,236158.59,7844558,2.7003599e+11,0.71081203,1.1940868,0.52707005,1.9736389,5.2525759,0.66482747,0.85637516,2.4926794,1367,2.0716689
3735564,3200000,772000,337,1.3427823e+09,0.2954877,97.080368,11142.129,67244.859,4099.6885,65937.766,238967.06,7933714,2.74692e+11,0.69994348,1.2135702,0.53662419,1.972809,5.2680774,0.66678959,0.85670644,2.488287,1367,2.0713193
3735565,3200000,774000,348,1.3868362e+09,0.29670498,105.32251,10142.873,67083.773,5423.5674,102274.1,242356.75,8299187.5,2.9312801e+11,0.6820696,1.2512937,0.55414015,1.9706533,5.2967367,0.67041701,0.85731709,2.4802341,1367,2.0712836
3735566,3200000,776000,317,1.2713408e+09,0.27049369,95.736191,5498.8091,68280.531,6747.4463,105693.5,243028.58,6805662,2.192e+11,0.72361541,1.1525322,0.50558215,1.9772804,5.2015548,0.65836972,0.85527956,2.5073206,1367,2.0748799
3735567,3200000,778000,275,1.0983305e+09,0.20994449,357.68045,4445.0439,76288.031,8071.3247,118523.96,256400.7,5026611,1.37876e+11,0.82102191,1.0293806,0.42242703,1.9571506,5.1990299,0.65805012,0.85522515,2.5080528,1367,2.0783503
3735568,3200000,780000,245,9.8557933e+08,0.62713063,332.38965,10685.12,32816.281,6970.4961,16890.299,140530.86,3761729.2,7.1068e+10,0.98695219,0.9122631,0.61097258,2.2269411,3.5126276,0.44459927,0.81342554,3.2320645,1367,2.3638172
3735569,3200000,782000,243,9.7720384e+08,0.68235201,323.94009,11956.723,34349.934,5465.7754,13908.187,134150.8,3873186,7.6496003e+10,0.99272186,0.90458685,0.60598505,2.2278862,3.510325,0.44430783,0.81335908,3.2335286,1367,2.3627145
3735570,3200000,784000,242,9.7225549e+08,0.71468437,317.11093,13347.059,35929.48,3961.0547,12497.665,130748.89,4051169.5,8.4099998e+10,0.9941017,0.90115696,0.60349125,2.2283418,3.5091748,0.44416225,0.81332582,3.2342606,1367,2.3621793
3735571,3200000,786000,241,9.6900371e+08,0.73378301,311.56113,14850.627,37549.129,2456.3342,11867.134,128820.16,4278535.5,9.3676003e+10,0.99515903,0.89803416,0.60099751,2.2287867,3.5080254,0.44401678,0.81329262,3.2349927,1367,2.361655
3735572,3200000,788000,241,9.6653325e+08,0.74236995,307.03217,16450.08,39203.91,951.61353,12459.816,127909.6,4559598.5,1.05292e+11,0.99515903,0.89803416,0.60099751,2.2287867,3.5080254,0.44401678,0.81329262,3.2349927,1367,2.361655
3735595,3200000,834000,34,1.365283e+08,0.20743488,188.12651,12410.776,32316.123,1269.4535,36652.312,90944.281,509391.62,1.022e+10,0.92335117,0.56006396,0.11003236,1.5774137,4.0007477,0.50638145,0.82683587,2.9597363,1367,2.6441154
3735617,3200000,878000,250,9.9495347e+08,0.20744327,187.46422,45348.82,107051.95,1446.7908,106077.45,245502.91,11619147,7.8622799e+11,0.87187147,0.60419536,0.32722512,2.1499138,5.004674,0.63345009,0.85097617,2.566618,1367,1.9818479
3735618,3200000,880000,274,1.1129251e+09,0.2189468,191.07339,48586.891,108696.1,3420.2656,142533.5,252736.86,13570800,9.6189199e+11,0.88283736,0.66022629,0.35863873,2.166352,5.0614376,0.64063478,0.85222954,2.5490484,1367,1.9613678
3735619,3200000,882000,301,1.2057271e+09,0.22568946,194.31911,51486.699,110584.84,4318.2881,146438.27,259103.81,15750137,1.1538159e+12,0.87052047,0.72177857,0.39397904,2.1807063,5.1268559,0.64891487,0.85366118,2.5292826,1367,1.9422578
3735620,3200000,884000,319,1.2839218e+09,0.22970858,197.30641,54260.285,112699.07,2331.3757,151236.61,265024.25,17557466,1.328588e+12,0.85921019,0.76514435,0.4164491,2.1871889,5.1764145,0.65518761,0.85473686,2.5146413,1367,1.9315009
3735621,3200000,886000,337,1.348479e+09,0.2311687,200.10052,56980.004,115023.94,343.39536,158664.95,270746.28,19501516,1.515172e+12,0.84251803,0.80359387,0.43937418,2.1923144,5.224391,0.66126013,0.85577095,2.5007322,1367,1.9224745
3801094,3202000,760000,99,4.0336512e+08,0.58496839,29.611946,16645.51,31178.402,696.41345,41199.02,93086.758,1776567.4,3.6612002e+10,0.98804373,0.36715353,0.24812031,2.1816568,3.3500161,0.42401728,0.80864787,3.34041,1367,2.3954718
3801096,3202000,764000,304,1.2200297e+09,0.28565398,89.622147,16767.713,73193.453,303.28806,79184.969,231670.11,7311725.5,2.48156e+11,0.75028229,1.1123823,0.485623,1.9735371,5.1789179,0.65550447,0.85479099,2.5139093,1367,2.0779223
3801097,3202000,766000,315,1.261241e+09,0.28885496,93.703285,15535.585,71928.898,1627.1669,65839.508,234241.61,7489070,2.59892e+11,0.73788291,1.1444681,0.50239235,1.9742147,5.2091446,0.65933037,0.85544306,2.5051246,1367,2.0746784
3801098,3202000,768000,332,1.2981184e+09,0.29163024,98.242294,14346.088,70828.953,2951.0457,65446.957,236507.98,8033972,2.9084801e+11,0.71026099,1.1989268,0.52866244,1.9735175,5.2551532,0.66515368,0.85643029,2.4919472,1367,2.0715945
3801099,3202000,770000,336,1.3385861e+09,0.29441968,103.95661,13325.001,69991.57,4274.9243,65594.844,239025.73,7991130,2.8938001e+11,0.70312721,1.2119187,0.53503186,1.9729643,5.2654877,0.66646177,0.85665113,2.4890189,1367,2.0713613
3801100,3202000,772000,338,1.3550089e+09,0.29261443,109.31571,11827.037,69619.453,5598.8032,101875.75,241228.23,7905643.5,2.8445999e+11,0.69833022,1.2164159,0.53821653,1.972647,5.2706699,0.66711771,0.85676181,2.4875548,1367,2.0712836
3801101,3202000,774000,318,1.2676458e+09,0.27269465,107.09657,7708.0361,70130.758,6922.6821,104426.48,241693.84,6826993.5,2.3004801e+11,0.72440135,1.154318,0.50717705,1.9772501,5.2040825,0.65868962,0.85533404,2.5065887,1367,2.0747206
3801102,3202000,776000,288,1.1497107e+09,0.23133552,74.493607,3001.0344,75021.133,8246.5605,113020.38,249906.78,5412731,1.6106e+11,0.77988291,1.066205,0.4528302,1.9781808,5.151516,0.65203619,0.85419738,2.5219619,1367,2.0749729
3801103,3202000,778000,249,9.9336666e+08,0.58284473,338.38528,7852.8784,29995.25,9570.4395,19311.883,146346.81,3525174,6.0191998e+10,0.97198468,0.92892474,0.61786598,2.2259772,3.5195537,0.44547591,0.81362534,3.2276721,1367,2.3646412
3801104,3202000,780000,245,9.8363296e+08,0.64284623,326.4281,9044.8652,31539.254,8288,15602.233,138665.34,3539754.2,6.2612001e+10,0.98695219,0.9122631,0.61097258,2.2269411,3.5126276,0.44459927,0.81342554,3.2320645,1367,2.3638172
3801105,3202000,782000,243,9.7771757e+08,0.68169272,317.38574,10427.125,33132.07,6783.2788,13589.898,134250.94,3650923,6.7927998e+10,0.99272186,0.90458685,0.60598505,2.2278862,3.510325,0.44430783,0.81335908,3.2335286,1367,2.3627145
3801106,3202000,784000,243,9.7375174e+08,0.70725375,310.48285,11958.228,34766.992,5278.5586,12477.022,131535.03,3844406.8,7.5679998e+10,0.99272186,0.90458685,0.60598505,2.2278862,3.510325,0.44430783,0.81335908,3.2335286,1367,2.3627145
3801107,3202000,786000,241,9.7091283e+08,0.72416657,305.1413,13597.781,36438.348,3773.8379,11884.879,129800.34,4059211.2,8.5011997e+10,0.99515903,0.89803416,0.60099751,2.2287867,3.5080254,0.44401678,0.81329262,3.2349927,1367,2.361655
3801108,3202000,788000,241,9.6878304e+08,0.73543513,300.9375,15315.49,38141.352,2269.1172,11598.997,128660.73,4344591,9.6627999e+10,0.99515903,0.89803416,0.60099751,2.2287867,3.5080254,0.44401678,0.81329262,3.2349927,1367,2.361655
3801109,3202000,790000,241,9.667737e+08,0.74055886,297.59097,17095.342,39871.949,764.39661,12310.325,128081.84,4669548,1.1018e+11,0.99515903,0.89803416,0.60099751,2.2287867,3.5080254,0.44401678,0.81329262,3.2349927,1367,2.361655
3801131,3202000,834000,33,1.3328541e+08,0.20480731,186.62958,14196.633,34205.816,1031.933,36818.914,90432.289,526158,1.1404e+10,0.93560606,0.54740798,0.10679612,1.5751921,3.9992537,0.50619239,0.82679677,2.9604685,1367,2.6463511
3801153,3202000,878000,240,9.606505e+08,0.2006648,186.87802,46478.863,108783.35,1288.7297,106749.48,245274.3,11346050,7.7263602e+11,0.87709206,0.57971829,0.31413612,2.1420054,4.9813962,0.63050383,0.8504591,2.5739386,1367,1.9913888
3801154,3202000,880000,266,1.0773455e+09,0.2135715,190.36797,49851.309,110311.27,3287.4512,142612.77,251773.94,13492940,9.6853603e+11,0.8870762,0.63812202,0.34816754,2.1612647,5.0423737,0.63822186,0.85180974,2.5549049,1367,1.9678218
3801155,3202000,882000,291,1.168148e+09,0.2211968,193.51462,52687.566,112067.64,4054.6345,146261.75,257611.02,15494309,1.148528e+12,0.87609905,0.69988751,0.38089004,2.1758902,5.1024303,0.64582336,0.85312825,2.5366032,1367,1.9488611
3801156,3202000,884000,311,1.2451534e+09,0.22605594,196.41566,55388.816,114038.82,2391.041,150565.67,263092.47,17393522,1.32732e+12,0.86555338,0.74720252,0.40600523,2.1841753,5.1564765,0.65266407,0.85430503,2.5204978,1367,1.9359959
3801157,3202000,886000,330,1.3103021e+09,0.22852479,199.12939,58026.328,116210.23,413.86792,155999.42,268425.62,19417668,1.524436e+12,0.8494612,0.7896322,0.43024772,2.1903927,5.2066126,0.65900981,0.85538852,2.5058565,1367,1.9257345
3866630,3204000,760000,207,8.3666579e+08,0.68225247,62.933296,16921.156,38069.969,1536.1646,37136.402,124139.04,4052658.8,9.2359999e+10,0.99052578,0.79572517,0.51879698,2.2368853,3.4671421,0.43884209,0.81210619,3.2613471,1367,2.3511424
3866631,3204000,762000,308,1.2408795e+09,0.27005938,96.663536,18927.717,76060.945,614.73517,64055.59,240292.44,7737018.5,2.7970001e+11,0.74421507,1.1319197,0.49201277,1.9737128,5.1889544,0.65677482,0.85500783,2.5109811,1367,2.0769973
3866632,3204000,764000,317,1.2673637e+09,0.28473225,99.944916,17745.395,74778.953,1802.4027,65819.016,236503.31,7834744.5,2.8846001e+11,0.73525536,1.1523676,0.50558215,1.9741743,5.2142172,0.65997237,0.8555522,2.5036604,1367,2.0743375
3866633,3204000,766000,332,1.2999526e+09,0.28904113,104.01642,16627.646,73656.086,3126.2815,65250.43,237732.67,8304560.5,3.16872e+11,0.71026099,1.1989268,0.52866244,1.9735175,5.2551532,0.66515368,0.85643029,2.4919472,1367,2.0715945
3866634,3204000,768000,335,1.336135e+09,0.29225403,108.92671,15655.654,72754.148,4450.1602,65339.355,239689.97,8168609.5,3.1070801e+11,0.70492446,1.2086942,0.53343952,1.9731127,5.2629004,0.66613424,0.85659587,2.4897511,1367,2.0714099
3866635,3204000,770000,333,1.3330784e+09,0.28862941,112.76992,13758.587,72230.125,5774.0391,101577,240914.25,7832049.5,2.9268401e+11,0.70717102,1.2000189,0.53025478,1.9733894,5.2577329,0.6654802,0.85648543,2.4912152,1367,2.0715265
3866636,3204000,772000,315,1.2632481e+09,0.27282268,113.38068,10056.752,72347.523,7097.918,103615.25,241217.62,6727443.5,2.33048e+11,0.73424327,1.1429302,0.50319487,1.9768775,5.1939874,0.65741181,0.85511643,2.509517,1367,2.0761538
3866637,3204000,774000,292,1.1733972e+09,0.24641792,108.15663,5605.9634,74385.039,8421.7969,108503,244619.62,5528471,1.72052e+11,0.77418447,1.0758611,0.46645367,1.9754773,5.1366916,0.65015984,0.85387528,2.5263543,1367,2.0818093
3866638,3204000,776000,260,1.0430326e+09,0.19742675,5.7189145,3041.8098,80960.766,9745.6758,123933.93,257662.3,3911517,8.6659998e+10,0.89803982,0.97398752,0.40310079,1.9747297,5.0281696,0.63642406,0.85149622,2.5592973,1367,2.1015213
3866639,3204000,778000,246,9.8980416e+08,0.60689205,331.26785,6171.998,28732.061,11069.555,17348.281,143160.7,3297001.8,5.2779999e+10,0.98340797,0.91672415,0.61346632,2.2264521,3.5137801,0.44474515,0.8134588,3.2313323,1367,2.3643849
3866640,3204000,780000,244,9.8303232e+08,0.64936471,317.88531,7510.7529,30340.416,9605.5029,14885.976,137925.48,3350702.8,5.5851999e+10,0.99001551,0.9085564,0.60847878,2.2274191,3.511476,0.44445351,0.81339228,3.2327964,1367,2.3632603
3866641,3204000,782000,243,9.7841197e+08,0.67927212,308.72498,9074.6348,31992.975,8100.7827,13385.919,134537.67,3477792.8,6.1312e+10,0.99272186,0.90458685,0.60598505,2.2278862,3.510325,0.44430783,0.81335908,3.2335286,1367,2.3627145
3866642,3204000,784000,243,9.7506048e+08,0.70052993,302.27182,10772.286,33683.23,6596.062,12468.365,132253.56,3674253.2,6.9063999e+10,0.99272186,0.90458685,0.60598505,2.2278862,3.510325,0.44430783,0.81335908,3.2335286,1367,2.3627145
3866643,3204000,786000,243,9.7251936e+08,0.71570325,297.55801,12552.725,35405.785,5091.3413,11922.529,130673.52,3933175.5,7.9431999e+10,0.99146348,0.90727144,0.60598505,2.2278862,3.510325,0.44430783,0.81335908,3.2335286,1367,2.3627145
3866644,3204000,788000,242,9.7052717e+08,0.72658592,293.9953,14386.951,37156.145,3586.6208,11616.799,129558.31,4209091.5,9.0960003e+10,0.99252427,0.90414888,0.60349125,2.2283418,3.5091748,0.44416225,0.81332582,3.2342606,1367,2.3621793
3866645,3204000,790000,242,9.6876237e+08,0.73408842,291.21851,16255.077,38930.562,2081.9001,15735.769,128777.31,4539890,1.04644e+11,0.99252427,0.90414888,0.60349125,2.2283418,3.5091748,0.44416225,0.81332582,3.2342606,1367,2.3621793
3866646,3204000,792000,242,9.6673926e+08,0.73988217,289.02539,18152.271,40725.891,577.17963,16222.977,128138.12,4905956.5,1.20272e+11,0.99252427,0.90414888,0.60349125,2.2283418,3.5091748,0.44416225,0.81332582,3.2342606,1367,2.3621793
3866667,3204000,834000,32,1.3067417e+08,0.20257747,185.55789,16015.106,36112.559,715.83917,36979.633,90033.523,541590.12,1.256e+10,0.94354838,0.53426588,0.10355987,1.5729347,3.997761,0.50600344,0.82675767,2.9612005,1367,2.6486225
3866689,3204000,878000,228,9.2990688e+08,0.19367093,186.34938,47638.242,110547.77,1600.1459,107378.19,245636.23,10997201,7.5527999e+11,0.87943429,0.5447219,0.29882044,2.1322203,4.951457,0.62671441,0.84979147,2.5834553,1367,2.0035555
3866690,3204000,880000,256,1.0448729e+09,0.20785934,189.72705,51144.719,111971,2400.1697,142725.64,251334.38,13245216,9.6014801e+11,0.89258581,0.61458445,0.33507854,2.154356,5.0187449,0.63523114,0.85128784,2.5622256,1367,1.9764113
3866691,3204000,882000,282,1.1338721e+09,0.21629532,192.77849,53933.789,113611.05,2140.0391,146157.36,256663.09,15385774,1.153072e+12,0.88425332,0.67436391,0.36910996,2.1710544,5.080646,0.64306605,0.8526513,2.5431919,1367,1.9552795
3866692,3204000,884000,302,1.2095986e+09,0.22192767,195.59615,56571.535,115454.37,1287.7402,149701.94,261709.72,17287098,1.337288e+12,0.87503028,0.72167957,0.39477125,2.1807542,5.1317687,0.64953673,0.85376817,2.5278184,1367,1.9415449
3932166,3206000,760000,308,1.2388572e+09,0.27014002,101.77818,21456.545,78908.305,1523.8448,67296.125,240060.72,8189772,3.1414e+11,0.74161345,1.1311631,0.49122807,1.9741439,5.1914697,0.65709317,0.85506207,2.5102489,1367,2.0760744
3932167,3206000,762000,319,1.2752018e+09,0.27357939,104.7731,20074.986,77626.141,2614.2642,62144.645,242020.81,8278050.5,3.2331999e+11,0.73052579,1.165643,0.50796181,1.9745693,5.2218437,0.66093767,0.85571617,2.5014641,1367,2.0730641
3932168,3206000,764000,333,1.306721e+09,0.27607241,108.43604,18958.979,76483.422,3308.2314,61453.695,243884.88,8673678,3.4825601e+11,0.70776802,1.2090369,0.53025478,1.9733894,5.2577329,0.6654802,0.85648543,2.4912152,1367,2.0715265
3932169,3206000,766000,334,1.3362953e+09,0.28638759,112.65887,18060.98,75528.469,4625.3965,65736.453,242146.98,8431928,3.3638e+11,0.70674866,1.2053409,0.53184712,1.9732544,5.2603154,0.66580707,0.85654062,2.490483,1367,2.071465
3932170,3206000,768000,329,1.3179229e+09,0.2833038,115.6312,15852.075,74890.031,5949.2749,101606.5,241781.89,7901033,3.0815201e+11,0.7146008,1.1862335,0.52388537,1.9738615,5.2474284,0.66417599,0.85626501,2.4941435,1367,2.0718369
3932171,3206000,770000,314,1.2595844e+09,0.27113724,117.38765,12479.502,74747.617,7273.1538,103187.7,241615.05,6805281,2.43704e+11,0.73867035,1.1389109,0.50079745,1.977331,5.1939874,0.65741181,0.85511643,2.509517,1367,2.0753963
3932172,3206000,772000,297,1.1876017e+09,0.25233358,117.92178,8550.3174,75657.016,8597.0322,106480.34,243193.98,5775473,1.8880001e+11,0.76608425,1.0898384,0.47368422,1.9764702,5.151516,0.65203619,0.85419738,2.5219619,1367,2.0794179
3932173,3206000,774000,272,1.0994573e+09,0.21114765,110.04739,3896.0688,82170.961,9920.9111,117652.82,255800.27,4486608.5,1.23644e+11,0.83896786,1.0131649,0.42834646,1.9739099,5.1097336,0.64674771,0.85328782,2.5344071,1367,2.0826199
3932174,3206000,776000,250,9.9584621e+08,0.57399327,344.13129,3423.4631,27464.848,11244.79,19097.312,147654.83,3221362.8,4.8496001e+10,0.96944577,0.93503839,0.62034738,2.2254574,3.5207107,0.44562235,0.81365865,3.2269399,1367,2.3652384
3932175,3206000,778000,246,9.8828435e+08,0.61845124,319.01901,4599.4541,27556.262,12427.728,16275.989,141707.61,3173832.2,4.8296002e+10,0.98433715,0.91837734,0.61346632,2.2264521,3.5137801,0.44474515,0.8134588,3.2313323,1367,2.3643849
3932176,3206000,780000,245,9.830439e+08,0.65122861,305.341,6210,29229.387,10923.007,14462.381,137728.77,3252748.8,5.1855999e+10,0.98738706,0.91467065,0.61097258,2.2269411,3.5126276,0.44459927,0.81342554,3.2320645,1367,2.3638172
3932177,3206000,782000,244,9.7919846e+08,0.67569405,297.38916,7994.6421,30941.342,9418.2861,13269.369,134947.62,3382998.5,5.7339998e+10,0.99008298,0.91070133,0.60847878,2.2274191,3.511476,0.44445351,0.81339228,3.2327964,1367,2.3632603
3932178,3206000,784000,244,9.7625658e+08,0.69406742,292.30511,9859.3574,32686.025,7913.5659,12485.498,132949.31,3584170.5,6.5200001e+10,0.99008298,0.91070133,0.60847878,2.2274191,3.511476,0.44445351,0.81339228,3.2327964,1367,2.3632603
3932179,3206000,786000,243,9.7393338e+08,0.70791227,288.79987,11766.493,34458.465,6408.8452,11980.943,131486.09,3814937,7.4680001e+10,0.99146348,0.90727144,0.60598505,2.2278862,3.510325,0.44430783,0.81335908,3.2335286,1367,2.3627145
3932180,3206000,788000,242,9.7176371e+08,0.71971291,286.23157,13693.351,36254.59,4904.1245,15662.951,130258.37,4091327.5,8.6147998e+10,0.99252427,0.90414888,0.60349125,2.2283418,3.5091748,0.44416225,0.81332582,3.2342606,1367,2.3621793
3932181,3206000,790000,242,9.6993741e+08,0.72893047,284.27713,15636.685,38071.051,3399.4038,15492.401,129310.48,4424681,9.9831996e+10,0.99252427,0.90414888,0.60349125,2.2283418,3.5091748,0.44416225,0.81332582,3.2342606,1367,2.3621793
3932182,3206000,792000,242,9.6825811e+08,0.73328257,282.74982,17592.752,39905.066,1894.6832,16243.519,128814.52,4793885,1.1546e+11,0.99252427,0.90414888,0.60349125,2.2283418,3.5091748,0.44416225,0.81332582,3.2342606,1367,2.3621793
3932183,3206000,794000,241,9.6651597e+08,0.7397427,281.53549,19559.439,41754.328,389.96265,16212.883,128135.4,5155004,1.31552e+11,0.99498618,0.89934701,0.60099751,2.2287867,3.5080254,0.44401678,0.81329262,3.2349927,1367,2.361655
3932203,3206000,834000,32,1.2852788e+08,0.20067693,184.75966,17859.309,38032.676,399.74536,37062.586,89712.891,588903.62,1.4692e+10,0.94354838,0.53426588,0.10355987,1.5729347,3.997761,0.50600344,0.82675767,2.9612005,1367,2.6486225
3932204,3206000,836000,31,1.179057e+08,0.17874521,193.08788,17100.996,38893.902,225.69547,39784.723,91044.797,553594.5,1.3351999e+10,0.91182798,0.52587974,0.10032362,1.5706404,3.9962692,0.50581461,0.82671857,2.9619327,1367,2.6509304
3932224,3206000,876000,45,1.7728394e+08,0.43800303,150.93524,11567.727,28398.479,655.15112,26038.678,71318.312,566791.5,8.8839997e+09,1,0.14253721,0.078397214,1.9970689,4.04915,0.51250786,0.82809764,2.9363103,1367,2.2988701
3932225,3206000,878000,224,9.0152352e+08,0.18630549,185.8663,48826.734,112335.72,677.28955,109643.74,246592.94,11108458,7.7080402e+11,0.87784272,0.53591835,0.29357797,2.128572,4.9423175,0.62555754,0.84958708,2.5863836,1367,2.007833
3932226,3206000,880000,252,1.0157112e+09,0.20184672,189.14565,52461.785,113670.01,417.15891,142351.39,251465.97,13332033,9.72564e+11,0.88873076,0.60806161,0.32984293,2.1514194,5.0093555,0.63404268,0.85107988,2.5651538,1367,1.9800119
3932227,3206000,882000,274,1.1024858e+09,0.21106492,192.10304,55221.461,115205.87,157.02823,145715.66,256202.52,15226267,1.149824e+12,0.88949496,0.65481973,0.35863873,2.166352,5.0614376,0.64063478,0.85222954,2.5490484,1367,1.9613678
3997702,3208000,760000,319,1.2767625e+09,0.27388203,108.48268,22606.918,80470.984,1511.5251,62117.945,242035.03,8734772,3.5786401e+11,0.73052579,1.165643,0.50796181,1.9745693,5.2218437,0.66093767,0.85571617,2.5014641,1367,2.0730641
3997703,3208000,762000,333,1.3071311e+09,0.27570736,111.77872,21484.221,79310.922,3511.4873,61032.652,244084.58,9129930,3.8494401e+11,0.70776802,1.2090369,0.53025478,1.9733894,5.2577329,0.6654802,0.85648543,2.4912152,1367,2.0715265
3997704,3208000,764000,334,1.337903e+09,0.27785274,115.5514,20526.809,78315.812,5039.9277,61196.734,245985.72,8788090,3.6633602e+11,0.7061013,1.2120975,0.53184712,1.9732544,5.2603154,0.66580707,0.85654062,2.490483,1367,2.071465
3997705,3208000,766000,327,1.3090587e+09,0.2729882,118.01861,18037.037,77586.531,6124.6133,102856.9,245478,8027904.5,3.2321198e+11,0.71865445,1.1887215,0.52070063,1.9740571,5.2422915,0.66352582,0.85615498,2.4956076,1367,2.072031
3997706,3208000,768000,316,1.2576251e+09,0.26653087,120.20323,14942.762,77254.367,7448.3896,103431.41,243504.39,7098478.5,2.67372e+11,0.73598552,1.1542219,0.50398725,1.9773041,5.1990299,0.65805012,0.85522515,2.5080528,1367,2.0750456
3997707,3208000,770000,300,1.1972712e+09,0.25330913,122.33213,11432.467,77630.008,8772.2686,105659.41,243711.36,6091625.5,2.1334801e+11,0.76216274,1.1008313,0.47923324,1.9763705,5.1564765,0.65266407,0.85430503,2.5204978,1367,2.0794544
3997708,3208000,772000,281,1.1252849e+09,0.22640614,123.48216,7336.3809,80973.977,10096.147,112230.98,249914.86,4974013.5,1.53316e+11,0.80742246,1.0442742,0.4418239,1.9766383,5.1342292,0.6498481,0.85382169,2.5270865,1367,2.0777912
3997709,3208000,774000,255,1.0199302e+09,0.22423013,79.196709,1581.0493,75218.359,11420.026,106902.65,239079.97,3453546.5,6.4076001e+10,0.93271577,0.95498043,0.45212767,2.0734868,4.5189881,0.57197601,0.83979672,2.7349927,1367,2.1470366
3997710,3208000,776000,247,9.9358464e+08,0.58856899,323.97253,1700.3949,27895.68,12743.905,17750.922,145649.39,3082303.2,4.4484002e+10,0.9808104,0.92283815,0.61596012,2.2259519,3.5149333,0.4448911,0.81349206,3.2306004,1367,2.3649635
3997711,3208000,778000,246,9.8772474e+08,0.62339061,296.28345,3406.9268,26479.496,13745.231,15660.337,141105.12,3103964.2,4.5732e+10,0.98433715,0.91837734,0.61346632,2.2264521,3.5137801,0.44474515,0.8134588,3.2313323,1367,2.3643849
3997712,3208000,780000,244,9.8338285e+08,0.65029812,287.49503,5337.9307,28216.543,12240.511,14225.015,137851.03,3162125,4.8716001e+10,0.99008298,0.91070133,0.60847878,2.2274191,3.511476,0.44445351,0.81339228,3.2327964,1367,2.3632603
3997713,3208000,782000,244,9.8003661e+08,0.67125386,283.26044,7311.5264,29986.379,10735.79,13227.264,135451.14,3315804.5,5.4615998e+10,0.99008298,0.91070133,0.60847878,2.2274191,3.511476,0.44445351,0.81339228,3.2327964,1367,2.3632603
3997714,3208000,784000,244,9.7724576e+08,0.68822187,280.73544,9296.1113,31783.525,9231.0693,16526.186,133580.36,3519540.5,6.2476001e+10,0.99008298,0.91070133,0.60847878,2.2274191,3.511476,0.44445351,0.81339228,3.2327964,1367,2.3632603
3997715,3208000,786000,243,9.7475853e+08,0.7025032,279.03659,11282.901,33603.602,7726.3486,16062.413,132047.23,3750465.8,7.1879999e+10,0.99146348,0.90727144,0.60598505,2.2278862,3.510325,0.44430783,0.81335908,3.2335286,1367,2.3627145
3997716,3208000,788000,242,9.7267622e+08,0.71388978,277.81607,13273.013,35443.074,6221.6279,15761.869,130849.93,4026770.5,8.3280003e+10,0.99252427,0.90414888,0.60349125,2.2283418,3.5091748,0.44416225,0.81332582,3.2342606,1367,2.3621793
3997717,3208000,790000,241,9.7090618e+08,0.72301316,276.89374,15265.1,37299.078,4716.9077,15578.735,129903.38,4327794,9.5807996e+10,0.99498618,0.89934701,0.60099751,2.2287867,3.5080254,0.44401678,0.81329262,3.2349927,1367,2.361655
3997718,3208000,792000,241,9.6938221e+08,0.73037273,276.17059,17258.484,39169.258,3212.187,15479.288,129145.77,4696898,1.11312e+11,0.99498618,0.89934701,0.60099751,2.2287867,3.5080254,0.44401678,0.81329262,3.2349927,1367,2.361655
3997719,3208000,794000,241,9.6781075e+08,0.73370099,275.60327,19254.58,41051.68,1707.4663,16263.294,128748.03,5096698.5,1.28752e+11,0.99498618,0.89934701,0.60099751,2.2287867,3.5080254,0.44401678,0.81329262,3.2349927,1367,2.361655
3997720,3208000,796000,241,9.6630349e+08,0.73920488,275.14111,21251.863,42985.758,202.74567,16253.223,128167.91,5521172.5,1.4812801e+11,0.99498618,0.89934701,0.60099751,2.2287867,3.5080254,0.44401678,0.81329262,3.2349927,1367,2.361655
3997739,3208000,834000,31,1.2674004e+08,0.19905449,184.14621,19724.57,39963.488,83.651558,37206.699,89449.078,618635.56,1.6496e+10,0.94838709,0.52776331,0.10032362,1.5706404,3.9962692,0.50581461,0.82671857,2.9619327,1367,2.6509304
3997740,3208000,836000,31,1.183387e+08,0.18091452,191.4144,19152.871,40758.676,536.35144,39448.574,90663.32,611321.12,1.5956e+10,0.9311828,0.53186262,0.10032362,1.5706404,3.9962692,0.50581461,0.82671857,2.9619327,1367,2.6509304
4063236,3210000,756000,164,6.5454835e+08,0.66654122,76.370934,19293.09,41660.016,522.05664,33667.32,111086.76,3419102,8.6000001e+10,0.99281758,0.63326001,0.41206029,2.2305987,3.4184494,0.43267897,0.81067926,3.2935579,1367,2.3536224
4063237,3210000,758000,314,1.2450661e+09,0.28533158,111.07378,25661.697,83313.891,561.13599,81411.148,234167.28,9228371,3.97088e+11,0.72672516,1.1436425,0.5,1.9746704,5.2091446,0.65933037,0.85544306,2.5051246,1367,2.0739188
4063238,3210000,760000,333,1.3087596e+09,0.2738947,114.41808,24045.596,82138.555,1593.4473,57639.246,245043.42,9615650,4.2289201e+11,0.7085821,1.211856,0.53025478,1.9733894,5.2577329,0.6654802,0.85648543,2.4912152,1367,2.0715265
4063239,3210000,762000,334,1.3353158e+09,0.27621719,117.7483,23068.674,81109.391,3542.4688,93457.641,246474.27,9227458,4.0041198e+11,0.70667672,1.21507,0.53184712,1.9732544,5.2603154,0.66580707,0.85654062,2.490483,1367,2.071465
4063240,3210000,764000,323,1.2995997e+09,0.26908657,119.90733,20370.732,80306.82,5528.0283,94324.586,246356.33,8209195.5,3.39976e+11,0.7268042,1.1751243,0.51433122,1.9743671,5.2320476,0.66222924,0.85593528,2.4985359,1367,2.0724959
4063241,3210000,766000,315,1.2569016e+09,0.25980023,122.30081,17442.541,79832.164,7521.2437,95675.141,246567.5,7421316,2.94168e+11,0.73978364,1.1503518,0.50239235,1.9773209,5.1965075,0.65773082,0.85517079,2.5087848,1367,2.0752177
4063242,3210000,768000,301,1.205474e+09,0.24964568,124.91588,14240.384,79883.195,8947.5049,106004.45,246332.56,6345872,2.31132e+11,0.76334441,1.1096904,0.48237181,1.9756414,5.153995,0.65234995,0.85425121,2.52123,1367,2.0809748
4063243,3210000,770000,285,1.1442989e+09,0.23353216,127.68137,10624.349,81393.008,10271.384,109651.01,248142.59,5296293.5,1.734e+11,0.79888809,1.0622975,0.45527157,1.9743395,5.1195035,0.64798433,0.85350096,2.5314789,1367,2.0842099
4063244,3210000,772000,268,1.0717064e+09,0.1979145,130.05157,6318.2168,87902.586,11595.262,121396.68,260857.94,4295519,1.19048e+11,0.85860026,1.0060548,0.41230768,1.9544884,5.1789179,0.65550447,0.85479099,2.5139093,1367,2.0828197
4063245,3210000,774000,250,9.9909485e+08,0.55868083,125.53566,1240.3827,31921.295,12919.141,19377.256,149908.55,3149423,4.6292001e+10,0.96944577,0.93503839,0.62034738,2.2254574,3.5207107,0.44562235,0.81365865,3.2269399,1367,2.3652384
4063246,3210000,776000,247,9.9256294e+08,0.59530365,241.28955,1195.5125,28858.619,13722.002,17000.223,144748.7,3066315,4.3996e+10,0.9808104,0.92283815,0.61596012,2.2259519,3.5149333,0.4448911,0.81349206,3.2306004,1367,2.3649635
4063247,3210000,778000,246,9.8769011e+08,0.6243149,261.37872,3122.406,26642.584,12425.717,15326.153,140998.16,3089956,4.5143998e+10,0.98433715,0.91837734,0.61346632,2.2264521,3.5137801,0.44474515,0.8134588,3.2313323,1367,2.3643849
4063248,3210000,780000,244,9.8391552e+08,0.64749897,265.66577,5128.9453,27312.809,11129.433,14122.896,138186.08,3147610.5,4.7951999e+10,0.99008298,0.91070133,0.60847878,2.2274191,3.511476,0.44445351,0.81339228,3.2327964,1367,2.3632603
4063249,3210000,782000,244,9.8058963e+08,0.66741306,267.35568,7137.124,29137.59,9833.1475,17246.057,135878.66,3304181.2,5.3852e+10,0.99008298,0.91070133,0.60847878,2.2274191,3.511476,0.44445351,0.81339228,3.2327964,1367,2.3632603
4063250,3210000,784000,244,9.777833e+08,0.68388951,268.22165,9143.8164,30984.008,8536.8633,16629.775,134039.64,3510292.8,6.1711999e+10,0.99008298,0.91070133,0.60847878,2.2274191,3.511476,0.44445351,0.81339228,3.2327964,1367,2.3632603
4063251,3210000,786000,242,9.7543366e+08,0.69732279,268.73239,11149.298,32848.414,7240.5781,16197.733,132582.7,3711551.5,7.0159999e+10,0.99389595,0.90246981,0.60349125,2.2283418,3.5091748,0.44416225,0.81332582,3.2342606,1367,2.3621793
4063252,3210000,788000,241,9.734368e+08,0.7083056,269.05981,13153.609,34739.641,5944.2939,15902.967,131416.08,3985503.2,8.1376002e+10,0.99498618,0.89934701,0.60099751,2.2287867,3.5080254,0.44401678,0.81329262,3.2349927,1367,2.361655
4063253,3210000,790000,241,9.7171834e+08,0.71731836,269.28229,15156.961,36680.648,4648.0093,15710.435,130472.55,4319656,9.4944002e+10,0.99498618,0.89934701,0.60099751,2.2287867,3.5080254,0.44401678,0.81329262,3.2349927,1367,2.361655
4063254,3210000,792000,241,9.7022349e+08,0.72475082,269.44012,17159.557,38627.68,3351.7244,15593.603,129701.95,4689305,1.10448e+11,0.99498618,0.89934701,0.60099751,2.2287867,3.5080254,0.44401678,0.81329262,3.2349927,1367,2.361655
4063255,3210000,794000,241,9.6888352e+08,0.72940302,269.55774,19161.707,40579.859,2055.4397,15936.401,129198.34,5089436,1.27888e+11,0.99498618,0.89934701,0.60099751,2.2287867,3.5080254,0.44401678,0.81329262,3.2349927,1367,2.361655
4063256,3210000,796000,241,9.674176e+08,0.73357308,269.66321,21164.758,42536.48,759.15515,16332.835,128733.1,5514120,1.47264e+11,0.99498618,0.89934701,0.60099751,2.2287867,3.5080254,0.44401678,0.81329262,3.2349927,1367,2.361655
4063276,3210000,836000,31,1.1842256e+08,0.18232487,190.12175,21164.523,42641.531,161.11507,39167.832,90343.977,669870.44,1.8535999e+10,0.94408602,0.52944374,0.10032362,1.5706404,3.9962692,0.50581461,0.82671857,2.9619327,1367,2.6509304
4128772,3212000,756000,314,1.2362826e+09,0.28379524,113.31238,28367.902,86155.188,782.50739,87589.031,233970.59,9828589,4.4156001e+11,0.72672516,1.1436425,0.5,1.9746704,5.2091446,0.65933037,0.85544306,2.5051246,1367,2.0739188
4128773,3212000,758000,333,1.2992032e+09,0.28310278,116.42691,26847.494,84966.281,2557.1016,66204.414,240143.81,10239617,4.6989201e+11,0.7085821,1.211856,0.53025478,1.9733894,5.2577329,0.6654802,0.85648543,2.4912152,1367,2.0715265
4128774,3212000,760000,330,1.3227576e+09,0.27476415,119.32513,25425.191,83907.875,2943.0535,93468.617,245960.31,9546870,4.2603201e+11,0.71434098,1.2015285,0.52547771,1.9737536,5.250001,0.66450155,0.85632002,2.4934113,1367,2.0717497
4128775,3212000,762000,321,1.2901414e+09,0.26815599,121.43359,22813.557,83046.32,4321.0615,94273.188,245883.75,8592996,3.6861202e+11,0.73140574,1.1687559,0.51114649,1.9744817,5.2269406,0.66158283,0.85582566,2.5,1367,2.0727673
4128776,3212000,764000,316,1.2525266e+09,0.25991625,123.81361,20043.834,82459.625,6056.5322,95468.133,246083.05,7957566,3.33488e+11,0.73825598,1.153438,0.50318474,1.9746501,5.2142172,0.65997237,0.8555522,2.5036604,1367,2.0735576
4128777,3212000,766000,301,1.2089994e+09,0.24939974,126.52478,17058.379,82287.977,7917.8022,97282,246814.11,6729536.5,2.58644e+11,0.76598006,1.1085036,0.48237181,1.9756414,5.153995,0.65234995,0.85425121,2.52123,1367,2.0809748
4128778,3212000,768000,288,1.1584575e+09,0.23486005,129.66479,13771.239,82974.539,9833.6973,100414.02,248966.2,5715718,1.97868e+11,0.79188442,1.0713021,0.46376812,1.9730104,5.114614,0.64736545,0.85339433,2.532943,1367,2.0874162
4128779,3212000,770000,275,1.0991978e+09,0.20854276,133.46748,10125.84,87498.914,11770.498,114016.11,257362.53,4853041.5,1.5164799e+11,0.82967484,1.0318601,0.43375394,1.9745114,5.114614,0.64736545,0.85339433,2.532943,1367,2.0819654
4128780,3212000,772000,253,1.0116045e+09,0.22180191,134.68578,4497.1782,78389.461,13094.377,103155.05,239401.94,3373052,5.7039999e+10,0.94965178,0.9535318,0.49126214,2.0651615,4.3430662,0.54970932,0.83552724,2.8052709,1367,2.203383
4128781,3212000,774000,248,9.9730272e+08,0.56786984,160.17844,2825.3662,32612.346,13495.248,15636.69,148557.31,3122616,4.5883998e+10,0.97610033,0.93295544,0.61845386,2.2254405,3.5160873,0.44503716,0.81352538,3.2298682,1367,2.3655529
4128782,3212000,776000,246,9.9188806e+08,0.59888273,203.0663,2762.1167,30122.006,12198.963,13684.951,144266.45,3077156.5,4.4608e+10,0.98433715,0.91837722,0.61346632,2.2264521,3.5137801,0.44474515,0.8134588,3.2313323,1367,2.3643849
4128783,3212000,778000,245,9.8758406e+08,0.62444448,231.71428,3961.0959,28263.771,10902.679,16247.692,140975.95,3107594.5,4.5920002e+10,0.98738706,0.91467065,0.61097258,2.2269411,3.5126276,0.44459927,0.81342554,3.2320645,1367,2.3638172
4128784,3212000,780000,244,9.8379168e+08,0.64669782,244.98242,5654.2197,26921.074,9606.3936,15200.135,138262.95,3189290.5,4.9147998e+10,0.99008298,0.91070133,0.60847878,2.2274191,3.511476,0.44445351,0.81339228,3.2327964,1367,2.3632603
4128785,3212000,782000,243,9.8067878e+08,0.66506964,251.83612,7508.311,28434.793,8310.1094,14428.281,136124.02,3323503.8,5.4420001e+10,0.99248374,0.90589982,0.60598505,2.2278862,3.510325,0.44430783,0.81335908,3.2335286,1367,2.3627145
4128786,3212000,784000,243,9.7807706e+08,0.68028396,255.88245,9426.5293,30383.629,7013.8247,13861.494,134414.56,3529983,6.2187999e+10,0.99248374,0.90589982,0.60598505,2.2278862,3.510325,0.44430783,0.81335908,3.2335286,1367,2.3627145
4128787,3212000,786000,242,9.7586963e+08,0.6929155,258.51587,11375.29,32338.711,5717.54,13449.879,133033.41,3758483.8,7.1315997e+10,0.99389595,0.90246981,0.60349125,2.2283418,3.5091748,0.44416225,0.81332582,3.2342606,1367,2.3621793
4128788,3212000,788000,242,9.7397293e+08,0.70342976,260.35275,13340.571,34298.977,4421.2554,13156.683,131907.05,4054044.2,8.2968003e+10,0.99389595,0.90246981,0.60349125,2.2283418,3.5091748,0.44416225,0.81332582,3.2342606,1367,2.3621793
4128789,3212000,790000,241,9.723255e+08,0.71220875,261.7009,15315.65,36263.578,3124.9707,12954.023,130980.64,4365435,9.6015999e+10,0.99498618,0.89934701,0.60099751,2.2287867,3.5080254,0.44401678,0.81329262,3.2349927,1367,2.361655
4128790,3212000,792000,241,9.7088109e+08,0.71956712,262.72928,17296.953,38231.852,1828.686,12820.395,130212.38,4734450.5,1.1152e+11,0.99498618,0.89934701,0.60099751,2.2287867,3.5080254,0.44401678,0.81329262,3.2349927,1367,2.361655
4128791,3212000,794000,241,9.6960422e+08,0.72576362,263.53784,19282.43,40203.258,532.40137,12739.109,129570.03,5133214,1.2896e+11,0.99498618,0.89934701,0.60099751,2.2287867,3.5080254,0.44401678,0.81329262,3.2349927,1367,2.361655
4194308,3214000,756000,330,1.2892198e+09,0.29181039,118.08282,29686.768,87794.094,1042.9581,67891.273,235623.2,10908708,5.2188001e+11,0.71036196,1.1936498,0.52547771,1.9737536,5.250001,0.66450155,0.85632002,2.4934113,1367,2.0717497
4194309,3214000,758000,328,1.3060065e+09,0.27916443,120.57222,27922.176,86710.312,3025.927,102762.97,242464.16,10076149,4.65356e+11,0.71826285,1.1944904,0.52229297,1.9739627,5.2448587,0.66385072,0.85620993,2.4948754,1367,2.0719306
4194310,3214000,760000,319,1.2821674e+09,0.26736814,122.70006,25313.057,85799.195,4773.2646,94229.305,245483.59,9066546,4.0223198e+11,0.73588848,1.1620455,0.50796181,1.9745693,5.2218437,0.66093767,0.85571617,2.5014641,1367,2.0730641
4194311,3214000,762000,314,1.2486004e+09,0.25996736,125.00537,22673.363,85123.641,5726.6104,95300.031,245672.92,8359386.5,3.6088401e+11,0.74359494,1.1468279,0.5,1.9746704,5.2091446,0.65933037,0.85544306,2.5051246,1367,2.0739188
4194312,3214000,764000,304,1.21031e+09,0.25073892,127.63223,19869.572,84787.844,7127.6978,96870.141,246287.5,7370045.5,2.9994802e+11,0.75985754,1.1178066,0.48640001,1.9762422,5.1639352,0.65360808,0.85446674,2.5183017,1367,2.0793333
4194313,3214000,766000,291,1.1665089e+09,0.23868002,130.68246,16843.521,85043.305,8764.3643,99342.266,247822.62,6311942.5,2.3727201e+11,0.7850219,1.0795197,0.46560001,1.974965,5.1317687,0.64953673,0.85376817,2.5278184,1367,2.0829878
4194314,3214000,768000,278,1.1164294e+09,0.21845518,134.377,13522.641,87438.266,10139.781,104844.22,253419.14,5315344,1.784e+11,0.82206583,1.0400509,0.43710691,1.9758762,5.1268559,0.64891487,0.85366118,2.5292826,1367,2.0790954
4194315,3214000,770000,264,1.0518563e+09,0.188371,138.65314,9299.7783,92537.125,11338.339,117063.11,264896.44,4322490.5,1.19328e+11,0.87994009,0.99833554,0.4080371,1.9670217,5.0975733,0.6452086,0.85302204,2.5380673,1367,2.0912194
4194316,3214000,772000,251,1.0023644e+09,0.53880614,148.0596,5591.4595,36383.613,11785.202,17550.752,152897.89,3356634.5,5.4415999e+10,0.96484464,0.94515532,0.62282878,2.2249262,3.5218685,0.44576889,0.81369203,3.226208,1367,2.3658464
4194317,3214000,774000,248,9.9623098e+08,0.57258928,168.73503,4707.189,33668.852,11972.209,15225.829,147864.3,3216924.5,4.9408e+10,0.97610033,0.93295544,0.61845386,2.2254405,3.5160873,0.44503716,0.81352538,3.2298682,1367,2.3655529
4194318,3214000,776000,247,9.9113843e+08,0.60141397,193.70113,4656.9023,31571.748,10675.925,17519.994,143908.14,3192223.8,4.8371999e+10,0.9795925,0.92849463,0.61596012,2.2259519,3.5149333,0.4448911,0.81349206,3.2306004,1367,2.3649635
4194319,3214000,778000,244,9.8689286e+08,0.62588596,214.97673,5436.958,29973.057,9379.6396,16266.973,140764.23,3183553,4.8760001e+10,0.98974568,0.90986913,0.60847878,2.2274191,3.511476,0.44445351,0.81339228,3.2327964,1367,2.3632603
4194320,3214000,780000,243,9.8342624e+08,0.64626068,229.36765,6755.4351,28798.18,8083.3555,15327.74,138284.02,3264442.8,5.1804e+10,0.99248374,0.90589982,0.60598505,2.2278862,3.510325,0.44430783,0.81335908,3.2335286,1367,2.3627145
4194321,3214000,782000,243,9.8054099e+08,0.6633063,238.60825,8357.5635,28037.732,6787.0708,14619.654,136295.25,3424323.8,5.7620001e+10,0.99248374,0.90589982,0.60598505,2.2278862,3.510325,0.44430783,0.81335908,3.2335286,1367,2.3627145
4194322,3214000,784000,243,9.7810144e+08,0.67761809,244.72754,10107.356,30012.361,5490.7861,14086.341,134680.39,3632545,6.5387999e+10,0.99248374,0.90589982,0.60598505,2.2278862,3.510325,0.44430783,0.81335908,3.2335286,1367,2.3627145
4194323,3214000,786000,243,9.7601139e+08,0.68966937,248.97902,11938.946,31990.143,4194.5015,13687.477,133355.8,3886343.8,7.5108e+10,0.99248374,0.90589982,0.60598505,2.2278862,3.510325,0.44430783,0.81335908,3.2335286,1367,2.3627145
4194324,3214000,788000,242,9.7420045e+08,0.69984466,252.06801,13819.187,33970.527,2898.2168,13393.064,132259.92,4155570.5,8.6068003e+10,0.99389595,0.90246969,0.60349125,2.2283418,3.5091748,0.44416225,0.81332582,3.2342606,1367,2.3621793
4194325,3214000,790000,241,9.7261606e+08,0.70846075,254.39841,15730.237,35953.082,1601.9321,13180.137,131346.28,4463857,9.9024003e+10,0.99498618,0.89934701,0.60099751,2.2287867,3.5080254,0.44401678,0.81329262,3.2349927,1367,2.361655
4194326,3214000,792000,241,9.7121818e+08,0.71578074,256.21173,17661.842,37937.469,305.64752,13030.767,130578.99,4830491,1.14528e+11,0.99498618,0.89934701,0.60099751,2.2287867,3.5080254,0.44401678,0.81329262,3.2349927,1367,2.361655
4259844,3216000,756000,321,1.2866327e+09,0.28692046,121.62644,30550.625,89515.961,1303.4089,104758,237384,10496427,4.9807599e+11,0.72949767,1.1611437,0.51114649,1.9744817,5.2269406,0.66158283,0.85582566,2.5,1367,2.0727673
4259845,3216000,758000,319,1.2710925e+09,0.2708436,123.69302,27924.541,88566.094,3286.3777,106879.91,242847.83,9745755,4.49656e+11,0.73588848,1.1620454,0.50796181,1.9745693,5.2218437,0.66093767,0.85571617,2.5014641,1367,2.0730641
4259846,3216000,760000,312,1.2450726e+09,0.25997248,125.96864,25326.137,87816.773,5269.3467,95162.562,245323.19,8857141,3.9490401e+11,0.74886638,1.140004,0.49681529,1.9746636,5.2040825,0.65868962,0.85533404,2.5065887,1367,2.0743058
4259847,3216000,762000,302,1.2109466e+09,0.25176534,128.46477,22667.928,87351.844,6583.9263,96541.469,245849.58,7780838.5,3.2458801e+11,0.76708984,1.1105206,0.48320001,1.9761204,5.1589603,0.65297842,0.85435891,2.5197659,1367,2.0798242
4259848,3216000,764000,295,1.1723916e+09,0.24141636,131.33569,19842.434,87333.227,6714.9717,98588.578,247034.67,7010396,2.7831199e+11,0.77627116,1.09181,0.471246,1.9758631,5.144093,0.65109664,0.85403621,2.5241582,1367,2.0808775
4259849,3216000,766000,281,1.1286916e+09,0.22631285,134.72972,16790.949,88475.57,7404.9717,102388.56,250344.45,5860712,2.0732001e+11,0.81509912,1.0489945,0.44888178,1.9735395,5.1097336,0.64674771,0.85328782,2.5344071,1367,2.0857248
4259850,3216000,768000,268,1.0803656e+09,0.19745772,139.0536,13534.269,93881.477,8519.1768,112510.8,262212.41,4898202.5,1.5196399e+11,0.86223376,1.0081986,0.42405063,1.9718728,5.0927258,0.64459497,0.85291594,2.5395315,1367,2.0868077
4259851,3216000,770000,251,1.0070975e+09,0.21805984,143.96548,8474.1973,82365.32,9598.2354,97811.344,240908.91,3604461,6.4480002e+10,0.96484464,0.94515532,0.62282878,2.2249262,3.5218685,0.44576889,0.81369203,3.226208,1367,2.3658464
4259852,3216000,772000,248,1.001092e+09,0.5433054,156.50182,7302.98,37251.137,9794.8945,21144.943,152166.81,3408982,5.6952001e+10,0.97610033,0.93295544,0.61845386,2.2254405,3.5160873,0.44503716,0.81352538,3.2298682,1367,2.3655529
4259853,3216000,774000,247,9.9494938e+08,0.57631576,172.25069,6660.0244,34955.742,9991.5527,19074.76,147290.66,3332951,5.3755998e+10,0.9795925,0.92849463,0.61596012,2.2259519,3.5149333,0.4448911,0.81349206,3.2306004,1367,2.3649635
4259854,3216000,776000,246,9.9013184e+08,0.60349101,189.68124,6616.6807,33145.07,9152.8857,17557.371,143587.3,3326082.2,5.3444002e+10,0.98184836,0.92369348,0.61346632,2.2264521,3.5137801,0.44474515,0.8134588,3.2313323,1367,2.3643849
4259855,3216000,778000,245,9.8624282e+08,0.62612528,205.78439,7175.1035,31743.004,7856.6016,16416.996,140690.97,3358816.2,5.4548001e+10,0.98491132,0.9199869,0.61097258,2.2269411,3.5126276,0.44459927,0.81342554,3.2320645,1367,2.3638172
4259856,3216000,780000,243,9.8303283e+08,0.64513242,218.65785,8208.582,30699.133,6560.3169,15547.098,138377.19,3417362.2,5.6955998e+10,0.99248374,0.90589982,0.60598505,2.2278862,3.510325,0.44430783,0.81335908,3.2335286,1367,2.3627145
4259857,3216000,782000,243,9.8033594e+08,0.66118783,228.24448,9561.5664,29977.434,5264.0322,14878.559,136499.16,3579131.5,6.2771999e+10,0.99248374,0.90589982,0.60598505,2.2278862,3.510325,0.44430783,0.81335908,3.2335286,1367,2.3627145
4259858,3216000,784000,243,9.780368e+08,0.6748091,235.27995,11116.387,29771.107,3967.7476,14363.975,134955.95,3788571,7.0540001e+10,0.99248374,0.90589982,0.60598505,2.2278862,3.510325,0.44430783,0.81335908,3.2335286,1367,2.3627145
4259859,3216000,786000,243,9.7605274e+08,0.68640512,240.50941,12798.706,31763.914,2671.4629,13969.268,133675.34,4042678.2,8.0259998e+10,0.99248374,0.90589982,0.60598505,2.2278862,3.510325,0.44430783,0.81335908,3.2335286,1367,2.3627145
4259860,3216000,788000,242,9.7432256e+08,0.69630671,244.48354,14563.781,33757.57,1375.1783,13668.979,132603.81,4308848.5,9.1111997e+10,0.99389595,0.90246981,0.60349125,2.2283418,3.5091748,0.44416225,0.81332582,3.2342606,1367,2.3621793
4259861,3216000,790000,241,9.7280019e+08,0.70478612,247.57574,16384.479,35751.938,78.893715,13443.515,131700.7,4612014,1.03968e+11,0.99498618,0.89934713,0.60099751,2.2287867,3.5080254,0.44401678,0.81329262,3.2349927,1367,2.361655
4325380,3218000,756000,314,1.2546696e+09,0.27834487,124.52203,30683.598,91340.617,1563.8596,106945.13,238000.58,10325445,4.9335199e+11,0.74353391,1.1366253,0.5,1.9746704,5.2091446,0.65933037,0.85544306,2.5051246,1367,2.0739188
4325381,3218000,758000,311,1.2374728e+09,0.26350936,126.71323,28071.189,90528.688,3167.9392,108537.77,242926.41,9551216,4.4234401e+11,0.74869829,1.1360412,0.49522293,1.9746501,5.2015548,0.65836972,0.85527956,2.5073206,1367,2.0745089
4325382,3218000,760000,301,1.2111507e+09,0.25257161,129.11708,25459.039,89962.391,4793.1963,96272.836,245477.55,8359777,3.6136799e+11,0.77091914,1.1065631,0.48159999,1.9760492,5.1564765,0.65266407,0.85430503,2.5204978,1367,2.0800796
4325383,3218000,762000,293,1.1767763e+09,0.24349752,131.79282,22791.512,89751.453,4594.4849,98015.391,246436.27,7454946.5,3.03616e+11,0.78507644,1.0837405,0.4695513,1.9748541,5.1342292,0.6498481,0.85382169,2.5270865,1367,2.0832212
4325384,3218000,764000,285,1.138212e+09,0.23130175,134.89421,19953.047,90263.125,4780.3818,100903.32,248672.08,6634768.5,2.5404799e+11,0.80128491,1.0617527,0.4589372,1.9725292,5.1072969,0.64643931,0.85323459,2.5351391,1367,2.0884323
4325385,3218000,766000,273,1.0954871e+09,0.20932908,138.64612,16932.773,93616.711,5709.187,107678.66,256444.73,5642638,1.9411599e+11,0.84012067,1.0244929,0.43127963,1.9736677,5.1072969,0.64643931,0.85323459,2.5351391,1367,2.0836477
4325386,3218000,768000,258,1.0344313e+09,0.21222764,142.85733,12680.782,88308.117,7094.8979,102318.27,247488.36,4409626,1.1062e+11,0.91795611,0.97298688,0.44791666,2.0762393,4.5497036,0.57586372,0.84052944,2.7232797,1367,2.1384995
4325387,3218000,770000,251,1.0031945e+09,0.53156179,150.56746,10062.211,40849.027,7607.9277,16396.801,153999.97,3806422.2,7.2360002e+10,0.96484464,0.94515538,0.62282878,2.2249262,3.5218685,0.44576889,0.81369203,3.226208,1367,2.3658464
4325388,3218000,772000,247,9.9806336e+08,0.55568606,161.46025,9147.5967,38386.309,7804.5864,14825.035,150234.34,3596483.2,6.4279998e+10,0.9783088,0.92815441,0.61596012,2.2259519,3.5149333,0.4448911,0.81349206,3.2306004,1367,2.3649635
4325389,3218000,774000,246,9.935975e+08,0.57859397,174.10979,8642.3525,36397.434,8001.2451,19184.033,146900.48,3520325.5,6.09e+10,0.98184836,0.92369348,0.61346632,2.2264521,3.5137801,0.44474515,0.8134588,3.2313323,1367,2.3643849
4325390,3218000,776000,245,9.8916774e+08,0.60408223,187.46777,8600.4775,34804.559,7629.8477,17771.482,143447.14,3501345,5.9883999e+10,0.98491132,0.9199869,0.61097258,2.2269411,3.5126276,0.44459927,0.81342554,3.2320645,1367,2.3638172
4325391,3218000,778000,244,9.8556717e+08,0.62539911,200.23335,9027.9502,33556.473,6333.563,16695.771,140724.41,3532889.2,6.0776002e+10,0.98762059,0.91601765,0.60847878,2.2274191,3.511476,0.44445351,0.81339228,3.2327964,1367,2.3632603
4325392,3218000,780000,244,9.8257491e+08,0.64340574,211.32336,9860.75,32617.627,5037.2783,15863.012,138530.47,3648145.2,6.4716001e+10,0.98762059,0.91601765,0.60847878,2.2274191,3.511476,0.44445351,0.81339228,3.2327964,1367,2.3632603
4325393,3218000,782000,244,9.8004461e+08,0.65872407,220.3802,11005.217,31961.49,3740.9939,15212.381,136733.86,3812668.2,7.0615998e+10,0.98762059,0.91601765,0.60847878,2.2274191,3.511476,0.44445351,0.81339228,3.2327964,1367,2.3632603
4325394,3218000,784000,243,9.7787443e+08,0.67182356,227.56784,12373.859,31566.408,2444.7092,14702.108,135244.27,3995238.5,7.7643997e+10,0.99248374,0.90589982,0.60598505,2.2278862,3.510325,0.44430783,0.81335908,3.2335286,1367,2.3627145
4325395,3218000,786000,243,9.7599117e+08,0.68307108,233.23811,13899.749,32249.438,1148.4246,14302.119,133996.95,4248443.5,8.7364002e+10,0.99248374,0.90589982,0.60598505,2.2278862,3.510325,0.44430783,0.81335908,3.2335286,1367,2.3627145
4390916,3220000,756000,308,1.2211151e+09,0.2698487,127.35841,30997.611,93259.898,703.02515,111909.55,238464.14,10203021,4.8738799e+11,0.75402933,1.1184001,0.49044585,1.9745693,5.1939874,0.65741181,0.85511643,2.509517,1367,2.0751567
4390917,3220000,758000,300,1.2042798e+09,0.25625682,129.63464,28370.59,92610.273,2021.9988,111811.33,243013.8,9037021,4.0334e+11,0.77219623,1.1025237,0.47999999,1.9759713,5.153995,0.65234995,0.85425121,2.52123,1367,2.0803411
4390918,3220000,760000,292,1.1790193e+09,0.24543305,132.14491,25729.596,92253.609,3421.4929,101262.48,245696.44,8100190,3.427e+11,0.7873888,1.0788897,0.4679487,1.9747251,5.1317687,0.64953673,0.85376817,2.5278184,1367,2.0835314
4390919,3220000,762000,284,1.1456809e+09,0.23478624,134.97124,23035.688,92405.766,2621.1638,99902.156,247628.39,7152530.5,2.81772e+11,0.80826658,1.0571263,0.45806453,1.9719801,5.1024303,0.64582336,0.85312825,2.5366032,1367,2.0896401
4390920,3220000,764000,275,1.1074843e+09,0.21846198,138.28929,20205.092,94193.781,2934.8357,104541.74,252397.92,6288539,2.28616e+11,0.83437294,1.0295182,0.43929711,1.9721345,5.0951481,0.64490163,0.85296899,2.5387995,1367,2.0881929
4390921,3220000,766000,265,1.0645967e+09,0.19123869,142.30994,17152.094,99529.555,4284.3931,115426.88,264490.22,5389224.5,1.7264401e+11,0.8752144,1.0009493,0.40832049,1.9531411,5.1689196,0.654239,0.85457468,2.5168376,1367,2.0852153
4390922,3220000,768000,250,1.0046609e+09,0.52217084,147.18666,12890.2,44449.965,5420.9609,17360.453,155492.11,4188801.8,8.8391999e+10,0.96690762,0.9403547,0.62034738,2.2254574,3.5207107,0.44562235,0.81365865,3.2269399,1367,2.3652384
4390923,3220000,770000,247,9.9925613e+08,0.54653913,155.26471,11823.712,41844.129,5617.6201,15761.745,151576.8,3937653.2,7.7864002e+10,0.9783088,0.92815441,0.61596012,2.2259519,3.5149333,0.4448911,0.81349206,3.2306004,1367,2.3649635
4390924,3220000,772000,247,9.9501248e+08,0.56690919,164.69765,11053.429,39703.352,5814.2788,14505.008,148512.31,3850571.8,7.3799999e+10,0.9783088,0.92815441,0.61596012,2.2259519,3.5149333,0.4448911,0.81349206,3.2306004,1367,2.3649635
4390925,3220000,774000,246,9.9156947e+08,0.58420104,175.18394,10635.108,37948.266,6010.9375,13498.096,146044.55,3775437.8,7.0280004e+10,0.98184836,0.92369348,0.61346632,2.2264521,3.5137801,0.44474515,0.8134588,3.2313323,1367,2.3643849
4390926,3220000,776000,245,9.8814566e+08,0.60345191,186.05597,10597.947,36526.527,6106.8091,18168.129,143447.88,3756629.5,6.9139997e+10,0.98491132,0.9199869,0.61097258,2.2269411,3.5126276,0.44459927,0.81342554,3.2320645,1367,2.3638172
4390927,3220000,778000,244,9.8480506e+08,0.62383789,196.57106,10939.403,35402.215,4810.5244,17112.838,140845.89,3787649.5,6.9900001e+10,0.98762059,0.91601765,0.60847878,2.2274191,3.511476,0.44445351,0.81339228,3.2327964,1367,2.3632603
4390928,3220000,780000,244,9.8201549e+08,0.64112711,206.13509,11628.649,34549.391,3514.24,16286.13,138736.91,3903698,7.3840001e+10,0.98762059,0.91601765,0.60847878,2.2274191,3.511476,0.44445351,0.81339228,3.2327964,1367,2.3632603
4390929,3220000,782000,244,9.7964474e+08,0.65591139,214.4115,12607.146,33947.957,2217.9553,15631.473,136998.77,4068207.8,7.9740002e+10,0.98762059,0.91601765,0.60847878,2.2274191,3.511476,0.44445351,0.81339228,3.2327964,1367,2.3632603
4390930,3220000,784000,244,9.7760141e+08,0.66863048,221.35979,13812.427,33581.004,921.67072,15110.052,135547.89,4278347.5,8.7599997e+10,0.98762059,0.91601765,0.60847878,2.2274191,3.511476,0.44445351,0.81339228,3.2327964,1367,2.3632603
4456453,3222000,758000,286,1.1468599e+09,0.24568981,132.94484,29235.992,94812.594,627.52783,126566.1,242195.77,8852029,3.96568e+11,0.7795853,1.0523101,0.45833334,1.9738081,5.1170578,0.64767474,0.85344762,2.5322108,1367,2.0855281
4456454,3222000,760000,281,1.1314994e+09,0.23553415,135.3311,26443.248,94729.984,1933.7228,115335.91,245700,7952085.5,3.33088e+11,0.79806811,1.0413625,0.45322582,1.9714258,5.0951481,0.64490163,0.85296899,2.5387995,1367,2.0907247
4456455,3222000,762000,276,1.1162272e+09,0.22497264,137.99437,23417.629,95601.805,782.5011,106261.09,249698.77,7027163,2.70756e+11,0.82901186,1.031263,0.44089457,1.9723858,5.0975733,0.6452086,0.85302204,2.5380673,1367,2.0877652
4456456,3222000,764000,268,1.0784403e+09,0.20294884,141.50558,20682.33,99594.008,1503.6642,114515.85,258410.23,6195549.5,2.1714e+11,0.86041701,1.0061984,0.42472267,1.9716042,5.0903049,0.6442886,0.85286295,2.5402637,1367,2.0875561
4456457,3222000,766000,255,1.0213069e+09,0.2163889,145.38763,16694.518,91554.828,3163.207,105092.73,243537.36,5038014.5,1.36776e+11,0.93027633,0.96029663,0.45212767,2.0734868,4.5189881,0.57197601,0.83979672,2.7349927,1367,2.1470366
4456458,3222000,768000,250,9.9918816e+08,0.53920001,151.34863,14608.668,45316.273,3430.6533,17004.281,152599.69,4488731,1.00316e+11,0.96690762,0.9403547,0.62034738,2.2254574,3.5207107,0.44562235,0.81365865,3.2269399,1367,2.3652384
4456459,3222000,770000,247,9.9510458e+08,0.55923009,158.69078,13668.412,43044.441,3627.312,15655.578,149535.41,4237194.5,8.9368003e+10,0.9783088,0.92815441,0.61596012,2.2259519,3.5149333,0.4448911,0.81349206,3.2306004,1367,2.3649635
4456460,3222000,772000,246,9.9177779e+08,0.57645792,166.94203,12999.014,41149.84,3823.9709,14549.628,147037.56,4113114.5,8.3664003e+10,0.98184836,0.92369348,0.61346632,2.2264521,3.5137801,0.44474515,0.8134588,3.2313323,1367,2.3643849
4456461,3222000,774000,246,9.8899872e+08,0.5913769,175.85918,12636.41,39578.984,4020.6296,13639.59,144967.48,4078758.5,8.1636e+10,0.98184836,0.92369348,0.61346632,2.2264521,3.5137801,0.44474515,0.8134588,3.2313323,1367,2.3643849
4456462,3222000,776000,245,9.8663629e+08,0.60435307,185.04282,12601.817,38295.234,4217.2886,12888.167,143231.36,4059184,8.0364003e+10,0.98491132,0.9199869,0.61097258,2.2269411,3.5126276,0.44459927,0.81342554,3.2320645,1367,2.3638172
4456463,3222000,778000,244,9.8389178e+08,0.62150198,193.98297,12885.198,37272.547,3287.4861,17688.4,141044.89,4088623.2,8.0983998e+10,0.98762059,0.91601765,0.60847878,2.2274191,3.511476,0.44445351,0.81339228,3.2327964,1367,2.3632603
4456464,3222000,780000,244,9.8131251e+08,0.63831162,202.32124,13467.925,36491.438,1991.2015,16833.072,138992.78,4204237.5,8.4923998e+10,0.98762059,0.91601765,0.60847878,2.2274191,3.511476,0.44445351,0.81339228,3.2327964,1367,2.3632603
4456465,3222000,782000,244,9.7910886e+08,0.65273613,209.81348,14315.009,35936.324,694.91693,16149.624,137294.02,4367085.5,9.0823999e+10,0.98762059,0.91601765,0.60847878,2.2274191,3.511476,0.44445351,0.81339228,3.2327964,1367,2.3632603
4521990,3224000,760000,209,8.3640563e+08,0.19059211,144.93797,29393.02,97530.5,298.27521,139212.16,234833.98,6459687.5,2.9504399e+11,0.7834928,0.75200701,0.33386582,1.940002,4.9400377,0.625269,0.84953606,2.5871158,1367,2.1313016
4521992,3224000,764000,253,1.0167624e+09,0.19056761,143.76927,21490.383,104138.64,387.45758,128170.2,258934.61,6100780.5,2.0975999e+11,0.88358742,0.95944232,0.39224806,1.9620645,5.066226,0.64124089,0.8523348,2.5475843,1367,2.0990541
4521993,3224000,766000,247,9.9072678e+08,0.53785115,148.45906,17601.416,48793.977,1243.6866,21282.232,152142.59,4980410,1.22284e+11,0.96668971,0.93000418,0.61290324,2.2269838,3.517242,0.44518331,0.8135587,3.2291362,1367,2.3634799
4521994,3224000,768000,245,9.9090899e+08,0.5552451,154.48801,16463.117,46407.906,1440.3455,19222.1,149754.36,4688814.5,1.08732e+11,0.97845435,0.92106616,0.61097258,2.2269411,3.5126276,0.44459927,0.81342554,3.2320645,1367,2.3638172
4521995,3224000,770000,246,9.8954221e+08,0.57073063,161.20537,15588.53,44392.023,1637.0042,17908.389,147606.84,4569467,1.02708e+11,0.97843039,0.92464143,0.61346632,2.2264521,3.5137801,0.44474515,0.8134588,3.2313323,1367,2.3643849
4521996,3224000,772000,245,9.8787411e+08,0.58461797,168.54388,14977.819,42691.855,1833.663,16866.955,145720.16,4444690,9.6796e+10,0.98200065,0.92018038,0.61097258,2.2269411,3.5126276,0.44459927,0.81342554,3.2320645,1367,2.3638172
4521997,3224000,774000,245,9.8606688e+08,0.5973261,176.31232,14648.369,41269.953,2030.3218,14113.298,144029.8,4409578,9.4707999e+10,0.98200065,0.92018038,0.61097258,2.2269411,3.5126276,0.44459927,0.81342554,3.2320645,1367,2.3638172
4521998,3224000,776000,245,9.8428186e+08,0.60884798,184.24522,14608.225,40099.824,2226.9805,13329.439,142531.3,4404258.5,9.3555999e+10,0.98491132,0.9199869,0.61097258,2.2269411,3.5126276,0.44459927,0.81342554,3.2320645,1367,2.3638172
4521999,3224000,778000,244,9.8267693e+08,0.61901093,192.04959,14852.712,39162.031,1764.4478,12686.027,141241.12,4430846.5,9.4027997e+10,0.98762059,0.91601765,0.60847878,2.2274191,3.511476,0.44445351,0.81339228,3.2327964,1367,2.3632603
4522000,3224000,780000,244,9.8041402e+08,0.63495362,199.4153,15354.086,38441.605,468.16312,17527.309,139296.02,4544390,9.7967997e+10,0.98762059,0.91601765,0.60847878,2.2274191,3.511476,0.44445351,0.81339228,3.2327964,1367,2.3632603
4587533,3226000,774000,243,9.8099078e+08,0.60613233,176.51102,16691.871,43007.512,40.013916,16047.907,142611.22,4739515,1.08248e+11,0.98517156,0.91289806,0.60598505,2.2278862,3.510325,0.44430783,0.81335908,3.2335286,1367,2.3627145
4587534,3226000,776000,243,9.8030496e+08,0.61561257,183.52318,16635.834,41932.551,236.6727,15347.881,141459.39,4750839.5,1.08104e+11,0.98517156,0.91289806,0.60598505,2.2278862,3.510325,0.44430783,0.81335908,3.2335286,1367,2.3627145
4587535,3226000,778000,242,9.7953069e+08,0.62409687,190.44604,16835.756,41066.734,241.4093,14772.734,140439.06,4769191.5,1.08276e+11,0.98792911,0.90892857,0.60349125,2.2283418,3.5091748,0.44416225,0.81332582,3.2342606,1367,2.3621793
