Ref,x,y,Connectivity,Isovist Area,Isovist Compactness,Isovist Drift Angle,Isovist Drift Magnitude,Isovist Max Radial,Isovist Min Radial,Isovist Occlusivity,Isovist Perimeter,Point First Moment,Point Second Moment,Visual Clustering Coefficient,Visual Control,Visual Controllability,Visual Entropy,Visual Integration [HH],Visual Integration [P-value],Visual Integration [Tekl],Visual Mean Depth,Visual Node Count,Visual Relativised Entropy
65612,26,1036,253,1026.4174,0.055008847,33.434151,33.139793,95.685692,0.15770996,371.55896,484.22885,9208.4453,493288,0.60232764,0.8270908,0.1259333,1.559122,6.6049175,0.72386539,0.87954962,2.3765318,3265,2.2940257
65613,26,1038,281,1112.7369,0.058029581,29.445185,37.040897,104.31096,0.23370314,378.31763,490.88129,11195.433,649020,0.61428571,0.74675608,0.1382874,1.5768963,6.6807504,0.7321763,0.88074511,2.3609068,3265,2.2680008
65621,26,1054,721,2919.801,0.065839358,4.8774829,76.634163,155.75943,0.80571944,628.96552,746.51538,55452.133,5438048,0.81784558,0.75784439,0.26323476,1.4126383,9.4993258,1.0410779,0.91927117,1.9571079,3265,2.111258
131146,28,1032,157,626.51917,0.035157062,50.937756,19.810673,81.033661,0.46873632,364.37177,473.22296,4032.3022,159644,0.496407,1.1311761,0.08088614,1.4853406,6.3668513,0.69777453,0.87572724,2.4280024,3265,2.393858
131147,28,1034,155,632.7171,0.020582573,55.230278,15.43187,125.40405,1.4883986,489.11893,621.52686,3152.1733,86704,0.61767912,0.96232271,0.0840564,1.6841781,5.9080019,0.64748698,0.8680408,2.5389092,3265,2.3014164
131148,28,1036,266,1050.0537,0.041381244,39.837833,29.505577,89.56102,2.1283543,433.38065,564.68848,9027.8887,449356,0.54850334,0.90734148,0.1331998,1.5741689,6.6034474,0.72370428,0.87952638,2.3768382,3265,2.281059
131149,28,1038,278,1097.3617,0.048294075,35.818863,32.130505,94.032364,2.2248662,405.50638,534.35876,9987.3184,526208,0.58974624,0.78931296,0.13803376,1.5787616,6.6493154,0.72873116,0.88025081,2.3673408,3265,2.2706354
131150,28,1040,331,1298.807,0.03043972,30.221924,39.976852,151.36447,1.7014709,593.64807,732.24585,14010.793,898428,0.56154901,0.88153189,0.12448289,1.2153817,8.2570658,0.90493244,0.90353441,2.1011028,3265,2.399961
131151,28,1042,393,1551.7997,0.021847796,24.663399,50.254276,150.20851,0.86897242,804.73853,944.75446,20738.078,1667076,0.56809211,0.792467,0.1452865,1.2362177,8.5128784,0.9329682,0.90691423,2.0680146,3265,2.3558967
131152,28,1044,405,1605.8882,0.038379669,19.31497,54.961037,145.88341,0.052662488,588.44769,725.12347,23123.74,1936564,0.64289206,0.64380699,0.14928123,1.2401267,8.5620003,0.93835175,0.90755445,2.0618873,3265,2.3476686
131155,28,1050,371,1503.834,0.032334447,16.784094,56.90625,146.19789,0.36833,645.36218,764.49066,22154.553,1984628,0.54922414,0.64549416,0.13664825,1.2118491,8.483675,0.92976761,0.90653229,2.0716913,3265,2.3809624
131156,28,1052,823,3353.3201,0.059295364,8.3566399,75.639214,152.84715,1.2716432,687.95886,843.00873,63341.637,6227132,0.76249731,1.0084291,0.29970866,1.450441,9.8427505,1.0787154,0.92334628,1.9237132,3265,2.0515728
131157,28,1054,778,3158.1772,0.049669847,5.1768022,72.48777,153.72626,2.3706355,740.18457,893.87494,57313.109,5486896,0.76055491,0.99031329,0.2833212,1.432786,9.6980047,1.062852,0.92164195,1.9375,3265,2.0779948
131158,28,1056,729,2964.6858,0.061322767,1.6830647,69.596336,154.90697,1.4523882,629.53009,779.44128,51823.344,4862076,0.7483871,0.9557628,0.2657674,1.4136754,9.5359554,1.0450922,0.91971105,1.9534314,3265,2.1074417
131159,28,1058,642,2567.0334,0.052248094,356.96365,64.54007,156.69537,0.27239105,650.56775,785.75195,43219.246,3923852,0.69598711,0.86005962,0.23387977,1.370075,9.2824192,1.017306,0.91663992,1.979473,3265,2.166657
196680,30,1028,152,625.79834,0.053890023,65.07914,18.406933,86.342384,0.26095241,263.10745,382.00403,3333.0745,110432,0.54897177,1.1766936,0.089411765,1.7161731,5.7212057,0.62701505,0.86478049,2.5891545,3265,2.3029544
196681,30,1030,231,906.36896,0.036157619,52.296467,34.461346,126.07198,1.1395388,397.42401,561.25153,8850.916,555808,0.43327686,1.2798119,0.11197285,1.5198607,6.6657443,0.73053169,0.88050938,2.3639705,3265,2.3201184
196682,30,1032,219,893.16199,0.036500908,49.053818,36.071732,125.42963,2.1535211,420.04813,554.52124,8608.3154,542860,0.44711155,1.1187464,0.10610465,1.5084456,6.6493154,0.72873116,0.88025081,2.3673408,3265,2.3325615
196683,30,1034,88,382.4964,0.041108444,76.138908,12.868271,80.361862,1.1862051,244.89563,341.9425,1829.576,77616,0.54362589,0.73009837,0.059219383,1.6645833,5.4271936,0.59479284,0.85947955,2.675245,3265,2.3986833
196684,30,1036,243,979.88739,0.046861552,48.992321,28.494522,83.53949,0.34742582,368.41193,512.60718,8082.1069,386800,0.58096111,0.75659448,0.12366413,1.5616536,6.5236082,0.71495432,0.87825614,2.3936887,3265,2.3032179
196685,30,1038,267,1035.6548,0.041142434,43.940208,31.866835,90.239014,1.7861019,434.30878,562.42871,9570.3965,505188,0.58998621,0.73982912,0.13290194,1.5709143,6.6255622,0.72612798,0.87987614,2.3722427,3265,2.2807863
196686,30,1040,299,1177.2527,0.04522609,37.033943,34.377403,100.71648,3.5293469,440.02563,571.93311,11456.608,651496,0.58752888,0.7957359,0.14685658,1.590193,6.7140031,0.73582059,0.88126612,2.3541667,3265,2.2518518
196687,30,1042,379,1474.7706,0.025245141,28.3636,45.765133,148.52003,2.6763763,722.05054,856.79767,18700.396,1426008,0.54677445,0.9002521,0.13969775,1.2196912,8.498251,0.93136513,0.90672302,2.0698528,3265,2.3723915
196688,30,1044,431,1683.9734,0.030117316,22.798218,50.446953,145.00758,1.9443237,703.10767,838.23236,23342.621,1912612,0.56831598,0.94610566,0.1587477,1.2583454,8.631732,0.94599396,0.90845847,2.0533087,3265,2.3245289
196689,30,1046,488,1907.1023,0.0243046,19.218834,54.024807,145.89865,1.5781373,847.96021,992.9964,28108.592,2356672,0.59623992,1.0381124,0.179676,1.2977682,8.77985,0.96222699,0.91036069,2.0355392,3265,2.2751477
196690,30,1048,589,2342.7434,0.030399455,16.487156,63.650982,145.09874,1.5896431,833.34796,984.08905,39023.699,3539560,0.62000626,1.1295023,0.21662375,1.3582407,9.0585756,0.99277383,0.91387564,2.0036764,3265,2.1961031
196691,30,1050,133,531.46106,0.049518839,45.441563,5.0534396,64.389755,0.57187772,269.07129,367.24463,2447.6655,68848,0.58407384,0.76075345,0.083542712,1.7095633,5.5823727,0.61179966,0.86230409,2.6286764,3265,2.3317134
196692,30,1052,850,3443.344,0.049151108,9.0873594,72.593903,150.80624,1.6603724,775.76306,938.27142,63569.5,6107056,0.73611861,1.2615521,0.30954114,1.4602852,9.9316912,1.0884629,0.92438424,1.9154412,3265,2.0363998
196693,30,1054,804,3236.8816,0.039249975,6.2217755,70.276985,151.69205,3.4690907,856.40491,1018.002,57901.977,5439132,0.74652576,1.1519639,0.29278952,1.443179,9.7811117,1.0719602,0.92262286,1.9295343,3265,2.0625536
196694,30,1056,755,3051.8784,0.051194727,2.9669456,67.868019,152.88351,3.052166,705.14807,865.51764,52451.914,4824916,0.74030602,1.0949073,0.27534646,1.4257104,9.6131821,1.053556,0.92063427,1.9457721,3265,2.0907714
196695,30,1058,693,2724.8782,0.048838217,358.21884,62.235329,154.69673,1.9746556,677.21973,837.33374,45252.301,4017796,0.66645396,1.0591074,0.252,1.3923686,9.4479122,1.0354432,0.91865158,1.9623162,3265,2.1333284
196696,30,1060,580,2336.8408,0.039483014,352.19458,54.779629,161.40663,1.0695667,699.27722,862.41113,33056.371,2636996,0.61259007,0.91766119,0.21113943,1.3344423,9.1114197,0.99856526,0.91453278,1.9978554,3265,2.2129393
196697,30,1062,484,1941.4827,0.038201619,344.49509,45.218567,114.02734,0.36373317,661.27655,799.1546,23271.438,1513704,0.60057664,0.8147043,0.21330982,1.5945127,7.5568867,0.82819635,0.89385992,2.203125,3265,2.1409998
262213,32,1022,139,599.61108,0.092780598,83.610001,31.075748,92.495049,0.10030688,164.56645,284.97791,4199.2769,195940,0.67094153,1.0666022,0.08742138,1.7160045,5.5865765,0.6122604,0.86237973,2.6274509,3265,2.3252926
262214,32,1024,149,633.15314,0.092257895,82.302483,28.178598,90.499069,0.70681489,158.57973,293.66861,4188.7959,185636,0.64937419,1.1698352,0.093710691,1.7261981,5.5971131,0.61341512,0.86256921,2.6243873,3265,2.3145101
262215,32,1026,156,667.12671,0.10922458,80.370094,25.719534,88.503265,1.3711507,141.82745,277.0441,4140.9561,175600,0.62936312,1.2855356,0.097683154,1.7326182,5.6119313,0.61503917,0.86283523,2.6200981,3265,2.3063672
262216,32,1028,163,693.00708,0.11594972,78.722847,24.434406,86.50766,2.095947,128.90143,274.05576,4152.1475,168088,0.64508069,1.1435544,0.10080396,1.7377961,5.6407323,0.61819559,0.86335075,2.6118259,3265,2.2970116
262217,32,1030,171,720.95416,0.097660795,76.490845,22.566624,84.512268,2.9220667,156.07767,304.57806,4150.5083,159848,0.64072925,1.1236748,0.10490797,1.7442684,5.6633387,0.62067312,0.86375397,2.6053922,3265,2.2875886
262218,32,1032,260,1054.6635,0.050435688,58.792923,33.674263,123.12202,2.9675164,321.95551,512.61688,9408.6777,544180,0.47683397,1.1437801,0.12603006,1.5455219,6.7094493,0.73532152,0.88119489,2.3550858,3265,2.2913792
262219,32,1034,259,1097.5624,0.053910684,55.202991,34.389362,122.56322,1.0882155,331.36429,505.80386,9452.5625,543784,0.50330728,0.91244161,0.1254845,1.5443976,6.7094493,0.73532152,0.88119489,2.3550858,3265,2.292376
262220,32,1036,246,1065.4717,0.08434993,54.515312,27.379402,78.527473,0.1679536,240.77463,398.41302,7465.9897,331876,0.58460259,0.75651568,0.12596007,1.5666935,6.5107269,0.71354258,0.87805009,2.396446,3265,2.3005996
262221,32,1038,264,1097.1027,0.066232055,49.18092,26.545013,83.352631,1.7116932,279.40686,456.24115,8015.5044,366900,0.59122592,0.75049603,0.13306452,1.5753833,6.58148,0.72129679,0.87917805,2.3814337,3265,2.283035
262222,32,1040,295,1188.9579,0.045663301,41.993412,28.12673,89.532036,3.6362278,402.78961,572.01117,9742.0117,489176,0.57717055,0.75425196,0.14640199,1.59203,6.6762414,0.73168212,0.88067436,2.3618259,3265,2.2553461
262223,32,1042,340,1402.9653,0.040878486,32.755764,35.293381,146.85081,4.5086522,480.78397,656.72113,13367.636,820476,0.57523859,0.74969411,0.13006885,1.2506697,8.1751776,0.89595789,0.90243578,2.1121323,3265,2.3760204
262224,32,1044,430,1736.2515,0.033995159,24.105925,47.86174,143.99025,3.8705375,622.9259,801.12952,22490.877,1854940,0.55675179,0.80138934,0.15837938,1.2576079,8.6292219,0.94571882,0.90842605,2.0536151,3265,2.325434
262225,32,1046,472,1887.3901,0.036281239,19.646217,49.63324,144.07455,3.2068596,622.69312,808.52734,25275.889,2050556,0.61410987,0.83085698,0.1736571,1.2855499,8.7436342,0.95825785,0.90989786,2.0398285,3265,2.289505
262226,32,1048,556,2220.8298,0.039094076,17.709843,56.983906,143.25656,1.2557763,661.24634,844.90344,33470.168,2887984,0.60718131,0.87706017,0.20478821,1.341581,8.957408,0.98168641,0.9126094,2.0150123,3265,2.2198262
262228,32,1052,838,3475.342,0.053330917,9.4765158,71.379929,148.76584,1.3375624,698.40833,904.92834,62170.457,5917752,0.78006178,0.92268723,0.30506006,1.4553531,9.8952627,1.0844705,0.92395997,1.9188113,3265,2.0433819
262229,32,1054,821,3392.5547,0.037990283,6.1954007,69.225052,149.65678,3.2915015,853.37439,1059.332,58991.289,5503264,0.77137935,0.93361181,0.29887149,1.4490606,9.8394871,1.0783578,0.92330807,1.9240196,3265,2.0530224
262230,32,1056,773,3193.4521,0.052459419,2.2613332,66.324303,150.8593,4.7190862,673.63489,874.62805,53441.273,4874068,0.7632466,0.90085733,0.28119317,1.4288023,9.6916704,1.0621578,0.9215669,1.9381127,3265,2.0819836
262231,32,1058,702,2855.5347,0.053830195,356.69214,60.992535,152.69814,3.7336483,619.76343,816.46143,45897.785,4039172,0.69672954,0.85326761,0.2550872,1.3953381,9.4811163,1.0390822,0.919052,1.9589461,3265,2.1280367
262232,32,1060,572,2383.9033,0.045133166,350.14206,53.127773,159.40714,2.480798,626.31458,814.70685,33067.879,2632156,0.64630818,0.74880159,0.20815139,1.3290679,9.0918789,0.99642378,0.91429013,2,3265,2.2194426
262233,32,1062,475,1955.3398,0.041949656,340.59348,44.941906,111.71988,0.6071707,609.93573,765.33545,23152.906,1480372,0.63035309,0.67646897,0.20934333,1.5892761,7.539607,0.82630265,0.89361274,2.2058823,3265,2.1474624
262234,32,1064,55,306.02911,0.060574874,84.793152,6.6390767,50.314758,0.29389724,137.87737,251.9649,740.4198,14020,0.67407405,0.26389602,0.036642238,1.6432079,5.3634362,0.58780539,0.85830104,2.6951592,3265,2.4319482
262235,32,1066,284,1218.7695,0.031057825,330.98245,39.562996,106.93541,1.7035873,538.78857,702.23132,12698.558,782568,0.6029712,0.5127514,0.14052449,1.7538034,6.2806125,0.6883232,0.87431568,2.4476104,3265,2.186713
262236,32,1068,205,900.20215,0.025990522,321.71167,32.295078,108.05688,1.7035873,519.94641,659.73187,7957.792,482104,0.49875659,0.44555986,0.10138477,1.68406,6.178616,0.67714494,0.87262696,2.4715073,3265,2.2631774
262237,32,1070,154,674.44885,0.051882789,310.49158,22.587782,87.240479,1.7035873,284.72391,404.17346,4510.8003,207996,0.53849417,0.37854856,0.076237626,1.6322538,6.1111808,0.66975433,0.8714987,2.487745,3265,2.319701
262238,32,1072,107,486.31439,0.094921842,289.26404,13.440226,43.050117,1.7035873,151.28951,253.73502,2040.7782,48616,0.81608182,0.32134911,0.066749841,1.6797309,5.5666656,0.61007828,0.86202091,2.6332722,3265,2.3610172
262239,32,1074,99,458.21576,0.099848442,284.57144,16.244442,45.241264,1.7035873,148.41241,240.14265,2043.8638,52388,0.8460111,0.30169141,0.062185928,1.6712956,5.546896,0.60791159,0.8616637,2.6390932,3265,2.371937
262240,32,1076,93,396.09113,0.12888163,280.91663,21.492805,47.406445,0.071203448,135.54199,196.5201,2165.2209,59892,0.87447405,0.27812859,0.058417086,1.6640141,5.5406823,0.6072306,0.86155123,2.6409314,3265,2.3795576
262241,32,1078,48,280.41687,0.062505141,337.49844,1.0766857,49.555969,0.91180819,143.36426,237.43741,922.11725,25668,0.6134752,0.31806988,0.034657039,1.6343099,5.2495832,0.57532763,0.85616958,2.7319241,3265,2.4602425
262242,32,1080,49,290.91986,0.058951154,285.88004,3.9199095,51.692856,1.7035873,149.12035,249.02644,883.94019,25816,0.63180274,0.32197565,0.035430223,1.635746,5.2486548,0.57522589,0.85615206,2.7322304,3265,2.4591019
262243,32,1082,63,344.63052,0.049907733,282.79291,10.879202,53.814369,1.7035873,194.25441,294.57635,1311.0109,40672,0.63082439,0.35068768,0.040281329,1.6271847,5.4813251,0.60072535,0.86047179,2.6587009,3265,2.4231293
262244,32,1084,70,366.46408,0.055555981,280.53195,15.505398,55.922951,1.7035873,192.77203,287.909,1620.5421,53748,0.6873706,0.35629073,0.044614404,1.6364086,5.4935012,0.60205984,0.86069393,2.6550245,3265,2.4126253
262245,32,1086,74,370.16968,0.059574574,278.77499,19.287237,58.020561,1.7035873,189.39497,279.43118,1887.0104,66984,0.74305815,0.3617548,0.047193877,1.6418551,5.4965539,0.60239434,0.86074954,2.6541054,3265,2.4071438
262246,32,1088,71,364.40512,0.075315215,277.43048,22.828939,60.10878,1.113234,163.35455,246.57884,1959.1222,71556,0.78390342,0.33304396,0.045165394,1.6375055,5.4975719,0.60250598,0.86076814,2.6537991,3265,2.4109306
262248,32,1092,52,261.42508,0.085695006,283.98441,4.6780081,64.266571,1.5562081,113.78591,195.79463,1058.3556,35688,0.70512819,0.41508967,0.038922157,1.6385971,5.2081246,0.57078397,0.85538459,2.7457108,3265,2.4639976
262249,32,1094,53,282.21738,0.082250066,279.99966,7.2197814,66.338326,1.7035873,118.96022,207.64845,1019.2141,35904,0.72786647,0.42719656,0.041245136,1.6367416,5.1628208,0.56581891,0.85452127,2.7610295,3265,2.4742339
262250,32,1096,55,296.509,0.077550657,278.47742,9.4177475,68.404312,1.7035873,124.59671,219.19525,1086.2601,41760,0.71717173,0.43911552,0.041509435,1.6182317,5.2412386,0.57441312,0.85601193,2.7346814,3265,2.4743857
262251,32,1098,58,309.58612,0.073097229,277.47849,11.618464,70.46521,1.7035873,130.26236,230.69875,1139.4598,44916,0.71687841,0.46094972,0.043773584,1.6223565,5.2440171,0.57471764,0.85606444,2.7337623,3265,2.4701381
262252,32,1100,68,348.48691,0.053567529,277.26437,16.352257,72.521576,1.7035873,182.89696,285.92184,1614.4375,70208,0.66154522,0.49465191,0.044270832,1.6361213,5.4581375,0.59818411,0.86004764,2.6657476,3265,2.4189675
262253,32,1102,74,381.34299,0.057483207,276.70184,19.825363,74.573898,0.82403147,179.41792,288.73026,1960.125,90432,0.69492781,0.51244062,0.047527295,1.6427184,5.4853778,0.60116953,0.86054575,2.6574755,3265,2.4082718
262254,32,1104,80,401.97025,0.059848074,276.15192,22.93483,76.622597,0.57288194,179.15048,290.52051,2283.0332,108460,0.71360761,0.53551209,0.051347882,1.6504833,5.4924846,0.60194838,0.86067539,2.6553309,3265,2.4000034
262255,32,1106,84,410.66849,0.060445763,275.73318,26.00453,78.668037,1.7035873,188.12593,292.19156,2622.7844,132160,0.73149741,0.55314678,0.053469129,1.6545939,5.5098205,0.60384834,0.86099106,2.6501226,3265,2.3933153
262256,32,1108,88,415.60886,0.060691893,275.39227,28.783373,80.710541,1.7035873,197.86118,293.34723,2994.5723,158484,0.74320793,0.5655098,0.056015275,1.6596296,5.5139155,0.6042971,0.86106557,2.6488972,3265,2.3880601
262257,32,1110,91,418.07635,0.060654931,275.11246,31.33213,82.750374,1.7035873,207.593,294.3064,3263.4111,176300,0.74676436,0.57641131,0.057924889,1.6633503,5.5169907,0.60463417,0.86112142,2.6479778,3265,2.3841741
262258,32,1112,90,415.51645,0.059967164,274.98981,33.439865,84.787781,1.7035873,215.51848,295.0817,3358.8467,185540,0.7550562,0.5746665,0.057288352,1.6621153,5.5159655,0.60452175,0.86110282,2.6482842,3265,2.3854642
262259,32,1114,86,404.40671,0.058133177,275.14011,34.733234,86.822983,0.31321606,216.84271,295.66647,3257.6121,181192,0.79671681,0.56023884,0.054811981,1.6572822,5.5098205,0.60384834,0.86099106,2.6501226,3265,2.3908813
327747,34,1018,145,600.96906,0.062199935,89.19841,39.989025,96.388031,0.83733135,221.81601,348.44644,5755.1787,335916,0.66455936,1.116124,0.092356689,1.7235321,5.5718913,0.61065096,0.8621152,2.6317401,3265,2.3211236
327748,34,1020,149,619.82648,0.064910933,89.127716,37.464611,94.389618,1.4496715,206.89618,346.40253,5597.2363,316424,0.66152728,1.1351612,0.09490446,1.7275444,5.5760794,0.61110997,0.86219072,2.6305146,3265,2.3168793
327749,34,1022,149,636.03558,0.067354403,89.0168,35.197826,92.391266,1.6036971,193.38184,344.47891,5360.8872,295636,0.66778523,1.0880394,0.09490446,1.7275444,5.5760794,0.61110997,0.86219072,2.6305146,3265,2.3168793
327750,34,1024,155,650.40039,0.06820146,88.910347,33.35746,90.392998,2.579196,201.43909,346.17722,5260.5693,279580,0.65018851,1.1365235,0.098726116,1.733465,5.5823727,0.61179966,0.86230409,2.6286764,3265,2.3106091
327751,34,1026,161,686.48169,0.073315673,88.117935,30.825142,88.394798,3.247349,194.4281,343.02124,5172.6279,264288,0.63726705,1.2008299,0.1024825,1.7392144,5.5897331,0.61260635,0.86243653,2.6265318,3265,2.3043225
327752,34,1028,170,710.35889,0.077777728,87.930138,28.963234,86.39669,3.9482212,178.4613,338.77878,5151.6943,251148,0.64211625,1.189651,0.10691824,1.7465606,5.61937,0.61585438,0.86296856,2.6179535,3265,2.2928948
327753,34,1030,177,746.47345,0.082985841,87.291969,26.904146,84.398666,3.5921144,170.89392,336.20963,5105.1587,237552,0.64355421,1.1778138,0.11132076,1.7530553,5.6268287,0.6166718,0.86310214,2.6158087,3265,2.2859771
327754,34,1032,192,804.35675,0.08930134,85.731552,25.268671,82.400742,3.4731727,177.17555,336.43433,5282.4233,230832,0.65995854,1.0141464,0.11873841,1.7646304,5.671998,0.62162215,0.86390805,2.6029413,3265,2.2683792
327755,34,1034,293,1172.083,0.045941364,65.681465,32.657417,120.16113,2.2371116,351.08276,566.21606,10605.666,601080,0.48092479,1.0931274,0.14195736,1.5724777,6.761425,0.74101782,0.88200569,2.3446691,3265,2.2606256
327756,34,1036,309,1263.2406,0.05010258,61.374557,32.474018,119.69412,1.992558,352.02667,562.88275,11096.694,617284,0.48646662,1.0774146,0.14913127,1.5802307,6.8048368,0.74577552,0.88267922,2.3360908,3265,2.247879
327757,34,1038,287,1203.7228,0.078435972,60.872623,26.464901,76.407616,2.9321942,251.71419,439.14761,8958.9941,410516,0.55690652,0.92129654,0.1468782,1.5999461,6.5712786,0.72017872,0.87901598,2.3835785,3265,2.263
327758,34,1040,311,1257.4961,0.068364888,53.923779,26.499578,84.365051,4.4249649,284.78348,480.77481,10164.249,492700,0.54853231,0.9442333,0.15651736,1.6116534,6.6552801,0.7293849,0.88034475,2.3661151,3265,2.241209
327759,34,1042,350,1405.6547,0.045318466,44.575787,29.254129,97.598534,6.0463347,425.09369,624.31915,12606.866,675880,0.53322965,0.95933652,0.17140059,1.6262978,6.8017178,0.74543369,0.88263094,2.3367035,3265,2.2087829
327760,34,1044,454,1804.0348,0.029827403,30.986906,42.298817,143.99962,5.711472,668.39679,871.8056,22088.588,1670564,0.51147026,1.0382251,0.16752768,1.2783182,8.6771622,0.95097286,0.9090445,2.0477941,3265,2.3021648
327761,34,1046,487,1955.1086,0.04297135,24.494127,44.315964,139.19606,3.9508777,548.79919,756.1377,24632.141,1920072,0.55918068,1.0369607,0.17924181,1.2964303,8.77985,0.96222699,0.91036069,2.0355392,3265,2.2763584
327762,34,1048,537,2150.3323,0.042984635,23.91777,46.522102,141.42117,2.4775431,580.96106,792.86835,27972.713,2158456,0.53521496,1.077809,0.19786294,1.3306639,8.9036589,0.97579575,0.91193223,2.0211396,3265,2.2343752
327763,34,1050,871,3474.3208,0.054095581,13.961464,64.307877,145.73058,1.8293724,671.97614,898.37775,59712.992,5488332,0.66312736,1.3072631,0.31707317,1.4669441,10.005359,1.0965364,0.92523867,1.9087009,3265,2.025234
327764,34,1052,925,3765.0383,0.061311103,10.646688,65.23671,146.72421,2.5293238,646.92645,878.45612,63644.551,5794088,0.6868211,1.3450177,0.33673099,1.4841721,10.190898,1.1168705,0.92736995,1.8921568,3265,1.9971092
327765,34,1054,928,3761.7043,0.04052154,7.7553101,64.788513,147.62094,4.0225024,861.03235,1080.0759,63238.059,5701956,0.68467063,1.342809,0.33770016,1.4844619,10.204915,1.1184069,0.92752981,1.8909314,3265,1.9958768
327766,34,1056,857,3481.0354,0.055657174,3.4855778,61.463036,148.83472,5.7900352,674.58887,886.54047,55986.609,4908220,0.68243659,1.2684854,0.31107077,1.4571164,9.9851589,1.0943227,0.9250049,1.9105393,3265,2.0352423
327767,34,1058,786,3146.4448,0.059349418,358.20828,56.718609,150.69958,4.5462193,603.3349,816.21912,48903.871,4154324,0.62497526,1.2367887,0.28561047,1.4321995,9.7425785,1.0677371,0.92216879,1.9332107,3265,2.0751061
327768,34,1060,657,2627.2993,0.043457776,351.86368,47.70557,157.40767,2.6348667,657.79211,871.61755,35526.656,2706488,0.5623306,1.1569526,0.23908296,1.3758419,9.3349771,1.023066,0.91728175,1.9739584,3265,2.1571896
327769,34,1062,557,2261.7424,0.037008531,342.32144,38.649632,109.41636,0.93609399,664.2619,876.34595,24912.143,1501600,0.52994591,1.1233351,0.24678777,1.6373019,7.6761236,0.84126413,0.89555413,2.1844363,3265,2.0912976
327770,34,1064,436,1774.0109,0.041243915,333.06531,33.617802,102.18382,0.69357365,547.89771,735.19598,17795.162,986660,0.49621427,1.0355215,0.21520238,1.8554493,6.4964743,0.71198052,0.87782174,2.3995099,3265,2.0696232
327771,34,1066,345,1364.9781,0.042030603,324.62537,30.83399,105.27557,2.273587,478.02689,638.82953,13712.218,772344,0.47140208,0.94453728,0.17020227,1.7974463,6.3709517,0.69822395,0.87579399,2.4270833,3265,2.1361563
327772,34,1068,233,944.94849,0.047051866,310.84885,17.726208,103.19297,3.7035873,356.63721,502.36639,6938.4434,298568,0.50447685,0.82005715,0.11506173,1.7090769,6.2187538,0.68154383,0.873294,2.4620099,3265,2.2350974
327773,34,1070,172,710.94006,0.11796975,286.31747,8.6673784,56.756371,3.7035873,151.2299,275.1922,3877.0347,113452,0.72555417,0.75564641,0.10763454,1.7478739,5.6300311,0.61702281,0.86315942,2.6148896,3265,2.2899597
327774,34,1072,162,683.72156,0.11615399,281.95532,9.9276628,58.74218,3.7035873,154.61595,271.97409,3755.7322,113208,0.73859364,0.7357319,0.10150376,1.738531,5.6172428,0.61562127,0.86293048,2.6185663,3265,2.3002818
327775,34,1074,157,674.73193,0.082161449,278.8956,10.744152,60.72913,1.9607878,199.71648,321.24512,3693.5818,113056,0.74146658,0.74050146,0.099116161,1.7345334,5.599225,0.61364663,0.86260718,2.6237745,3265,2.3068194
327776,34,1076,153,683.09674,0.090919308,276.33713,12.040646,62.717087,0.53896534,182.20462,307.26846,3631.2405,111732,0.74337804,0.74834549,0.096774191,1.7308106,5.5918398,0.6128372,0.86247444,2.6259191,3265,2.311337
327777,34,1078,152,665.8606,0.089004904,274.92496,13.885859,64.705933,1.1911595,191.07614,306.61234,3790.8008,122504,0.74154758,0.75527358,0.096080907,1.7297547,5.5918398,0.6128372,0.86247444,2.6259191,3265,2.3122659
327778,34,1080,133,584.30518,0.078199387,276.88916,14.164079,66.695587,2.9598477,202.03836,306.42426,3436.1421,118148,0.79756206,0.70602846,0.084230527,1.7105498,5.5687547,0.61030722,0.86205864,2.6326592,3265,2.3331349
327779,34,1082,125,566.46667,0.12384693,276.18692,15.344425,68.685951,3.7035873,137.56255,239.74496,3303.8887,118728,0.83419353,0.66427797,0.079214193,1.70207,5.5593657,0.6092782,0.86188912,2.6354167,3265,2.3422594
327780,34,1084,127,560.30432,0.12270792,275.3678,16.582569,70.676956,3.7035873,138.29559,239.54143,3462.4844,128908,0.82327211,0.69617879,0.080481619,1.7042302,5.5614495,0.60950661,0.86192679,2.634804,3265,2.3399844
327781,34,1086,128,562.76727,0.12267005,274.6582,17.449606,72.668549,3.1684728,139.17935,240.10437,3566.5713,137232,0.81459153,0.72839063,0.081166774,1.7053767,5.5614495,0.60950661,0.86192679,2.634804,3265,2.3389649
327782,34,1088,130,568.64557,0.12279674,273.99622,18.375309,74.66066,1.3667256,137.8141,241.23058,3675.2913,145896,0.79773402,0.77073526,0.082435004,1.7075138,5.5635347,0.60973513,0.8619644,2.6341913,3265,2.3367131
327783,34,1090,130,575.16339,0.12303675,273.38541,19.480379,76.653259,0.48061517,131.246,242.37238,3720.8479,153188,0.78771615,0.80791014,0.082539685,1.7076548,5.5614495,0.60950661,0.86192679,2.634804,3265,2.3369412
327784,34,1092,128,558.04083,0.089300059,273.13852,21.536552,78.646286,1.7662817,175.71748,280.22833,3845.5962,165480,0.80757874,0.76618385,0.081269838,1.705519,5.5593657,0.6092782,0.86188912,2.6354167,3265,2.3391917
327785,34,1094,124,536.21307,0.13276778,273.12695,23.316246,80.639717,3.6193533,127.38324,225.28241,3867.0178,174832,0.83530027,0.72159547,0.078730159,1.701202,5.555203,0.60882199,0.8618139,2.6366422,3265,2.3437374
327786,34,1096,123,531.37189,0.12881026,272.83658,25.063936,82.633514,3.7035873,127.77852,227.68216,3950.7161,185932,0.83833134,0.72013521,0.078095235,1.7001132,5.554163,0.60870808,0.86179513,2.6369486,3265,2.3448832
327787,34,1098,123,528.23901,0.1248088,272.57812,26.813122,84.627647,3.7035873,128.44749,230.62032,4090.6682,199996,0.83833134,0.72013521,0.078095235,1.7001132,5.554163,0.60870808,0.86179513,2.6369486,3265,2.3448832
327788,34,1100,121,525.96234,0.12102216,272.35202,28.577877,86.622093,3.6517146,129.38135,233.69522,4120.1548,207408,0.84889805,0.70789814,0.076825395,1.6979238,5.5520849,0.60848027,0.86175758,2.6375613,3265,2.3471866
327789,34,1102,121,524.11664,0.11749899,272.15552,30.367983,88.616821,2.5265667,130.57091,236.75647,4279.9575,222960,0.84889805,0.70789814,0.076825395,1.6979238,5.5520849,0.60848027,0.86175758,2.6375613,3265,2.3471866
327790,34,1104,120,522.26135,0.11410586,271.98761,32.200077,90.611809,2.4114301,132.39363,239.82526,4393.3813,236088,0.85154063,0.70555133,0.076190479,1.6968231,5.5510464,0.60836649,0.86173874,2.6378677,3265,2.3483441
327791,34,1106,119,520.25043,0.11080275,271.84482,34.075233,92.607048,3.3905144,134.73085,242.90468,4512.7554,249476,0.85400939,0.70244175,0.075555556,1.6957185,5.5500083,0.6082527,0.86171997,2.6381741,3265,2.3495054
327792,34,1108,119,518.30548,0.10768893,271.72055,35.974747,94.602509,3.7035873,137.44221,245.93044,4704.3208,267460,0.85400939,0.70244175,0.075555556,1.6957185,5.5500083,0.6082527,0.86171997,2.6381741,3265,2.3495054
327793,34,1110,118,516.52606,0.10471573,271.61063,37.888809,96.598183,3.7035873,140.34755,248.9689,4839.4575,281744,0.85629439,0.69914472,0.074920632,1.6946099,5.5489702,0.60813898,0.86170125,2.6384804,3265,2.3506708
327794,34,1112,118,514.91754,0.10185947,271.51254,39.813988,98.594055,2.313216,143.29623,252.0421,5052.5654,301372,0.85629439,0.69914472,0.074920632,1.6946099,5.5489702,0.60813898,0.86170125,2.6384804,3265,2.3506708
327795,34,1114,117,513.47131,0.099121347,271.42447,41.748562,100.59011,0.31321606,146.23674,255.1405,5202.7124,316440,0.85823756,0.69538224,0.074332908,1.6935707,5.546896,0.60791159,0.8616637,2.6390932,3265,2.3519509
393281,36,1014,67,274.77393,0.084576465,98.073616,23.483345,69.325821,0.57493901,141.38268,202.05421,1507.1189,44492,0.68656719,0.61480415,0.045890409,1.6382394,5.3809419,0.58972389,0.85862571,2.6896446,3265,2.4306576
393282,36,1016,63,271.06998,0.086190425,99.371574,20.672663,66.522987,0.94312197,127.40179,198.79988,1253.2704,34392,0.6763953,0.60948932,0.043150686,1.6328192,5.3770418,0.58929646,0.85855341,2.69087,3265,2.4362705
393283,36,1018,58,240.40732,0.090319507,102.25659,16.172676,56.962685,2.330013,112.90584,182.88918,1000.1962,24468,0.67876589,0.59468889,0.043219075,1.6268445,5.2542305,0.57583696,0.85625726,2.7303922,3265,2.4643881
393284,36,1020,44,182.25679,0.1405656,109.24602,10.171122,39.477898,1.0415456,67.670448,127.64601,595.08649,12396,0.69767439,0.54539222,0.033282906,1.6056648,5.2227902,0.57239127,0.85566282,2.7408087,3265,2.4894974
393286,36,1024,100,430.50748,0.068158418,96.404266,28.605196,90.376274,1.1403931,205.48964,281.7316,2966.1855,146172,0.64141417,0.54647547,0.064184852,1.6751754,5.5128913,0.60418487,0.86104691,2.6492035,3265,2.3742223
393287,36,1026,107,468.03412,0.067114316,95.448433,23.543352,88.378807,1.4737272,207.24335,296.03027,2854.7551,135488,0.57714689,0.87043393,0.068721898,1.6834162,5.519043,0.60485905,0.86115873,2.6473651,3265,2.365778
393288,36,1028,109,456.80991,0.066700034,96.38488,20.383268,86.381531,2.4789445,193.87764,293.36591,2736.1721,125740,0.57271492,0.87641901,0.070006423,1.6857109,5.5210967,0.60508412,0.86119604,2.6467524,3265,2.3633726
393289,36,1030,102,434.50903,0.064882584,98.209801,16.222193,84.384491,1.7351066,190.83311,290.095,2028.0934,69916,0.58901185,0.80984837,0.065510601,1.6776011,5.5139155,0.6042971,0.86106557,2.6488972,3265,2.3718686
393290,36,1032,82,352.67874,0.087746315,108.28706,10.947358,57.312016,1.4731727,146.33424,224.73988,1201.6458,25948,0.72749174,0.38213232,0.052631579,1.6530492,5.4945183,0.6021713,0.86071247,2.6547182,3265,2.3973296
393291,36,1034,66,294.40863,0.14560473,125.43909,6.8602009,41.348682,0.68288749,88.228683,159.40152,767.10986,11988,0.75571096,0.29126719,0.045174539,1.6368798,5.3809419,0.58972389,0.85862571,2.6896446,3265,2.43189
393292,36,1036,275,1128.4703,0.053347912,68.738853,32.739571,117.18775,0.41267937,324.91983,515.57434,9717.5859,533292,0.51060385,0.8804239,0.13323644,1.5578784,6.7338085,0.73799115,0.88157547,2.3501837,3265,2.2771764
393293,36,1038,306,1269.996,0.056981899,63.341331,31.610512,116.82214,1.8153403,331.68442,529.22174,10880.248,597004,0.50382513,0.93767059,0.14704469,1.5755458,6.8142118,0.74680305,0.8828243,2.3342524,3265,2.2507551
393294,36,1040,294,1239.8939,0.081709564,61.933224,25.888554,76.387497,3.2180014,259.23129,436.67743,9090.7979,410020,0.57063919,0.82705522,0.14961833,1.6032292,6.5975752,0.72306073,0.87943333,2.3780637,3265,2.256479
393295,36,1042,321,1316.8033,0.081302822,53.122589,26.210443,85.028549,4.6206622,265.49545,451.1413,10667.165,523780,0.56366825,0.85197908,0.16017964,1.6141082,6.6988473,0.73415965,0.88102889,2.3572304,3265,2.2330744
393296,36,1044,403,1655.0468,0.029581644,36.809826,36.130066,142.33369,6.0233231,640.92462,838.492,17366.477,1168864,0.51189464,0.92618799,0.14870849,1.2406181,8.5496664,0.93700004,0.90739393,2.0634191,3265,2.3483868
393297,36,1046,495,2019.6967,0.036861964,26.071482,45.877068,138.87323,5.2898855,632.65869,829.77203,26212.164,2145092,0.537202,0.98208725,0.18225332,1.3024383,8.7980709,0.96422386,0.91059303,2.0333946,3265,2.2692759
393298,36,1048,485,1964.0745,0.025142156,28.161554,39.432812,139.59494,4.22577,779.92029,990.79236,22895.787,1655564,0.53406322,0.98944694,0.17824329,1.2924056,8.7850485,0.96279669,0.91042703,2.0349264,3265,2.2795312
393299,36,1050,842,3416.5312,0.054592185,15.637817,60.529884,138.78419,3.829144,654.22827,886.81366,55106.383,4881884,0.65956432,1.2428749,0.30853793,1.4678611,9.8492842,1.0794315,0.92342281,1.9231005,3265,2.0359213
393300,36,1052,956,3895.8821,0.048588444,11.377712,62.535294,144.68127,4.2596455,756.8902,1003.7864,64362.871,5740768,0.68653423,1.3489304,0.34788936,1.4925106,10.30413,1.1292802,0.92865646,1.8823529,3265,1.9820879
393301,36,1054,953,3901.8447,0.038785081,8.351716,61.800995,145.58517,5.3459029,881.65149,1124.3656,63366.145,5600760,0.68363726,1.349512,0.34679767,1.4916749,10.293407,1.1281052,0.92853504,1.8832721,3265,1.9835414
393302,36,1056,912,3748.4888,0.044992156,3.88678,59.096668,146.81088,6.8121152,784.67627,1023.2097,58248.832,4991800,0.66559064,1.3487587,0.33091438,1.4746946,10.176918,1.1153386,0.92721039,1.8933823,3265,2.0062566
393303,36,1058,828,3359.771,0.058008995,358.61121,54.126316,148.7011,5.3331227,618.18005,853.12384,50576.277,4232848,0.62225085,1.2994735,0.30087209,1.4485223,9.8787928,1.0826654,0.92376775,1.9203432,3265,2.0505638
393304,36,1060,692,2789.0251,0.037893265,351.41574,44.880005,155.40822,3.76423,726.18158,961.72327,36520.328,2723736,0.54768157,1.2358251,0.25181949,1.3932091,9.4388971,1.0344552,0.91854268,1.9632353,3265,2.1333048
393305,36,1062,561,2320.0498,0.038341504,341.2626,35.568066,107.19721,2.6710362,644.92615,872.00507,24357.955,1430392,0.52098292,1.1614163,0.24867021,1.6395663,7.682085,0.84191746,0.89563829,2.1835172,3265,2.0887396
393306,36,1064,429,1761.1824,0.034345247,328.75543,29.300182,102.49687,2.5562594,597.56543,802.73792,16689.053,910932,0.47752869,1.0907792,0.21164282,1.8511068,6.4879522,0.71104658,0.87768501,2.4013481,3265,2.07443
393307,36,1066,279,1159.2902,0.047277983,313.76303,17.630661,103.33672,1.9467702,389.9216,555.1004,8936.6953,435992,0.45083934,0.95332259,0.13770977,1.7480456,6.2806125,0.6883232,0.87431568,2.4476104,3265,2.1918352
393308,36,1068,186,802.40344,0.097688325,267.19852,5.1047902,54.342846,1.7969344,176.01135,321.27728,4103.8799,117432,0.69375181,0.86840034,0.1163955,1.7606823,5.6450243,0.61866599,0.8634274,2.6106005,3265,2.2762959
393309,36,1070,178,763.65314,0.08755444,262.76315,6.2903962,56.34589,1.7969344,189.99696,331.06549,4073.9558,119576,0.70304072,0.86486024,0.11230284,1.7542884,5.6225643,0.61620444,0.86302578,2.6170342,3265,2.2856219
393310,36,1072,171,737.85242,0.090430528,261.80597,7.4709291,58.348694,1.7969344,187.04962,320.20798,4034.4121,121616,0.70890951,0.87794709,0.10809103,1.7480131,5.6119313,0.61503917,0.86283523,2.6200981,3265,2.2928796
393311,36,1074,159,702.32568,0.10994178,261.67511,8.353507,60.351284,1.7969344,153.81508,283.33017,3880.2368,121088,0.72263354,0.84607679,0.10056926,1.7366754,5.5981688,0.61353087,0.86258817,2.6240809,3265,2.3051181
393312,36,1076,156,688.17102,0.10962833,261.97552,9.8047161,62.353683,1.7969344,153.22368,280.86118,3868.3735,124036,0.72373861,0.85708028,0.098671727,1.7337571,5.5950027,0.61318386,0.8625313,2.625,3265,2.3082137
393313,36,1078,152,677.26086,0.10806453,262.57681,11.347875,64.355911,1.7969344,154.92839,280.63467,3838.4399,126680,0.7311781,0.85445178,0.096324459,1.7300203,5.5876284,0.61237568,0.86239868,2.6271446,3265,2.3127441
393314,36,1080,151,669.05603,0.11768553,263.19992,12.953956,66.357994,1.7969344,143.96307,267.28503,3933.4192,134508,0.73386312,0.84460276,0.09569075,1.7290294,5.5865765,0.6122604,0.86237973,2.6274509,3265,2.3137934
393315,36,1082,150,663.34009,0.11559807,263.75336,14.590258,68.359932,1.7969344,145.16641,268.53308,4001.0098,142012,0.7315436,0.86015254,0.095057033,1.7280353,5.585525,0.61214513,0.86236084,2.6277573,3265,2.314846
393316,36,1084,149,659.88129,0.096106879,264.22943,16.324371,70.361755,1.7969344,169.71489,293.73831,4076.542,150288,0.72773445,0.86629701,0.094423324,1.727038,5.5844736,0.61202997,0.86234188,2.6280637,3265,2.315902
393317,36,1086,148,656.20728,0.094753817,264.68515,18.162968,72.363457,1.7969344,172.78992,295.00345,4175.0854,160640,0.72779924,0.86438489,0.093789607,1.7260374,5.5834231,0.61191481,0.86232299,2.62837,3265,2.3169611
393318,36,1088,144,645.47998,0.092566304,265.21216,19.866407,74.365067,1.7969344,173.27307,296.0192,4170.4336,168352,0.73766512,0.86981708,0.091254756,1.7220018,5.5792241,0.61145461,0.86224735,2.6295955,3265,2.3212302
393319,36,1090,141,635.39484,0.09006878,265.64639,21.615828,76.36657,1.7969344,175.17703,297.7417,4213.5088,178144,0.74792302,0.86055988,0.089410275,1.7190078,5.5750318,0.61099511,0.86217183,2.630821,3265,2.3245838
393320,36,1092,137,620.53339,0.086358555,266.1199,23.230154,78.367996,1.7969344,180.00549,300.49332,4248.395,188360,0.75987548,0.84766251,0.086873814,1.714878,5.5708456,0.61053634,0.86209631,2.6320465,3265,2.3289454
393321,36,1094,133,602.4884,0.082069933,266.59766,24.698999,80.369347,1.7969344,184.13129,303.72968,4221.9966,194976,0.77773982,0.84025311,0.084444441,1.7108308,5.5645781,0.60984945,0.86198324,2.6338849,3265,2.3335929
393322,36,1096,131,586.81146,0.078139231,266.98596,26.241571,82.370621,1.7969344,188.52541,307.19891,4303.2017,206292,0.78849089,0.81696218,0.083174601,1.7087171,5.5624919,0.60962081,0.86194557,2.6344976,3265,2.3358216
393323,36,1098,127,577.89178,0.12120183,267.24469,28.045614,84.371826,1.7969344,127.32113,244.77869,4252.3032,210468,0.81264842,0.7875315,0.080634922,1.7044455,5.5583243,0.60916412,0.86187035,2.6357231,3265,2.3403225
393324,36,1100,126,571.80933,0.11724661,267.44354,29.961542,86.372971,1.7969344,131.0928,247.55995,4395.9048,225868,0.82171428,0.77318329,0.079999998,1.7033681,5.5572834,0.60905004,0.86185151,2.6360295,3265,2.3414571
393325,36,1102,124,565.9693,0.11334705,267.62131,31.884937,88.374062,1.7969344,135.15768,250.49339,4483.3091,238220,0.83438236,0.75379246,0.078780174,1.7012733,5.554163,0.60870808,0.86179513,2.6369486,3265,2.3438504
393326,36,1104,123,560.25867,0.1095532,267.78223,33.816418,90.375099,1.7969344,139.62166,253.5051,4594.9438,251156,0.83726507,0.74993896,0.078144856,1.7001848,5.553124,0.60859412,0.86177635,2.637255,3265,2.3449957
393327,36,1106,122,554.88336,0.08364071,267.91696,35.721333,92.376083,1.7969344,176.80257,288.73334,4756.165,268504,0.84758162,0.72946417,0.07750953,1.6990924,5.5520849,0.60848027,0.86175758,2.6375613,3265,2.3461452
393328,36,1108,122,550.40674,0.081447273,268.02847,37.646996,94.377029,1.7969344,181.66711,291.41272,4927.7109,284380,0.84433001,0.72746527,0.07750953,1.6990924,5.5520849,0.60848027,0.86175758,2.6375613,3265,2.3461452
393329,36,1110,118,541.15411,0.078504704,268.1965,39.438839,96.37793,1.7969344,185.84,294.31851,4931.8013,292704,0.86295813,0.69868481,0.075111397,1.6948986,5.5448232,0.60768443,0.86162615,2.6397059,3265,2.3511176
393330,36,1112,118,537.74786,0.12160964,268.28711,41.318996,98.378784,1.7969344,127.96229,235.72752,5144.063,312660,0.86295813,0.69868481,0.075111397,1.6948986,5.5448232,0.60768443,0.86162615,2.6397059,3265,2.3511176
393331,36,1114,117,534.75024,0.11972347,268.36823,43.207012,100.37961,0.31321606,129.47601,236.91403,5285.0215,326828,0.86560565,0.69476622,0.074474856,1.6937871,5.5437875,0.60757095,0.86160743,2.6400123,3265,2.3522856
458817,38,1014,33,137.47939,0.2840375,112.91533,12.455329,30.935591,1.3511868,30.688999,77.989456,439.58514,8184,0.85227275,0.50872326,0.059674501,1.3970037,4.5292878,0.49638692,0.84179044,3.0073528,3265,2.8328893
458818,38,1016,30,129.6832,0.27257758,117.79552,9.7131557,28.624187,2.8081183,24.775963,77.321754,343.01178,5888,0.86206895,0.4915204,0.054249547,1.393284,4.527215,0.49615973,0.84174657,3.0082722,3265,2.8366055
458819,38,1018,22,94.9842,0.24824136,135.39275,4.3208294,23.546066,1.4225178,18.928288,69.341553,165.05725,1960,0.90476191,0.43755004,0.049773756,1.6889822,4.0080895,0.43926623,0.83024031,3.2683823,3265,2.7154474
458820,38,1020,13,59.637955,0.53430909,260.16385,3.2501621,8.9188862,0.019162757,5.8480597,37.451569,60.429604,316,1,0.35211527,0.073033705,1.773589,3.4810433,0.38150465,0.81730777,3.6118259,3265,2.8164208
458824,38,1028,65,269.11005,0.22020243,122.76441,7.7414532,31.811934,1.9933122,54.277168,123.92497,721.06555,11200,0.69326925,0.65394002,0.051424049,1.6319648,5.1853738,0.56829059,0.8549518,2.75337,3265,2.4730718
458825,38,1030,51,206.63982,0.26323414,169.06659,3.2349737,19.204165,0.91670996,39.174854,99.320946,414.68561,4088,0.74117649,0.60390759,0.064556964,1.5084888,4.7534671,0.5209558,0.84644377,2.9126837,3265,2.6772375
458829,38,1038,274,1120.0868,0.052934565,71.515984,31.676638,114.19998,0.38966775,373.9671,515.65723,9643.4365,527088,0.50004011,0.89930117,0.13281628,1.5573138,6.7307539,0.73765641,0.88152778,2.3507965,3265,2.2780838
458830,38,1040,313,1281.0145,0.052066535,65.077888,31.116167,113.94696,1.7923287,402.03848,556.03564,11070.767,598824,0.49754238,0.96259964,0.15048076,1.5812063,6.8236132,0.74783331,0.88296956,2.3324142,3265,2.2445555
458831,38,1042,313,1302.7798,0.073551349,61.516499,26.145077,77.709236,3.1949897,335.75024,471.78607,9981.3438,460692,0.55502993,0.87218326,0.15768261,1.613549,6.6552801,0.7293849,0.88034475,2.3661151,3265,2.2395678
458832,38,1044,367,1466.5808,0.048597064,46.80975,29.573957,140.68549,4.5976505,466.87183,615.81873,13892.226,798564,0.52290761,0.95385015,0.13791807,1.2441927,8.3453016,0.9146027,0.90470898,2.0894608,3265,2.3648672
458833,38,1046,499,2005.7719,0.023424348,29.184937,45.039936,139.47679,6.0003114,885.10114,1037.3181,26269.943,2106084,0.50978261,1.0519468,0.18372607,1.3050828,8.8085165,0.96536869,0.91072607,2.0321691,3265,2.2659433
458834,38,1048,437,1754.5128,0.039637525,31.361713,32.309105,130.82693,6.1118259,583.67041,745.81299,18217.246,1186504,0.55598009,1.0040569,0.16107629,1.2640917,8.6417866,0.94709587,0.90858841,2.0520833,3265,2.3183661
458835,38,1050,820,3273.1475,0.052182019,17.719648,56.823486,136.94548,5.8290615,696.117,887.82483,51057.641,4359200,0.63296705,1.3162029,0.30102789,1.4628655,9.7618074,1.0698445,0.92239553,1.9313725,3265,2.0468338
458836,38,1052,980,3970.2251,0.046775781,12.066215,60.382702,142.63698,6.1366248,821.32629,1032.7661,64027.367,5557984,0.67644411,1.4514616,0.35662299,1.4989666,10.390719,1.13877,0.92963308,1.875,3265,1.970667
458837,38,1054,989,4021.813,0.039569706,9.0138998,59.718784,143.54823,6.9645004,917.88611,1130.1458,63973.273,5507168,0.67344022,1.4615301,0.3597672,1.5006919,10.427229,1.1427714,0.93004304,1.8719363,3265,1.9667333
458838,38,1056,969,3915.7017,0.045931138,4.018373,57.237713,144.78622,7.1675277,823.07727,1035.0376,60268.328,5016828,0.65253651,1.5006437,0.35172415,1.4918586,10.376186,1.1371773,0.92946959,1.8762255,3265,1.9777153
458839,38,1058,886,3538.6941,0.061099891,358.68155,53.058685,146.70265,5.4392681,645.37463,853.1123,53108.039,4361564,0.61327112,1.4474146,0.32194766,1.4688559,10.073283,1.1039807,0.92602235,1.9025736,3265,2.0186746
458840,38,1060,727,2900.8909,0.039889731,350.05725,43.811073,153.4088,3.8037405,746.8382,955.96082,37775.977,2761212,0.53161603,1.3583614,0.26455605,1.4095302,9.5451574,1.0461007,0.91982132,1.9525123,3265,2.1103818
458841,38,1062,574,2326.4441,0.035412699,338.19559,33.934238,105.25509,2.3112257,725.64691,908.5979,24081.199,1360144,0.51169044,1.2354616,0.25499779,1.6473049,7.6980267,0.84366465,0.89586312,2.1810663,3265,2.0805113
458842,38,1064,377,1485.1879,0.042507231,319.60043,26.044098,100.8436,1.0394778,518.73938,662.61951,13765.187,729180,0.45545742,1.026793,0.18598914,1.8190727,6.4150224,0.70305383,0.87650937,2.4172795,3265,2.1115038
458843,38,1066,145,600.1593,0.15130131,258.06711,14.713158,49.934994,0.077338994,133.94547,223.26306,2702.3782,66712,0.78295016,0.51987785,0.090852134,1.7216977,5.599225,0.61364663,0.86260718,2.6237745,3265,2.3181293
524353,40,1014,25,101.68869,0.25380212,124.80592,9.7625647,28.952814,0.26230091,22.596771,70.956734,288.47287,4860,0.88333333,0.45726451,0.0499002,1.7211459,4.0546379,0.44436768,0.83131766,3.2423408,3265,2.6736574
524354,40,1016,19,80.9132,0.25603926,141.99727,5.1521959,23.369961,1.4008836,15.974023,63.017525,137.31995,1440,0.94152045,0.41563982,0.067615658,1.6265329,3.8192914,0.41857493,0.82576847,3.3805146,3265,2.8290648
524360,40,1028,40,161.98389,0.28907886,154.03416,5.0957327,19.345419,1.9933122,35.461208,83.913666,330.11203,3388,0.80000001,0.54678541,0.071942449,1.4071035,4.536211,0.49714568,0.84193677,3.0042892,3265,2.8224165
524361,40,1030,32,136.44562,0.4090431,208.2673,3.8529401,14.861226,0.91670996,20.789242,64.744102,224.34647,1856,0.89314514,0.50431186,0.082474224,1.6820657,3.9536228,0.43329698,0.82896733,3.2996323,3265,2.7385705
524366,40,1040,271,1068.1167,0.049033068,71.893494,27.811964,111.19553,0.36665615,375.27197,523.20245,8797.915,455600,0.50269234,0.8671487,0.1314258,1.5550822,6.7246528,0.73698777,0.88143253,2.3520222,3265,2.2808733
524367,40,1042,310,1255.7694,0.054602265,62.886074,28.12664,111.06823,1.7693172,375.83191,537.59418,10373.435,537204,0.50955212,0.9005264,0.14839636,1.5751549,6.8361883,0.74921149,0.88316363,2.3299632,3265,2.2481186
524368,40,1044,329,1348.2593,0.082100287,53.50798,24.792429,80.521324,3.171978,311.53281,454.27548,10451.073,476104,0.57752615,0.78961682,0.16425362,1.6201251,6.7094493,0.73532152,0.88119489,2.3550858,3265,2.2264373
524369,40,1046,439,1743.569,0.036071669,30.818817,39.556244,137.81264,4.5746388,625.13251,779.36584,20578.59,1492424,0.54762274,0.88327247,0.16265284,1.2748498,8.6116924,0.94379777,0.90819925,2.0557599,3265,2.3113978
524370,40,1048,435,1736.4471,0.047855742,21.112122,40.303516,130.71364,4.4496908,526.41498,675.25635,21001.186,1653392,0.5880608,0.87620926,0.160221,1.2612832,8.6417866,0.94709587,0.90858841,2.0520833,3265,2.3209202
524371,40,1050,717,2849.2478,0.052375514,18.764843,53.092274,135.11519,4.0713196,640.37195,826.8103,41701.023,3428728,0.63331854,1.0531005,0.26360294,1.4228377,9.4298992,1.0334691,0.91843396,1.9641544,3265,2.1077986
524372,40,1052,972,3902.8601,0.048230413,11.082993,60.183929,140.59126,4.4821258,792.48273,1008.4072,62272.738,5327808,0.7176196,1.2049652,0.35358313,1.4962641,10.365314,1.1359857,0.92934716,1.8771446,3265,1.9746946
524373,40,1054,995,3997.8821,0.039730448,7.5263329,59.984989,141.51006,5.5303779,908.00702,1124.4967,63147.844,5339548,0.71302587,1.208452,0.36076868,1.4968437,10.482477,1.1488262,0.93066138,1.8673407,3265,1.966302
524374,40,1056,993,4046.9678,0.045866098,3.1316736,59.653114,142.76073,6.34273,840.17511,1052.9891,62757.738,5261212,0.69995612,1.1845577,0.36017409,1.4969383,10.471381,1.1476102,0.93053734,1.8682598,3265,1.9669628
524375,40,1058,896,3576.3162,0.063668735,356.61337,55.594624,144.70427,4.4906611,631.71747,840.15564,54295.586,4464504,0.67529678,1.1084398,0.32546315,1.4714901,10.111037,1.1081183,0.92645621,1.8992034,3265,2.0136948
524376,40,1060,696,2783.1416,0.038113333,346.27411,46.591007,151.40939,2.6980481,751.72675,957.93073,36186.914,2643556,0.59177208,0.95609856,0.2532751,1.3951267,9.4509211,1.0357729,0.91868794,1.9620098,3265,2.1306372
524377,40,1062,538,2151.4939,0.042578809,331.13062,37.309071,103.31208,1.0032768,637.69849,796.85303,22523.818,1265132,0.58498609,0.79767847,0.24190648,1.6398075,7.5684505,0.82946372,0.89402515,2.2012868,3265,2.1012845
589889,42,1014,17,72.398026,0.2846505,139.96828,7.5137334,23.607058,1.3037901,17.986225,56.53434,145.45541,1588,0.97058821,0.39662683,0.070833333,1.8220377,3.5552766,0.38964024,0.81921768,3.5572917,3265,2.7486446
589896,42,1028,32,137.82095,0.44493648,164.87877,6.1383448,19.067274,1.9933122,19.664433,62.389793,270.646,2904,0.8971774,0.4968912,0.06779661,1.7193179,4.0298605,0.44165224,0.8307454,3.2561274,3265,2.6827786
589897,42,1030,28,117.93661,0.45298445,200.87738,4.9938025,15.50874,0.91670996,18.042477,57.198891,211.75957,1980,0.93386245,0.4714762,0.072351418,1.6769996,3.9509909,0.43300855,0.82890546,3.3011642,3265,2.7435529
589903,42,1042,249,991.6441,0.054339722,69.748802,23.19158,108.17178,0.34364453,333.21173,478.87717,7279.4062,355396,0.54161811,0.66148549,0.12069801,1.5359899,6.6928043,0.73349732,0.88093424,2.3584559,3265,2.3020842
589904,42,1044,309,1238.0347,0.062914476,57.067165,25.23765,108.18551,1.7463055,336.25702,497.27435,9609.6777,468496,0.55400747,0.71855348,0.14714286,1.5713652,6.8519726,0.7509414,0.88340688,2.3268995,3265,2.2493896
589905,42,1046,383,1569.8311,0.069991715,37.699902,29.499962,136.16896,3.1489663,377.22165,530.89435,14032.161,757656,0.61215532,0.65401155,0.14463747,1.2650636,8.3523483,0.91537493,0.90480238,2.0885417,3265,2.3451693
589906,42,1048,512,2064.1711,0.059327699,17.596004,55.088264,133.18155,2.6747534,520.04431,661.22461,31313.254,2783008,0.64236027,0.75243694,0.18899964,1.3181572,8.8242321,0.96709102,0.91092598,2.0303309,3265,2.2527246
589907,42,1050,500,1991.5579,0.044332091,24.625658,39.317066,133.29378,2.071419,583.90747,751.34998,22942.453,1621376,0.58369541,0.75716102,0.18429783,1.307726,8.8032913,0.96479595,0.91065949,2.0327818,3265,2.2640257
589908,42,1052,977,3931.3013,0.055954095,11.042105,58.740593,138.54405,2.7237599,727.92053,939.63062,60961.039,5085396,0.73590952,1.0966011,0.35553131,1.4981817,10.379816,1.137575,0.92951041,1.8759191,3265,1.9720746
589909,42,1054,1019,4107.8564,0.042897601,7.0019197,58.491428,139.4706,4.1586165,876.99316,1096.9733,63105.234,5199904,0.72133589,1.1308599,0.36960465,1.503301,10.568338,1.1582361,0.9316175,1.8602941,3265,1.955133
589910,42,1056,1026,4155.9253,0.045839116,2.7744586,58.178688,140.73431,5.78689,853.75928,1067.384,63109.117,5135488,0.71652359,1.1016775,0.37227866,1.5055259,10.590968,1.1607163,0.93186855,1.8584559,3265,1.9517666
589911,42,1058,934,3721.4861,0.060780674,356.60522,55.569111,142.70595,3.8360715,670.59601,877.16315,56618.855,4606672,0.68619108,1.0540167,0.33889696,1.4813609,10.254283,1.1238172,0.92809141,1.8866421,3265,1.9950975
589912,42,1060,722,2880.2537,0.045509186,344.74411,46.252605,149.41002,1.9095711,698.23456,891.80682,37282.707,2661808,0.60034347,0.90754002,0.26254547,1.4059527,9.5359554,1.0450922,0.91971105,1.9534314,3265,2.1142743
589913,42,1062,405,1602.3132,0.047830038,319.72342,32.944408,94.836166,0.026194654,491.70047,648.82605,15218.154,780696,0.56809682,0.60711426,0.19970414,1.8364645,6.4554915,0.70748901,0.87716299,2.4083946,3265,2.091193
655432,44,1028,29,123.79328,0.45130822,170.56689,7.3991265,19.909723,1.9933122,19.298941,58.710644,266.77673,3192,0.92118227,0.47932664,0.0625,1.7110505,4.02385,0.44099352,0.83060616,3.2594976,3265,2.6916623
655433,44,1030,25,110.38322,0.47353944,195.16315,6.5493631,16.948769,0.91670996,17.077553,54.122566,203.24413,2132,0.96333331,0.45158389,0.068681322,1.6574252,3.9373615,0.4315148,0.82858461,3.30913,3265,2.7649386
655440,44,1044,251,980.14331,0.064522669,70.5979,20.296179,105.12538,0.3206329,292.4834,436.91159,6953.416,321416,0.55098009,0.63309133,0.12166747,1.5377409,6.6958241,0.73382831,0.88098156,2.3578432,3265,2.3001206
655441,44,1046,350,1390.623,0.071533337,50.235207,25.677832,105.29832,1.7232939,328.10129,494.25992,11477.53,563352,0.57223088,0.71370959,0.16362786,1.5895388,6.9842067,0.76543355,0.88542813,2.3017769,3265,2.2164004
655442,44,1048,629,2503.9558,0.043781012,22.730339,49.475883,133.28711,1.3423231,685.00488,847.76477,34649.031,2700160,0.63675535,0.79209077,0.23193215,1.384658,9.150754,1.002876,0.91502011,1.9935662,3265,2.1646516
655443,44,1050,144,588.09241,0.22068848,166.17442,8.7832155,39.445148,0.072178937,89.62796,182.99445,1972.7666,32784,0.84401709,0.40153947,0.088888891,1.718576,5.6236296,0.61632121,0.86304486,2.6167278,3265,2.3168232
655444,44,1052,996,3989.0479,0.059052534,11.227924,56.853748,136.49722,1.4208398,713.78296,921.34076,60339.965,4896696,0.74479628,1.0422184,0.36257735,1.5036342,10.44558,1.1447825,0.93024868,1.8704044,3265,1.9630021
655445,44,1054,1061,4282.5601,0.048433557,6.6803436,56.367466,137.42975,3.3357148,831.56866,1054.104,63655.715,5070636,0.72252947,1.1109303,0.38483858,1.5125983,10.728812,1.1758232,0.93338901,1.8474264,3265,1.9369
655446,44,1056,1072,4342.5586,0.046729807,2.6086657,56.166153,138.70697,5.3053956,855.93121,1080.6394,64546.035,5113644,0.71766692,1.1028143,0.38882843,1.514835,10.771649,1.180518,0.93385857,1.8440564,3265,1.9323016
655447,44,1058,998,3982.5222,0.042292543,356.16891,54.424664,140.70769,3.5492184,876.49292,1087.8077,59717.805,4732296,0.69479579,1.0438514,0.36198768,1.4981983,10.489888,1.1496384,0.93074411,1.8667279,3265,1.9646554
655448,44,1060,740,2933.8872,0.047821976,344.18076,45.199886,147.41068,1.5516597,669.7746,878.03711,37736.809,2646336,0.61440223,0.87175292,0.26918879,1.4146827,9.5883341,1.0508326,0.92033786,1.948223,3265,2.1024375
720968,46,1028,27,115.39546,0.45892829,173.67087,8.8931904,21.0308,1.9933122,18.585072,56.211723,270.95016,3476,0.94871795,0.46145612,0.069767445,1.6758646,3.950465,0.43295088,0.82889313,3.3014705,3265,2.7446454
720969,46,1030,23,106.23746,0.48382732,191.60997,8.2850924,18.659899,0.91670996,16.665297,52.528934,206.54118,2400,0.98814231,0.43528458,0.06969697,1.6370934,3.9072933,0.4282195,0.82787377,3.3268995,3265,2.7923005
720977,46,1046,235,936.66656,0.076724939,66.647072,17.885239,102.05219,0.29762131,257.92096,391.67798,6320.8682,280008,0.58396071,0.47182164,0.11385659,1.5232303,6.6732388,0.7313531,0.88062716,2.3624387,3265,2.3160944
720978,46,1048,498,1992.6989,0.038331393,29.757378,42.055874,131.64821,1.4594133,642.0235,808.25513,23538.656,1598180,0.6183123,0.66660327,0.18063112,1.276275,8.9143572,0.97696817,0.91206723,2.0199142,3265,2.2825975
720979,46,1050,863,3441.0186,0.052963294,16.771318,62.281651,133.73628,0.32973155,711.66779,903.56818,55613.656,4582052,0.74733633,0.91335928,0.3095409,1.4377626,10.117931,1.1088738,0.92653531,1.8985907,3265,2.0425675
720980,46,1052,1018,4073.8696,0.04930722,12.344703,56.650238,134.44974,1.5340898,760.6759,1018.9509,61355.785,4849240,0.74595338,1.0362006,0.3643522,1.4802155,10.705589,1.1732782,0.9331339,1.8492647,3265,1.9658624
720981,46,1054,1111,4474.0005,0.046013858,6.2453747,53.976273,135.38748,3.3976095,877.9082,1105.3724,65016.098,5024476,0.73005086,1.0919605,0.40297425,1.5221095,10.926323,1.1974695,0.93554246,1.8321079,3265,1.9165823
720982,46,1056,1117,4513.7686,0.037807465,2.1674266,53.922321,136.67863,5.3474021,991.0069,1224.8582,65169.621,5001960,0.71734166,1.1172372,0.40515053,1.5231384,10.950514,1.2001207,0.93580419,1.8302696,3265,1.9142444
720983,46,1058,1085,4310.9731,0.040589258,357.13559,53.942604,138.70949,3.6853034,929.91687,1155.2794,64602.195,5047980,0.69274914,1.0982778,0.39340103,1.5167956,10.826667,1.1865476,0.93445957,1.8397671,3265,1.9271952
720984,46,1060,747,2958.1482,0.062001355,344.62738,44.213547,145.41136,1.7251502,571.14581,774.30902,37544.254,2586256,0.63452739,0.83452016,0.27163637,1.417102,9.6131821,1.053556,0.92063427,1.9457721,3265,2.0983627
786504,48,1028,25,110.36918,0.46532941,175.36539,10.573201,22.435696,0.093448021,18.111952,54.594463,282.37207,3956,0.97333336,0.44683322,0.064766839,1.6728572,3.9488881,0.43277806,0.82885605,3.3023896,3265,2.747653
786505,48,1030,23,103.60421,0.489474,189.31143,10.11054,20.491518,0.093448021,16.464035,51.573765,245.40207,3256,0.98814231,0.43528458,0.06969697,1.6370934,3.9072933,0.4282195,0.82787377,3.3268995,3265,2.7923005
786514,48,1048,287,1118.781,0.072182804,57.447933,19.340977,98.946976,0.27460968,290.80988,441.32709,8167.8828,345604,0.59737825,0.55096912,0.13589016,1.5504159,6.8361883,0.74921149,0.88316363,2.3299632,3265,2.2699335
786515,48,1050,918,3642.5769,0.047394723,17.893044,56.092793,131.68135,1.7242765,770.10748,982.75281,55653.738,4480348,0.69915634,1.0286041,0.32879657,1.4535023,10.325642,1.1316378,0.92889965,1.8805147,3265,2.0142639
786516,48,1052,1061,4279.6494,0.03866541,11.779394,54.516216,132.40059,2.9368196,931.47546,1179.3636,62567.086,4833736,0.72910571,1.0854357,0.37852302,1.4844265,10.910255,1.1957085,0.93536836,1.8333334,3265,1.9492875
786517,48,1054,1147,4615.248,0.034321841,6.9030466,52.668625,133.3437,4.3122563,1000.4861,1299.9216,65586.57,4916936,0.72339708,1.1342466,0.41052255,1.5063224,11.228109,1.2305437,0.93877727,1.8097427,3265,1.9115551
786518,48,1056,1164,4710.8662,0.041932084,1.8968806,51.93095,134.64925,6.004981,934.05389,1188.1796,66103.93,4921228,0.72421718,1.1054914,0.42235124,1.5309271,11.1396,1.2208436,0.93783534,1.8161764,3265,1.8964572
786519,48,1058,1107,4454.8066,0.04849387,358.90903,52.46817,136.71136,4.2408795,838.78699,1074.4246,64457.715,4909804,0.72101098,1.0591024,0.40152338,1.5214102,10.910255,1.1957085,0.93536836,1.8333334,3265,1.9181528
786520,48,1060,804,3198.5613,0.058582738,343.41544,44.76614,143.41208,2.4243259,619.69135,828.31866,41208.09,2838156,0.62995112,0.88845706,0.29225737,1.4400016,9.7972574,1.0737296,0.92281264,1.9280025,3265,2.0641191
786521,48,1062,477,1925.9293,0.077217072,318.38394,34.261265,91.570183,0.7222023,390.46198,559.84583,18715.957,956976,0.61032712,0.63269562,0.2352071,1.8772297,6.5582085,0.7187463,0.87880808,2.3863358,3265,2.0432913
852051,50,1050,919,3642.4148,0.042057645,18.173985,52.711304,128.48476,0.69508368,820.43518,1043.223,52879.359,4080112,0.70347375,0.9852609,0.33129054,1.4655383,10.264923,1.1249834,0.92821223,1.885723,3265,2.0080159
852052,50,1052,1141,4588.2773,0.037576858,10.406958,51.238842,130.34972,2.5823464,968.35101,1238.7096,64619.758,4807912,0.69427556,1.2035137,0.4073545,1.5010531,11.23236,1.2310095,0.93882239,1.8094363,3265,1.9157107
852053,50,1054,1181,4779.6367,0.034184255,6.3937788,50.102615,131.30002,4.5141406,1025.9236,1325.5293,65594.938,4784240,0.71098322,1.1882658,0.42118403,1.5053192,11.418197,1.2513764,0.94078165,1.7962623,3265,1.9013844
852054,50,1056,1177,4752.4248,0.034388736,4.3516874,50.147362,132.61874,5.4129119,989.92975,1317.8151,64705.875,4687764,0.72862232,1.1383926,0.42110911,1.5102179,11.361368,1.2451482,0.94018507,1.800245,3265,1.900571
852055,50,1058,1188,4732.7231,0.044759326,358.66208,50.743385,134.71332,3.5328829,894.55713,1152.7064,67125.016,4945624,0.72057134,1.1072348,0.43137255,1.5351458,11.23236,1.2310095,0.93882239,1.8094363,3265,1.8875945
852056,50,1060,849,3401.4377,0.065370068,344.82208,45.520973,141.41284,1.6528538,588.56934,808.62421,44351.941,3076980,0.6538797,0.8851335,0.30861506,1.4568048,9.9450045,1.089922,0.92453903,1.9142157,3265,2.0384507
852057,50,1062,268,1058.5275,0.083356671,294.66449,24.563641,89.989502,0.095330529,282.06491,399.47153,8749.749,410520,0.52331042,0.42394996,0.13228035,1.7390168,6.2660251,0.68672448,0.87407541,2.4509804,3265,2.2018499
917587,52,1050,952,3801.4106,0.046595767,15.901382,50.34272,125.51289,0.27779773,806.25568,1012.5211,52240.523,3822980,0.73817474,0.86086226,0.34871796,1.5019999,10.226014,1.1207192,0.92777008,1.8890932,3265,1.9794023
917588,52,1052,1181,4733.4937,0.030783879,8.7682858,48.043037,128.29703,2.2682664,1082.3521,1390.062,64273.27,4631432,0.69426227,1.196265,0.42148465,1.5065409,11.409417,1.2504141,0.94068962,1.796875,3265,1.9008702
917589,52,1054,1178,4767.8105,0.03606471,7.3487239,48.199432,129.25508,4.2654572,991.41058,1288.9117,63595.68,4538800,0.70496631,1.203017,0.420414,1.5061189,11.396273,1.2489736,0.94055176,1.7977941,3265,1.9019717
917590,52,1056,1217,4913.9727,0.037785433,4.0751715,48.107628,130.58705,4.7306433,970.01562,1278.3774,65719.711,4660908,0.71133447,1.205879,0.43402281,1.5099502,11.578577,1.2689532,0.9424535,1.7852329,3265,1.8885432
917591,52,1058,1265,5028.9644,0.037616797,359.61514,48.263378,132.71535,2.8506143,942.61505,1296.1442,69039.727,4926388,0.69708312,1.2628397,0.45081967,1.5136513,11.80895,1.294201,0.94482505,1.7699143,3265,1.8730214
917592,52,1060,996,3961.9883,0.075757287,349.61334,48.288921,139.41364,0.97058517,587.13104,810.67969,54554.77,3892612,0.69956005,0.95884848,0.3627094,1.5042213,10.441905,1.1443797,0.93020749,1.8707107,3265,1.962751
983123,54,1050,997,3965.1428,0.034205686,12.39453,44.826691,123.93967,0.82880467,960.64819,1206.9387,50966.012,3488660,0.7094053,0.91629606,0.36097032,1.4949342,10.504741,1.1512662,0.93090987,1.8655025,3265,1.9664443
983124,54,1052,1140,4558.8003,0.034173548,9.5182877,47.341187,126.24242,2.6835029,1026.5532,1294.7478,61261.645,4375480,0.72398382,1.0589067,0.41244572,1.5228951,11.073094,1.2135549,0.93712389,1.8210784,3265,1.9070117
983125,54,1054,1184,4752.5415,0.039561652,7.3379478,46.165691,127.20844,4.5958219,924.47943,1228.6571,61941.969,4316344,0.71689445,1.1540442,0.4230082,1.508777,11.409417,1.2504141,0.94068962,1.796875,3265,1.8990157
983126,54,1056,1255,5052.0698,0.042636953,2.9910009,46.322403,128.55414,4.3504152,894.4118,1220.2435,66104.867,4563540,0.69256753,1.2797955,0.44789436,1.5151162,11.743527,1.2870309,0.9441551,1.7742034,3265,1.8753228
983127,54,1058,1295,5175.0947,0.039150141,359.41205,46.008797,130.71745,2.3517344,970.94214,1288.8353,68943.008,4792736,0.68838537,1.3116857,0.46151105,1.5159736,11.951629,1.3098377,0.94627661,1.760723,3265,1.8636674
983128,54,1060,1312,5204.7847,0.036647663,355.4787,45.740482,137.41446,0.36769056,993.60406,1335.9285,69574.797,4797160,0.69823587,1.2888409,0.46773618,1.5176133,12.029142,1.3183328,0.94705981,1.7558211,3265,1.8583764
1048637,56,1006,179,741.19312,0.022701045,45.03344,95.077011,163.64783,0.23559572,599.58527,640.54211,17012.021,1925728,0.83924425,0.19071877,0.069595642,1.1322923,7.714035,0.84541905,0.8960886,2.1786151,3265,2.5350633
1048648,56,1028,182,752.29645,0.21216717,3.0116553,35.977932,63.913734,0.42301011,128.96565,211.08644,6606.0479,277132,0.91475928,0.21814966,0.10562971,1.7571667,5.7400179,0.62907684,0.86511248,2.583946,3265,2.2660503
1048649,56,1030,189,784.60974,0.2655637,351.31458,37.121044,65.50264,0.42301011,108.1871,192.68478,7114.2686,308420,0.91956544,0.25237966,0.11117647,1.7677565,5.7212057,0.62701505,0.86478049,2.5891545,3265,2.2597251
1048658,56,1048,837,3369.9646,0.047065195,8.7667332,44.735931,118.72353,0.50953352,735.09088,948.56628,42223.406,2844076,0.73074263,0.79778242,0.30681819,1.4666739,9.82971,1.0772862,0.92319351,1.9249387,3265,2.0384138
1048659,56,1050,803,3180.5547,0.031076694,13.387784,35.950073,122.39882,1.9348102,895.52899,1134.0676,35924.598,2187340,0.65475166,0.81463504,0.2917878,1.4389712,9.7972574,1.0737296,0.92281264,1.9280025,3265,2.0650225
1048660,56,1052,1089,4328.1729,0.036735598,13.188749,47.581059,124.18578,2.6654992,970.49835,1216.7845,57904.543,4100172,0.75206614,0.98728544,0.39018273,1.4978206,10.974813,1.2027837,0.93606669,1.8284314,3265,1.9339269
1048661,56,1054,1226,4945.8286,0.042442694,4.9837461,44.853203,125.16,4.1174393,914.11816,1210.1049,62960.387,4268440,0.71627128,1.1445674,0.44436389,1.5366168,11.418197,1.2513764,0.94078165,1.7962623,3265,1.8758087
1048662,56,1056,1291,5183.9019,0.043738604,0.71027124,43.36314,126.52012,4.8363929,891.9151,1220.3962,65127.258,4322088,0.70302212,1.2494609,0.46522522,1.5331447,11.785501,1.2916311,0.94458526,1.7714461,3265,1.8586349
1048663,56,1058,1331,5305.4473,0.040961809,358.42471,43.512901,128.71967,3.1615245,949.5694,1275.7817,68611.047,4633404,0.68597978,1.3344691,0.47467902,1.5191487,12.117556,1.3280225,0.94794858,1.7503064,3265,1.8526938
1048664,56,1060,1324,5280.4917,0.041462172,355.86536,43.65033,135.41533,1.7483916,951.4837,1265.0745,68611.672,4636416,0.68991786,1.3257811,0.4721826,1.5188217,12.083018,1.3242375,0.94760197,1.7524509,3265,1.854686
1048665,56,1062,1227,4907.1328,0.036534991,352.98285,47.57169,135.50829,0.34028226,987.23346,1299.165,65367.977,4429856,0.72544342,1.1767423,0.43743315,1.5104884,11.628485,1.2744229,0.94297022,1.7818627,3265,1.8853494
1114173,58,1006,29,117.09011,0.085545763,26.994778,30.857445,57.927307,1.1846641,100.48354,131.14925,908.73834,38432,0.79064041,0.036975954,0.018159049,1.5888031,5.4411244,0.59631962,0.85973561,2.6709559,3265,2.4682152
1114174,58,1008,457,1862.1667,0.035297167,39.510624,76.614517,160.86182,0.48453361,721.62366,814.22473,35081.855,3384824,0.713799,0.44343784,0.17733799,1.3742546,8.3265696,0.91254967,0.90446043,2.0919118,3265,2.2499242
1114184,58,1028,236,987.27563,0.11518294,7.0422502,40.008678,115.71822,1.9933122,233.70721,328.19354,9589.7959,496280,0.78193295,0.26857606,0.095199674,1.2482398,7.6346521,0.8367191,0.89496714,2.19087,3265,2.4374511
1114185,58,1030,204,845.48706,0.27935761,350.48819,34.894485,63.653183,0.91670996,102.74294,195.01955,7234.748,297924,0.92142373,0.26582974,0.12,1.781245,5.7377987,0.62883353,0.86507338,2.5845587,3265,2.2452543
1114193,58,1046,1014,4120.5532,0.031858049,16.555157,44.795341,123.77778,0.53254515,1037.9458,1274.8911,50460.215,3253376,0.73073906,0.9312312,0.37293121,1.5238662,10.408942,1.1407671,0.92983782,1.8734682,3265,1.9484153
1114194,58,1048,1002,4034.489,0.039205134,10.81066,45.642681,122.46913,1.314092,921.41412,1137.1761,51385.496,3458900,0.7419467,0.86695659,0.36824697,1.5199543,10.37256,1.1367798,0.92942876,1.8765318,3265,1.9541501
1114195,58,1050,106,415.33795,0.37215695,155.16495,16.61204,34.395035,0.00060959696,63.792076,118.4248,1843.718,39732,0.91176999,0.13716722,0.062684804,1.6666645,5.6611776,0.62043631,0.86371547,2.606005,3265,2.3571088
1114196,58,1052,1227,4905.3169,0.048341285,8.9629307,44.930752,122.12701,1.3937942,836.08868,1129.222,63208.996,4282132,0.71684146,1.137722,0.44184372,1.5267836,11.502284,1.2605919,0.94166034,1.7904412,3265,1.8790323
1114197,58,1054,1293,5203.5566,0.036822993,3.8524153,42.202808,123.10964,3.3212025,1022.7784,1332.5869,64251.051,4219484,0.71007377,1.2094896,0.46228102,1.5210308,11.898915,1.3040606,0.94574183,1.7640932,3265,1.8623409
1114198,58,1056,1291,5208.0928,0.047693331,0.081024408,41.436203,124.48648,5.295609,867.83771,1171.4276,63212.277,4085500,0.7170729,1.1953971,0.46724576,1.539556,11.729602,1.2855048,0.94401217,1.7751225,3265,1.8565383
1114199,58,1058,1326,5248.5352,0.043394241,357.45764,41.310986,126.72196,4.5767927,907.50812,1232.8434,66299.727,4381652,0.70232844,1.2563428,0.47904626,1.5385864,11.91803,1.3061554,0.94593596,1.7628677,3265,1.8475333
1114200,58,1060,1320,5264.9995,0.039105687,355.57724,41.762714,133.41626,3.1686831,977.67096,1300.7209,66244.82,4351588,0.69189584,1.3123158,0.47075605,1.518621,12.063372,1.3220842,0.94740444,1.7536764,3265,1.8558366
1114201,58,1062,1269,5093.1924,0.03738936,353.19092,43.925392,133.51183,1.7605737,1012.1088,1308.3561,65128.734,4302328,0.70433635,1.2570785,0.45272923,1.5157586,11.813652,1.2947162,0.94487309,1.7696079,3265,1.871062
1114202,58,1064,1216,4814.002,0.038523752,350.33945,46.115093,133.66898,0.35246438,949.19965,1253.1232,63387.559,4221048,0.73451239,1.1507642,0.43335709,1.5086249,11.583097,1.2694485,0.94250035,1.7849264,3265,1.8893846
1179709,60,1006,605,2416.2502,0.036361672,45.47784,71.046654,153.31735,0.64636838,807.12921,913.80591,44163.336,3966876,0.7855618,0.52545941,0.23660539,1.4687192,8.646822,0.94764775,0.90865338,2.0514705,3265,2.1354969
1179710,60,1008,619,2482.9546,0.035070468,43.024036,68.947098,160.0654,0.094694845,824.24609,943.23206,43055.73,3708100,0.78206313,0.51390648,0.23899613,1.459282,8.766881,0.96080565,0.91019511,2.037071,3265,2.1327696
1179711,60,1010,510,2065.8689,0.03634984,39.584675,70.872719,158.0779,0.46991032,729.56287,845.09406,36227.234,3330428,0.71528947,0.46000934,0.19782777,1.4080533,8.4546709,0.92658895,0.90615201,2.0753677,3265,2.2072985
1179720,60,1028,372,1524.2729,0.090289578,13.467374,48.514919,119.02302,1.9933122,349.94983,460.59314,18659.42,1237356,0.68165088,0.38127044,0.14927769,1.3607039,7.9389763,0.87007147,0.89921957,2.1452205,3265,2.3019428
1179721,60,1030,216,893.70563,0.26086462,349.85397,32.651585,64.994781,0.91670996,109.44186,207.48877,7177.4956,280752,0.92084408,0.27694184,0.12705882,1.791635,5.751142,0.63029593,0.8653084,2.5808823,3265,2.2340698
1179728,60,1044,1053,4220.3794,0.038879029,18.926931,43.665611,124.62249,0.55555671,921.88519,1167.9465,51547.93,3311596,0.75253397,0.94260335,0.38642201,1.5290284,10.575871,1.1590617,0.93170112,1.8596814,3265,1.9330519
1179729,60,1046,1060,4280.6753,0.039327901,16.946154,40.374866,119.54594,1.9582177,917.10059,1169.5282,49431.262,3031348,0.72206247,0.99191439,0.38899082,1.5304404,10.60232,1.1619604,0.93199432,1.8575368,3265,1.9301586
1179730,60,1048,1118,4517.8271,0.038919628,14.613524,40.437485,120.971,1.4960904,939.8338,1207.7732,53334.152,3364304,0.70948571,1.0331886,0.40847644,1.5344235,10.874274,1.1917652,0.93497783,1.8360907,3265,1.9096389
1179731,60,1050,1194,4789.0469,0.052034877,10.274465,46.479595,119.4427,0.40154248,805.18622,1075.4302,61621.949,4140360,0.73764461,1.0517389,0.44853494,1.5817902,10.874274,1.1917652,0.93497783,1.8360907,3265,1.8720347
1179732,60,1052,1302,5201.6084,0.047648933,7.8038244,41.634941,120.06596,1.5696805,865.20447,1171.2434,64233.875,4202208,0.71195501,1.189889,0.47156829,1.5411955,11.771477,1.290094,0.94444168,1.7723652,3265,1.8530625
1179733,60,1054,1304,5232.2344,0.046305127,4.332489,40.55064,121.05727,3.4174848,879.36438,1191.6096,63153.367,4053720,0.71428019,1.2011088,0.47160941,1.539204,11.799561,1.2931718,0.94472909,1.770527,3265,1.8531483
1179734,60,1056,1306,5249.5693,0.041628279,0.78451562,39.757996,122.45126,5.3609858,944.4718,1258.8458,62633.113,3978660,0.71129769,1.2240361,0.46759757,1.5240995,11.94201,1.3087835,0.94617915,1.7613357,3265,1.8576654
1179735,60,1058,1314,5201.9033,0.039846923,357.55487,39.543819,124.72437,5.9970841,977.8031,1280.8217,63802.047,4113256,0.71039635,1.2221181,0.46895075,1.5194467,12.024268,1.3177987,0.9470107,1.7561275,3265,1.8571612
1179736,60,1060,1306,5210.9316,0.040148988,354.43176,39.842239,131.41724,4.5889745,965.50391,1277.1012,63354.07,4055268,0.71179289,1.214757,0.4718208,1.5377231,11.823065,1.2957479,0.94496924,1.768995,3265,1.8530813
1179737,60,1062,1285,5114.0938,0.036321022,352.66827,41.405148,131.51556,3.1808653,1021.3883,1330.1794,63374.727,4063936,0.70899183,1.2387795,0.45843738,1.5170138,11.88938,1.3030157,0.94564492,1.7647059,3265,1.8660642
1179738,60,1064,1244,4992.4907,0.035588313,350.6507,42.623005,131.67722,1.7727559,1042.3163,1327.7303,62444.633,4044392,0.7094171,1.227633,0.44365191,1.512877,11.701851,1.2824634,0.94372684,1.7769607,3265,1.8793941
1179739,60,1066,1191,4779.4297,0.034173962,347.20932,44.580284,131.90163,0.36464649,1021.6601,1325.7001,60282.375,3911700,0.74187922,1.1231014,0.42444763,1.5054678,11.471161,1.2571809,0.94133568,1.7925857,3265,1.8982557
1245246,62,1008,653,2585.4927,0.038401064,45.721249,67.31105,150.53108,1.6679958,803.33777,919.82446,45259.363,3927832,0.77887332,0.56491494,0.25507814,1.4910342,8.7772532,0.96194237,0.91032755,2.0358455,3265,2.1041472
1245247,62,1010,647,2612.5305,0.04105271,42.971951,63.292809,157.29329,1.8519427,757.0376,894.26184,41548.465,3351068,0.78165001,0.54767656,0.25422397,1.49533,8.723073,0.95600444,0.90963441,2.0422795,3265,2.1053429
1245248,62,1012,621,2501.7769,0.029411806,41.644306,63.306267,155.29625,0.4062641,893.20972,1033.8759,39902.629,3367732,0.73423719,0.55889845,0.24004638,1.4618524,8.7642927,0.96052188,0.91016203,2.0373774,3265,2.1307516
1245249,62,1014,626,2512.0359,0.040718455,39.424126,65.494362,153.27232,0.52529013,742.7229,880.48553,41658.414,3642284,0.70444983,0.5760209,0.24272974,1.4714258,8.7487898,0.95882285,0.90996385,2.0392158,3265,2.123898
1245250,62,1016,561,2273.7908,0.043089665,32.54937,64.475868,145.20583,0.21070546,696.80054,814.31726,36713.531,3130868,0.67624778,0.51366979,0.22051887,1.4554634,8.4958181,0.93109852,0.90669125,2.0701592,3265,2.1614335
1245256,62,1028,481,1965.5808,0.061655167,16.138575,49.944824,121.71428,1.9933122,499.03445,632.94452,24991.516,1729152,0.68743938,0.47285619,0.19155715,1.4268053,8.2227468,0.90117127,0.90307498,2.1056986,3265,2.2135489
1245257,62,1030,240,995.5625,0.18240111,350.22119,30.495884,63.269924,0.91670996,151.82483,261.89395,7523.208,279640,0.90069735,0.29736963,0.14026885,1.8094864,5.7915483,0.63472426,0.8660177,2.5698528,3265,2.2121656
1245263,62,1042,1137,4575.6416,0.043081146,22.968588,45.575649,123.0241,0.57856834,907.19629,1155.2802,57723.367,3833280,0.72278017,1.0368905,0.4169417,1.5427308,10.910255,1.1957085,0.93536836,1.8333334,3265,1.9006469
1245264,62,1044,1096,4377.3159,0.059325702,19.692081,40.900925,115.20414,1.9812293,719.01154,962.91382,51715.062,3237744,0.74123752,1.0040035,0.40323767,1.5408933,10.713319,1.1741253,0.9332189,1.848652,3265,1.9144206
1245265,62,1046,1081,4354.228,0.033541612,16.298824,37.101757,121.54694,3.3838902,1007.866,1277.2284,48472.5,2878824,0.71718401,1.0158404,0.39568081,1.530672,10.709453,1.1737016,0.9331764,1.8489584,3265,1.9230758
1245266,62,1048,1079,4357.769,0.036816359,14.564494,38.120342,119.32687,2.9516757,945.3465,1219.5978,48407.746,2887168,0.726327,0.99316388,0.39552787,1.5324798,10.686314,1.1711657,0.93292183,1.8507966,3265,1.9230587
1245267,62,1050,1255,5000.8809,0.048602514,11.555482,41.8811,118.0247,2.4009533,850.74316,1137.1005,61250.762,3970576,0.71414626,1.1422099,0.45652965,1.5444577,11.502284,1.2605919,0.94166034,1.7904412,3265,1.8649186
1245268,62,1052,1297,5233.3618,0.046016894,8.5952454,39.812122,118.00253,2.9970453,893.31958,1195.4645,62180.594,3972324,0.71099734,1.1833588,0.47009787,1.541979,11.738882,1.2865218,0.94410741,1.7745098,3265,1.8541598
1245269,62,1054,1311,5276.3608,0.047587421,5.1954775,38.922787,119.00452,4.3565569,874.00726,1180.3915,62116.766,3912288,0.70875329,1.2102422,0.47603485,1.5452131,11.780823,1.2911184,0.94453734,1.7717525,3265,1.8494697
1245270,62,1056,1310,5251.8594,0.044096317,1.6095886,37.993176,120.41434,6.0381942,917.00165,1223.3771,61391.266,3817924,0.71442568,1.2114286,0.47258297,1.5357969,11.860868,1.299891,0.94535476,1.7665441,3265,1.8526287
1245271,62,1058,1329,5228.4434,0.045586098,357.99353,37.668129,122.72688,7.4173756,889.35077,1200.5353,62888.133,3952528,0.70292455,1.2578019,0.47737068,1.5301821,12.009669,1.3161987,0.94686341,1.7570466,3265,1.8494242
1245272,62,1060,1314,5189.7549,0.038086668,354.8916,38.063354,129.41826,6.0092664,1013.8611,1308.5547,62158.031,3891096,0.70972049,1.2372487,0.46878344,1.5188744,12.029142,1.3183328,0.94705981,1.7558211,3265,1.8573695
1245273,62,1062,1271,5081.853,0.038133759,351.85739,39.126835,129.5195,4.6011567,997.47418,1294.0801,60632.656,3804248,0.72476012,1.1562886,0.45934224,1.5361334,11.65589,1.2774262,0.94325328,1.7800245,3265,1.8631536
1245274,62,1064,1255,5026.8931,0.035472143,349.13525,40.412483,129.68591,3.1930473,1032.0996,1334.4768,60898.09,3848900,0.71273059,1.199024,0.44757488,1.5139358,11.75283,1.2880503,0.94425052,1.7735907,3265,1.8757844
1245275,62,1066,1245,5009.4849,0.036386508,346.57938,41.498577,129.91685,1.784938,1028.6632,1315.3196,61452.418,3898756,0.70326453,1.2532713,0.44400856,1.5129764,11.706467,1.2829692,0.94377434,1.7766544,3265,1.8790631
1245276,62,1068,1206,4827.2852,0.039865952,343.10907,43.381012,130.2117,0.37682861,925.51013,1233.5459,60409.25,3868968,0.7316075,1.1537272,0.43086818,1.5116334,11.506744,1.2610807,0.94170684,1.7901348,3265,1.8911569
1310782,64,1008,686,2747.6035,0.0228574,48.296474,69.485687,158.44691,0.68609697,1089.728,1229.0472,48238.418,4244244,0.76516777,0.59301794,0.26333973,1.4778455,9.0008774,0.98645043,0.91315478,2.0101104,3265,2.0956287
1310783,64,1010,689,2736.7114,0.029518081,45.143158,63.399624,147.74921,2.3739588,946.98779,1079.3824,45223.461,3794244,0.75913441,0.58646947,0.26914063,1.507497,8.8717175,0.97229511,0.91152835,2.0248163,3265,2.0814722
1310784,64,1012,693,2765.5645,0.052857134,42.917973,58.574619,136.90695,1.8546779,656.31165,810.8584,41676.379,3213788,0.77099234,0.59463954,0.27229863,1.5162461,8.842638,0.96910822,0.91115975,2.0281863,3265,2.0765376
1310785,64,1014,682,2736.709,0.039899718,42.195404,58.734463,152.51703,1.9048563,757.25415,928.39832,40945.316,3285308,0.71878082,0.63005561,0.26311728,1.4886881,8.9385223,0.97961658,0.91237181,2.0171568,3265,2.0918469
1310786,64,1016,720,2907.3945,0.050578941,39.258369,64.080055,150.47952,1.6356947,688.11127,849.90826,47021.305,4021884,0.70703137,0.64827979,0.27852997,1.5117495,9.0145483,0.98794872,0.91332591,2.0085785,3265,2.0654142
1310787,64,1018,520,2119.3494,0.047180489,30.528839,59.201752,131.60591,0.23233972,621.22388,751.32007,31485.086,2541332,0.69330072,0.47840467,0.20651311,1.4474363,8.3289061,0.9128058,0.90449148,2.0916054,3265,2.184763
1310792,64,1028,717,2894.1282,0.039306939,24.627533,51.492531,125.83691,1.9933122,790.20111,961.89844,38974.629,2764268,0.7225287,0.65150476,0.28284022,1.5309057,8.8796806,0.9731679,0.9116292,2.0238972,3265,2.0607207
1310793,64,1030,361,1487.7135,0.075121358,3.0904565,35.696999,111.68142,0.91670996,361.90231,498.86481,13686.746,714696,0.71726686,0.39659595,0.14474739,1.3511744,7.9199076,0.86798161,0.89895678,2.1479778,3265,2.3125496
1310798,64,1040,1183,4737.4072,0.036061436,26.324501,45.40086,124.96004,0.60157996,1027.0642,1284.854,60375.07,4031564,0.71427143,1.0693315,0.43285766,1.5457313,11.122899,1.2190132,0.937657,1.817402,3265,1.8854643
1310799,64,1042,1165,4681.6577,0.038964815,24.877989,43.090816,122.59209,2.004241,979.12445,1228.7639,57171.445,3733620,0.72654015,1.0425252,0.42752293,1.547647,11.015551,1.2072483,0.93650573,1.8253677,3265,1.8903006
1310800,64,1044,1146,4628.9355,0.048774041,19.758612,39.508816,116.53093,3.4069018,835.0899,1092.0717,53746.555,3355888,0.72346723,1.0507548,0.42101395,1.5466397,10.926323,1.1974695,0.93554246,1.8321079,3265,1.8965026
1310801,64,1046,1100,4374.2822,0.052330792,15.934505,35.787739,118.08985,4.8095627,747.1684,1024.8958,48341.691,2842488,0.72523451,1.0219553,0.4018999,1.531374,10.80302,1.183956,0.93420154,1.8416054,3265,1.9165826
1310802,64,1048,1062,4270.0435,0.032019336,15.576743,34.167446,115.07886,4.7567406,1011.9432,1294.5383,44783.641,2522732,0.71498126,1.0070062,0.38829982,1.5253347,10.64797,1.1669635,0.93249911,1.8538603,3265,1.9314449
1310803,64,1050,1267,5053.417,0.047574922,12.626304,38.865356,116.51465,4.4008737,867.20093,1155.3364,59565.586,3748616,0.70669228,1.1547803,0.45939085,1.5406382,11.596676,1.2709367,0.94264108,1.7840073,3265,1.8627859
1310804,64,1052,1317,5281.4565,0.045213398,9.4064875,37.894081,115.94038,4.78754,912.0885,1211.5692,61956.004,3895056,0.70402247,1.1996646,0.47734687,1.5429029,11.832494,1.2967812,0.9450655,1.7683823,3265,1.8485788
1310805,64,1054,1323,5316.2563,0.049263142,5.809072,37.088154,116.95014,5.7873397,862.33154,1164.5198,61144.719,3773124,0.70742351,1.2136325,0.48056665,1.5461764,11.832494,1.2967812,0.9450655,1.7683823,3265,1.8460683
1310806,64,1056,1307,5262.6758,0.045224637,2.4848816,36.167904,118.37579,7.1726785,905.71893,1209.2628,59792.949,3639016,0.71410161,1.2001916,0.47423804,1.5440168,11.771477,1.290094,0.94444168,1.7723652,3265,1.8508769
1310807,64,1058,1324,5239.979,0.050084345,358.97946,35.654495,120.72951,8.7778301,848.35535,1146.6179,60680.941,3706480,0.70846951,1.2382259,0.47953641,1.5421405,11.875108,1.3014514,0.94549972,1.765625,3265,1.8469813
1310808,64,1060,1309,5190.4629,0.044926137,355.89142,36.112442,127.41935,7.4295578,909.91339,1204.9207,60241.203,3686616,0.7125476,1.2259258,0.47018677,1.5292602,11.913245,1.3056312,0.94588739,1.7631741,3265,1.8550601
1310809,64,1062,1293,5159.8613,0.03881523,351.62399,37.259747,127.52367,6.0214481,995.78003,1292.4772,60317.023,3710376,0.71457529,1.2149757,0.46112695,1.5170004,11.932406,1.307731,0.94608182,1.7619486,3265,1.8638364
1310810,64,1064,1269,5077.4219,0.037879627,347.24503,38.433796,127.69511,4.6133389,999.73541,1297.8477,59897.652,3705348,0.7186749,1.1617173,0.45944968,1.5386635,11.62393,1.2739236,0.94292313,1.7821691,3265,1.8628724
1310811,64,1066,1251,5017.166,0.037397597,344.29608,39.36536,127.93297,3.2052295,996.37006,1298.4114,59543.387,3670828,0.71361148,1.181131,0.45048612,1.5290699,11.610287,1.2724285,0.94278198,1.7830882,3265,1.8712487
1310812,64,1068,1254,5017.1157,0.040882163,342.76862,40.407627,128.23656,1.7971201,951.75671,1241.8384,61115.367,3812628,0.69822603,1.2745556,0.4473778,1.5144339,11.743527,1.2870309,0.9441551,1.7742034,3265,1.875878
1310813,64,1070,1215,4849.9492,0.038639475,339.34741,42.282761,128.60503,0.3890107,952.47083,1255.9083,60277.328,3814028,0.72086424,1.1822711,0.43408361,1.5127119,11.54704,1.265497,0.9421261,1.7873775,3265,1.8880213
1376319,66,1010,766,3078.5667,0.022135239,49.872192,65.062248,155.69476,1.2367766,1165.2069,1322.0172,51093.359,4326112,0.72233313,0.69678509,0.2878617,1.4802524,9.3940783,1.0295433,0.91800016,1.9678309,3265,2.0605793
1376320,66,1012,802,3172.0425,0.022619814,47.289871,60.578739,151.09851,2.8388958,1168.8152,1327.486,50860.301,4178476,0.70538384,0.72394019,0.30195785,1.4968261,9.4871778,1.0397465,0.91912502,1.9583334,3265,2.0388303
1376321,66,1014,736,2913.0161,0.040801946,43.66975,52.853039,132.49467,3.740761,778.14532,947.1875,40729.461,2930300,0.74705338,0.66210681,0.28070176,1.4887853,9.1932755,1.0075363,0.91554517,1.9889706,3265,2.0697029
1376322,66,1016,680,2721.7,0.040277518,44.648235,53.688126,149.74043,3.0606842,728.94055,921.49652,38000.266,2916400,0.7314173,0.63083845,0.2621434,1.4867622,8.9385223,0.97961658,0.91237181,2.0171568,3265,2.0935185
1376323,66,1018,835,3373.1716,0.047791719,39.747692,61.746758,147.68863,1.6573291,759.44794,941.77643,52984.648,4369472,0.71604991,0.73522484,0.32202083,1.547967,9.3733082,1.027267,0.91774803,1.9699755,3265,2.0046206
1376324,66,1020,300,1217.4006,0.053764544,22.479889,44.336903,121.47596,0.25397399,424.49628,533.42542,13886.022,960296,0.63812709,0.28821683,0.11985617,1.2949073,7.8135581,0.85632628,0.89748228,2.1636028,3265,2.3748956
1376328,66,1028,957,3909.3967,0.028059505,32.245651,51.636269,134.88676,1.9933122,1107.6201,1323.1826,52899.25,3860992,0.7015276,0.8706851,0.36085972,1.5469987,9.9683886,1.0924847,0.92481047,1.9120711,3265,1.9599049
1376329,66,1030,790,3194.5554,0.048137207,25.726982,43.097107,119.73027,0.91670996,709.0304,913.20801,37481.266,2372048,0.75221962,0.71649587,0.31004709,1.5467913,9.1310444,1.0007161,0.91477615,1.9957107,3265,2.025538
1376333,66,1038,1195,4806.5684,0.03723865,30.350199,44.908081,126.47863,0.62459159,1021.3894,1273.578,60559.234,4033656,0.70774657,1.0789812,0.43853211,1.5512123,11.1396,1.2208436,0.93783534,1.8161764,3265,1.8801138
1376334,66,1040,1194,4805.3301,0.035863988,28.679266,43.130627,124.15533,2.0272524,1033.8831,1297.5892,58740.855,3852012,0.7185635,1.0636817,0.43672276,1.546484,11.173153,1.2245208,0.93819308,1.8137255,3265,1.8819207
1376335,66,1042,1205,4879.061,0.034689121,25.215797,41.009003,121.77548,3.4299135,1061.1494,1329.4634,57942.422,3718936,0.7092458,1.092351,0.44139194,1.5497307,11.202678,1.2277566,0.9385072,1.8115809,3265,1.8776239
1376336,66,1044,1211,4890.6782,0.045078661,21.135374,39.343925,118.62583,4.8325744,885.23413,1167.6266,56692.992,3565868,0.70936114,1.101563,0.4427788,1.5477819,11.249391,1.2328761,0.93900293,1.8082107,3265,1.8764797
1376337,66,1046,1112,4466.5405,0.066470861,15.620464,34.835213,109.98294,6.2352352,640.9314,918.91406,48048.145,2804260,0.73358631,1.0104151,0.40747526,1.5377545,10.818772,1.1856825,0.9343735,1.84038,3265,1.9103559
1376338,66,1048,1041,4174.2549,0.029106554,15.576476,29.893938,117.23069,6.6619072,1058.5388,1342.4528,41213.398,2196220,0.70678526,0.99386156,0.38117906,1.523209,10.553305,1.1565886,0.93145049,1.8615196,3265,1.9393753
1376339,66,1050,1254,5011.7319,0.04976356,13.621974,35.617168,114.87804,6.4008441,840.16846,1124.9757,56283.211,3393696,0.70258939,1.1538726,0.45866862,1.5520362,11.431392,1.2528225,0.94091988,1.7953432,3265,1.862888
1376340,66,1052,1331,5329.5308,0.046091262,10.298393,35.889553,113.87665,6.684948,904.32715,1205.4248,61024.23,3743248,0.69809687,1.2195222,0.48189718,1.5418637,11.913245,1.3056312,0.94588739,1.7631741,3265,1.8452541
1376341,66,1054,1329,5332.9712,0.050946925,7.1187229,35.131641,114.89343,7.458005,849.31384,1146.9132,59931.309,3613908,0.70481926,1.2126775,0.48152173,1.5428236,11.894146,1.303538,0.94569337,1.7643995,3265,1.8454875
1376342,66,1056,1318,5282.9546,0.04850984,3.8786492,34.399231,116.33552,8.6003752,876.36334,1169.8453,58722.047,3497944,0.71209687,1.2021337,0.47822931,1.544476,11.823065,1.2957479,0.94496924,1.768995,3265,1.8478543
1376343,66,1058,1321,5233.4507,0.042889338,0.38958508,33.820732,118.73226,9.9952726,950.17096,1238.2957,59090.668,3538748,0.71170944,1.2090408,0.47931784,1.5445877,11.837214,1.2972984,0.9451136,1.7680759,3265,1.8470418
1376344,66,1060,1325,5286.6235,0.043157998,355.51425,34.175022,125.42049,8.8498487,939.0946,1240.6906,59442.16,3544768,0.7018503,1.2523955,0.48007247,1.542689,11.875108,1.3014514,0.94549972,1.765625,3265,1.84656
1376345,66,1062,1312,5270.7261,0.041716903,351.44733,35.211899,125.52808,7.4417396,960.35516,1260.0394,59325.078,3536652,0.70627987,1.242668,0.47347528,1.5364232,11.865611,1.3004107,0.94540304,1.7662377,3265,1.8518955
1376346,66,1064,1299,5189.4937,0.036176331,347.44052,36.332249,125.70483,6.0336304,1044.7026,1342.6263,59749.105,3609192,0.70419466,1.2419981,0.46359742,1.5185554,11.951629,1.3098377,0.94627661,1.760723,3265,1.8615943
1376347,66,1066,1263,5043.6382,0.038644604,342.69489,37.467182,125.95001,4.6255212,984.8277,1280.656,58599.434,3541804,0.71875757,1.156949,0.4576087,1.5392871,11.58762,1.2699442,0.94254726,1.78462,3265,1.8643421
1376348,66,1068,1247,4982.2944,0.040538922,339.69803,38.450771,126.26284,3.2174115,954.15338,1242.7494,58860.008,3587956,0.713404,1.1669434,0.45034307,1.5331341,11.556033,1.2664825,0.94221956,1.7867647,3265,1.8709559
1376349,66,1070,1251,5013.7241,0.035839297,338.61298,39.333961,126.64253,1.8093022,1033.3347,1325.8837,60136.59,3683816,0.69396001,1.2873317,0.44614837,1.5135597,11.734241,1.2860131,0.94405979,1.7748162,3265,1.8770891
1376350,66,1072,1213,4847.9365,0.043253485,335.04193,41.26973,127.08766,0.40119281,887.82825,1186.7871,59258.566,3681712,0.71893322,1.1924233,0.43275061,1.5100795,11.556033,1.2664825,0.94221956,1.7867647,3265,1.8896872
1441855,68,1010,738,2992.4792,0.02177964,53.660557,63.317791,150.25771,0.032878853,1168.3431,1313.9994,48734.641,4026712,0.74694526,0.64292192,0.27828056,1.473686,9.2853231,1.0176243,0.91667545,1.9791666,3265,2.0751393
1441856,68,1012,846,3429.8679,0.021766739,50.244793,59.261341,152.94547,1.6135594,1223.6663,1407.1713,52552.52,4227360,0.71658343,0.74116778,0.3179256,1.5097198,9.6381598,1.0562934,0.9209317,1.9433211,3265,2.01598
1441857,68,1014,886,3570.7717,0.022413185,47.711163,56.973457,150.98776,3.1987348,1227.3821,1414.9275,53971.723,4372748,0.6823048,0.8040936,0.33295754,1.5225978,9.7650194,1.0701965,0.92243338,1.9310662,3265,1.9953693
1441858,68,1016,755,3049.1975,0.03799744,48.572933,45.9879,126.98367,4.4856734,807.99884,1004.2007,37898.617,2485804,0.74786657,0.6995998,0.28816795,1.4975551,9.2419472,1.0128704,0.91614389,1.9837623,3265,2.058089
1441859,68,1018,840,3403.3379,0.030635778,50.263821,51.471943,146.96555,2.7751274,964.8905,1181.5253,46156.055,3415924,0.68655998,0.80529749,0.31602708,1.5092725,9.6100693,1.0532148,0.9205972,1.9460784,3265,2.0185335
1441860,68,1020,1033,4144.9092,0.030900229,44.946297,56.914936,144.89978,1.2820004,1071.9659,1298.3196,62214.371,4842840,0.70664203,0.90471715,0.38790837,1.5588579,10.268476,1.1253728,0.92825252,1.8854166,3265,1.929057
1441862,68,1024,1085,4342.792,0.032506257,40.881325,53.342243,140.72816,1.3774805,1058.4291,1295.7045,61800.176,4594868,0.69989288,0.97017163,0.40804815,1.5702572,10.441905,1.1443797,0.93020749,1.8707107,3265,1.9082294
1441863,68,1026,1078,4350.0908,0.028952787,38.797756,50.264462,138.67455,1.8032894,1117.366,1374.0702,58735.965,4241328,0.6968112,0.99380469,0.40541556,1.5690912,10.416249,1.1415679,0.92991984,1.8728554,3265,1.9108548
1441864,68,1028,1091,4389.7656,0.02592575,36.481014,49.633495,136.67345,2.6879632,1193.8712,1458.6797,59328.062,4295484,0.68767816,1.0058731,0.41030464,1.5712297,10.463996,1.1468009,0.93045479,1.8688725,3265,1.9060029
1441865,68,1030,1009,4087.8518,0.027831418,33.442371,45.576916,130.92123,2.0224268,1100.5624,1358.5789,51410.645,3530012,0.70078421,0.9212631,0.38061109,1.5596319,10.142138,1.1115267,0.92681271,1.8964461,3265,1.937153
1441866,68,1032,860,3460.3623,0.044057515,31.779493,36.172943,132.01018,1.8027349,773.56696,993.47223,37207.695,2126000,0.7537483,0.78826135,0.32625189,1.5272008,9.6038494,1.052533,0.92052299,1.9466912,3265,2.0037849
1441867,68,1034,1008,4036.0283,0.042893667,35.368504,42.72221,129.94044,0.93748772,861.11829,1087.3903,49449.508,3260820,0.69847971,0.92320901,0.38080847,1.5613195,10.124836,1.1096306,0.92661446,1.8979779,3265,1.9369866
1441868,68,1036,1218,4907.7095,0.033721376,33.365826,43.12328,127.54407,0.64760321,1076.0763,1352.3582,60680.426,4047356,0.70555609,1.0662636,0.45703566,1.5814807,10.987002,1.2041197,0.93619817,1.8275123,3265,1.8656316
1441869,68,1038,1236,4966.1089,0.037671026,32.195583,42.135822,125.70137,2.0502641,1012.2705,1287.0912,60634.91,3993056,0.69793642,1.1231469,0.45158935,1.5490928,11.36572,1.2456251,0.94023079,1.7999387,3265,1.8688453
1441870,68,1040,1225,4972.457,0.035465114,30.068317,40.719433,123.38752,3.4529252,1053.6151,1327.3632,58434.539,3754952,0.70654261,1.1016759,0.44740686,1.547598,11.322355,1.2408726,0.93977422,1.8030025,3265,1.8724672
1441871,68,1042,1259,5074.7451,0.035441298,25.765022,38.635441,120.99927,4.8555861,1042.4895,1341.3967,58860.512,3698488,0.69409317,1.1535923,0.45948905,1.5493729,11.480036,1.2581537,0.94142836,1.791973,3265,1.8622874
1441872,68,1044,1242,5004.9785,0.043900125,21.945238,37.661678,118.54299,6.2582469,905.92517,1196.9421,56947.543,3521788,0.70533997,1.1228194,0.45345017,1.5485752,11.400651,1.2494534,0.94059765,1.7974877,3265,1.8672998
1441873,68,1046,1203,4828.4028,0.055593297,17.467447,35.519306,113.08884,5.8476057,760.36426,1044.7094,53428.32,3224580,0.70627785,1.1013426,0.43937179,1.545393,11.228109,1.2305437,0.93877727,1.8097427,3265,1.8796052
1441874,68,1048,996,3979.1167,0.043018937,12.668179,24.760918,113.78986,4.8888388,801.51361,1078.1233,36329.25,1771912,0.71757179,0.96014404,0.36350363,1.5077187,10.419907,1.1419688,0.92996091,1.8725491,3265,1.9612678
1441875,68,1050,1210,4857.896,0.048787296,15.00414,31.967012,114.12102,4.5417051,834.5575,1118.6022,51667.27,2990168,0.70087701,1.1093938,0.44273692,1.5487084,11.236612,1.2314756,0.93886751,1.80913,3265,1.8764787
1441876,68,1052,1327,5313.2036,0.047844697,11.143057,33.80896,112.05987,4.9188108,882.65869,1181.3165,59222.523,3544312,0.70178026,1.1973536,0.48062298,1.5422453,11.88938,1.3030157,0.94564492,1.7647059,3265,1.8461733
1441877,68,1054,1324,5270.7129,0.04684341,9.0410671,33.31971,112.83424,5.8989859,895.82031,1189.0918,58523.207,3481176,0.70528162,1.2009043,0.47971013,1.5426537,11.870358,1.3009309,0.94545138,1.7659314,3265,1.8468295
1441878,68,1056,1310,5260.2622,0.049590804,5.9925656,32.727737,114.2934,7.2652168,866.67841,1154.5376,56951.652,3329604,0.71433705,1.1807184,0.47601745,1.5461864,11.766809,1.2895825,0.94439381,1.7726716,3265,1.8494484
1441879,68,1058,1340,5356.5283,0.040566899,0.26474735,32.141552,116.73515,8.8550119,982.82916,1288.1331,58729.93,3441896,0.69820982,1.2406089,0.48515567,1.5421231,11.956444,1.3103654,0.94632536,1.7604166,3265,1.8428773
1441880,68,1060,1348,5367.6714,0.046568993,355.54779,32.210888,123.42171,10.270141,903.20917,1203.5094,58994.836,3422252,0.69704407,1.2659043,0.48840579,1.5433229,11.985417,1.3135408,0.9466185,1.7585784,3265,1.8405166
1441881,68,1062,1335,5349.9575,0.042742904,351.42807,33.073399,123.53277,8.862031,954.37921,1254.146,58751.383,3409144,0.69850355,1.2653903,0.48334539,1.5419854,11.932406,1.307731,0.94608182,1.7619486,3265,1.844192
1441882,68,1064,1324,5297.2563,0.038707327,347.56726,34.201214,123.71516,7.4539218,1017.7449,1311.396,59347.695,3498264,0.69619423,1.269502,0.47797835,1.5374631,11.91803,1.3061554,0.94593596,1.7628677,3265,1.8484025
1441883,68,1066,1299,5203.6855,0.039211351,343.30072,35.183556,123.96808,6.0458126,1000.2603,1291.3815,58762.453,3464580,0.69829464,1.2520827,0.46575832,1.5259286,11.88938,1.3030157,0.94564492,1.7647059,3265,1.8589296
1441884,68,1068,1281,5057.0459,0.040382139,338.42899,36.321083,124.29069,4.6377029,960.05225,1254.4655,58784.309,3495756,0.70375073,1.229239,0.4566845,1.5155472,11.879861,1.3019724,0.94554812,1.7653186,3265,1.8677454
1441885,68,1070,1237,4940.8433,0.038606625,334.7854,37.754234,124.68213,3.2295938,983.82623,1268.1615,57617.09,3452252,0.71927071,1.1440274,0.44802609,1.5365838,11.475597,1.2576671,0.94138199,1.7922794,3265,1.8726341
1441886,68,1072,1246,5025.248,0.045338742,334.40018,38.591396,125.14104,1.8214843,892.32739,1180.1819,59429.383,3601624,0.69151598,1.2923385,0.44357422,1.5100875,11.734241,1.2860131,0.94405979,1.7748162,3265,1.8799256
1441887,68,1074,1200,4822.8169,0.05823151,330.39011,40.498024,125.66659,0.41337493,719.39398,1020.1788,58210.152,3579336,0.7100153,1.2024829,0.42811275,1.5084736,11.497828,1.2601035,0.94161391,1.7907475,3265,1.8942642
1507392,70,1012,856,3420.7952,0.02503744,52.775673,57.693474,148.0379,0.40853667,1115.8453,1310.3083,51707.809,4041412,0.71719682,0.79414421,0.32277527,1.5177577,9.6412907,1.0566365,0.92096895,1.9430147,3265,2.0088947
1507393,70,1014,908,3642.7825,0.02029033,49.100986,54.719742,150.19913,2.09658,1281.4165,1502.0244,52391.43,4025860,0.69747776,0.82603139,0.34122512,1.5291686,9.8362255,1.0780004,0.92326987,1.9243259,3265,1.9844975
1507394,70,1016,900,3591.7661,0.020879187,47.078972,54.114796,148.23473,3.8662076,1234.0989,1470.2872,52585.215,4172420,0.67853171,0.82305717,0.33821872,1.5268209,9.8102131,1.0751494,0.92296481,1.926777,3265,1.9884132
1507395,70,1018,651,2603.8513,0.04641933,51.91806,36.531002,117.87534,3.936686,630.69885,839.58289,27220.893,1517844,0.77342784,0.61757964,0.24837849,1.4508948,8.9547052,0.98139018,0.91257542,2.0153186,3265,2.1230924
1507396,70,1020,926,3725.3877,0.035417885,48.850128,52.196003,144.19217,2.7412384,922.47485,1149.6863,51743.312,3899536,0.70969588,0.80365282,0.34838223,1.5358037,9.8853741,1.0833868,0.92384458,1.9197304,3265,1.9752922
1507397,70,1022,1049,4226.748,0.039858993,45.538601,53.30695,142.11316,1.9331088,922.48096,1154.3698,59502.125,4462960,0.73013377,0.89674008,0.39391664,1.5619899,10.325642,1.1316378,0.92889965,1.8805147,3265,1.922631
1507398,70,1024,1140,4557.1499,0.037381086,42.446014,49.81266,140.01054,2.8162835,988.45068,1237.7291,61991.336,4520080,0.69854903,1.0204192,0.42857143,1.5767952,10.655617,1.1678015,0.93258351,1.8532475,3265,1.8893212
1507399,70,1026,1143,4627.2949,0.036839429,40.889008,47.896233,137.90657,3.8032894,996.0495,1256.3541,60273.691,4289580,0.68867683,1.0586171,0.42953777,1.5767233,10.670943,1.1694812,0.93275249,1.8520221,3265,1.8884139
1507400,70,1028,1133,4567.6338,0.034148395,38.680622,46.140873,135.83533,4.2939844,1007.3602,1296.4789,58487.527,4085104,0.69078618,1.0471404,0.4253003,1.5740744,10.644152,1.1665449,0.93245691,1.8541666,3265,1.892172
1507401,70,1030,1133,4551.5532,0.029259633,36.12582,45.348438,133.81972,3.9116683,1122.2905,1398.1389,58100.902,4070668,0.68673182,1.0470195,0.42577979,1.5754381,10.63271,1.165291,0.93233055,1.8550857,3265,1.8918273
1507402,70,1032,970,3932.2786,0.028964242,32.414036,37.615791,122.05242,3.7524996,1060.3956,1306.1588,43346.246,2681624,0.72114944,0.89098853,0.3686811,1.5592296,9.9450045,1.089922,0.92453903,1.9142157,3265,1.9515103
1507403,70,1034,828,3338.0959,0.046171822,42.436199,27.59796,129.09293,2.5164106,687.18848,953.16003,30925.615,1629048,0.72357744,0.80315542,0.31127819,1.5020423,9.5852365,1.0504932,0.92030084,1.9485294,3265,2.0265858
1507404,70,1036,1170,4694.4395,0.028139966,34.508598,41.242599,127.00946,2.3017256,1157.0433,1447.8882,56697.441,3734320,0.71573335,1.0120983,0.42716318,1.540959,11.093792,1.2158232,0.93734568,1.8195466,3265,1.8910226
1507405,70,1038,1178,4757.8018,0.037175991,33.733665,40.885681,124.69237,3.2810051,993.9942,1268.1681,56163.125,3662984,0.72507298,1.0094341,0.43055555,1.5435557,11.114567,1.2181001,0.93756795,1.8180147,3265,1.8877013
1507406,70,1040,1253,5039.4458,0.036170453,29.261976,38.640099,122.64976,4.679606,1018.2708,1323.1813,58223.098,3680308,0.70168972,1.1126902,0.45713243,1.5484229,11.457874,1.2557248,0.94119686,1.793505,3265,1.8642482
1507407,70,1042,1270,5102.3115,0.034954168,26.439873,37.234764,120.26728,6.2812586,1048.6549,1354.375,57776.523,3564120,0.70099711,1.1353881,0.46367288,1.5506231,11.524619,1.2630397,0.94189298,1.7889093,3265,1.858883
1507408,70,1044,1276,5111.5811,0.038044557,23.495947,35.974537,117.80616,6.0303111,991.52441,1299.3804,57461.344,3503060,0.69671524,1.1583854,0.46535376,1.5494881,11.565041,1.2674696,0.94231308,1.786152,3265,1.857577
1507409,70,1046,1253,5061.0293,0.04680746,19.340923,35.017075,115.27881,4.3793569,868.76422,1165.6464,55806.961,3360048,0.69765598,1.1409676,0.45663264,1.5468873,11.471161,1.2571809,0.94133568,1.7925857,3265,1.8647199
1507410,70,1048,1042,4147.4702,0.075101964,11.269395,26.139116,108.42455,3.072499,557.4278,833.04974,40020.191,2107612,0.71312463,0.98318511,0.38154522,1.5234226,10.557059,1.1570001,0.93149221,1.8612132,3265,1.9389508
1507411,70,1050,1113,4430.2754,0.041030202,17.955442,26.723415,112.93829,2.5417776,885.77734,1164.8458,44556.824,2440088,0.68235439,1.0470208,0.40754303,1.5368463,10.830618,1.1869807,0.93450266,1.8394607,3265,1.9103616
1507412,70,1052,1281,5134.7598,0.056916293,13.99978,32.059063,109.74097,3.1165385,779.8468,1064.7477,55406.758,3216580,0.71475655,1.1413105,0.46547964,1.5446937,11.633043,1.2749225,0.94301736,1.7815564,3265,1.8576531
1507413,70,1054,1290,5176.0361,0.04747992,11.927109,31.949755,110.77241,4.4450336,882.67963,1170.4385,55388.363,3220544,0.71808803,1.1389835,0.46722203,1.5405489,11.71571,1.2839823,0.94386941,1.7760416,3265,1.856495
1507414,70,1056,1332,5360.5381,0.044933967,5.6098828,31.249523,112.24931,6.1052127,915.62842,1224.3955,56812.656,3240080,0.7009756,1.2115457,0.48260871,1.5429178,11.908464,1.3051072,0.94583887,1.7634804,3265,1.8446891
1507415,70,1058,1365,5404.8945,0.045097206,0.57221496,30.541298,114.73818,7.9094558,923.76666,1227.2236,58603.164,3352980,0.69031507,1.2666585,0.49510336,1.545067,12.053572,1.3210102,0.94730586,1.7542893,3265,1.8358414
1507416,70,1060,1357,5405.2505,0.048513744,355.66156,30.392473,121.423,9.7842836,878.98804,1183.2607,57703.277,3248484,0.69512284,1.268469,0.49220166,1.5449797,12.014532,1.3167317,0.94691247,1.7567402,3265,1.8378234
1507417,70,1062,1364,5420.8335,0.045836091,351.44144,31.025085,121.53773,10.282323,920.48773,1219.0856,58827.672,3339496,0.6902253,1.2927122,0.49384505,1.5425612,12.073187,1.3231599,0.94750315,1.7530637,3265,1.8367622
1507418,70,1064,1361,5400.9268,0.040542625,347.49341,31.950544,121.72611,8.8742132,1000.3874,1293.8477,59472.152,3413000,0.68463284,1.3066506,0.49258053,1.5420222,12.063372,1.3220842,0.94740444,1.7536764,3265,1.8376486
1507419,70,1066,1335,5325.3208,0.038790509,343.13025,32.872742,121.98725,7.466104,1023.34,1313.4547,58601.645,3354908,0.68631864,1.2996511,0.482472,1.5394102,11.956444,1.3103654,0.94632536,1.7604166,3265,1.8449541
1507420,70,1068,1304,5226.002,0.042422585,338.58231,33.915043,122.32024,6.0579948,954.51184,1244.2028,57975.199,3347076,0.69265831,1.2713927,0.4700793,1.5344249,11.841937,1.297816,0.94516182,1.7677696,3265,1.8546821
1507421,70,1070,1283,5080.7544,0.046146825,333.97549,35.274639,122.72413,4.6498852,874.67139,1176.2458,58124.035,3391524,0.69444054,1.2634395,0.45756063,1.516283,11.884619,1.3024938,0.94559652,1.7650123,3265,1.8669022
1507422,70,1072,1228,4905.1011,0.055882093,329.90103,37.49519,123.19759,3.2417758,772.90784,1050.2498,57281.164,3417808,0.72158599,1.1275916,0.4450888,1.5368125,11.426991,1.2523401,0.94087374,1.7956495,3265,1.8751596
1507423,70,1074,1242,4965.7178,0.069619708,329.09015,37.874443,123.73962,1.8336664,657.19794,946.73804,58816.934,3520092,0.68055993,1.3114831,0.44230768,1.5102842,11.711086,1.2834756,0.94382185,1.776348,3265,1.8810152
1507424,70,1076,1089,4351.0225,0.069562718,320.88846,38.809425,124.34898,0.42555705,619.28662,886.56854,51515.293,3077744,0.67886758,1.1523135,0.38851231,1.4902937,11.023735,1.2081453,0.93659383,1.824755,3265,1.9372962
1572929,72,1014,938,3727.0012,0.035887849,51.019455,52.570415,145.90195,1.2423581,922.95978,1142.381,52304.977,3904548,0.72422987,0.8230561,0.35409588,1.5425462,9.8985634,1.0848323,0.92399848,1.918505,3265,1.9686785
1572930,72,1016,910,3646.0635,0.033296227,47.63789,51.922852,147.45517,3.1337595,941.27063,1173.0581,50187.059,3736676,0.71449125,0.80547339,0.34378541,1.5358261,9.8004932,1.0740843,0.92285067,1.9276961,3265,1.9815493
1572931,72,1018,870,3453.0576,0.025684426,45.472305,52.218319,145.48412,2.8152738,1068.8751,1299.7861,49673.438,3894012,0.66250545,0.80411297,0.3266992,1.5155394,9.7234249,1.0656379,0.92194265,1.9350491,3265,2.004473
1572932,72,1020,443,1775.0424,0.080100968,67.104774,26.280788,92.715462,1.1083275,353.65323,527.70404,15152.95,700772,0.74300075,0.49940941,0.21515299,1.675947,6.9907875,0.76615483,0.88552797,2.3005514,3265,2.1417279
1572933,72,1022,1085,4318.7104,0.042121384,48.768085,52.481743,141.422,0.68767577,894.48944,1135.0909,60995.246,4513248,0.71263117,0.95768291,0.40743521,1.5673852,10.460308,1.1463966,0.93041354,1.8691789,3265,1.9093221
1572934,72,1024,1176,4700.6294,0.047164857,44.285046,47.236893,139.32896,2.163861,840.62689,1119.1123,61226.762,4329752,0.70337099,1.0630533,0.44111028,1.5782684,10.818772,1.1856825,0.9343735,1.84038,3265,1.8780787
1572935,72,1026,1169,4687.9395,0.042244829,41.569355,45.289398,137.20929,4.032846,900.70325,1180.8892,59257.906,4144144,0.7112214,1.0416807,0.43897858,1.5788606,10.779474,1.1813756,0.93394423,1.8434436,3265,1.8800241
1572936,72,1028,1148,4625.6938,0.046823882,39.070614,43.42099,135.08537,5.9769554,818.8454,1114.191,56285.75,3831540,0.71824092,1.0210489,0.43141675,1.5773405,10.690164,1.1715876,0.93296421,1.8504902,3265,1.8867298
1572937,72,1030,1140,4598.6641,0.034550078,36.536835,42.3494,132.9955,5.0140262,997.01111,1293.291,55357.73,3741668,0.71532738,1.0156845,0.42744657,1.5736195,10.682467,1.1707441,0.93287945,1.8511029,3265,1.8901148
1572938,72,1032,1124,4550.6616,0.026457103,34.747932,41.67873,130.94852,3.0955083,1173.7949,1470.1819,54559.52,3689648,0.69382501,1.0111674,0.42081618,1.5686085,10.640335,1.1661266,0.93241477,1.854473,3265,1.8967345
1572939,72,1034,776,3134.02,0.051820997,31.929468,26.338207,107.5099,1.3320884,620.52948,871.77203,29864.465,1629288,0.67805123,0.78992617,0.28592482,1.4518157,9.5914326,1.0511723,0.92037487,1.9479166,3265,2.0695643
1572940,72,1036,986,3935.2024,0.035431836,44.804165,41.492424,126.16922,0.58469641,964.41113,1181.3855,48110.828,3190232,0.69917524,0.86871904,0.35972273,1.5046278,10.387082,1.1383715,0.92959219,1.8753064,3265,1.9661036
1572941,72,1038,1238,4956.7031,0.036427293,34.054028,38.655796,123.3138,1.8997716,1007.0848,1307.6392,57401.734,3609984,0.68936652,1.1246938,0.45215484,1.5487524,11.378794,1.2470579,0.94036824,1.7990196,3265,1.8683808
1572942,72,1040,1255,5059.6431,0.037599783,29.583681,37.178146,121.83971,3.7453346,996.55029,1300.3857,57095.629,3567388,0.7034319,1.1089305,0.45719489,1.5465252,11.484479,1.2586405,0.94147468,1.7916666,3265,1.8642715
1572943,72,1042,1236,4993.9277,0.039197017,25.079041,35.810982,119.57204,5.6831989,961.77966,1265.3176,54483.441,3310956,0.72472519,1.0656117,0.45043731,1.5454916,11.396273,1.2489736,0.94055176,1.7977941,3265,1.8699739
1572944,72,1044,1221,4910.4072,0.040816732,20.910412,34.261703,117.11206,5.3063984,936.64642,1229.5454,52854.105,3167176,0.73662812,1.0338514,0.44676179,1.5497842,11.283609,1.2366263,0.93936509,1.8057598,3265,1.8729393
1572945,72,1046,1224,4907.1255,0.047354735,16.702229,33.744663,114.57031,3.3784153,854.37927,1141.1344,53075.988,3163800,0.73770434,1.0347506,0.44704163,1.5475047,11.318037,1.2403994,0.93972868,1.8033088,3265,1.8727856
1572946,72,1048,1185,4786.6025,0.054600932,14.095491,32.680153,111.37897,1.5728812,762.96191,1049.5873,51800.238,3068548,0.70150244,1.0485407,0.43153679,1.5391046,11.185787,1.2259054,0.93832755,1.8128064,3265,1.8871065
1572947,72,1050,695,2744.7292,0.089622356,34.229755,6.6391954,77.162231,0.54229176,389.05264,620.36389,20033.996,717888,0.70323223,0.73256981,0.31362817,1.7500902,7.7422109,0.84850693,0.89648449,2.1743259,3265,1.9935118
1572948,72,1052,1213,4862.4531,0.051146459,19.874512,31.986664,109.80042,1.6439432,815.07935,1093.0118,51830.297,2988636,0.72290695,1.0723708,0.44013062,1.5369087,11.348334,1.2437197,0.94004792,1.8011643,3265,1.8795161
1572949,72,1054,1324,5306.3667,0.045199905,11.165127,30.403685,108.70973,3.4597294,898.86694,1214.6042,56097.098,3184912,0.69720584,1.199156,0.47936279,1.541626,11.879861,1.3019724,0.94554812,1.7653186,3265,1.8471344
1572950,72,1056,1361,5443.4258,0.047306959,5.8168783,29.503338,110.20354,5.3900809,892.69049,1202.4819,57144.691,3201616,0.69547045,1.231691,0.49311593,1.5435312,12.048677,1.3204739,0.94725662,1.7545956,3265,1.8372327
1572951,72,1058,1384,5505.0508,0.050193012,0.5310452,28.807751,112.74136,7.3539634,862.72296,1173.9889,58231.934,3263888,0.69094163,1.266228,0.50254178,1.5465732,12.132418,1.3296514,0.94809747,1.7493873,3265,1.8309122
1572952,72,1060,1380,5494.1348,0.045687374,355.13727,28.51512,119.42438,9.332058,920.66357,1229.296,57634.863,3183072,0.69323915,1.2722857,0.49963793,1.5426482,12.15229,1.3318293,0.94829643,1.7481618,3265,1.8328658
1572953,72,1062,1384,5497.5117,0.049590748,350.427,28.936808,119.54299,11.317444,876.45282,1180.2872,58144.879,3211576,0.68807858,1.3068454,0.50126767,1.5431401,12.167238,1.3334675,0.94844586,1.7472427,3265,1.8317847
1572954,72,1064,1387,5493.8716,0.045692299,346.21097,29.749029,119.73776,10.294505,931.27301,1229.2003,59006.316,3292688,0.68181664,1.3284602,0.50199062,1.5421388,12.192232,1.3362067,0.94869548,1.7457107,3265,1.831336
1572955,72,1066,1370,5449.4775,0.045225319,342.05539,30.68461,120.00764,8.8863955,936.46503,1230.5282,58792.949,3289072,0.6827606,1.3182693,0.49583787,1.5421115,12.107668,1.3269389,0.94784939,1.7509191,3265,1.8354205
1572956,72,1068,1347,5388.1797,0.046647009,337.79202,31.636475,120.35165,7.4782863,911.39807,1204.7975,58368.43,3289856,0.68384093,1.3094828,0.4864572,1.5387008,12.024268,1.3177987,0.9470107,1.7561275,3265,1.8421032
1572957,72,1070,1335,5311.103,0.053007901,333.4079,32.529839,120.76875,5.7950349,828.93488,1122.0881,58669.723,3330972,0.68051928,1.3213034,0.48194945,1.5378495,11.970913,1.3119513,0.94647181,1.7594975,3265,1.8454263
1572958,72,1072,1304,5195.1646,0.054830778,329.45126,34.217827,121.25764,3.8547101,803.39227,1091.1699,58793.957,3393436,0.68140537,1.3137523,0.46455291,1.5159782,11.999957,1.3151343,0.94676536,1.7576593,3265,1.8611765
1572959,72,1074,1220,4876.853,0.089243449,324.00558,37.140102,121.81717,1.9995779,555.69653,828.6795,56607.02,3331864,0.71954572,1.1279343,0.44234952,1.5365559,11.387527,1.248015,0.94045991,1.7984068,3265,1.8775821
1572960,72,1076,862,3462.0405,0.080486141,299.74548,33.84367,87.825775,0.61724639,527.83252,735.20837,35034.551,1694024,0.73209268,0.85843021,0.36571914,1.7174412,8.5743694,0.93970734,0.9077152,2.0603554,3265,1.9364675
1572961,72,1078,847,3339.479,0.04398505,330.04913,36.720974,123.14225,0.43773916,731.14148,976.76874,41720.363,2637348,0.63759732,0.95808142,0.30271623,1.4251908,10.097276,1.1066101,0.9262982,1.9004289,3265,2.0550799
1638465,74,1014,1078,4357.0054,0.038150605,58.529606,54.553772,148.53342,0.70320988,958.08008,1197.9764,62920.137,4828044,0.668329,1.0729288,0.40419948,1.5643195,10.449258,1.1451856,0.93028986,1.870098,3265,1.9125062
1638466,74,1016,1075,4331.29,0.034823738,56.053993,52.683212,143.84064,2.6717143,979.47827,1250.1896,60828.902,4508784,0.67801827,1.0300324,0.40383172,1.5661689,10.419907,1.1419688,0.92996091,1.8725491,3265,1.9129615
1638467,74,1018,1079,4353.3706,0.041613098,53.184799,51.86412,138.10974,2.6211874,873.90302,1146.5757,60532.617,4451272,0.6748054,1.0325674,0.40655613,1.571581,10.401645,1.1399674,0.92975587,1.8740809,3265,1.9098332
1638468,74,1020,1024,4082.1221,0.038839959,47.497654,51.045341,142.73813,0.70852518,902.68671,1149.2343,56602.953,4151284,0.6875248,0.93346995,0.38467318,1.5575035,10.233067,1.1214921,0.92785031,1.8884804,3265,1.9325879
1638469,74,1022,1213,4879.4146,0.044328045,52.244858,48.990074,140.71889,0.12036241,907.78894,1176.1143,65604.539,4647620,0.68308944,1.1332492,0.45567241,1.5833983,10.950514,1.2001207,0.93580419,1.8302696,3265,1.86629
1638470,74,1024,1268,5127.5039,0.042190321,50.436043,46.681095,138.6553,1.9236901,921.40973,1235.8094,66786.609,4727472,0.66498649,1.218117,0.4756189,1.585031,11.194226,1.2268302,0.93841738,1.8121936,3265,1.851133
1638471,74,1026,1279,5179.019,0.048596062,48.460941,44.648918,136.54741,3.8893428,840.44464,1157.2526,65286.156,4515000,0.66546267,1.2334789,0.47956505,1.5850471,11.245129,1.2324089,0.93895775,1.8085171,3265,1.8483108
1638472,74,1028,1287,5224.856,0.040595658,46.697037,42.812237,134.40918,5.8755035,933.00848,1271.7516,64428.883,4394248,0.66233695,1.2432227,0.48256469,1.5853125,11.279321,1.2361562,0.93931973,1.8060662,3265,1.8462534
1638473,74,1030,1279,5185.3472,0.038723864,44.956966,40.565178,132.2646,4.8953466,936.22711,1297.1927,61983.773,4089192,0.66488147,1.2397729,0.47813085,1.580687,11.283609,1.2366263,0.93936509,1.8057598,3265,1.8494115
1638474,74,1032,1281,5163.3306,0.031035393,42.175831,40.232536,130.15501,2.9159663,1104.0331,1445.91,62122.191,4086028,0.6576966,1.2457089,0.46598762,1.5462344,11.619379,1.2734249,0.9428761,1.7824755,3265,1.8571846
1638475,74,1034,1195,4827.5386,0.03161161,37.114304,40.977474,128.05695,0.98328638,1080.9408,1385.3021,58298.41,3820928,0.66049492,1.1411189,0.43502003,1.5397533,11.23236,1.2310095,0.93882239,1.8094363,3265,1.8838769
1638477,74,1038,1301,5278.5557,0.034415577,38.11932,36.687035,123.2463,1.6337302,1062.7407,1388.3052,59394.965,3670876,0.6746006,1.215497,0.47343522,1.5478086,11.706467,1.2829692,0.94377434,1.7766544,3265,1.8513516
1638478,74,1040,1322,5329.4834,0.039715923,34.925236,35.71225,120.46036,3.5925004,968.83148,1298.5693,59779.949,3668488,0.67764986,1.2216768,0.48160291,1.5501351,11.790184,1.2921443,0.94463319,1.7711397,3265,1.8452263
1638479,74,1042,1332,5396.8945,0.037508048,31.815538,34.371517,118.89467,5.5769863,1014.3108,1344.6667,59258.719,3586972,0.67700344,1.2292305,0.48418757,1.5474567,11.865611,1.3004107,0.94540304,1.7662377,3265,1.8434051
1638480,74,1044,1326,5357.8433,0.036261242,28.763811,32.511456,116.46296,5.1934338,1035.2957,1362.6321,57394.18,3372960,0.68306893,1.2167881,0.48270839,1.5492707,11.818357,1.2952318,0.94492114,1.7693014,3265,1.8444375
1638481,74,1046,1332,5382.3188,0.041667312,24.637196,31.711647,113.91512,3.2116826,953.53088,1274.0659,57533.434,3353240,0.6839695,1.2201173,0.48489261,1.5494407,11.846664,1.2983342,0.94520998,1.7674632,3265,1.8428657
1638482,74,1048,1316,5326.9229,0.053987291,19.945433,31.230202,111.27357,1.2649653,796.38171,1113.5183,56621.484,3239312,0.6858657,1.20428,0.47941712,1.5499301,11.762146,1.2890714,0.94434601,1.7729779,3265,1.8468275
1638484,74,1052,1352,5432.9004,0.061668292,15.247267,28.965879,106.20534,1.3464214,731.14636,1052.1796,56542.57,3140968,0.70064908,1.2201291,0.49056605,1.5454037,11.985417,1.3135408,0.9466185,1.7585784,3265,1.8389444
1638485,74,1054,1366,5499.4321,0.056447275,10.803312,27.871647,106.64478,3.2962298,790.94135,1106.4769,56077.031,3057860,0.70310789,1.2348039,0.49618599,1.5470469,12.038902,1.3194025,0.94715816,1.7552084,3265,1.8350811
1638486,74,1056,1383,5573.1016,0.048487473,6.4130325,27.468843,108.15762,5.2786374,881.74341,1201.8179,56764.188,3095716,0.6979416,1.2541513,0.50054288,1.5421491,12.172229,1.3340144,0.94849575,1.7469363,3265,1.8322824
1638487,74,1058,1403,5600.3413,0.051558547,1.3691013,26.936676,110.74472,7.2697735,848.5708,1168.3201,58006.723,3183248,0.69002229,1.2849356,0.50814921,1.5429758,12.262766,1.3439368,0.94939786,1.7414216,3265,1.8273952
1638488,74,1060,1393,5569.0112,0.043251485,355.66302,26.612112,117.42584,9.2644901,949.14557,1272.0187,57047.832,3081052,0.69371074,1.2777779,0.50489306,1.5440726,12.202259,1.3373055,0.9487955,1.745098,3265,1.829432
1638489,74,1062,1382,5558.812,0.051792834,350.29068,26.878685,117.5486,11.2609,841.4519,1161.3446,56500.777,3030528,0.69488436,1.2847902,0.50090611,1.5441326,12.147316,1.3312842,0.94824666,1.7484682,3265,1.8320016
1638490,74,1064,1385,5558.4683,0.049051393,345.69647,27.679771,117.75014,11.674576,879.46155,1193.3197,57586.633,3137860,0.68721122,1.3060846,0.5010854,1.5416472,12.187225,1.335658,0.94864553,1.7460171,3265,1.8319397
1638491,74,1066,1377,5532.7515,0.044870406,341.35822,28.662275,118.02936,9.6779585,936.88293,1244.7883,57868.918,3174808,0.68285984,1.3188841,0.49819103,1.5416447,12.147316,1.3312842,0.94824666,1.7484682,3265,1.8338537
1638492,74,1068,1357,5474.3096,0.047920708,336.9975,29.698975,118.38509,7.6827435,895.68048,1198.1412,57539,3176908,0.68437338,1.3034151,0.49113283,1.541966,12.043788,1.3199379,0.94720739,1.754902,3265,1.8386536
1638493,74,1070,1344,5392.9307,0.054836802,332.26328,30.621164,118.81623,5.6906929,813.31708,1111.6838,57691.539,3207436,0.67998862,1.3151815,0.48467365,1.5365441,12.029142,1.3183328,0.94705981,1.7558211,3265,1.8435147
1638494,74,1072,1333,5328.7183,0.051515669,328.33295,31.799992,119.32152,3.7055275,845.85309,1140.1097,58395.477,3294892,0.67531186,1.3238572,0.48157513,1.538828,11.951629,1.3098377,0.94627661,1.760723,3265,1.8456448
1638495,74,1074,1304,5233.8569,0.058374364,324.55804,33.205296,119.89948,1.7439146,773.10431,1061.4628,58108.16,3318904,0.66741568,1.3459193,0.46638054,1.5222911,11.946817,1.3093104,0.94622785,1.7610294,3265,1.8588569
1638496,74,1076,1190,4780.7222,0.073263802,325.94107,38.943447,120.54867,0.0017525492,669.12903,905.53857,56292.711,3335636,0.70645344,1.133232,0.44041452,1.5639992,11.015551,1.2072483,0.93650573,1.8253677,3265,1.8773246
1638497,74,1078,1014,4038.4104,0.062747687,330.39612,41.866116,121.26764,0.87761199,671.82001,899.31384,49585.223,3029556,0.63463145,1.1150841,0.37458441,1.5323218,10.358078,1.1351928,0.92926562,1.8777573,3265,1.9448434
1638498,74,1080,998,4032.4185,0.041490734,316.93524,35.325569,95.434433,0.44992128,812.18707,1105.127,44262.547,2355744,0.67350346,1.1474558,0.35719398,1.4751638,10.628901,1.1648736,0.93228841,1.8553921,3265,1.9751766
1704001,76,1014,1105,4449.3022,0.039768524,60.893394,54.055363,147.63937,0.475014,931.95697,1185.7173,63983.633,4858488,0.67380154,1.0624357,0.41447863,1.5701588,10.542058,1.155356,0.9313255,1.8624387,3265,1.9017746
1704002,76,1016,1139,4574.1709,0.039613899,60.20723,51.484379,145.79755,2.4742537,932.4278,1204.5847,63355.602,4689152,0.67150754,1.0955046,0.4270716,1.5734903,10.678623,1.1703228,0.93283713,1.8514093,3265,1.8904575
1704003,76,1018,1186,4740.2275,0.037194744,58.697994,49.032673,141.81444,3.4823005,978.61414,1265.5046,63644.094,4542516,0.67787051,1.1312574,0.4451952,1.5801615,10.850418,1.1891507,0.93471837,1.8379289,3265,1.8747098
1704004,76,1020,1222,4873.1353,0.03772831,56.41589,47.210567,135.64525,2.1849833,974.70795,1274.0178,64194.953,4493928,0.68143952,1.1557988,0.45991719,1.5861994,10.966702,1.2018948,0.93597913,1.8290441,3265,1.8632505
1704005,76,1022,1242,4948.8857,0.034031086,54.795815,45.636669,139.9967,1.9351469,1041.6219,1351.8258,64551.852,4506760,0.67303652,1.1824816,0.46604127,1.5841179,11.081365,1.2144612,0.93721253,1.8204657,3265,1.8581617
1704006,76,1024,1250,5022.0693,0.036123227,52.92746,45.229725,137.96823,2.9487629,1012.3722,1321.7612,63629.715,4353368,0.67733675,1.190027,0.46921921,1.5849968,11.110406,1.217644,0.93752342,1.8183211,3265,1.8558626
1704007,76,1026,1303,5225.7808,0.036761526,51.240097,43.612202,135.89241,4.5501595,1014.615,1336.5455,65603.594,4492424,0.65910172,1.266042,0.48764971,1.5836635,11.370074,1.2461023,0.94027656,1.7996323,3265,1.8425398
1704008,76,1028,1313,5301.9233,0.04024601,49.533489,41.614735,133.76872,6.355125,915.42877,1286.6494,64366.23,4309052,0.65923089,1.2744218,0.4904744,1.5807813,11.440206,1.2537884,0.94101208,1.7947304,3265,1.8409367
1704009,76,1030,1322,5306.9648,0.035429262,47.68478,39.968361,131.61023,5.450767,993.01489,1371.9774,64034.215,4241680,0.65378428,1.2932085,0.48125228,1.5491445,11.799561,1.2931718,0.94472909,1.770527,3265,1.8454965
1704010,76,1032,1307,5258.1089,0.037617665,45.880791,38.143581,129.44429,3.7213364,974.06775,1325.3293,61329.742,3922380,0.65711313,1.2834967,0.47544563,1.5475742,11.738882,1.2865218,0.94410741,1.7745098,3265,1.8498362
1704011,76,1034,1323,5304.5215,0.034696676,42.957066,37.876232,127.31381,2.3326995,1046.1447,1386.0667,61627.867,3926216,0.669514,1.25589,0.49587706,1.5855794,11.440206,1.2537884,0.94101208,1.7947304,3265,1.8375088
1704012,76,1036,1374,5504.0898,0.030488919,42.927536,34.836506,125.16274,1.880589,1158.5515,1506.1792,61688.207,3793284,0.66332185,1.3060895,0.5,1.5495008,12.053572,1.3210102,0.94730586,1.7542893,3265,1.8325518
1704013,76,1038,1365,5449.6255,0.031142842,40.3349,34.018173,122.59811,2.7435567,1138.733,1482.8907,60678.637,3696928,0.66846597,1.2774382,0.49600291,1.5475302,12.029142,1.3183328,0.94705981,1.7558211,3265,1.8351988
1704014,76,1040,1363,5463.8809,0.034505364,37.516289,33.166832,120.31612,4.2920632,1068.6021,1410.6272,59536.234,3557824,0.66964447,1.2781392,0.49563637,1.548493,12.009669,1.3161987,0.94686341,1.7570466,3265,1.8354367
1704015,76,1042,1365,5488.1343,0.038613532,34.89727,32.503574,117.60576,6.0774798,1001.3401,1336.434,59151.02,3502404,0.67394435,1.2659522,0.49582273,1.5470401,12.03402,1.3188674,0.94710898,1.7555147,3265,1.8353249
1704016,76,1044,1357,5465.2036,0.038765859,32.158497,31.254309,115.83637,5.7234516,994.11176,1331.0164,57766.781,3350976,0.67627597,1.2629188,0.49345455,1.5484371,11.980578,1.3130106,0.94656956,1.7588848,3265,1.83691
1704017,76,1046,1369,5482.5415,0.041849799,28.437881,30.247156,113.31421,3.967274,951.02576,1283.0665,57923.227,3323212,0.68101847,1.2637793,0.49781817,1.5485258,12.038902,1.3194025,0.94715816,1.7552084,3265,1.8339838
1704018,76,1048,1365,5497.1206,0.052827474,23.837351,29.612709,110.66933,2.5012743,815.32196,1143.5171,57327.395,3234076,0.68614614,1.2501199,0.49690571,1.5499613,12.004811,1.3156663,0.94681436,1.7573529,3265,1.8345863
1704019,76,1050,1338,5371.4888,0.054586731,18.830677,30.152596,107.93585,1.8589717,789.6629,1112.0101,55129.328,3040768,0.70743459,1.2040942,0.48849946,1.5534799,11.837214,1.2972984,0.9451136,1.7680759,3265,1.8403114
1704020,76,1052,1412,5673.4404,0.05422904,16.301003,26.091181,105.30343,2.5527582,818.43481,1146.6007,57496.68,3116840,0.69296986,1.280226,0.51140893,1.5428171,12.308541,1.3489536,0.94985211,1.7386643,3265,1.8253869
1704021,76,1054,1414,5685.7407,0.048537455,11.541433,25.057755,105.50573,4.0387506,886.75763,1213.277,56434.324,2984076,0.69448876,1.2923779,0.51306242,1.5451849,12.293245,1.3472772,0.94970042,1.7395834,3265,1.824378
1704022,76,1056,1429,5707.1079,0.047188919,7.0333643,24.818598,106.10937,5.8018527,909.34961,1232.8009,57345.328,3040240,0.68788582,1.3126285,0.51719147,1.5414127,12.40631,1.3596685,0.95081806,1.7328432,3265,1.8219419
1704023,76,1058,1447,5718.4375,0.045964058,2.2740831,24.673431,108.74826,7.6708446,926.91949,1250.3582,58977.973,3175192,0.67720306,1.3404344,0.52408546,1.5417068,12.489854,1.3688246,0.951639,1.7279412,3265,1.8180107
1704024,76,1060,1432,5670.3867,0.048546731,357.10004,24.701477,115.42741,9.5887947,886.12036,1211.5219,57787.922,3061448,0.68252856,1.3297842,0.5195936,1.544659,12.385598,1.3573986,0.95061386,1.7340686,3265,1.8205554
1704025,76,1062,1411,5617.4429,0.043350458,351.66647,24.831026,115.55459,11.532803,951.6441,1276.0786,56862.637,3000860,0.68582714,1.3282809,0.51141715,1.5438073,12.293245,1.3472772,0.94970042,1.7395834,3265,1.8253741
1704026,76,1064,1409,5605.5298,0.047409173,346.98325,25.539335,115.76334,11.937685,896.2829,1218.9393,57435.883,3062224,0.68138367,1.3441225,0.51013756,1.5423882,12.29834,1.3478355,0.94975096,1.739277,3265,1.8261708
1704027,76,1066,1397,5588.5283,0.042879961,342.62915,26.488607,116.05252,9.9897919,959.75934,1279.7539,57624.695,3099952,0.67701048,1.3444161,0.50524414,1.5410789,12.25264,1.3428271,0.94929719,1.7420343,3265,1.829264
1704028,76,1068,1384,5541.8091,0.049127635,337.99475,27.40904,116.42075,8.0652723,873.33405,1190.6052,57506.402,3104244,0.67613024,1.3414086,0.5007236,1.5416491,12.182222,1.3351097,0.94859558,1.7463236,3265,1.8321769
1704029,76,1070,1367,5444.2231,0.05547018,332.83405,28.314207,116.86684,6.1830068,794.38538,1110.5627,57336.387,3114588,0.67286521,1.354811,0.49279019,1.5364747,12.147316,1.3312842,0.94824666,1.7484682,3265,1.8377521
1704030,76,1072,1349,5376.2744,0.049706932,328.29889,29.417622,117.38953,4.3898125,852.52869,1165.8352,57453.535,3157660,0.6714139,1.3471673,0.48647675,1.5366701,12.053572,1.3210102,0.94730586,1.7542893,3265,1.8422039
1704031,76,1074,1330,5320.959,0.05774197,324.62045,31.023451,117.98708,2.8202343,777.05396,1076.1036,57989.754,3252188,0.6661858,1.3441112,0.47910663,1.5345173,11.975744,1.3124807,0.94652069,1.7591912,3265,1.8477597
1704032,76,1076,1323,5248.1284,0.056722831,320.86353,32.326298,118.65814,1.897532,770.49524,1078.2717,58505.656,3295948,0.65737796,1.3729855,0.47487438,1.5288408,11.99026,1.3140715,0.94666743,1.7582721,3265,1.8514565
1704033,76,1078,1185,4755.8755,0.051848471,318.97083,33.957741,119.401,2.2737849,783.88983,1073.624,52486.504,2948156,0.65558356,1.2400042,0.42140824,1.5009425,11.471161,1.2571809,0.94133568,1.7925857,3265,1.9020181
1704034,76,1080,1083,4357.2544,0.038338847,315.63528,34.205528,118.4937,1.8702128,926.88025,1195.0659,47401.52,2565440,0.6709097,1.1790137,0.38472468,1.4813416,11.04836,1.210844,0.93685848,1.8229166,3265,1.9434028
1704035,76,1082,1165,4624.8804,0.027978931,314.75067,36.619411,120.99069,0.4621034,1115.6041,1441.251,54792.984,3214452,0.62303144,1.3864597,0.41356054,1.4948617,11.405032,1.2499336,0.94064367,1.7971814,3265,1.9108686
1769537,78,1014,1172,4685.9111,0.035093457,63.947987,52.520554,146.59579,0.53639293,986.46075,1295.3552,66695.453,4966732,0.67363447,1.1223413,0.43928036,1.5769495,10.81089,1.1848186,0.93428749,1.8409927,3265,1.8795753
1769538,78,1016,1171,4689.1328,0.038233321,63.597469,49.862965,144.87422,2.5283682,920.86401,1241.4528,63953.387,4657420,0.66902274,1.1683044,0.43874109,1.5763915,10.81089,1.1848186,0.93428749,1.8409927,3265,1.8800061
1769539,78,1018,1198,4789.9468,0.036041688,61.921478,48.295815,143.06364,4.5217619,957.32629,1292.3131,63824.199,4585960,0.66701812,1.1574241,0.44902548,1.5795197,10.914268,1.1961483,0.93541187,1.833027,3265,1.8713683
1769540,78,1020,1237,4937.4775,0.036829878,59.615475,46.304958,139.79593,4.0521846,950.54523,1297.9481,64292.77,4513236,0.66647571,1.1979984,0.46433935,1.5842361,11.056592,1.2117463,0.93694687,1.8223039,3265,1.859494
1769541,78,1022,1260,5024.3018,0.036191203,57.799232,43.915668,132.85782,3.9026558,956.50677,1320.8129,63635.547,4335508,0.66923356,1.2223642,0.47350621,1.5867541,11.1396,1.2208436,0.93783534,1.8161764,3265,1.8529359
1769542,78,1024,1279,5093.1016,0.032351773,56.351318,42.262394,137.25685,4.5559769,1040.9377,1406.5238,63660.031,4300204,0.66170752,1.2523679,0.47884688,1.5833766,11.262198,1.2342798,0.93913859,1.8072916,3265,1.8485771
1769543,78,1026,1296,5215.0801,0.035159811,54.53521,41.499031,135.21851,5.7771645,969.55243,1365.2499,62917.059,4145556,0.66563469,1.2624145,0.4848485,1.5820777,11.348334,1.2437197,0.94004792,1.8011643,3265,1.844901
1769544,78,1028,1325,5345.7764,0.035544757,52.600754,40.546085,133.1317,7.3135929,946.0553,1374.7463,64217.457,4255728,0.6497817,1.3136804,0.48164305,1.5472473,11.832494,1.2967812,0.9450655,1.7683823,3265,1.8452517
1769545,78,1030,1336,5410.7051,0.043048687,50.806763,38.824711,130.99321,6.5284572,829.24872,1256.7587,63482.742,4135028,0.64956826,1.3237368,0.4856416,1.5475621,11.884619,1.3024938,0.94559652,1.7650123,3265,1.8423624
1769546,78,1032,1324,5332.8691,0.041807625,48.122166,37.459061,128.81313,5.1225505,872.79498,1266.0698,61466.375,3929084,0.66466743,1.2789997,0.49625188,1.5855861,11.444617,1.254272,0.94105828,1.7944241,3265,1.837275
1769547,78,1034,1372,5521.6914,0.039919529,47.981335,34.638985,126.62448,4.1444879,914.29785,1318.4033,61803.309,3821376,0.65682197,1.3318763,0.49890909,1.5485336,12.053572,1.3210102,0.94730586,1.7542893,3265,1.8332649
1769548,78,1036,1389,5568.1255,0.032612905,45.396873,33.61515,124.47182,3.8711154,1052.9551,1464.754,62046.055,3814804,0.65958446,1.316403,0.50417423,1.5460562,12.162251,1.3329209,0.94839603,1.7475491,3265,1.8298705
1769549,78,1038,1368,5512.0493,0.031031838,43.1422,32.317417,122.26313,4.4145689,1096.8475,1494.0245,59148.117,3510720,0.66300154,1.2989281,0.49709302,1.5475476,12.043788,1.3199379,0.94720739,1.754902,3265,1.8344707
1769550,78,1040,1384,5528.7627,0.035495833,40.734207,31.146986,119.67573,5.5689187,1011.66,1399.0403,59461.938,3509124,0.65993965,1.3150169,0.50308979,1.5480251,12.117556,1.3280225,0.94794858,1.7503064,3265,1.8305566
1769551,78,1042,1398,5582.0938,0.036006,37.692898,30.176224,117.3778,7.0697842,1008.4738,1395.7771,59643.102,3483480,0.66255504,1.3148907,0.50688905,1.5445069,12.222362,1.3395087,0.94899589,1.7438725,3265,1.8281662
1769552,78,1044,1408,5601.0903,0.038618304,34.809658,29.093422,114.74991,6.7623682,958.25189,1350.0337,59256.371,3401792,0.66370964,1.3257856,0.51125634,1.5462726,12.25264,1.3428271,0.94929719,1.7420343,3265,1.8254691
1769553,78,1046,1388,5598.3711,0.040204976,31.249331,28.273748,112.74908,5.3123846,931.58032,1322.8051,57597.859,3248480,0.67485023,1.289443,0.50472724,1.5484769,12.132418,1.3296514,0.94809747,1.7493873,3265,1.8295171
1769554,78,1048,1375,5511.1035,0.049994696,25.516809,28.90823,110.12064,4.253046,802.94995,1176.9615,57116.305,3209792,0.6896705,1.2507405,0.50054604,1.5499806,12.053572,1.3210102,0.94730586,1.7542893,3265,1.8321992
1769555,78,1050,1401,5584.1675,0.056560718,22.111637,27.124777,107.36698,3.8587458,745.89783,1113.85,56811.184,3084148,0.68909657,1.2836032,0.50908428,1.5473567,12.207278,1.3378557,0.94884557,1.7447916,3265,1.8267986
1769556,78,1052,1427,5729.7695,0.062637806,18.617332,24.326342,104.12643,4.2867479,701.70447,1072.1493,57141.84,3041260,0.68753582,1.311851,0.51684171,1.5424376,12.385598,1.3573986,0.95061386,1.7340686,3265,1.8221412
1769557,78,1054,1434,5732.7017,0.051478576,13.609186,23.234943,102.50529,5.3682671,813.2359,1182.9635,56769.191,2974596,0.68601632,1.3245089,0.52031928,1.5445877,12.395946,1.3585327,0.9507159,1.7334559,3265,1.820142
1769558,78,1056,1444,5754.7153,0.048968095,8.278635,22.584442,104.05862,6.8301172,843.93872,1215.235,56649.43,2921220,0.68245691,1.3457643,0.52451873,1.545593,12.432298,1.3625166,0.95107383,1.7313113,3265,1.8178192
1769559,78,1058,1471,5804.3647,0.045930136,3.1868677,22.54056,106.75199,8.4945879,887.15692,1260.1824,58965.637,3112400,0.66996396,1.3787824,0.53219968,1.5390866,12.633416,1.3845582,0.95304024,1.7196691,3265,1.8136371
1769560,78,1060,1462,5793.1582,0.048028249,357.56573,22.602932,113.42908,10.270746,854.27106,1231.1593,58274.664,3037324,0.67233336,1.3730564,0.52932656,1.5405204,12.574532,1.3781047,0.95246691,1.7230393,3265,1.8151584
1769561,78,1062,1433,5735.1211,0.044119354,351.36823,22.574745,113.561,12.112552,902.56555,1278.0906,56870.137,2940528,0.67729145,1.3556255,0.51957941,1.5436763,12.401126,1.3591003,0.95076698,1.7331495,3265,1.8205568
1769562,78,1064,1432,5713.186,0.048273977,346.10291,23.163961,113.77744,12.499707,847.086,1219.5162,57344.984,2985600,0.67328584,1.3733319,0.5190286,1.5432348,12.401126,1.3591003,0.95076698,1.7331495,3265,1.8208709
1769563,78,1066,1427,5698.1167,0.043653809,341.52191,24.096033,114.07719,10.64788,911.37933,1280.7357,57842.258,3035148,0.66844004,1.3826669,0.51609403,1.540503,12.40631,1.3596685,0.95081806,1.7328432,3265,1.8225973
1769564,78,1068,1417,5651.9473,0.042243909,336.69366,24.949661,114.45884,8.8553429,929.80927,1296.6475,57952.152,3056064,0.66345304,1.3994645,0.51173711,1.5387902,12.375268,1.3562665,0.95051199,1.7346814,3265,1.8252556
1769565,78,1070,1401,5570.5161,0.048481178,331.98254,25.992329,114.92088,7.162219,837.48236,1201.6171,57970.25,3089536,0.66135925,1.3975211,0.5061416,1.5395452,12.288155,1.3467193,0.94964993,1.7398897,3265,1.8287327
1769566,78,1072,1379,5475.688,0.048801977,327.06836,26.968977,115.462,5.6473126,826.99438,1187.4233,57673.172,3099732,0.65904069,1.3956497,0.49729535,1.537091,12.202259,1.3373055,0.9487955,1.745098,3265,1.8346334
1769567,78,1074,1376,5464.0713,0.052704494,324.19949,28.53586,116.08054,4.4668074,796.07196,1141.4037,58999.957,3235764,0.64716387,1.4303219,0.49514213,1.5339707,12.21733,1.3389572,0.94894576,1.7441789,3265,1.836272
1769568,78,1076,1330,5287.7866,0.06073533,318.71365,29.360126,116.7748,3.8809035,695.19104,1045.9747,57209.957,3143232,0.64464092,1.4023958,0.4787617,1.5334514,11.985417,1.3135408,0.9466185,1.7585784,3265,1.8480994
1769569,78,1078,1232,4870.5874,0.045750719,310.35428,27.592379,117.54284,4.1073775,814.95312,1156.6359,50806.184,2611688,0.63323295,1.3586005,0.44268775,1.5238951,11.551535,1.2659895,0.94217283,1.7870711,3265,1.8786436
1769570,78,1080,1179,4736.8062,0.03383686,315.17178,31.585924,117.7941,3.2905042,979.56531,1326.3334,51520.223,2866464,0.63804901,1.2890394,0.42002138,1.5031931,11.422592,1.251858,0.94082767,1.7959559,3265,1.9029024
1769571,78,1082,1170,4629.2949,0.026905153,314.45877,32.258896,119.08492,1.9988956,1125.8828,1470.4309,51639.938,2877904,0.64494163,1.3076913,0.41489363,1.4937186,11.440206,1.2537884,0.94101208,1.7947304,3265,1.909816
1769572,78,1084,1102,4430.7461,0.029270513,303.97394,31.284454,117.75895,1.0820076,1022.372,1379.203,47549.562,2518580,0.6470623,1.3585601,0.39286989,1.4915742,11.085504,1.2149149,0.93725687,1.8201593,3265,1.9324569
1769573,78,1086,954,3806.5327,0.063383952,300.26685,33.478157,113.9282,0.64863133,585.73706,868.72046,40811.508,2116604,0.6587165,1.2203782,0.33579725,1.3640218,10.846453,1.1887161,0.93467516,1.8382353,3265,2.0563669
1769574,78,1088,876,3501.0886,0.05831372,297.39505,35.238647,116.1188,0.64863133,601.31635,868.60254,38467.77,2063108,0.65233922,1.1645533,0.30769232,1.3342707,10.568338,1.1582361,0.9316175,1.8602941,3265,2.1007526
1769575,78,1090,766,3038.137,0.057256799,293.63495,35.840744,118.61167,0.64863133,582.83868,816.57312,33829.5,1852672,0.67583746,1.0598009,0.2699084,1.2966968,10.138672,1.1111469,0.92677301,1.8967525,3265,2.1640942
1769576,78,1092,690,2743.4646,0.11345474,290.03036,36.247055,93.893539,0.64863133,342.2749,551.24329,30377.211,1660684,0.72259736,0.9740532,0.3222793,1.7654407,7.5858622,0.83137196,0.89427352,2.1985295,3265,1.9985185
1769577,78,1094,656,2616.0308,0.11272736,288.21805,38.123772,95.0951,0.64863133,341.25189,540.02228,29643.223,1676088,0.7332806,0.92741174,0.30625585,1.7535126,7.5224066,0.82441753,0.89336628,2.2086396,3265,2.0148199
1769578,78,1096,608,2416.8757,0.10499246,285.31351,40.938087,96.385109,0.64863133,349.88077,537.8399,28199.758,1657932,0.76978564,0.81316739,0.28598306,1.7392867,7.4004722,0.81105417,0.89160651,2.228554,3265,2.0399749
1769579,78,1098,563,2247.6162,0.096653596,283.3371,42.826244,97.758217,0.64863133,366.49057,540.57629,26591.768,1613244,0.7931329,0.72531915,0.26469207,1.7198213,7.3201513,0.8022514,0.89043534,2.2420342,3265,2.0650356
1769580,78,1100,558,2215.3425,0.08179421,283.65701,42.988132,99.183121,0.64863133,408.0997,583.39685,26821.197,1660952,0.75966358,0.80341268,0.25845298,1.7096646,7.3692312,0.8076303,0.89115214,2.2337623,3265,2.0676258
1769581,78,1102,538,2142.3384,0.089364357,282.61932,44.772953,100.013,0.64863133,377.172,548.86658,26362.234,1679936,0.7731511,0.77114344,0.24918944,1.7001371,7.3328128,0.80363905,0.89062059,2.2398896,3265,2.0797482
1769582,78,1104,523,2073.0684,0.11255773,281.52597,46.61541,99.91111,0.64863133,314.64597,481.08749,26004.211,1690172,0.78566039,0.7422713,0.25612146,1.7229992,7.0910139,0.77713913,0.88703954,2.2821691,3265,2.0903683
1769583,78,1106,504,1997.2946,0.1132265,280.70276,47.850441,100.25763,0.64863133,309.74106,470.8168,25555.955,1700704,0.79368234,0.7110303,0.24705882,1.7142205,7.0556097,0.77325892,0.88650745,2.2886028,3265,2.1019268
1769584,78,1108,485,1922.0103,0.12514764,279.87988,49.098022,99.77401,0.64863133,283.7081,439.31036,25056.455,1704816,0.80337393,0.68640196,0.23774509,1.7046555,7.02388,0.76978159,0.88602883,2.2944241,3265,2.1137543
1769585,78,1110,472,1856.2155,0.12259074,279.14346,50.435223,101.65205,0.64863133,284.15479,436.20465,24837.984,1726776,0.80680305,0.67170542,0.23137255,1.6978629,7.0023346,0.76742029,0.88570291,2.2984068,3265,2.1220825
1769586,78,1112,450,1799.7205,0.11027582,278.43585,53.164745,108.63767,0.64863133,318.91711,452.86349,24696.592,1777196,0.83689183,0.6077227,0.22058824,1.6858965,6.9661722,0.76345706,0.88515419,2.3051472,3265,2.1366251
1769587,78,1114,435,1731.934,0.11135353,277.70761,55.905449,109.89236,0.64863133,315.5311,442.09805,24694.287,1820940,0.85789502,0.56120139,0.21323529,1.677389,6.9417295,0.76077825,0.88478202,2.3097427,3265,2.1468728
1769588,78,1116,415,1658.8175,0.11098394,277.00443,57.9944,110.42647,0.64863133,312.37985,433.38531,24334.703,1831144,0.88695651,0.50678217,0.20343137,1.6655922,6.9094048,0.75723565,0.88428837,2.31587,3265,2.1609693
1769589,78,1118,392,1592.7209,0.10966857,276.39209,59.810261,111.17886,0.64863133,310.2565,427.20242,23491.639,1795744,0.91931993,0.46256527,0.19215687,1.6513633,6.8726015,0.7532022,0.88372415,2.3229167,3265,2.177814
1769590,78,1120,384,1543.6559,0.12118952,275.94043,61.757427,108.92061,0.64863133,286.77228,400.08075,23649.178,1837284,0.93148935,0.44183069,0.1882353,1.6462426,6.8598924,0.7518093,0.88352877,2.3253677,3265,2.1838374
1769591,78,1122,371,1507.0254,0.11640568,275.59451,63.655388,113.03139,0.64863133,292.43524,403.34634,23478.236,1862184,0.94976324,0.41022286,0.18186274,1.6377273,6.8393393,0.74955684,0.88321227,2.3293505,3265,2.1938114
1769592,78,1124,366,1477.7001,0.11572947,275.30283,65.38636,114.43777,0.64863133,291.85455,400.56784,23686.633,1909880,0.95273596,0.40567929,0.17941177,1.634387,6.8314672,0.74869406,0.88309079,2.3308823,3265,2.1977103
1769593,78,1126,360,1453.5425,0.25600609,275.05099,67.132698,114.48163,0.64863133,160.27161,267.11215,23954.689,1967692,0.95954812,0.39734834,0.17647059,1.63033,6.8220444,0.74766141,0.8829453,2.3327205,3265,2.2024355
1769594,78,1128,355,1432.3234,0.2546652,274.83011,69.011154,116.41464,0.64863133,160.86412,265.85245,24240.535,2029380,0.96578342,0.39309937,0.1740196,1.6269082,6.8142118,0.74680305,0.8828243,2.3342524,3265,2.2064126
1769595,78,1130,351,1412.1107,0.25313514,274.62451,70.911781,118.40572,0.40243569,161.14735,264.76654,24652.094,2100856,0.97121692,0.38644549,0.17205882,1.6241436,6.8079591,0.74611771,0.88272756,2.3354778,3265,2.2096202
1835073,80,1014,1175,4703.1934,0.039077267,66.332024,51.241329,145.54816,0.81597209,921.54803,1229.8135,65553.336,4778520,0.68000871,1.1210845,0.44007492,1.5763702,10.830618,1.1869807,0.93450266,1.8394607,3265,1.8788199
1835074,80,1016,1187,4756.4023,0.035912767,65.402,49.151115,143.83371,2.7860477,963.14148,1290.0894,64228.426,4633932,0.67149317,1.1405627,0.44473585,1.5780424,10.874274,1.1917652,0.93497783,1.8360907,3265,1.8748924
1835075,80,1018,1188,4747.3066,0.037206847,65.233498,46.494247,142.11128,4.7602677,926.552,1266.2433,61658.531,4338896,0.6676141,1.1903723,0.44527736,1.5785849,10.874274,1.1917652,0.93497783,1.8360907,3265,1.874477
1835076,80,1020,1240,4951.9253,0.034821369,63.112839,45.186901,140.33145,5.9954314,985.73206,1336.8081,63374.379,4422484,0.6571064,1.2159449,0.46389824,1.5805583,11.106248,1.2171882,0.93747896,1.8186275,3265,1.8593781
1835077,80,1022,1278,5143.6646,0.035858501,60.665722,43.577103,137.76453,5.8894968,983.41187,1342.5956,64238.641,4403092,0.65736645,1.2451087,0.47865167,1.5837588,11.253657,1.2333436,0.93904811,1.8079044,3265,1.8487699
1835078,80,1024,1281,5150.6099,0.036401331,59.240429,40.715775,130.07288,6.3638339,938.11511,1333.4467,61965.328,4074984,0.66647881,1.2479942,0.48013493,1.5836953,11.262198,1.2342798,0.93913859,1.8072916,3265,1.8484142
1835079,80,1026,1303,5180.7734,0.031936686,57.691093,38.936485,134.52092,7.3174906,1024.8231,1427.7668,61968.117,4014428,0.65749723,1.2900769,0.47381818,1.5468909,11.724968,1.2849969,0.94396454,1.7754289,3265,1.8510883
1835080,80,1028,1317,5298.394,0.038329676,55.781658,38.3354,132.47391,8.6055784,888.79858,1317.9821,61739.18,3948440,0.65913481,1.3001094,0.47925764,1.5484734,11.780823,1.2911184,0.94453734,1.7717525,3265,1.8469722
1835081,80,1030,1327,5337.2944,0.042368464,52.603352,38.041595,130.37383,7.937264,832.6814,1258.184,62088.785,4006064,0.66100401,1.2893065,0.49700373,1.5847979,11.466728,1.2566952,0.94128942,1.7928921,3265,1.8366722
1835082,80,1032,1369,5482.8213,0.045156565,52.062294,35.554405,128.22115,6.7968545,831.35559,1235.2263,62400.926,3921188,0.65220481,1.3486305,0.49727571,1.5470632,12.053572,1.3210102,0.94730586,1.7542893,3265,1.8343537
1835083,80,1034,1368,5508.5366,0.03990069,50.751724,33.151348,126.01807,6.0616226,906.5481,1317.1427,60473.645,3691432,0.65956205,1.3161553,0.49691245,1.5470585,12.048677,1.3204739,0.94725662,1.7545956,3265,1.8345957
1835084,80,1036,1375,5535.6577,0.037410088,48.025585,31.909046,123.80523,5.8674483,949.8479,1363.6257,59734.727,3581168,0.66456741,1.3022819,0.49891147,1.5456103,12.097796,1.3258569,0.94775039,1.7515318,3265,1.8332876
1835085,80,1038,1385,5525.7026,0.031521562,46.041176,30.411842,121.62896,6.2586961,1072.9719,1484.2083,59268.898,3502372,0.66085327,1.3122075,0.50217551,1.5446154,12.157269,1.3323749,0.9483462,1.7478554,3265,1.8311685
1835086,80,1040,1388,5542.2769,0.032525033,43.734161,29.376101,119.35902,7.1496649,1071.9305,1463.3229,58362.84,3374376,0.6613189,1.3092235,0.50381124,1.5460635,12.157269,1.3323749,0.9483462,1.7478554,3265,1.8301018
1835087,80,1042,1400,5581.9731,0.035894956,40.54332,28.422182,116.74538,8.3960638,1007.9985,1397.9192,58330.719,3333604,0.66073418,1.3160617,0.5076142,1.5444807,12.232437,1.340613,0.9490962,1.7432598,3265,1.8277129
1835088,80,1044,1400,5620.4292,0.035121258,37.355499,27.280457,114.43035,8.1343889,1019.3936,1418.0928,57842.359,3273040,0.66656899,1.2990277,0.50798261,1.5454499,12.222362,1.3395087,0.94899589,1.7438725,3265,1.8274777
1835089,80,1046,1406,5637.4346,0.04236583,33.568176,26.525053,111.89275,6.9457335,905.46478,1293.1169,57534.676,3209348,0.67045557,1.2976978,0.51127273,1.5482165,12.222362,1.3395087,0.94899589,1.7438725,3265,1.825474
1835090,80,1048,1383,5557.2432,0.047929805,26.941833,27.429014,109.61885,6.1402135,835.90509,1207.0682,56216.301,3105928,0.69069839,1.2482594,0.50254363,1.5475476,12.117556,1.3280225,0.94794858,1.7503064,3265,1.8309071
1835091,80,1050,1436,5714.9189,0.056999564,23.986645,24.76589,106.87331,5.8586645,747.25397,1122.4686,57487.945,3077888,0.68114489,1.3170179,0.5212341,1.5449847,12.401126,1.3591003,0.95076698,1.7331495,3265,1.8196298
1835092,80,1052,1435,5782.1592,0.058190487,19.813828,22.422302,103.98521,6.1649375,747.12872,1117.4393,56346.324,2931864,0.68533522,1.3163714,0.51973921,1.542176,12.427092,1.361946,0.95102262,1.7316177,3265,1.820462
1835093,80,1054,1444,5772.9902,0.055473387,14.628437,21.460869,101.13953,6.9898052,773.60083,1143.5707,56490.855,2922132,0.68439674,1.3243068,0.52280957,1.5413568,12.47935,1.3676733,0.951536,1.7285539,3265,1.8187211
1835094,80,1056,1444,5762.291,0.043945815,8.6455097,20.664124,102.00516,8.1917925,911.11353,1283.6415,55626.617,2804856,0.68487763,1.3353153,0.52394778,1.5441928,12.447942,1.3642312,0.95122766,1.7303921,3265,1.8181087
1835095,80,1058,1461,5789.8281,0.048261575,3.0611629,20.5832,104.75594,9.6414766,853.21759,1227.8265,57221.332,2941328,0.67690361,1.3554132,0.53011608,1.5433737,12.537344,1.3740292,0.95210385,1.7251838,3265,1.8147817
1835096,80,1060,1462,5803.8472,0.048090275,357.2724,20.813349,111.43088,11.249751,853.4632,1231.4996,57327.66,2934856,0.67499822,1.3602892,0.52932656,1.5405204,12.574532,1.3781047,0.95246691,1.7230393,3265,1.8151584
1835097,80,1062,1445,5766.7646,0.047894873,350.56091,20.851757,111.56786,12.961081,852.47388,1230.0607,56425.891,2863776,0.67786139,1.3545547,0.52374047,1.5427387,12.468863,1.366524,0.95143312,1.7291666,3265,1.8182079
1835098,80,1064,1437,5730.9463,0.051445793,344.30685,21.269806,111.79253,13.325027,808.10651,1183.1592,56405.359,2867948,0.67545354,1.3662106,0.52046359,1.5421042,12.437508,1.3630877,0.95112509,1.731005,3265,1.8200477
1835099,80,1066,1437,5715.6577,0.043907054,339.38681,22.238148,112.10358,11.597084,907.2229,1279.001,57199.867,2943728,0.66957045,1.3838445,0.51971066,1.5401831,12.458394,1.3653766,0.9513303,1.7297794,3265,1.8204874
1835100,80,1068,1424,5685.5088,0.043240484,334.56656,23.271412,112.49959,9.9637842,916.52063,1285.4178,57422.07,2982240,0.66535032,1.3856487,0.51426506,1.538627,12.411499,1.3602372,0.95086914,1.7325368,3265,1.823722
1835101,80,1070,1411,5632.2148,0.049220715,329.79495,24.446363,112.97863,8.4752779,837.19934,1199.142,57596.199,3020468,0.66094363,1.3953717,0.50957024,1.5389053,12.344381,1.3528816,0.95020688,1.7365196,3265,1.826592
1835102,80,1072,1391,5508.5312,0.059278302,324.23444,25.485884,113.53949,7.2126069,721.8894,1080.6249,57405.031,3034488,0.65936726,1.3915064,0.50180376,1.5376066,12.257701,1.3433818,0.9493475,1.7417279,3265,1.8316059
1835103,80,1074,1378,5501.562,0.051891256,321.31677,27.078278,114.18037,6.2974324,807.98016,1154.2526,58295.824,3144504,0.65055501,1.4065145,0.49532712,1.5324178,12.242531,1.3417192,0.9491967,1.7426471,3265,1.836244
1835104,80,1076,1323,5258.7603,0.065150827,314.5748,28.006733,114.89919,5.8741827,665.51605,1007.1326,56200.613,3043868,0.64549464,1.3794237,0.47624189,1.5331749,11.951629,1.3098377,0.94627661,1.760723,3265,1.8500265
1835105,80,1078,1178,4662.7812,0.050679393,301.09293,25.168802,88.104744,6.0350261,741.91901,1075.2556,46231.652,2225344,0.65466285,1.2719638,0.42743105,1.5327965,11.19845,1.2272933,0.93846226,1.8118873,3265,1.8914748
1835106,80,1080,1241,4939.7866,0.032783546,309.19702,29.680834,116.56357,4.7852383,1043.882,1376.04,54308.668,3039592,0.61615634,1.3718356,0.44195157,1.5101817,11.706467,1.2829692,0.94377434,1.7766544,3265,1.8813493
1835107,80,1082,1169,4652.022,0.033767838,308.40729,30.739359,117.18228,3.7257493,971.72302,1315.7524,50356.539,2718860,0.66225815,1.2300268,0.42217407,1.5243155,11.21538,1.2291486,0.93864214,1.8106618,3265,1.8974108
1835108,80,1084,1096,4388.1924,0.037414603,303.27283,32.391457,116.47751,2.9835088,909.53693,1214.0238,47592.324,2574408,0.65687764,1.2388237,0.36557704,1.278316,12.187225,1.335658,0.94864553,1.7460171,3265,2.0530982
1835109,80,1086,1020,4073.2891,0.041823875,291.30646,31.361139,113.06445,2.6486313,759.60455,1106.2809,42721.93,2173980,0.64163828,1.3211414,0.34517765,1.2943504,11.619379,1.2734249,0.9428761,1.7824755,3265,2.0704563
1835110,80,1088,871,3482.217,0.05533411,288.3905,32.891182,115.53575,2.6486313,623.71692,889.27563,36506.738,1888144,0.6785568,1.141579,0.3062588,1.3345302,10.538315,1.1549457,0.93128383,1.862745,3265,2.1025622
1835111,80,1090,764,3079.2668,0.087193079,283.68811,33.583473,90.288742,2.6486313,424.96484,666.17383,31964.053,1652732,0.72633517,1.0316881,0.35684261,1.7871871,7.7321243,0.84740156,0.89634293,2.1758578,3265,1.9664365
1835112,80,1092,726,2896.0354,0.086072676,281.94962,35.091751,91.591576,2.6486313,422.97861,650.24078,31123.969,1661828,0.72912699,0.99946904,0.34020618,1.7786362,7.6405492,0.83736539,0.89505076,2.1899509,3265,1.982568
1835113,80,1094,678,2689.8901,0.088917874,280.5408,36.529312,92.958916,2.6486313,408.53491,616.56329,29702.826,1643260,0.73575073,0.95428437,0.31786215,1.7637272,7.5453582,0.82693291,0.89369506,2.2049632,3265,2.0043466
1835114,80,1096,637,2526.0063,0.071703941,279.63528,38.551136,93.908897,2.6486313,467.35416,665.35071,28686.492,1646460,0.750817,0.89693058,0.29892069,1.7495195,7.4637561,0.81798971,0.89252257,2.2181373,3265,2.0246041
1835115,80,1098,580,2304.6509,0.073703304,277.35846,41.852715,93.251038,2.6486313,444.47833,626.85059,26760.381,1587684,0.80689657,0.74135303,0.28417441,1.748207,7.1871867,0.78767914,0.88847482,2.2650123,3265,2.0584252
1835116,80,1100,568,2255.8853,0.064975448,277.84741,42.490349,92.569351,2.6486313,485.58655,660.52429,26888.605,1639964,0.78897458,0.75991064,0.26394051,1.7160404,7.3747249,0.80823237,0.89123213,2.2328432,3265,2.0617487
1835117,80,1102,550,2163.395,0.074267127,277.77878,43.074577,94.499138,2.6486313,431.13498,605.02667,26258.072,1634892,0.77192914,0.80262578,0.25486562,1.706166,7.352798,0.80582935,0.89091253,2.2365196,3265,2.0724223
1835118,80,1104,520,2029.4276,0.071147166,276.35028,44.925133,100.59297,2.6486313,432.19385,598.70502,25154.893,1611168,0.80323845,0.73774892,0.25477707,1.7217653,7.0842428,0.77639705,0.88693792,2.2833946,3265,2.0922124
1835119,80,1106,501,1970.6619,0.11079477,276.31192,46.67799,102.2319,2.6486313,311.32281,472.77158,24892.744,1645284,0.81391615,0.71047151,0.24558823,1.7127385,7.0505805,0.77270782,0.88643169,2.2895222,3265,2.1037674
1835120,80,1108,486,1915.5653,0.11252531,275.76501,48.280602,102.75188,2.6486313,305.75262,462.51764,24703.055,1671092,0.81937128,0.6888501,0.23823529,1.7051696,7.0255432,0.7699638,0.88605398,2.2941177,3265,2.1131215
1835121,80,1110,465,1851.6689,0.11279048,275.14746,49.585838,103.09084,2.6486313,301.58453,454.2034,24050.383,1656920,0.8330645,0.65827352,0.22794117,1.6941203,6.9907875,0.76615483,0.88552797,2.3005514,3265,2.1266479
1835122,80,1112,445,1764.4954,0.1270213,274.29272,52.185326,100.51305,2.6486313,285.51602,417.80817,23904.76,1689852,0.86482435,0.58548242,0.21813725,1.6830925,6.9580054,0.76256204,0.88502997,2.306679,3265,2.1400106
1835123,80,1114,423,1682.2009,0.11527301,273.60001,55.15274,104.62175,2.6486313,304.32703,428.23294,23820.523,1733376,0.90541494,0.51417583,0.20735294,1.670374,6.9222984,0.75864875,0.88448548,2.3134191,3265,2.1552703
1835124,80,1116,409,1617.4575,0.24122138,273.12234,57.634083,104.28227,2.6486313,172.61292,290.27756,23882.609,1779780,0.93138456,0.47593015,0.20049019,1.6619498,6.899766,0.75617927,0.88414085,2.3177083,3265,2.165297
1835125,80,1118,395,1573.7811,0.26781958,272.85577,59.912903,106.27483,2.6486313,158.30508,271.74149,23951.014,1829100,0.96135706,0.42718244,0.19362745,1.6532605,6.8773799,0.75372589,0.88379753,2.3219976,3265,2.1755774
1835126,80,1120,388,1547.1862,0.26836112,272.69205,61.817886,108.26767,2.6486313,158.31725,269.16364,24217.697,1889456,0.9664216,0.4182429,0.19019608,1.6488142,6.866241,0.75250512,0.8836264,2.3241422,3265,2.1808147
1835127,80,1122,383,1521.317,0.26670349,272.5365,63.77055,110.26119,2.6486313,159.34758,267.73209,24514.736,1950328,0.96795756,0.41409799,0.18774509,1.6455961,6.8583069,0.75163555,0.88350439,2.3256741,3265,2.1845963
1835128,80,1124,374,1495.2662,0.26468271,272.38675,65.787727,112.25507,2.6486313,159.96083,266.44122,24590.793,1995816,0.97393584,0.4036845,0.18333334,1.639714,6.8440714,0.75007546,0.88328516,2.3284314,3265,2.191489
1835129,80,1126,368,1472.5149,0.26270175,272.25635,67.769714,114.24915,2.6486313,160.56522,265.40146,25033.654,2077908,0.98320699,0.39116973,0.18039216,1.6357275,6.8346138,0.74903893,0.88313937,2.3302696,3265,2.1961465
1835130,80,1128,365,1451.7412,0.26064569,272.14423,69.716988,116.24345,2.4024358,161.46268,264.56006,25470.639,2153520,0.98411864,0.38882715,0.17900932,1.6339401,6.8283234,0.74834955,0.88304228,2.331495,3265,2.1985073
1835131,80,1130,360,1431.5048,0.25849399,272.05185,71.61985,118.23793,0.40243569,161.99425,263.80081,25786.904,2220312,0.98587126,0.38360822,0.17655714,1.6305569,6.8204765,0.74748957,0.8829211,2.3330269,3265,2.2024469
1900609,82,1014,1165,4623.7827,0.044577785,69.366486,49.727253,144.49461,1.2031878,835.46503,1141.6801,63537.973,4546280,0.68614811,1.1062115,0.43632957,1.5752749,10.791234,1.1826644,0.93407279,1.8425245,3265,1.8820736
1900610,82,1016,1200,4783.8984,0.037436716,67.952988,47.921104,142.78772,3.1642225,940.6673,1267.2054,63862.301,4510168,0.67539757,1.1497303,0.44926995,1.5783709,10.934375,1.198352,0.93562961,1.831495,3265,1.8710461
1900611,82,1018,1216,4860.7773,0.034293044,67.383125,45.606823,141.07306,5.125257,990.50897,1334.6112,62778.922,4379016,0.66253251,1.2169148,0.45491958,1.5788394,11.007379,1.2063528,0.93641776,1.8259804,3265,1.8663851
1900612,82,1020,1215,4869.7529,0.036700156,67.365921,43.088516,139.34915,7.0862918,931.50964,1291.292,60213.418,4087996,0.66087419,1.2000259,0.45471558,1.5792009,10.999219,1.2054585,0.9363299,1.8265932,3265,1.8665895
1900613,82,1022,1272,5108.8472,0.033577982,64.483971,42.236916,137.60065,7.8823495,995.73071,1382.7354,62809.715,4255904,0.65069103,1.2523161,0.47444984,1.5778266,11.279321,1.2361562,0.93931973,1.8060662,3265,1.8517332
1900614,82,1024,1323,5303.48,0.034870043,61.513836,41.201069,135.67473,8.2529831,991.93927,1382.481,64822.379,4349476,0.64465988,1.3144423,0.48004353,1.544659,11.846664,1.2983342,0.94520998,1.7674632,3265,1.846503
1900615,82,1026,1309,5243.5791,0.036036175,60.70472,37.815571,129.07182,9.0247746,943.95148,1352.2267,61328.145,3922960,0.65748298,1.2983153,0.47738877,1.5511502,11.71571,1.2839823,0.94386941,1.7760416,3265,1.8483099
1900616,82,1028,1286,5166.1685,0.033063915,58.204815,36.166786,131.78928,10.113181,970.54059,1401.2386,58525.305,3653028,0.67055327,1.2531739,0.47576767,1.568687,11.435797,1.2533052,0.94096595,1.7950368,3265,1.849952
1900617,82,1030,1323,5308.8931,0.041177079,56.282017,35.62434,129.73499,9.5428343,842.31213,1272.8557,59371.211,3669208,0.66602743,1.2888762,0.48144105,1.5486801,11.80895,1.294201,0.94482505,1.7699143,3265,1.8453676
1900618,82,1032,1373,5528.729,0.042877574,55.358955,34.233467,127.62072,8.5992937,859.12726,1272.924,61526.238,3807312,0.65169054,1.3453468,0.49890989,1.5475637,12.068277,1.3226218,0.9474538,1.75337,3265,1.8332686
1900619,82,1034,1376,5520.5068,0.04517436,53.281372,32.273643,125.45039,8.0157681,822.72882,1239.22,60121.508,3630608,0.65987635,1.3243661,0.49873143,1.5441326,12.117556,1.3280225,0.94794858,1.7503064,3265,1.833432
1900620,82,1036,1367,5502.2759,0.041822165,51.183434,30.337688,123.22524,7.865304,872.79297,1285.7983,58219.891,3436120,0.66709757,1.2902948,0.49636891,1.5465623,12.048677,1.3204739,0.94725662,1.7545956,3265,1.8349646
1900621,82,1038,1383,5546.1348,0.032098882,48.968929,29.027262,120.9866,8.1699581,1063.0435,1473.5172,58071.523,3366944,0.66422749,1.3045621,0.5014503,1.5446224,12.147316,1.3312842,0.94824666,1.7484682,3265,1.8316389
1900622,82,1040,1383,5518.9409,0.030710686,47.100269,27.505875,118.78515,8.8866777,1094.0184,1502.7545,56940.012,3235516,0.66008687,1.3040249,0.50090545,1.5431423,12.162251,1.3329209,0.94839603,1.7475491,3265,1.8320214
1900623,82,1042,1391,5580.3081,0.032803312,43.813538,26.76519,116.44966,9.9332228,1065.3177,1462.0936,56977.082,3209380,0.66121674,1.3006363,0.50398552,1.5435985,12.197244,1.3367559,0.94874549,1.7454044,3265,1.8300184
1900624,82,1044,1396,5622.7046,0.035553895,40.378277,25.682114,113.80999,9.7099361,1013.3066,1409.7236,56581.18,3139488,0.66694188,1.2916744,0.50598043,1.5440428,12.21733,1.3389572,0.94894576,1.7441789,3265,1.828743
1900625,82,1046,1396,5584.8813,0.039906342,35.882702,25.04347,111.47259,8.7199774,952.56903,1326.1448,55976.047,3064284,0.67396969,1.281202,0.50782102,1.5488631,12.167238,1.3334675,0.94844586,1.7472427,3265,1.8275875
1900626,82,1048,1401,5617.5942,0.050159231,29.350763,25.851006,109.03419,8.077033,814.13806,1186.3278,56301.523,3077320,0.68430817,1.2711103,0.51131386,1.5529977,12.147316,1.3312842,0.94824666,1.7484682,3265,1.8255523
1900627,82,1050,1449,5807.3198,0.053366896,26.236252,22.890423,106.43999,7.8586249,795.48279,1169.3831,57295.277,3031404,0.68017095,1.31736,0.52595282,1.5444376,12.468863,1.366524,0.95143312,1.7291666,3265,1.8170176
1900628,82,1052,1451,5851.4722,0.061295636,21.393583,20.710846,103.55852,8.0962925,721.0451,1095.2739,56346.27,2894172,0.6830191,1.3219121,0.52553421,1.5415299,12.510917,1.3711329,0.95184529,1.7267157,3265,1.8172116
1900629,82,1054,1450,5812.646,0.058988646,15.387881,19.433531,99.738808,8.75595,740.42163,1112.7758,55682.727,2813480,0.68437779,1.3247658,0.52498192,1.5411011,12.510917,1.3711329,0.95184529,1.7267157,3265,1.8175132
1900630,82,1056,1451,5810.0591,0.051928956,9.0755968,18.819166,99.948769,9.758791,810.87061,1185.7426,55345.625,2759020,0.68355614,1.3288943,0.52534395,1.5410563,12.516193,1.3717111,0.95189697,1.7264093,3265,1.8173138
1900631,82,1058,1457,5797.3452,0.048234768,2.4339037,18.488491,102.76011,11.017766,852.51843,1228.9647,55777.094,2787540,0.68167692,1.3379799,0.52885664,1.5440469,12.510917,1.3711329,0.95184529,1.7267157,3265,1.8154575
1900632,82,1060,1467,5819.6787,0.047759,356.53235,18.936897,109.43281,12.460073,857.72296,1237.4476,56581.957,2839152,0.67534602,1.3549482,0.53056055,1.5388386,12.617302,1.3827921,0.95288354,1.7205882,3265,1.8144953
1900633,82,1062,1453,5798.6118,0.050724868,349.9917,19.265549,109.57523,14.032445,819.51642,1198.5509,56094.727,2808820,0.67719966,1.3516914,0.52606809,1.5409646,12.52676,1.3728693,0.95200032,1.7257966,3265,1.8169168
1900634,82,1064,1437,5735.3335,0.046264213,342.81763,19.551256,109.80875,12.860167,871.64246,1248.1354,55515.23,2771548,0.67819542,1.3490629,0.51989871,1.5406654,12.453166,1.3648037,0.95127898,1.7300857,3265,1.8203756
1900635,82,1066,1432,5718.29,0.047911726,337.18631,20.475834,110.13189,11.06176,851.82703,1224.6644,55978.934,2823376,0.67420232,1.3629609,0.5177151,1.5398659,12.437508,1.3630877,0.95112509,1.731005,3265,1.8216504
1900636,82,1068,1436,5707.4292,0.043382682,332.30429,21.64258,110.54311,9.3391151,917.25726,1285.781,56979.832,2901908,0.66589731,1.3855315,0.51841158,1.5377851,12.47935,1.3676733,0.951536,1.7285539,3265,1.8212755
1900637,82,1070,1422,5680.6274,0.049723826,327.7803,22.964159,111.04047,7.7383842,834.97223,1198.1765,57260.535,2951928,0.66352808,1.3864938,0.51354277,1.5386769,12.401126,1.3591003,0.95076698,1.7331495,3265,1.8241574
1900638,82,1072,1390,5542.6147,0.059277497,321.55194,24.074879,111.62253,6.3417635,724.51837,1083.9702,56491.125,2934156,0.66249412,1.3775128,0.50144303,1.5376098,12.25264,1.3428271,0.94929719,1.7420343,3265,1.8318431
1900639,82,1074,1377,5500.2544,0.060016945,317.9158,25.619894,112.28707,5.2916093,723.71667,1073.1475,57186.695,3025452,0.65693241,1.3810637,0.49603745,1.5355358,12.207278,1.3378557,0.94884557,1.7447916,3265,1.8355676
1900640,82,1076,1300,5190.7944,0.06907583,310.20966,26.753338,113.03233,4.786406,640.62292,971.75952,54354.59,2897052,0.6495837,1.3381863,0.46678635,1.52821,11.875108,1.3014514,0.94549972,1.765625,3265,1.85786
1900641,82,1078,1139,4518.1743,0.040642682,294.5625,24.08762,86.106476,4.9714603,852.51947,1181.9395,44161.633,2110248,0.66072667,1.2034792,0.41283074,1.525579,11.04836,1.210844,0.93685848,1.8229166,3265,1.9062861
1900642,82,1080,1210,4854.7476,0.03795496,305.17484,27.973347,114.66701,5.7887368,940.25708,1267.8094,51951.535,2849148,0.64034206,1.2767564,0.43777135,1.5322165,11.370074,1.2461023,0.94027656,1.7996323,3265,1.8820626
1900643,82,1082,1227,4858.4512,0.028997796,300.81308,29.11392,115.28294,5.0911946,1118.5956,1451.0132,52211.949,2729488,0.6406014,1.3203212,0.42078188,1.3674635,12.437508,1.3630877,0.95112509,1.731005,3265,1.9625611
1900644,82,1084,1049,4213.0444,0.038390893,295.57788,31.88553,115.40321,4.8764138,882.32819,1174.3264,45066.062,2423492,0.66246843,1.1377376,0.35331762,1.2908741,11.818357,1.2952318,0.94492114,1.7693014,3265,2.0621872
1900645,82,1086,915,3681.6897,0.044686846,284.47488,31.822609,112.44756,4.6486311,738.70898,1017.5099,37616.375,1908052,0.68620968,1.0674576,0.30985439,1.2626067,11.152159,1.2222199,0.93796933,1.8152573,3265,2.1266439
1900646,82,1088,843,3351.657,0.054199606,274.1994,30.875198,86.758369,4.6486311,579.00665,881.52905,34099.258,1696632,0.69101417,1.1403989,0.37450022,1.7814928,8.1370697,0.89178151,0.90192169,2.1173408,3265,1.9294308
1900647,82,1090,753,2985.7322,0.070427567,275.25964,32.232143,88.000381,4.6486311,483.22266,729.8927,30856.268,1576388,0.72287798,1.0151798,0.35154063,1.7847233,7.7100267,0.84497976,0.89603215,2.1792278,3265,1.9705569
1900648,82,1092,681,2719.6035,0.060620099,274.67114,33.360973,86.343956,4.6486311,524.10303,750.84344,28331.912,1486748,0.73777747,0.94086701,0.3194184,1.764937,7.5491972,0.82735366,0.89375001,2.2043505,3265,2.0029917
1900649,82,1094,651,2583.489,0.083042115,274.33231,34.975235,86.22654,4.6486311,408.61456,625.25769,27759.994,1507328,0.73898619,0.93056506,0.30563381,1.7549036,7.4882398,0.82067299,0.89287537,2.2141545,3265,2.017607
1900650,82,1096,622,2460.3108,0.08014714,273.62341,36.433178,87.875458,4.6486311,421.1861,621.09198,27006.861,1506192,0.74155885,0.90071219,0.29201877,1.7439787,7.4338412,0.81471121,0.89209026,2.2230392,3265,2.0323994
1900651,82,1098,583,2301.5193,0.062824115,272.27493,38.541348,94.192459,4.6486311,489.77054,678.49878,25962.146,1499492,0.76901674,0.8152768,0.27370891,1.7279509,7.3619184,0.80682886,0.89104557,2.2349877,3265,2.0535479
1900652,82,1100,544,2145.5842,0.074727215,271.04868,42.612061,95.667908,4.6486311,430.56931,600.67328,25233.562,1527136,0.81979877,0.67886239,0.26666668,1.7329949,7.1233544,0.7806834,0.88752383,2.2763481,3265,2.0783195
1900653,82,1102,531,2106.5242,0.060204957,272.05283,41.482059,95.139244,4.6486311,488.33136,663.08929,24609.674,1501632,0.77209252,0.7779699,0.24606116,1.6969655,7.318346,0.80205357,0.89040887,2.2423408,3265,2.0840783
1900654,82,1104,511,2007.5234,0.062187858,271.38229,43.137909,94.72863,4.6486311,465.41241,636.91644,23915.396,1494704,0.78581023,0.75160182,0.23767442,1.6889915,7.2681589,0.79655331,0.88967198,2.2509191,3265,2.0966485
1900655,82,1106,487,1926.5785,0.074905612,270.90436,45.012424,96.499794,4.6486311,403.61835,568.51392,23371.012,1505596,0.80328035,0.70172197,0.23860852,1.7054895,7.0288711,0.77032852,0.88610423,2.293505,3265,2.1124372
1900656,82,1108,473,1873.5977,0.12771921,270.82697,46.70718,98.289276,3.6918902,269.61563,429.35345,23280.184,1537948,0.81346977,0.67771697,0.23186274,1.6983926,7.0039873,0.76760137,0.88572794,2.2981005,3265,2.1214349
1900657,82,1110,462,1829.4974,0.11274491,270.76843,48.479431,102.82576,2.1995223,295.9024,451.56717,23287.994,1578492,0.81543982,0.66310734,0.22647059,1.692498,6.9858508,0.76561373,0.88545305,2.3014705,3265,2.1286221
1900658,82,1112,435,1722.4183,0.11438051,270.19553,51.916691,104.7571,1.4148473,305.04807,435.009,23166.648,1619740,0.87121141,0.55178165,0.21323529,1.677389,6.9417295,0.76077825,0.88478202,2.3097427,3265,2.1468728
1900659,82,1114,406,1617.0802,0.11281727,269.84583,55.365284,106.69178,1.3732644,305.4834,424.40738,22959.832,1656660,0.93147236,0.45300949,0.19911721,1.6603249,6.8933549,0.75547671,0.88404262,2.3189337,3265,2.1675048
1900660,82,1116,393,1567.2499,0.11981158,269.84299,57.480587,108.62957,1.3732644,292.11533,405.4382,22856.707,1682288,0.95341951,0.42255464,0.19274154,1.6522152,6.8726015,0.7532022,0.88372415,2.3229167,3265,2.1770892
1900661,82,1118,381,1519.0874,0.11749651,269.83774,59.630741,110.55365,1.3732644,293.57443,403.07309,23014.135,1738244,0.96542341,0.40190941,0.18694799,1.6447411,6.8519726,0.7509414,0.88340688,2.3268995,3265,2.1861556
1900662,82,1120,371,1473.8201,0.15016171,269.91626,61.409817,111.92197,1.3732644,244.81702,351.19437,22969.42,1767684,0.97740221,0.3903107,0.18204121,1.6381747,6.8361883,0.74921149,0.88316363,2.3299632,3265,2.1938422
1900663,82,1122,365,1445.3617,0.25565487,269.90396,63.385811,110.12144,1.3732644,165.63083,266.5423,23254.348,1830248,0.98116815,0.38427699,0.17909716,1.634165,6.8267527,0.74817741,0.88301802,2.3318014,3265,2.1985209
1900664,82,1124,361,1422.4563,0.25390133,269.8562,65.465149,112.11813,1.3732644,169.82826,265.33337,23759.043,1912040,0.98216373,0.37776497,0.17713444,1.6314625,6.8204765,0.74748957,0.8829211,2.3330269,3265,2.2016685
1900665,82,1126,354,1399.4076,0.25201213,269.80838,67.556404,114.115,1.3732644,170.24165,264.15955,23962.248,1970800,0.98429924,0.37003493,0.17369971,1.6266756,6.8095212,0.7462889,0.8827517,2.3351715,3265,2.2072318
1900666,82,1128,341,1358.0609,0.24649407,269.66254,69.320839,116.11198,1.3732644,170.86551,263.12451,23640.969,1979480,0.98506123,0.35681742,0.16748527,1.6180487,6.7861638,0.74372905,0.8823899,2.3397672,3265,2.2177675
1900667,82,1130,329,1304.7336,0.23885848,269.4588,70.83342,118.10905,0.40243569,171.02077,261.99652,23309.732,1986884,0.98417228,0.34752545,0.16182981,1.6101279,6.7629657,0.74118668,0.88202965,2.3443627,3265,2.2277114
1966145,84,1014,1119,4472.9312,0.04043515,73.607948,47.358162,143.43878,1.5960534,891.96899,1179.0209,58672.93,4041504,0.6968863,1.072906,0.41863075,1.5679618,10.625096,1.1644565,0.93224639,1.8556986,3265,1.8982027
1966146,84,1016,1177,4712.2812,0.04141409,71.681664,46.128899,141.73546,3.5570879,889.51636,1195.7667,61262.758,4246016,0.67668289,1.1360941,0.44016454,1.5747721,10.854387,1.1895857,0.93476152,1.8376225,3265,1.878611
1966147,84,1018,1229,4895.8169,0.037161194,70.199448,44.453308,140.0284,5.5181227,960.79694,1286.6863,62285.895,4249388,0.66639942,1.1970456,0.45943925,1.5789404,11.068964,1.2131022,0.93707961,1.8213848,3265,1.8627298
1966148,84,1020,1239,4944.998,0.032248732,69.69754,42.266804,138.31381,7.479157,1024.4246,1388.1349,60928.785,4080316,0.65715748,1.2564656,0.462486,1.5768681,11.131243,1.2199277,0.93774611,1.8167893,3265,1.8607507
1966149,84,1022,1241,4967.0806,0.035668276,69.012611,40.205822,136.58981,9.4401913,949.11383,1322.8618,59636.094,3948008,0.64922017,1.24929,0.45094478,1.5417433,11.453452,1.2552401,0.94115067,1.7938113,3265,1.8697565
1966150,84,1024,1309,5237.5952,0.035989687,65.726501,39.573601,134.85564,10.181278,969.40082,1352.3275,62842.738,4147952,0.64128017,1.3149365,0.47513613,1.5446175,11.776148,1.290606,0.94448948,1.7720588,3265,1.8501709
1966151,84,1026,1329,5350.0073,0.036428798,62.420628,38.671707,132.99477,10.825843,975.50867,1358.5001,63249.434,4146492,0.647349,1.3099343,0.48222062,1.5448574,11.875108,1.3014514,0.94549972,1.765625,3265,1.8449001
1966152,84,1028,1313,5235.5874,0.037528396,60.792202,35.773884,127.31987,11.759114,916.30609,1324.0599,59614.574,3731788,0.66436946,1.2778549,0.49323818,1.5878891,11.370074,1.2461023,0.94027656,1.7996323,3265,1.8395857
1966153,84,1030,1329,5307.3359,0.038735524,61.493084,32.500069,120.49145,11.266778,899.07758,1312.1652,58020.07,3459936,0.66220868,1.3072034,0.48521358,1.5532736,11.79487,1.2926579,0.94468111,1.7708334,3265,1.8426179
1966154,84,1032,1357,5435.4009,0.041440461,58.696606,32.213493,126.99787,10.468591,876.22253,1283.8328,58944.5,3524620,0.66246146,1.3140293,0.49291682,1.5469631,11.995107,1.3146027,0.94671637,1.7579657,3265,1.8372942
1966155,84,1034,1381,5547.1211,0.043788809,55.906532,31.609114,124.87289,9.9866648,858.86267,1261.7032,60028.211,3610124,0.65887564,1.321879,0.50072515,1.5446268,12.13738,1.3301952,0.94814718,1.7490809,3265,1.8321116
1966156,84,1036,1374,5526.4023,0.038333643,54.355007,29.411905,122.68285,9.8640232,950.61682,1345.9723,57841.723,3368716,0.66188532,1.3154068,0.4978261,1.5436312,12.11261,1.3274804,0.94789898,1.7506127,3265,1.8340442
1966157,84,1038,1389,5532.9077,0.038851414,52.353512,27.601173,120.4349,10.112991,945.42395,1337.7601,57535.305,3291048,0.66172975,1.3157642,0.50362581,1.5445936,12.177223,1.3345618,0.94854563,1.74663,3265,1.8302346
1966158,84,1040,1370,5515.6533,0.030930188,50.401115,25.988543,118.16862,10.709319,1097.0693,1496.9667,55405.102,3088924,0.66691333,1.2833259,0.49583787,1.5421115,12.107668,1.3269389,0.94784939,1.7509191,3265,1.8354205
1966159,84,1042,1383,5546.5103,0.032030161,47.606926,24.943966,115.9403,11.603159,1083.1809,1475.147,55444.078,3056808,0.66371059,1.2876632,0.50072414,1.5426463,12.167238,1.3334675,0.94844586,1.7472427,3265,1.8321513
1966160,84,1044,1397,5609.2231,0.0354404,43.623306,24.228703,113.5339,11.41035,1050.6561,1410.2853,55918.492,3064556,0.66287053,1.2981726,0.50615942,1.5435427,12.227398,1.3400606,0.94904602,1.7435662,3265,1.8286363
1966161,84,1046,1384,5531.2344,0.03863522,38.725235,23.708128,110.86593,10.569409,985.38965,1341.2949,54686.441,2958476,0.67602366,1.2658296,0.50254178,1.5465732,12.132418,1.3296514,0.94809747,1.7493873,3265,1.8309122
1966162,84,1048,1409,5647.8667,0.056298021,32.237209,23.877687,107.68256,10.036735,771.93665,1122.7953,55593.379,2969560,0.68081611,1.2809764,0.5132969,1.5504996,12.212302,1.3384062,0.94889563,1.7444853,3265,1.824306
1966163,84,1050,1466,5879.604,0.054637738,28.993246,21.343193,106.03857,9.8586006,808.90973,1162.8739,57286.973,2984480,0.67775798,1.3312701,0.53173739,1.5426356,12.569205,1.377521,0.95241493,1.7233456,3265,1.813924
1966164,84,1052,1471,5907.0811,0.060134873,23.735706,19.28553,103.20156,10.052621,753.63562,1111.0361,57009.367,2920832,0.67758155,1.3375809,0.53277797,1.5404909,12.617302,1.3827921,0.95288354,1.7205882,3265,1.8133516
1966165,84,1054,1460,5862.7212,0.057102501,17.09601,17.853842,100.16652,10.599596,778.14575,1135.8657,55488.617,2764320,0.68224156,1.3303292,0.52841115,1.5401517,12.569205,1.377521,0.95241493,1.7233456,3265,1.8156449
1966166,84,1056,1462,5856.7471,0.053847391,9.81847,16.986525,97.889893,11.452353,810.93561,1169.0978,55287.293,2723292,0.68147206,1.3357817,0.52932656,1.5405204,12.574532,1.3781047,0.95246691,1.7230393,3265,1.8151584
1966167,84,1058,1470,5820.9336,0.053454138,1.8466178,16.456348,100.76454,12.55265,810.45807,1169.7972,55570.328,2724884,0.67932093,1.3502022,0.53280175,1.5414792,12.601229,1.3810307,0.95272708,1.7215073,3265,1.8133545
1966168,84,1060,1469,5825.0669,0.049004808,355.05722,16.851772,107.43488,13.844573,859.42542,1222.1825,55700.594,2727284,0.67831922,1.3489579,0.53301889,1.5429239,12.579862,1.3786889,0.95251888,1.7227329,3265,1.8132726
1966169,84,1062,1464,5830.6196,0.052348729,348.69601,17.5144,107.58318,14.107474,821.45325,1183.0667,56037.211,2771296,0.67604184,1.3494773,0.53024268,1.5408838,12.579862,1.3786889,0.95251888,1.7227329,3265,1.814677
1966170,84,1064,1446,5756.728,0.051628001,340.73016,17.842726,107.82619,12.174385,827.17236,1183.7231,55239.953,2714044,0.67739761,1.3467691,0.5237233,1.5417495,12.4846,1.3682487,0.9515875,1.7282475,3265,1.8182118
1966171,84,1066,1433,5722.0356,0.052008986,334.42383,18.773149,108.16233,10.265093,822.06915,1175.8204,55087.879,2720928,0.67827779,1.3450502,0.51807666,1.5398339,12.442722,1.3636591,0.95117635,1.7306986,3265,1.8214393
1966172,84,1068,1431,5709.7178,0.046829719,329.5444,20.075077,108.58989,8.3944311,886.56689,1237.8029,55912.547,2796784,0.67135018,1.358219,0.51716661,1.5394102,12.437508,1.3630877,0.95112509,1.731005,3265,1.8219787
1966173,84,1070,1422,5684.0732,0.048460189,324.78421,21.443356,109.10689,6.5918117,867.72675,1214.0658,56369.844,2851756,0.66609555,1.3704455,0.51261717,1.5361941,12.427092,1.361946,0.95102262,1.7316177,3265,1.8247908
1966174,84,1072,1402,5573.1836,0.052185006,318.68747,22.769482,109.71149,4.9219589,818.05231,1158.4672,56508.297,2903084,0.66254288,1.3742975,0.504498,1.5339707,12.349519,1.3534445,0.95025766,1.7362132,3265,1.8300133
1966175,84,1074,1382,5506.6382,0.060546778,314.47748,24.354753,110.40156,3.5406826,736.4726,1069.0614,56762.086,2958908,0.65867454,1.3710892,0.49765936,1.5350451,12.237482,1.3411658,0.94914645,1.7429534,3265,1.8344924
1966176,84,1076,1272,5055.6924,0.069832109,304.40903,25.583118,111.17496,2.7977107,652.21991,953.82275,52471.219,2746896,0.6465221,1.3066157,0.45821327,1.5313163,11.701851,1.2824634,0.94372684,1.7769607,3265,1.8645152
1966177,84,1078,1073,4269.5522,0.046139736,287.6084,22.434839,85.181824,3.0787566,783.26727,1078.347,41132.07,1953152,0.68986207,1.0946215,0.39089254,1.521907,10.728812,1.1758232,0.93338901,1.8474264,3265,1.9291172
1966178,84,1080,1225,4903.2651,0.036285747,302.54684,27.524506,112.76077,4.1749983,987.48462,1303.1055,52594.527,2847424,0.63053489,1.2811968,0.44001436,1.5225965,11.524619,1.2630397,0.94189298,1.7889093,3265,1.8811877
1966179,84,1082,1200,4760.2339,0.030004272,295.7659,27.74683,111.03352,3.1737506,1096.4463,1411.9767,50118.723,2546772,0.66079372,1.2431291,0.40309036,1.3175223,12.617302,1.3827921,0.95288354,1.7205882,3265,1.9964362
1966180,84,1084,992,3958.7446,0.056840122,280.57663,30.141937,109.34618,2.8764136,696.99707,935.52667,40431.352,2008628,0.675035,1.0915333,0.33960971,1.3129742,11.343996,1.2432443,0.9400022,1.8014706,3265,2.070277
1966181,84,1086,742,2995.9155,0.078610577,267.98267,30.475801,80.909706,2.8764136,476.38376,692.03687,28498.389,1352348,0.77663678,0.80347925,0.34209314,1.7743608,7.7482753,0.84917158,0.89656961,2.1734068,3265,1.9741131
1966182,84,1088,688,2760.2932,0.05785637,265.89551,31.553301,82.746468,2.8764136,566.87286,774.2959,26991.299,1322672,0.7753588,0.79250723,0.31103075,1.7475014,7.7240744,0.84651929,0.8962298,2.1770833,3265,1.9974358
1966183,84,1090,713,2815.1479,0.053105261,263.88638,31.182129,84.589905,2.8764136,562.95825,816.18152,28767.836,1453352,0.69502968,1.0155295,0.31844574,1.7487882,7.8300509,0.85813379,0.89771193,2.1611519,3265,1.985262
1966184,84,1092,648,2552.2725,0.048255857,265.40109,31.903984,87.776443,2.9709308,594.04651,815.25494,26324.795,1360496,0.71621156,0.93161148,0.29481345,1.7370734,7.6150613,0.83457202,0.89468902,2.1939337,3265,2.0175703
1966185,84,1094,600,2372.0156,0.059651505,266.45258,33.05999,88.305344,3.5983024,512.91919,706.89191,24657.768,1311028,0.72874236,0.87791437,0.28155795,1.7349041,7.3949399,0.81044781,0.89152616,2.2294731,3265,2.0441158
1966186,84,1096,559,2222.6807,0.057127297,266.56943,34.045197,90.053818,4.6574783,513.73828,699.23254,23353.412,1280388,0.73516458,0.84043938,0.26244131,1.7173022,7.318346,0.80205357,0.89040887,2.2423408,3265,2.0673018
1966187,84,1098,544,2139.7241,0.10898885,266.59924,35.606747,91.651054,5.4536195,326.46243,496.69843,23123.574,1302256,0.73781955,0.83033723,0.25539905,1.7103342,7.2913742,0.7990976,0.89001334,2.2469363,3265,2.0761931
1966188,84,1100,504,1992.7876,0.10159577,265.30975,39.910194,93.267754,3.9496782,339.80542,496.47528,22141.953,1294216,0.79568619,0.69416475,0.23673086,1.6907905,7.2186556,0.79112798,0.88894129,2.2594976,3265,2.1010513
1966189,84,1102,492,1942.9124,0.10019194,265.62845,41.590519,94.9198,2.9431875,349.63336,493.64548,22385.352,1350188,0.80636001,0.6439895,0.23098591,1.684247,7.1993918,0.78901678,0.8886559,2.2628677,3265,2.1088424
1966190,84,1104,508,1973.1351,0.09272556,266.98181,41.44458,96.593376,2.8691983,362.83585,517.11078,23169.541,1420492,0.75083476,0.79131669,0.23540315,1.6852934,7.2770705,0.79752994,0.88980311,2.2493873,3265,2.0986936
1966191,84,1106,480,1888.9537,0.11511213,266.39789,44.349941,98.288651,3.7732093,307.62323,454.1037,22673.566,1441652,0.79063153,0.68859661,0.23540951,1.7022612,7.0139194,0.76868993,0.88587826,2.2962623,3265,2.1169856
1966192,84,1108,465,1832.6335,0.11555716,266.63168,46.449905,100.00896,2.9001837,305.85672,446.42068,22459.496,1462724,0.79534668,0.667243,0.22838899,1.6949095,6.9842067,0.76543355,0.88542813,2.3017769,3265,2.1268361
1966193,84,1110,445,1765.5437,0.11486901,266.88928,49.129627,101.74565,0.98373109,306.44708,439.48367,22349.121,1497024,0.80346191,0.62574989,0.21888834,1.6845051,6.9466043,0.76131254,0.88485634,2.3088236,3265,2.1402998
2031681,86,1014,1106,4447.8794,0.035760116,76.813423,45.933174,142.38907,1.8854609,963.96747,1250.2072,56529.195,3776768,0.6999321,1.0659969,0.41407713,1.5669665,10.568338,1.1582361,0.9316175,1.8602941,3265,1.9026287
2031682,86,1016,1131,4514.1885,0.039162464,76.907623,43.319668,140.68248,3.8749547,901.45978,1203.5378,55667.879,3630684,0.69858921,1.0995225,0.42312008,1.5696512,10.670943,1.1694812,0.93275249,1.8520221,3265,1.89396
2031683,86,1018,1200,4774.2578,0.03823958,74.400673,42.520103,138.97766,5.8623714,908.46844,1252.568,59172.211,3924700,0.6707145,1.1789072,0.44776121,1.5733298,10.974813,1.2027837,0.93606669,1.8284314,3265,1.8725321
2031684,86,1020,1239,4951.6421,0.036012162,72.426689,41.250488,137.27014,7.8448691,959.35535,1314.4829,60194.566,3967952,0.65602702,1.2723798,0.44972777,1.5399792,11.457874,1.2557248,0.94119686,1.793505,3265,1.8709117
2031685,86,1022,1241,4993.4707,0.033988226,72.204842,39.111324,135.55562,9.8200674,989.05798,1358.7574,58731.199,3804592,0.65021312,1.2580384,0.45061728,1.5406861,11.462299,1.2562097,0.94124311,1.7931986,3265,1.8701046
2031686,86,1024,1259,5041.4702,0.033865027,70.525009,37.633495,133.83124,11.794079,979.19043,1367.7534,58508.883,3763840,0.64795285,1.2691103,0.45731929,1.5426764,11.538061,1.2645129,0.94203281,1.7879902,3265,1.8643636
2031687,86,1026,1307,5254.0269,0.039559048,65.446922,37.548218,132.09552,12.683106,907.14581,1291.8978,60713.281,3894920,0.65312707,1.2864985,0.48841554,1.5820869,11.405032,1.2499336,0.94064367,1.7971814,3265,1.8417982
2031688,86,1028,1363,5454.9839,0.037608638,64.69931,35.807564,130.27147,13.495644,945.22772,1350.075,62622.684,3956900,0.64290893,1.348802,0.49455732,1.5455449,12.038902,1.3194025,0.94715816,1.7552084,3265,1.8362018
2031689,86,1030,1355,5414.3271,0.037392065,63.842514,32.808605,125.77595,13.06511,938.70868,1348.9238,59982.977,3655348,0.65210855,1.3259017,0.49236917,1.5474306,11.980578,1.3130106,0.94656956,1.7588848,3265,1.8376622
2031690,86,1032,1336,5322.2964,0.038639378,62.621593,29.853319,117.9045,12.376216,914.5304,1315.6471,56453.676,3267612,0.66604543,1.2971201,0.48688048,1.5510122,11.851396,1.2988527,0.94525826,1.7671568,3265,1.8414419
2031691,86,1034,1354,5447.228,0.040750623,59.849636,29.478451,124.26591,11.966549,889.51123,1296.0614,56808.613,3286064,0.66598982,1.2928634,0.49129173,1.5454351,11.995107,1.3146027,0.94671637,1.7579657,3265,1.8384407
2031692,86,1036,1397,5576.1465,0.044478066,57.309864,28.861506,122.12774,11.863175,857.10034,1255.1599,58925.797,3424260,0.65733981,1.3325826,0.50615942,1.5435427,12.227398,1.3400606,0.94904602,1.7435662,3265,1.8286363
2031693,86,1038,1370,5528.2505,0.037722144,55.746185,26.608295,119.91974,12.07353,957.51898,1357.0648,56054.227,3162552,0.66493523,1.2941955,0.4954792,1.5411048,12.117556,1.3280225,0.94794858,1.7503064,3265,1.8356968
2031694,86,1040,1372,5504.6387,0.037688471,53.959064,24.678709,117.6473,12.582875,957.37854,1354.7684,55087.414,3046448,0.66520578,1.285081,0.49656171,1.5421244,12.117556,1.3280225,0.94794858,1.7503064,3265,1.8349315
2031695,86,1042,1367,5487.0991,0.030446852,51.931076,22.947968,115.35141,13.358804,1129.0077,1504.8912,53663.715,2892684,0.66372484,1.28128,0.49493122,1.5425899,12.08794,1.3247769,0.94765139,1.7521446,3265,1.8360207
2031696,86,1044,1394,5558.0771,0.032303929,47.210815,22.605387,113.09429,13.190245,1103.2201,1470.4137,55028.527,2974944,0.66026276,1.2966901,0.50434154,1.5416012,12.232437,1.340613,0.9490962,1.7432598,3265,1.8298295
2031697,86,1046,1366,5493.7119,0.036664013,41.94434,22.324135,110.61357,12.462647,1018.4275,1372.2014,53016.82,2814428,0.67630631,1.2516974,0.49582577,1.5460635,12.048677,1.3204739,0.94725662,1.7545956,3265,1.8353363
2031698,86,1048,1417,5667.4883,0.052958287,35.983829,22.003918,107.91357,12.009003,808.69934,1159.6669,55490.855,2941368,0.67586094,1.2887293,0.51489824,1.5470121,12.288155,1.3467193,0.94964993,1.7398897,3265,1.8233001
2031699,86,1050,1484,5907.4956,0.057156071,31.888443,19.654888,104.82201,11.858585,784.12482,1139.6604,57706.902,2979228,0.67201418,1.3506699,0.53826624,1.5415136,12.665768,1.3881037,0.95335436,1.7178309,3265,1.8106229
2031700,86,1052,1486,5961.3604,0.055352136,26.446772,17.958866,102.89743,12.022367,805.58167,1163.3501,57430.68,2926996,0.67359734,1.3490942,0.53684974,1.5362834,12.736435,1.3958485,0.95403844,1.713848,3265,1.811244
2031701,86,1054,1473,5911.9556,0.057372727,19.338446,16.44825,99.890282,12.48844,779.9519,1137.9358,55661.766,2748556,0.6785813,1.3415661,0.53273058,1.5385004,12.649571,1.3863287,0.95319718,1.71875,3265,1.8133578
2031702,86,1056,1475,5874.2822,0.054646783,10.966593,15.182204,96.66687,13.226914,802.8465,1162.2512,55185.125,2670544,0.67803138,1.3499429,0.5340333,1.5397868,12.644181,1.385738,0.95314479,1.7190564,3265,1.812699
2031703,86,1058,1479,5855.5391,0.053924616,2.4204652,14.825957,98.769241,14.197558,810.37073,1168.1399,55691.785,2712920,0.67592669,1.3537167,0.53509408,1.5386071,12.676588,1.3892896,0.95345926,1.7172182,3265,1.8121462
2031704,86,1060,1466,5828.3999,0.048891172,353.63174,14.877139,105.43713,15.358541,861.97198,1223.952,54735.254,2625092,0.67899835,1.3462855,0.5311594,1.5412419,12.585196,1.3792735,0.95257092,1.7224264,3265,1.8142008
2031705,86,1062,1472,5843.2417,0.049173903,346.47327,15.600818,105.59174,13.759161,863.15417,1221.9812,55689.93,2708528,0.67407656,1.3574792,0.53217643,1.5380867,12.649571,1.3863287,0.95319718,1.71875,3265,1.8136444
2031706,86,1064,1461,5801.3315,0.051876787,338.81683,16.285286,105.84501,11.772556,827.77008,1185.4473,55378.199,2688860,0.67525339,1.3558842,0.52858174,1.5396279,12.579862,1.3786889,0.95251888,1.7227329,3265,1.8155514
2031707,86,1066,1438,5741.7749,0.050821021,331.28836,17.168501,106.19515,9.7911701,835.63959,1191.5337,54527.512,2643912,0.67963701,1.3406752,0.51932108,1.5382066,12.4846,1.3682487,0.9515875,1.7282475,3265,1.8207375
2031708,86,1068,1435,5718.417,0.046914872,325.86163,18.521473,106.64028,7.8182397,885.76373,1237.6207,55304.855,2717424,0.67232031,1.3569386,0.51861221,1.5392823,12.458394,1.3653766,0.9513303,1.7297794,3265,1.8211339
2031709,86,1070,1425,5690.2012,0.047242358,321.06705,19.999655,107.17841,5.8613524,884.2605,1230.2771,55783.004,2775012,0.66766214,1.3649462,0.51369864,1.5361234,12.442722,1.3636591,0.95117635,1.7306986,3265,1.8241326
2031710,86,1072,1405,5586.5591,0.053141955,315.31049,21.493431,107.80717,3.9407954,812.44519,1149.3661,55929.148,2827940,0.66492075,1.3652219,0.50557756,1.5339431,12.364956,1.3551363,0.95041013,1.7352941,3265,1.8293153
2031711,86,1074,1373,5470.4141,0.066796556,310.10437,23.086901,108.5246,2.1287196,683.67285,1014.4672,55399.777,2831232,0.6645627,1.3493452,0.49352983,1.5323701,12.21733,1.3389572,0.94894576,1.7441789,3265,1.8374912
2031712,86,1076,1141,4537.5586,0.06899602,288.22879,23.825386,109.32797,0.83653927,631.1272,909.08405,44518.676,2171544,0.65098941,1.1848544,0.40837508,1.5053527,11.202678,1.2277566,0.9385072,1.8115809,3265,1.9138639
2031713,86,1078,1127,4453.3428,0.050125413,300.61914,24.040155,110.21516,1.3863307,772.88989,1056.6205,48588.023,2658464,0.63630635,1.1507753,0.40730032,1.5190804,11.031931,1.2090435,0.93668199,1.8241421,3265,1.9126477
2031714,86,1080,1140,4550.3921,0.035617959,299.73114,25.014397,110.85783,2.8614013,963.33295,1267.0531,47540.738,2495736,0.63757837,1.1743497,0.38203752,1.3002329,12.339249,1.352319,0.95015609,1.7368259,3265,2.0257492
2031715,86,1082,1126,4481.2744,0.03004008,296.63797,25.896835,109.89258,1.3709971,1067.3182,1369.163,46607,2396452,0.66387999,1.1353447,0.37861466,1.3054557,12.21733,1.3389572,0.94894576,1.7441789,3265,2.0275733
2031716,86,1084,732,2921.7693,0.070999011,257.05466,29.243183,80.083046,0.8764137,525.2843,719.12061,27635.504,1275968,0.73425132,0.79001516,0.33686149,1.7705637,7.736156,0.84784335,0.8963995,2.175245,3265,1.9782553
2031717,86,1086,610,2411.9104,0.055037919,252.72113,31.920523,81.873108,0.8764137,576.65399,742.08649,23917.262,1164688,0.74832165,0.6910919,0.28438228,1.7383219,7.4319792,0.81450719,0.89206332,2.2233455,3265,2.0371845
2031718,86,1088,521,2097.406,0.093820162,251.87801,31.641905,83.678131,0.8764137,352.67886,530.0271,20046.094,975236,0.7948103,0.57822406,0.24345794,1.6991961,7.2610455,0.79577368,0.8895672,2.2521446,3265,2.0891259
2031719,86,1090,523,2079.1907,0.081799075,253.30719,31.921797,85.493996,0.8764137,397.67902,565.1684,20162.746,996316,0.78753579,0.60314661,0.2478673,1.7075279,7.2116389,0.79035896,0.8888374,2.2607231,3265,2.0881341
2031720,86,1092,581,2295.2356,0.065006204,253.73993,30.370028,87.32032,1.0199084,442.26224,666.10266,22720.059,1144228,0.67471659,0.89456052,0.25995526,1.6974593,7.5588112,0.82840735,0.89388746,2.2028186,3265,2.0562389
2031721,86,1094,559,2194.7302,0.069398277,256.44928,31.438021,89.157898,1.861521,424.62445,630.40717,22239.182,1151832,0.68466473,0.86613935,0.25033587,1.687674,7.5128846,0.82337397,0.8932296,2.2101715,3265,2.0695372
2031722,86,1096,521,2070.1416,0.083182499,259.51053,32.409344,91.005669,3.1795619,377.51599,559.22809,20886.016,1109008,0.71657318,0.79284197,0.24483083,1.6996634,7.2468605,0.79421908,0.88935804,2.2545955,3265,2.0902934
2031723,86,1098,510,2009.0261,0.081764914,260.81244,34.20689,92.859474,4.5705433,380.57858,555.6665,20948.543,1150884,0.71773952,0.78714192,0.23977433,1.6943696,7.2256861,0.79189849,0.8890453,2.2582722,3265,2.097225
2031724,86,1100,488,1943.3798,0.10332994,261.75195,36.390545,94.720383,2.7064083,326.98364,486.15045,20605.236,1172876,0.72867507,0.75368774,0.22953904,1.6831293,7.1854463,0.7874884,0.88844895,2.2653186,3265,2.1114638
2031725,86,1102,443,1753.1536,0.12042387,260.40564,43.067204,96.589333,1.1355487,299.78967,427.71909,20118.408,1211404,0.8253271,0.53114074,0.2182266,1.683975,6.9384832,0.76042253,0.88473254,2.3103554,3265,2.1417894
2031726,86,1104,471,1841.7762,0.090277992,262.74658,41.329365,98.46563,0.9882018,359.9617,506.32855,21255.316,1290908,0.73501378,0.73759294,0.21835883,1.6655258,7.2098866,0.79016691,0.88881147,2.2610295,3265,2.1233816
2031727,86,1106,445,1768.7074,0.086508363,262.43848,44.917603,100.15172,2.463413,368.31604,506.87851,20793.828,1310340,0.77398521,0.6484251,0.21910389,1.6849023,6.9433537,0.76095629,0.88480681,2.3094363,3265,2.1403883
2031728,86,1108,429,1721.3468,0.11768565,262.83347,47.54306,101.81348,2.7580304,301.93253,428.72357,20846.24,1349884,0.7859726,0.60753554,0.21133006,1.6759566,6.9158454,0.75794154,0.8843869,2.3146446,3265,2.1514184
2031729,86,1110,420,1674.0438,0.12324346,263.24326,50.204376,103.48866,0.75803047,297.92096,413.14871,21374.27,1424352,0.79516989,0.57647085,0.20689656,1.6706672,6.9013705,0.75635517,0.88416541,2.3174019,3265,2.1577373
2097217,88,1014,1079,4282.6924,0.042811938,81.849396,43.925819,137.94949,1.9501469,861.35602,1121.1943,53546.094,3460852,0.71370798,1.0407811,0.40457442,1.5644903,10.452939,1.145589,0.93033105,1.8697916,3265,1.9121264
2097218,88,1016,1112,4448.7002,0.035545539,80.45816,41.719101,128.51266,3.9488065,935.5683,1254.0907,53422.57,3364836,0.70245874,1.0888201,0.41835967,1.5728751,10.545804,1.1557666,0.93136716,1.8621323,3265,1.8994133
2097219,88,1018,1142,4549.3354,0.040409707,79.700478,39.991447,137.92862,5.9474659,861.5899,1189.4222,53726.156,3375260,0.68852711,1.1430182,0.41497093,1.5299604,11.031931,1.2090435,0.93668199,1.8241421,3265,1.903675
2097220,88,1020,1204,4785.1416,0.044442795,77.429489,38.938152,136.22058,7.9449291,820.03406,1163.1926,56548.75,3585116,0.66938549,1.2075469,0.43702358,1.5364701,11.305102,1.2389817,0.93959218,1.8042279,3265,1.8823332
2097221,88,1022,1246,4969.8364,0.035578173,74.9869,38.095024,134.51288,9.9414473,963.6507,1324.9032,58425.848,3740936,0.65027362,1.3026662,0.45210451,1.5400553,11.493375,1.2596154,0.94156748,1.7910539,3265,1.8688869
2097222,88,1024,1225,4886.2104,0.03957082,73.543777,36.469234,132.79863,11.933805,873.77881,1245.6714,55587.371,3499812,0.65734828,1.2311784,0.45828658,1.5795289,11.044248,1.2103934,0.93681431,1.823223,3265,1.8637176
2097223,88,1026,1277,5100.9746,0.034618691,72.080948,35.151676,131.07434,13.817343,981.69684,1360.7433,57643.355,3600892,0.64827806,1.281039,0.46385762,1.543928,11.619379,1.2734249,0.9428761,1.7824755,3265,1.8589823
2097224,88,1028,1358,5423.9458,0.03783628,68.445404,34.48798,129.33781,14.567801,936.51483,1342.1726,61694.391,3841024,0.64423382,1.3395046,0.49256438,1.5449929,12.019398,1.3172649,0.94696158,1.7564338,3265,1.8375736
2097225,88,1030,1368,5490.1094,0.037626211,66.286919,33.040646,127.55007,14.182468,941.69342,1354.0983,60722.246,3712640,0.64703625,1.3362603,0.49565217,1.5435985,12.083018,1.3242375,0.94760197,1.7524509,3265,1.8355041
2097226,88,1032,1365,5447.376,0.036490981,64.722366,30.646982,124.29008,13.544842,988.89532,1369.6382,59027.617,3525468,0.65168381,1.3268085,0.49546281,1.5460562,12.043788,1.3199379,0.94720739,1.754902,3265,1.8355807
2097227,88,1034,1341,5327.937,0.039686125,64.337578,27.213438,115.3852,13.166963,913.52173,1298.8683,54834.098,3062452,0.66922992,1.2866288,0.48852459,1.550631,11.879861,1.3019724,0.94554812,1.7653186,3265,1.8402908
2097228,88,1036,1356,5447.6865,0.040059276,61.55759,26.633028,121.54118,13.070041,903.44025,1307.2523,55403.031,3106880,0.66956973,1.2765553,0.49148241,1.5439659,12.019398,1.3172649,0.94696158,1.7564338,3265,1.8383464
2097229,88,1038,1389,5571.1255,0.04339309,58.369186,26.130169,119.38729,13.259884,878.19623,1270.1824,57144.262,3227468,0.66343004,1.2973292,0.50235081,1.5411352,12.212302,1.3384062,0.94889563,1.7444853,3265,1.8311274
2097230,88,1040,1373,5490.0269,0.040680405,57.253036,23.539541,117.16154,13.725198,928.29846,1302.2655,54488.742,2968556,0.66663623,1.2861124,0.49620527,1.5401148,12.142346,1.3307394,0.94819689,1.7487745,3265,1.8352407
2097231,88,1042,1363,5457.7129,0.036988407,55.323349,21.650925,114.86275,14.440825,995.57697,1361.6875,53021.277,2826048,0.66756088,1.2682071,0.49348298,1.5425502,12.068277,1.3226218,0.9474538,1.75337,3265,1.8370105
2097232,88,1044,1367,5432.9688,0.031158334,50.89994,20.730743,112.53502,14.298622,1123.5027,1480.2546,52699.793,2777384,0.66825646,1.2576711,0.49457309,1.5415839,12.097796,1.3258569,0.94775039,1.7515318,3265,1.8362968
2097233,88,1046,1363,5443.3779,0.034322649,45.681095,20.553719,110.247,13.624712,1050.9139,1411.7207,52271.961,2745576,0.67631435,1.2417778,0.49276933,1.5405278,12.08794,1.3247769,0.94765139,1.7521446,3265,1.8375741
2097234,88,1048,1405,5628.4307,0.053631008,39.979271,20.102896,107.68371,13.206191,810.64624,1148.3932,54189.301,2821316,0.67721611,1.2715142,0.510167,1.5463305,12.237482,1.3411658,0.94914645,1.7429534,3265,1.8261317
2097235,88,1050,1483,5911.9238,0.052781951,34.745075,18.245825,104.95085,13.066333,839.07916,1186.3877,57147.176,2913904,0.67375922,1.3401817,0.53654122,1.538352,12.698286,1.3916676,0.95366949,1.7159927,3265,1.8114144
2097236,88,1052,1481,5958.4351,0.055901576,28.885317,16.460915,101.95963,13.213401,808.43976,1157.3348,56454.734,2821968,0.6778729,1.3344318,0.53523672,1.5370748,12.703722,1.3922633,0.95372212,1.7156863,3265,1.8120631
2097237,88,1054,1486,5931.2417,0.058348231,21.50765,15.172322,99.690735,13.638746,782.04797,1130.2224,56193.902,2773408,0.67726523,1.3394078,0.53646207,1.5353401,12.747377,1.3970478,0.95414412,1.7132353,3265,1.811438
2097238,88,1056,1470,5884.4487,0.054601476,12.226807,13.780706,96.489861,14.318813,814.95154,1163.7391,54508.934,2609472,0.68270236,1.3276777,0.5316456,1.5386724,12.633416,1.3845582,0.95304024,1.7196691,3265,1.8139241
2097239,88,1058,1470,5831.9863,0.053830851,1.8689048,13.139949,96.774254,15.221269,817.1228,1166.8031,54633.598,2614220,0.68299502,1.3272392,0.53183794,1.5391436,12.628039,1.3839689,0.95298797,1.7199755,3265,1.813826
2097240,88,1060,1455,5785.644,0.052607697,351.34213,13.179514,103.43955,15.680438,828.10699,1175.5907,53611.949,2524204,0.68669909,1.3177491,0.52736497,1.5422832,12.521474,1.3722899,0.95194864,1.7261029,3265,1.8162241
2097241,88,1062,1447,5778.9404,0.048707645,342.65939,13.931152,103.601,13.681184,873.39709,1221.0416,53719.68,2551416,0.68770224,1.3086307,0.52484584,1.5435934,12.468863,1.366524,0.95143312,1.7291666,3265,1.8176074
2097242,88,1064,1451,5777.7642,0.051465951,335.42227,15.096398,103.86535,11.68218,840.86267,1187.7495,54490.816,2611160,0.68369019,1.3165923,0.5240159,1.5377039,12.553254,1.375773,0.95225924,1.7242647,3265,1.8180646
2097243,88,1066,1420,5667.0605,0.046405904,325.68289,16.196918,104.23061,9.683589,895.1283,1238.7887,53292.281,2548368,0.69063616,1.2920383,0.51337671,1.5401998,12.375268,1.3562665,0.95051199,1.7346814,3265,1.8242276
2097244,88,1068,1402,5591.7427,0.046240244,319.58481,18.02957,104.6947,7.68573,896.01184,1232.7314,53404.168,2588900,0.69386345,1.2696135,0.5059545,1.5380325,12.308541,1.3489536,0.94985211,1.7386643,3265,1.8289001
2097245,88,1070,1379,5498.8335,0.050855316,314.61761,20.296324,105.2554,5.6891813,842.1377,1165.6604,53315.168,2621644,0.699413,1.2417829,0.4964003,1.5345124,12.227398,1.3400606,0.94904602,1.7435662,3265,1.8353778
2097246,88,1072,1349,5376.6968,0.055710945,310.25107,22.810152,105.91037,3.6957037,803.22479,1101.2665,53664.758,2713612,0.70342904,1.2132846,0.48525178,1.5329847,12.08794,1.3247769,0.94765139,1.7521446,3265,1.8433371
2097247,88,1074,1275,5108.7578,0.078480601,303.34741,25.297983,106.65693,1.7123867,626.69135,904.44348,51376.641,2618068,0.71922797,1.1490207,0.46078786,1.5364152,11.674231,1.2794363,0.9434424,1.7787991,3265,1.8619483
2097249,88,1078,897,3577.5779,0.04321675,326.56522,27.555073,108.34341,0.78594297,768.96118,1019.9372,38280.773,2123156,0.61591214,0.92623055,0.30232558,1.2442989,11.13542,1.2203854,0.93779075,1.8164829,3265,2.1440589
2097250,88,1080,968,3880.2944,0.031394199,302.2269,25.555288,108.95838,2.2536414,981.61499,1246.2712,38129.68,1888264,0.66634047,0.94840449,0.32526881,1.2611328,11.480036,1.2581537,0.94142836,1.791973,3265,2.1081004
2097251,88,1082,1056,4173.6694,0.029330574,299.96619,30.207512,109.11485,0.26682186,1087.4397,1337.2225,46034.477,2493192,0.67766768,1.022856,0.354958,1.2877482,11.879861,1.3019724,0.94554812,1.7653186,3265,2.0615096
2097257,88,1094,278,1075.8114,0.060744833,221.61967,16.108587,87.765633,0.35457778,300.42133,471.75699,7962.3613,324452,0.55395681,0.63058704,0.13231795,1.547508,6.8017178,0.74543369,0.88263094,2.3367035,3265,2.2771354
2097258,88,1096,362,1415.9102,0.065511882,240.11089,23.646929,91.88958,1.7763486,349.79575,521.15002,12012.562,550072,0.58754838,0.7104249,0.16328372,1.5754727,7.1284876,0.78124601,0.88760054,2.275429,3265,2.2111623
2097259,88,1098,383,1483.7729,0.065018721,249.45338,26.802788,93.718796,3.1870089,378.56363,535.51233,13385.923,651616,0.63227755,0.68137538,0.18032014,1.620665,7.0039873,0.76760137,0.88572794,2.2981005,3265,2.1871269
2097260,88,1100,391,1530.0499,0.067398772,253.5692,31.106419,95.557579,2.3669686,386.19052,534.11127,14705.476,769244,0.65415436,0.67869651,0.18408664,1.6259723,7.0172367,0.76905346,0.88592845,2.2956495,3265,2.1808753
2097261,88,1102,370,1463.6171,0.072968014,256.6879,36.89106,97.405701,0.41707429,386.16495,502.05627,15227.642,849180,0.68718964,0.61018491,0.17411764,1.6115652,6.9842067,0.76543355,0.88542813,2.3017769,3265,2.1975091
2097262,88,1104,86,329.86176,0.1678596,46.215515,8.5026741,51.024342,0.16589066,85.610703,157.14401,1095.7045,21412,0.70588237,0.37564948,0.08269231,1.6625423,4.9402184,0.54142284,0.85019267,2.84038,3265,2.4981523
2097263,88,1106,116,428.41333,0.067230441,321.83212,2.4336104,68.464714,2.0956187,192.92766,282.97849,1599.2509,37948,0.70644677,0.43388778,0.057768926,1.4124011,6.4219637,0.70381457,0.87662172,2.4157476,3265,2.4513321
2097264,88,1108,196,766.14734,0.15218174,251.70338,28.874029,85.089752,2.7580304,160.73634,251.52422,6082.8955,297720,0.70219779,0.4222413,0.10056439,1.517113,6.4442763,0.70625997,0.87698215,2.4108455,3265,2.3537123
2097265,88,1110,241,944.0802,0.08150883,254.82616,38.123772,104.86667,0.75803047,292.30402,381.51099,9489.8623,545484,0.69802904,0.43335575,0.11966237,1.5441303,6.6019788,0.72354329,0.87950307,2.3771446,3265,2.3074584
2162753,90,1014,1052,4165.6655,0.030248389,86.344032,43.054386,140.79028,1.7480296,1047.8374,1315.5156,51309.203,3263012,0.72217476,1.0130242,0.39268383,1.5527701,10.401645,1.1399674,0.92975587,1.8740809,3265,1.9250135
2162754,90,1016,1087,4319.3115,0.035135705,84.79895,40.844788,138.52023,3.712877,955.44104,1242.9048,51414.711,3207196,0.70789897,1.0690308,0.39584851,1.5240195,10.787312,1.1822345,0.93402994,1.8428309,3265,1.9236549
2162755,90,1018,1118,4515.9937,0.03377229,83.077377,38.853771,130.86227,5.6626844,966.97571,1296.2875,51649.414,3172948,0.69425678,1.1104854,0.40758294,1.5311401,10.898235,1.1943911,0.935238,1.8342525,3265,1.910856
2162756,90,1020,1148,4590.0376,0.034145586,82.632278,36.816967,135.17606,7.5866008,959.09131,1299.7079,51558.977,3101820,0.68505478,1.1603646,0.41715115,1.5308577,11.056592,1.2117463,0.93694687,1.8223039,3265,1.901457
2162757,90,1022,1183,4700.1387,0.041695591,78.993126,36.086014,133.46609,9.5060301,832.52509,1190.1869,52836.625,3220984,0.67792314,1.2142857,0.43831047,1.5637234,10.978873,1.2032287,0.9361105,1.828125,3265,1.8797294
2162758,90,1024,1229,4886.0225,0.035330888,77.309059,35.198975,131.75662,11.353197,952.53534,1318.2731,55068.215,3398768,0.6647045,1.2243239,0.44674665,1.5411861,11.396273,1.2489736,0.94055176,1.7977941,3265,1.8733895
2162759,90,1026,1232,4966.3105,0.044484027,78.496681,33.406338,130.04286,11.935843,814.44928,1184.4585,53861.617,3252092,0.6554538,1.2402878,0.44702467,1.5388067,11.431392,1.2528225,0.94091988,1.7953432,3265,1.87332
2162760,90,1028,1295,5193.563,0.03511589,74.269402,32.605366,128.31892,12.790551,961.57251,1363.2822,57027.383,3459004,0.65270656,1.2723432,0.46954316,1.5423919,11.724968,1.2849969,0.94396454,1.7754289,3265,1.8545699
2162761,90,1030,1352,5417.8379,0.037532397,69.985023,31.837351,126.58241,12.353315,935.57819,1346.8362,59268.715,3571108,0.65294391,1.307964,0.48967767,1.542894,12.009669,1.3161987,0.94686341,1.7570466,3265,1.8396369
2162762,90,1032,1379,5490.1558,0.037944663,67.974091,30.409056,124.83019,11.622154,955.48615,1348.4098,59632.742,3547420,0.64710552,1.3384954,0.49909517,1.5421491,12.15229,1.3318293,0.94829643,1.7481618,3265,1.8332378
2162763,90,1034,1375,5501.2188,0.036922228,66.238106,28.619961,122.74174,11.183899,982.97552,1368.3287,58772.844,3468160,0.65254569,1.3044604,0.49764749,1.5421388,12.132418,1.3296514,0.94809747,1.7493873,3265,1.8342023
2162764,90,1036,1324,5330.979,0.040135209,65.990791,24.668447,112.96661,11.070711,910.47363,1291.9498,52869.395,2874988,0.67653847,1.2410339,0.48180494,1.5487123,11.813652,1.2947162,0.94487309,1.7696079,3265,1.8451021
2162765,90,1038,1352,5400.3921,0.039717872,63.246037,23.360384,118.81949,11.291914,925.09113,1307.1475,53398.301,2870828,0.67715675,1.2514628,0.48914617,1.5413727,12.024268,1.3177987,0.9470107,1.7561275,3265,1.8400671
2162766,90,1040,1374,5518.5981,0.043402229,59.919411,22.818804,116.65371,11.830055,892.65155,1264.0472,54325.527,2929232,0.67135686,1.2687048,0.49638727,1.5396142,12.15229,1.3318293,0.94829643,1.7481618,3265,1.835137
2162767,90,1042,1341,5384.8564,0.041159652,59.188522,20.233337,114.40767,12.646917,920.80817,1282.201,51262.957,2675344,0.67688626,1.2380018,0.48499095,1.5406132,11.975744,1.3124807,0.94652069,1.7591912,3265,1.8430626
2162768,90,1044,1325,5297.5869,0.034511197,55.404724,18.697292,112.08162,12.485438,1033.653,1388.8776,49757.145,2555316,0.68171692,1.2021123,0.47868496,1.5385493,11.913245,1.3056312,0.94588739,1.7631741,3265,1.8478054
2162769,90,1046,1335,5341.8403,0.031814624,49.784779,18.439943,109.71955,11.714186,1094.2773,1452.5697,49834.535,2533232,0.68212521,1.2044796,0.48264644,1.5399278,11.951629,1.3098377,0.94627661,1.760723,3265,1.8447993
2162770,90,1048,1383,5528.4443,0.050206956,44.104279,17.929056,107.39828,11.229411,826.86072,1176.3173,52442.059,2682700,0.68189394,1.2361975,0.50126857,1.5441303,12.15229,1.3318293,0.94829643,1.7481618,3265,1.8317652
2162771,90,1050,1466,5863.9419,0.053360835,37.11071,16.766211,104.74484,11.066334,831.01208,1175.1368,55926.793,2818416,0.68288815,1.2957128,0.53077477,1.5403062,12.595881,1.3804444,0.95267498,1.7218137,3265,1.8143915
2162772,90,1052,1470,5902.0107,0.054393362,30.248323,15.003963,101.98173,11.23789,822.99542,1167.7019,55398.988,2732080,0.68766111,1.2905971,0.5299207,1.5343719,12.682006,1.3898834,0.95351177,1.7169118,3265,1.8148632
2162773,90,1054,1466,5876.1235,0.052024465,21.844212,13.817108,99.095322,11.730392,846.65161,1191.3698,54647.766,2650636,0.69001949,1.2831445,0.52886003,1.5355477,12.649571,1.3863287,0.95319718,1.71875,3265,1.8154203
2162774,90,1056,1458,5825.7427,0.054705467,11.008102,12.603854,96.403282,12.508352,812.61963,1156.8185,53594.797,2542700,0.6934585,1.2760231,0.52635378,1.5369065,12.595881,1.3804444,0.95267498,1.7218137,3265,1.816774
2162775,90,1058,1448,5730.2827,0.053452574,357.58737,11.924155,94.779594,13.525354,817.90192,1160.6697,53000.734,2494776,0.70061988,1.2528017,0.52349967,1.5392772,12.521474,1.3722899,0.95194864,1.7261029,3265,1.8183399
2162776,90,1060,1432,5674.1406,0.052541468,345.35791,12.39319,101.44218,14.734371,824.70795,1164.9409,52000.438,2413136,0.70660436,1.2334429,0.51790237,1.5403512,12.432298,1.3625166,0.95107383,1.7313113,3265,1.8215353
2162777,90,1062,1397,5600.2056,0.049044982,334.33539,13.293012,101.61105,13.877898,864.10455,1197.8699,50536.965,2339616,0.7186439,1.194185,0.50652647,1.5445192,12.21733,1.3389572,0.94894576,1.7441789,3265,1.8283938
2162778,90,1064,1392,5578.8975,0.049834397,327.40988,14.802411,101.88741,11.909854,860.10315,1186.0815,51086.293,2396676,0.71724015,1.1897253,0.50216448,1.5376028,12.262766,1.3439368,0.94939786,1.7414216,3265,1.8313694
2162779,90,1066,1373,5502.0283,0.053302195,319.70395,16.353445,102.26904,9.9536953,821.64117,1138.9215,50872.102,2408588,0.71988094,1.1786677,0.49584687,1.5390995,12.15229,1.3318293,0.94829643,1.7481618,3265,1.8355244
2162780,90,1068,1354,5421.5566,0.053199459,313.37247,18.174198,102.75362,8.0171814,824.67505,1131.6531,50807.281,2429168,0.7227639,1.1748267,0.48933864,1.539878,12.048677,1.3204739,0.94725662,1.7545956,3265,1.8399959
2162781,90,1070,1349,5407.9907,0.043507483,310.0596,19.972704,103.33868,6.1169348,950.27124,1249.8011,52053.117,2546052,0.71469247,1.1880701,0.48700362,1.5382296,12.038902,1.3194025,0.94715816,1.7552084,3265,1.8417369
2162782,90,1072,1350,5411.9243,0.052451763,307.5274,21.739386,104.0217,4.2936749,847.52429,1138.6775,53551.832,2680172,0.69986326,1.2201519,0.4856115,1.5330102,12.092866,1.3253167,0.94770086,1.7518382,3265,1.8430738
2162783,90,1074,1305,5197.8872,0.059667911,300.1875,23.721119,104.79988,2.6708951,760.10315,1046.28,52263.023,2637576,0.69985545,1.200649,0.46623793,1.5206457,11.966086,1.3114222,0.94642299,1.7598039,3265,1.8591784
2162784,90,1076,1316,5236.4873,0.05474101,300.88339,25.850485,105.67027,1.679754,815.22803,1096.3988,54773.137,2834656,0.68797141,1.209953,0.45270038,1.3835547,12.868991,1.4103761,0.95531416,1.706495,3265,1.9279177
2162785,90,1078,1103,4409.1274,0.052406553,307.20047,31.414858,106.43667,2.0723212,780.63031,1028.2257,46669.27,2481924,0.69755149,0.98120779,0.3866106,1.393741,11.524619,1.2630397,0.94189298,1.7889093,3265,1.9893026
2162786,90,1080,1048,4259.2773,0.040317167,288.56613,28.608543,102.72614,2.2381222,899.31213,1152.2001,42703.027,2095584,0.71765751,0.96944046,0.35465312,1.3020101,11.748177,1.2875404,0.94420278,1.7738971,3265,2.0563235
2162787,90,1082,1142,4543.4292,0.035961106,297.65979,32.258327,107.72201,0.23812227,1010.6412,1260.0283,51874.961,2895708,0.66359895,1.1066763,0.38373655,1.3072454,12.308541,1.3489536,0.94985211,1.7386643,3265,2.0212018
2162794,90,1096,177,684.72302,0.064383939,201.27124,10.55465,90.439262,0.35859075,218.62195,365.5726,4164.6289,165928,0.61151773,0.52967197,0.086047642,1.4660674,6.5829401,0.72145677,0.87920123,2.3811274,3265,2.3795795
2162795,90,1098,256,964.23895,0.077619582,230.18968,20.954721,92.339279,1.7692511,254.01669,395.10419,7800.0962,362164,0.57417279,0.61380106,0.12184674,1.5287722,6.7675924,0.74169374,0.88210154,2.3434436,3265,2.2982869
2162796,90,1100,257,1001.962,0.10553864,241.16927,21.945572,69.243469,3.1704905,218.27577,345.40195,7606.6436,322044,0.65169019,0.55502278,0.12672584,1.5505201,6.6552801,0.7293849,0.88034475,2.3661151,3265,2.294194
2162797,90,1102,274,1067.256,0.082860142,245.57936,24.077152,82.119629,1.8864168,276.77069,402.31516,8496.9521,376460,0.65134621,0.59109962,0.13135187,1.5497466,6.7691364,0.74186295,0.88212556,2.3431373,3265,2.279562
2162798,90,1104,293,1140.7858,0.077046968,249.50507,29.047445,100.10751,1.782272,316.21039,431.34943,10025.79,495084,0.64533174,0.60558885,0.13879678,1.5582052,6.8377633,0.74938411,0.88318795,2.3296568,3265,2.2630625
2162799,90,1106,293,1128.1007,0.065883607,252.45811,33.588608,101.94772,2.9576273,358.50705,463.86349,11228.795,617768,0.61419421,0.60508424,0.13653308,1.550072,6.8869562,0.7547754,0.88394451,2.3201592,3265,2.2641554
2162800,90,1108,194,765.26721,0.057702418,255.69756,34.575539,103.79652,2.7580304,319.116,408.23898,7026.9443,418856,0.6454249,0.42998195,0.096661687,1.5046966,6.5178771,0.7143262,0.87816447,2.3949142,3265,2.3545556
2162801,90,1110,159,598.11133,0.070923924,257.40594,31.421375,101.63824,0.75803047,245.35376,325.53641,5389.8994,324588,0.71116948,0.36683145,0.078947365,1.4639789,6.4836998,0.71058053,0.87761676,2.4022672,3265,2.3958535
2228289,92,1014,1021,4041.0024,0.033997368,91.00351,42.239681,140.07005,1.2663599,956.26514,1222.1565,48747.234,3018748,0.73404199,0.99395883,0.37222019,1.5119611,10.523367,1.1533074,0.93111742,1.8639706,3265,1.9507825
2228290,92,1016,1047,4190.4829,0.029649552,90.328094,39.901112,138.14865,3.1857893,1052.0989,1332.6863,48243.516,2904208,0.72314048,1.0307721,0.3822563,1.5199986,10.60611,1.1623757,0.93203628,1.8572304,3265,1.9386084
2228291,92,1018,1103,4421.3481,0.029153563,87.102852,38.463795,136.27655,5.1112323,1082.2388,1380.5001,50772.773,3118752,0.6911031,1.1063706,0.40036297,1.5218421,10.886241,1.1930767,0.93510783,1.8351716,3265,1.9192799
2228292,92,1020,1126,4504.8447,0.034361299,84.38916,36.433727,130.66173,7.0534315,942.24677,1283.5419,50227.703,3023916,0.69115138,1.115332,0.41109893,1.534624,10.914268,1.1961483,0.93541187,1.833027,3265,1.9070103
2228293,92,1022,1121,4469.6738,0.037819266,85.307693,33.525429,120.55331,9.0085897,868.44391,1218.6705,47480.941,2689968,0.7046451,1.1116812,0.41243562,1.5450073,10.81089,1.1848186,0.93428749,1.8409927,3265,1.9049337
2228294,92,1024,1176,4690.1284,0.041863885,84.95385,32.548779,130.71404,9.4095411,834.36523,1186.5267,50192.316,2902480,0.6781314,1.2142771,0.42701524,1.5336367,11.181573,1.2254435,0.93828273,1.8131127,3265,1.8917798
2228295,92,1026,1218,4884.0908,0.03799409,82.143051,32.132656,129.00145,10.096627,906.99445,1270.9802,52307.297,3083948,0.66865683,1.201436,0.44178456,1.5368912,11.374433,1.24658,0.9403224,1.7993259,3265,1.878052
2228296,92,1028,1225,4912.0962,0.043535769,81.122658,30.835596,127.28771,11.084465,799.77991,1190.7354,51708.055,3015336,0.66500866,1.2002239,0.44400144,1.536518,11.413805,1.250895,0.94073564,1.7965686,3265,1.8761343
2228297,92,1030,1316,5246.0635,0.032006472,75.058113,30.25633,125.56461,10.581818,1035.2913,1435.1682,56414.238,3308908,0.65955943,1.2689933,0.47629389,1.5407976,11.846664,1.2983342,0.94520998,1.7674632,3265,1.8494743
2228298,92,1032,1332,5393.5474,0.036452729,72.183357,29.052984,123.82828,9.7283134,966.79755,1363.5691,56585.84,3295308,0.66140181,1.2641455,0.48191029,1.5408671,11.92761,1.3072054,0.94603318,1.762255,3265,1.8452913
2228299,92,1034,1361,5475.3345,0.037460886,69.766106,27.564831,122.07654,9.2073774,959.33929,1355.2556,56935.648,3255956,0.66036218,1.2744583,0.49240232,1.5415167,12.068277,1.3226218,0.9474538,1.75337,3265,1.8377898
2228300,92,1036,1375,5502.5005,0.037991472,67.056519,25.884464,120.1931,9.0716782,985.39484,1349.0931,57039.414,3248172,0.65908802,1.2734348,0.4969281,1.5401263,12.15229,1.3318293,0.94829643,1.7481618,3265,1.834752
2228301,92,1038,1330,5319.2192,0.040709674,66.630646,21.783255,110.72584,9.3365574,923.56409,1281.3862,51796.918,2723600,0.68416524,1.2080036,0.48258346,1.5448883,11.879861,1.3019724,0.94554812,1.7653186,3265,1.844635
2228302,92,1040,1319,5276.73,0.040206134,64.607796,19.440802,116.10331,9.972784,914.78113,1284.2252,49592.645,2505072,0.696266,1.1853049,0.47686189,1.5393598,11.875108,1.3014514,0.94549972,1.765625,3265,1.8491262
2228303,92,1042,1319,5310.0928,0.043235119,60.779541,19.110779,113.92467,10.919757,879.97766,1242.3319,49611.23,2530064,0.69277203,1.1765144,0.47686189,1.5393598,11.875108,1.3014514,0.94549972,1.765625,3265,1.8491262
2228304,92,1044,1293,5171.0845,0.038858783,57.873001,17.003691,111.65719,10.734227,939.63477,1293.1567,47216.172,2346096,0.69919598,1.1449138,0.46746203,1.5380867,11.75283,1.2880503,0.94425052,1.7735907,3265,1.8564656
2228305,92,1046,1298,5170.7222,0.032145873,53.817001,15.788222,109.3043,9.8368225,1065.4519,1421.7325,46823.324,2284808,0.69420838,1.1457247,0.46859205,1.5362417,11.79487,1.2926579,0.94468111,1.7708334,3265,1.8557079
2228306,92,1048,1334,5344.2866,0.040683005,48.247185,15.367608,106.90512,9.2618837,941.34241,1284.823,48874.914,2405956,0.69849658,1.1572096,0.48350853,1.5434862,11.913245,1.3056312,0.94588739,1.7631741,3265,1.8440129
2228307,92,1050,1445,5754.2544,0.053844415,38.630398,14.985778,104.54797,9.0663357,809.60419,1158.8551,54370.441,2695944,0.69612378,1.2357193,0.52241504,1.5394001,12.505644,1.370555,0.95179367,1.7270221,3265,1.8189497
2228308,92,1052,1448,5824.0796,0.054151304,31.06439,13.704262,101.79882,9.2720118,828.00104,1162.5566,53911.594,2620940,0.70003951,1.2323223,0.52180183,1.5348978,12.569205,1.377521,0.95241493,1.7233456,3265,1.8193729
2228309,92,1054,1442,5782.5806,0.052482322,21.382364,12.296073,98.999969,9.8558493,847.93909,1176.6824,52933.125,2522860,0.70662904,1.2185401,0.51889169,1.5331304,12.558567,1.3763552,0.95231116,1.7239584,3265,1.8211217
2228310,92,1056,1447,5777.063,0.056845129,10.512461,11.542512,96.228912,10.760641,804.19025,1130.0869,52835.934,2489196,0.70631468,1.2239994,0.5220058,1.5364093,12.547947,1.3751912,0.95220745,1.7245711,3265,1.8192225
2228311,92,1058,1428,5682.0283,0.056451496,356.46283,10.885822,93.01429,11.918072,800.66565,1124.6539,51746.18,2409132,0.71322083,1.2019111,0.51608241,1.5394995,12.421889,1.3613759,0.95097142,1.7319241,3265,1.8226184
2228312,92,1060,1409,5600.3633,0.044223942,342.04846,11.074929,99.445053,13.266,937.83362,1261.4915,50656.914,2323168,0.72097999,1.1845013,0.50958407,1.5409176,12.313649,1.3495133,0.94990271,1.7383579,3265,1.8265367
2228313,92,1062,1386,5552.1626,0.048106201,330.7525,11.970292,99.621986,14.338504,883.49799,1204.3022,49855.371,2287236,0.72708309,1.1667496,0.5014472,1.5416447,12.192232,1.3362067,0.94869548,1.7457107,3265,1.8317029
2228314,92,1064,1392,5540.2285,0.048405733,322.8974,13.369005,99.911377,12.43921,878.61383,1199.2794,50761.824,2355112,0.72010028,1.1847616,0.50453061,1.5440813,12.197244,1.3367559,0.94874549,1.7454044,3265,1.8296627
2228315,92,1066,1387,5540.4238,0.049461175,317.37006,14.999441,100.31078,10.574396,872.44476,1186.4357,51425.164,2419488,0.71431172,1.1922258,0.50036073,1.5376155,12.237482,1.3411658,0.94914645,1.7429534,3265,1.8325578
2228316,92,1068,1363,5464.8164,0.049779896,310.03836,16.699327,100.81747,8.7644567,867.66724,1174.5344,50901.477,2411072,0.71411425,1.1885163,0.49099424,1.5353796,12.13738,1.3301952,0.94814718,1.7490809,3265,1.83907
2228317,92,1070,1353,5431.2114,0.044569593,305.72458,18.628206,101.42903,7.0472345,938.38623,1237.468,51372.828,2461648,0.71279031,1.1914834,0.48651564,1.5325522,12.11261,1.3274804,0.94789898,1.7506127,3265,1.842453
2228318,92,1072,1358,5429.4072,0.046259362,303.33322,20.693556,102.14229,5.4992895,922.47711,1214.4547,53196.012,2618636,0.70147371,1.2180123,0.48569384,1.5245646,12.212302,1.3384062,0.94889563,1.7444853,3265,1.8437561
2228319,92,1074,1312,5236.1904,0.059099317,297.12402,23.102699,102.95444,4.2776823,774.69757,1055.1675,52509.246,2639280,0.70243692,1.1873493,0.45210201,1.3864971,12.81896,1.4048929,0.95483381,1.7092525,3265,1.9278522
2228320,92,1076,1297,5201.4888,0.051872179,295.82315,25.272114,103.86223,3.6591251,842.23389,1122.5392,53467.254,2742596,0.69434333,1.1880912,0.43773204,1.3421857,13.078842,1.4333746,0.9573139,1.6951593,3265,1.9528852
2228321,92,1078,1180,4715.3252,0.045918275,294.45569,28.247173,104.53341,3.888967,878.11438,1135.9729,49514.711,2586160,0.67386323,1.1075586,0.39770812,1.3219351,12.458394,1.3653766,0.9513303,1.7297794,3265,2.0006316
2228322,92,1080,1065,4261.5864,0.038816389,290.03989,29.3598,103.02677,2.2381222,928.2915,1174.5812,43515.457,2164716,0.72936392,0.94241786,0.35919055,1.2983384,11.875108,1.3014514,0.94549972,1.765625,3265,2.0524254
2228323,92,1082,1170,4670.2822,0.031934869,292.14819,31.913471,105.84187,0.23812227,1097.3397,1355.6387,53330.617,2964676,0.66069764,1.1349459,0.40400553,1.3723401,12.048677,1.3204739,0.94725662,1.7545956,3265,1.9787124
2228331,92,1098,164,629.58765,0.057279393,208.51323,12.680926,93.146149,0.35149321,232.86609,371.64975,3848.4341,158424,0.62067932,0.51320034,0.080039047,1.4545078,6.5524163,0.71811152,0.87871581,2.3875613,3265,2.3942885
2228332,92,1100,213,810.40979,0.064059742,224.55344,19.906672,95.150055,1.7621535,265.23413,398.71695,6179.0918,299328,0.55509788,0.59042925,0.10250241,1.4961126,6.6672421,0.73069584,0.88053292,2.3636642,3265,2.3409507
2228333,92,1102,228,860.79382,0.08186803,233.71527,19.067961,78.574966,3.1728139,233.39679,363.49408,6280.1504,262260,0.61121416,0.55921006,0.114,1.5316625,6.5712786,0.72017872,0.87901598,2.3835785,3265,2.3224993
2228334,92,1104,242,932.74567,0.098982304,240.27316,22.515118,71.135086,3.7171042,223.12759,344.11832,7027.3755,307468,0.63008815,0.57279724,0.12069825,1.5429908,6.5990424,0.72322148,0.87945658,2.3777573,3265,2.3085933
2228335,92,1106,249,970.20789,0.093413077,244.5896,26.418364,74.404854,4.4778957,253.89291,361.27133,7959.3267,375676,0.65980047,0.56157541,0.12235872,1.5419031,6.6537876,0.72922134,0.88032126,2.3664215,3265,2.3020256
2228336,92,1108,242,941.24158,0.085372545,247.22989,29.721889,76.528244,2.7580304,273.07767,372.21713,8133.0459,396024,0.66077983,0.54652739,0.11518325,1.5202807,6.7368655,0.73832625,0.88162315,2.349571,3265,2.3103049
2228337,92,1110,221,875.3717,0.12714064,248.16896,36.783161,91.107384,0.75803047,213.08853,294.14331,8222.2109,441792,0.72579187,0.42510042,0.11206897,1.538527,6.5064445,0.71307325,0.87798148,2.3973651,3265,2.3259704
2293825,94,1014,962,3854.5281,0.068687707,97.550064,40.374771,117.58701,0.78097147,579.84088,839.75195,43717.727,2508240,0.77276355,0.92390907,0.42063838,1.7574576,8.6392708,0.94682014,0.90855587,2.0523896,3265,1.9019151
2293826,94,1016,991,3982.1606,0.036895152,96.625923,38.250771,137.50369,2.7646132,886.18256,1164.6078,43759.07,2488192,0.75332129,0.97245097,0.36260518,1.5105081,10.376186,1.1371773,0.92946959,1.8762255,3265,1.9618633
2293827,94,1018,1043,4142.3843,0.031877674,93.10984,36.61655,135.53658,4.7542,979.37305,1277.8704,45427.578,2607312,0.72875565,1.0243443,0.37954876,1.5140026,10.625096,1.1644565,0.93224639,1.8556986,3265,1.9423994
2293828,94,1020,1094,4351.6167,0.032472577,88.426697,35.733364,133.62535,6.7469549,982.33392,1297.6927,48168.531,2847952,0.7014724,1.0698639,0.40836132,1.5602459,10.557059,1.1570001,0.93149221,1.8612132,3265,1.9087396
2293829,94,1022,1126,4506.8384,0.031464644,88.342903,33.608665,131.41335,7.0910535,1004.6514,1341.62,48475.262,2814068,0.68847209,1.1145899,0.40885985,1.526329,10.974813,1.2027837,0.93606669,1.8284314,3265,1.9101232
2293830,94,1024,1122,4490.4956,0.039173204,90.682953,30.588608,118.45993,7.4927878,856.42566,1200.2108,45931.195,2500120,0.7013489,1.1317828,0.41038772,1.5366937,10.87826,1.192202,0.9350211,1.8357843,3265,1.907533
2293831,94,1026,1141,4583.2515,0.044284824,89.564987,29.286556,127.96277,8.3253384,784.96521,1140.4186,46038.953,2491616,0.70081186,1.104287,0.41370559,1.5264522,11.052474,1.211295,0.9369027,1.8226103,3265,1.9053197
2293832,94,1028,1187,4729.7168,0.036086138,86.360077,29.086662,126.24899,9.4846601,899.83661,1283.3712,48564.727,2721012,0.68174905,1.1450363,0.42991671,1.5311754,11.257926,1.2338115,0.93909335,1.807598,3265,1.8893325
2293833,94,1030,1199,4839.3369,0.040848874,84.376602,28.187458,124.53393,8.8995228,827.18573,1220.1348,48920.367,2743804,0.67474008,1.1491216,0.43426296,1.5326219,11.309411,1.2394539,0.93963766,1.8039216,3265,1.8851937
2293834,94,1032,1316,5248.5767,0.034336552,76.700333,27.379147,122.81177,7.8821678,1002.6259,1385.9493,54662.262,3080132,0.66841334,1.2391113,0.47612157,1.540278,11.851396,1.2988527,0.94525826,1.7671568,3265,1.8496329
2293835,94,1034,1342,5360.4058,0.036961,73.833015,25.841953,121.07588,7.2425947,971.59772,1349.9943,55152.336,3072956,0.66703117,1.2436119,0.48535264,1.540639,11.980578,1.3130106,0.94656956,1.7588848,3265,1.8428007
2293836,94,1036,1345,5436.5034,0.037893083,70.880386,24.372475,119.32405,7.0729856,967.75665,1342.7179,54384.098,2976952,0.67130685,1.2215434,0.48573491,1.5386523,12.014532,1.3167317,0.94691247,1.7567402,3265,1.842625
2293837,94,1038,1365,5472.7388,0.040223576,67.716377,22.935215,117.48397,7.4027491,951.18903,1307.576,54878.82,2996200,0.67000312,1.223017,0.49260196,1.537997,12.122505,1.328565,0.94799817,1.75,3265,1.8378034
2293838,94,1040,1316,5261.6367,0.042741682,66.717461,19.081055,108.74335,8.1769838,903.64337,1243.7684,50004.137,2540436,0.69778448,1.1515329,0.47715735,1.543376,11.823065,1.2957479,0.94496924,1.768995,3265,1.8487
2293839,94,1042,1263,5016.5586,0.039998632,66.507721,15.103879,113.39296,9.2939482,901.40228,1255.4092,44682.723,2074620,0.72789359,1.0898116,0.45694646,1.5371529,11.605746,1.2719308,0.94273502,1.7833946,3265,1.8650488
2293840,94,1044,1272,5111.2456,0.048320696,60.78178,15.664481,111.20109,9.0779371,806.8208,1152.9268,45810.402,2220656,0.71472591,1.0988532,0.46003616,1.5372769,11.651313,1.2769246,0.94320601,1.7803309,3265,1.8624951
2293841,94,1046,1259,5057.5483,0.040693734,58.841702,13.894178,108.9133,8.0133276,915.85681,1249.7156,44786.184,2147540,0.70432281,1.0898672,0.45516992,1.5357666,11.596676,1.2709367,0.94264108,1.7840073,3265,1.8666403
2293842,94,1048,1279,5136.748,0.043231804,56.919338,12.785257,106.53128,7.3103509,892.19824,1221.933,45529.422,2171348,0.70922118,1.0949023,0.46290264,1.5388174,11.674231,1.2794363,0.9434424,1.7787991,3265,1.8600546
2293843,94,1050,1410,5663.7358,0.049957916,42.66692,13.273213,104.09185,7.0663371,857.10846,1193.5875,52122.102,2524156,0.71131074,1.1803526,0.50976139,1.5404075,12.323876,1.3506342,0.95000398,1.737745,3265,1.8264371
2293844,94,1052,1431,5771.4478,0.048111808,34.98621,12.198221,101.69586,7.3228035,890.71631,1227.7826,52910.355,2550416,0.70957762,1.1953504,0.51586157,1.5359645,12.474104,1.3670985,0.9514845,1.7288603,3265,1.822831
2293845,94,1054,1437,5771.457,0.046926625,25.896664,11.180752,98.838341,8.0363531,922.55927,1243.1914,52748.152,2510644,0.7110343,1.19862,0.5169065,1.5327888,12.537344,1.3740292,0.95210385,1.7251838,3265,1.822315
2293846,94,1056,1436,5738.6602,0.043067567,14.06541,9.9154558,95.999756,9.1087685,974.89252,1294.0022,51963.453,2414128,0.71262801,1.2027408,0.51747745,1.5353187,12.505644,1.370555,0.95179367,1.7270221,3265,1.8218867
2293847,94,1058,1438,5719.0566,0.051502086,0.67825693,9.6064653,93.13871,10.43771,862.07642,1181.285,52197.711,2425536,0.71112841,1.2054311,0.51932108,1.5382066,12.4846,1.3682487,0.9515875,1.7282475,3265,1.8207375
2293848,94,1060,1420,5634.981,0.047183208,343.16696,9.5099277,97.448181,11.943153,904.12671,1225.0602,51080.207,2333100,0.71556938,1.1930232,0.51337671,1.5401998,12.375268,1.3562665,0.95051199,1.7346814,3265,1.8242276
2293849,94,1062,1397,5584.1997,0.051048726,328.98679,10.450368,97.633919,13.569667,853.43579,1172.4463,50172.844,2286328,0.721178,1.1770104,0.50433213,1.5385821,12.277987,1.3456049,0.94954902,1.7405025,3265,1.8299229
2293850,94,1064,1379,5530.6431,0.053052697,317.57709,11.914855,97.937531,13.23612,827.57147,1144.5612,49779.16,2275372,0.7230624,1.1721796,0.49927589,1.5426476,12.147316,1.3312842,0.94824666,1.7484682,3265,1.8331051
2293851,94,1066,1380,5537.126,0.048861928,311.76932,13.74929,98.356247,11.492802,879.27344,1193.3335,50607.809,2344704,0.7176162,1.1827552,0.49604601,1.5324323,12.25264,1.3428271,0.94929719,1.7420343,3265,1.835749
2293852,94,1068,1367,5471.2285,0.049183745,304.85852,15.666487,98.886917,9.8402529,878.92047,1182.3241,50916.109,2394060,0.71348274,1.1905568,0.49154979,1.5328194,12.182222,1.3351097,0.94859558,1.7463236,3265,1.8388451
2293853,94,1070,1359,5425.1348,0.045877166,300.52298,17.740467,99.527061,8.3277063,921.77563,1219.0229,51519.754,2459736,0.70980895,1.1984168,0.49043667,1.5379089,12.092866,1.3253167,0.94770086,1.7518382,3265,1.8393195
2293854,94,1072,1357,5415.7778,0.047446243,298.63739,19.850344,100.27332,7.0369439,907.69922,1197.6625,52983.047,2592232,0.70320505,1.2092451,0.48760331,1.5315787,12.142346,1.3307394,0.94819689,1.7487745,3265,1.8417424
2293855,94,1074,1322,5282.1353,0.057401616,294.40714,22.387049,101.1221,6.0933819,797.93652,1075.3445,52941.512,2649340,0.70256454,1.1914703,0.44526777,1.3402379,13.260006,1.4532293,0.95902127,1.6856618,3265,1.9462099
2293856,94,1076,1280,5134.1187,0.051604826,290.25452,24.835085,102.01994,5.6512823,840.8703,1118.1311,52503.383,2678148,0.69507796,1.1764718,0.43214044,1.3409795,12.975904,1.4220932,0.95633596,1.7006741,3265,1.9587473
2293857,94,1078,1173,4677.9829,0.045177031,280.16577,26.477787,102.63383,4.2381225,878.48816,1140.7104,47558.398,2364344,0.68471205,1.1018014,0.3949495,1.3182501,12.437508,1.3630877,0.95112509,1.731005,3265,2.0049081
2293858,94,1080,1095,4412.2832,0.037703589,292.34,29.799114,102.88049,2.2381222,968.98932,1212.6774,45600.566,2344704,0.71668798,0.9794296,0.38678911,1.403411,11.396273,1.2489736,0.94055176,1.7977941,3265,1.9887996
2293859,94,1082,1147,4598.4019,0.033893812,288.33899,31.087326,103.96619,0.23812227,1044.8899,1305.7144,51245.457,2795248,0.68447471,1.0718876,0.41081661,1.5075356,11.21962,1.2296133,0.93868715,1.8103554,3265,1.9110428
2293868,94,1100,161,626.47064,0.060877804,208.28441,14.1147,95.858849,0.34439567,221.76778,359.60507,3754.1445,157760,0.62725157,0.51111335,0.078805678,1.4529214,6.5394211,0.71668732,0.87850863,2.3903186,3265,2.3975439
2293869,94,1102,196,743.07568,0.064847901,221.85919,20.391499,97.962021,1.755056,253.47165,379.46655,5599.1958,282176,0.5672946,0.57657117,0.094777562,1.4823455,6.6270418,0.72629011,0.8798995,2.3719363,3265,2.3588138
2293870,94,1104,201,768.46167,0.0710648,229.42873,18.76869,88.055855,3.1657164,236.87834,368.62839,5302.1616,224568,0.59502488,0.54278374,0.1,1.5039606,6.5466342,0.71747786,0.87862366,2.3887868,3265,2.3506496
2293871,94,1106,223,825.56219,0.089966618,236.45811,21.740177,72.197556,4.5763764,222.9446,339.57767,6379.9292,278896,0.61503655,0.55888671,0.11183551,1.5284864,6.5553112,0.71842879,0.87876195,2.3869486,3265,2.3275533
2293872,94,1108,225,862.03156,0.080304801,241.45677,25.560396,75.14035,2.7580304,264.69232,367.27872,6970.2847,323268,0.62400794,0.55904293,0.10822511,1.5085076,6.6837597,0.7325061,0.88079238,2.3602941,3265,2.3277175
2293873,94,1110,208,808.78424,0.11314397,242.29196,33.933849,78.040428,0.75803047,216.11792,299.71298,7260.0991,369324,0.72185063,0.42678842,0.10901468,1.5406951,6.3956666,0.70093256,0.87619567,2.4215686,3265,2.3400464
2359361,96,1014,942,3775.6233,0.066411808,101.23073,39.710594,117.8868,0.70814717,588.34668,845.23334,42261.109,2372728,0.77773339,0.90249079,0.41279578,1.7555482,8.576848,0.93997896,0.90774739,2.0600491,3265,1.9086343
2359362,96,1016,964,3831.6443,0.068380132,100.79704,37.023373,115.91242,2.7079663,566.95825,839.13635,41352,2242260,0.77507615,0.92231184,0.42132866,1.7575284,8.646822,0.94764775,0.90865338,2.0514705,3265,1.9012134
2359363,96,1018,960,3825.8364,0.069493517,100.54205,34.574886,113.93893,4.7077856,540.60992,831.7561,39220.191,2047252,0.78001171,0.91545373,0.43478259,1.771919,8.4378433,0.92474473,0.90593088,2.0775123,3265,1.9112624
2359364,96,1020,1028,4098.0708,0.03303672,97.627411,33.843006,132.9612,5.2251186,941.883,1248.522,42851.113,2348804,0.73211426,1.0028727,0.37422642,1.5112512,10.564576,1.1578238,0.93157572,1.8606005,3265,1.9486656
2359365,96,1022,1093,4359.7275,0.032517001,95.056168,32.669418,131.00345,5.0995574,982.32629,1298.0139,45772.609,2524352,0.70574486,1.0740614,0.39832363,1.5262471,10.80302,1.183956,0.93420154,1.8416054,3265,1.9208193
2359366,96,1024,1125,4522.3232,0.026874322,91.510109,31.32501,129.10381,5.6269808,1117.3478,1454.176,47180.652,2638604,0.69284463,1.0854375,0.40820029,1.5250386,10.978873,1.2032287,0.9361105,1.828125,3265,1.9109405
2359367,96,1026,1119,4463.6694,0.034688592,92.485542,28.82489,123.36214,6.6704221,935.08783,1271.6208,45078.996,2432352,0.70221305,1.0950153,0.40690908,1.5274206,10.930347,1.1979105,0.93558604,1.8318014,3265,1.9119434
2359368,96,1028,1064,4299.3755,0.047160633,98.876793,25.29706,101.40781,8.049201,701.44714,1070.3302,39538.141,1910572,0.73832041,1.0014687,0.39160839,1.5355455,10.58719,1.1603023,0.93182665,1.8587623,3265,1.9269178
2359369,96,1030,1123,4509.7671,0.035377514,94.821106,25.549387,123.49839,7.3617802,898.95111,1265.6638,43118.398,2236016,0.69958717,1.0750287,0.40644228,1.5207201,10.999219,1.2054585,0.9363299,1.8265932,3265,1.9132733
2359370,96,1032,1218,4906.8252,0.035390802,85.873352,25.5837,121.78118,6.1221547,971.12714,1319.9578,48621.793,2636736,0.67546242,1.1485082,0.44098479,1.5341741,11.396273,1.2489736,0.94055176,1.7977941,3265,1.8790027
2359371,96,1034,1303,5228.4771,0.036042653,78.861847,24.379549,120.05957,5.3006697,988.12921,1350.1566,52251.84,2814148,0.67925137,1.1919134,0.47090712,1.5381002,11.804254,1.2936862,0.94477707,1.7702206,3265,1.8537645
2359372,96,1036,1322,5310.5869,0.038844232,76.128304,22.845179,118.325,5.0752301,945.49023,1310.7291,52470.59,2799716,0.68076032,1.1835977,0.47725633,1.5373845,11.908464,1.3051072,0.94583887,1.7634804,3265,1.8489509
2359373,96,1038,1335,5381.6562,0.040497068,72.696869,21.586945,116.57304,5.5103722,939.47272,1292.2635,52405.215,2755604,0.68381542,1.179099,0.48212352,1.5383711,11.966086,1.3114222,0.94642299,1.7598039,3265,1.8452677
2359374,96,1040,1343,5404.4839,0.042068336,68.650871,20.438442,114.77695,6.4884644,926.52863,1270.5869,52815.773,2788144,0.68691444,1.1610135,0.48448774,1.53704,12.019398,1.3172649,0.94696158,1.7564338,3265,1.8436192
2359375,96,1042,1292,5178.5542,0.034452237,66.592659,16.830818,108.20918,7.8268981,1046.3529,1374.36,47932.648,2357248,0.71324098,1.0962131,0.46811596,1.5411861,11.720337,1.2844894,0.94391698,1.7757353,3265,1.8557533
2359376,96,1044,1207,4821.1143,0.045162007,71.63813,11.447294,90.278702,7.5731525,818.47681,1158.2225,40795.922,1778544,0.75051969,1.0247201,0.44228655,1.5504464,11.206908,1.2282202,0.93855214,1.8112745,3265,1.8768122
2359377,96,1046,1219,4922.5913,0.04566944,67.633385,11.860116,108.48675,6.2859597,836.75909,1163.8285,42316.762,1955980,0.72676063,1.0382737,0.44134685,1.5342783,11.400651,1.2494534,0.94059765,1.7974877,3265,1.8786721
2359378,96,1048,1225,4910.2129,0.038223945,73.839699,10.780715,106.17687,5.3896379,947.49915,1270.5371,42495.066,1967604,0.70615447,1.0575137,0.44351918,1.5348899,11.426991,1.2523401,0.94087374,1.7956495,3265,1.8767008
2359379,96,1050,1397,5573.8433,0.044909962,51.16296,11.857087,103.76118,5.0663409,921.34631,1248.8519,51519.891,2473252,0.7134701,1.1639007,0.50433213,1.5385821,12.277987,1.3456049,0.94954902,1.7405025,3265,1.8299229
2359380,96,1052,1421,5711.4336,0.046080787,42.546055,10.708865,101.2799,5.4060163,917.82452,1248.0085,52146.523,2474328,0.71443045,1.1806852,0.51262629,1.5372142,12.411499,1.3602372,0.95086914,1.7325368,3265,1.8247534
2359381,96,1054,1434,5755.4619,0.049434222,32.669296,9.8692045,98.841736,6.3145208,879.05756,1209.5704,52597.762,2489200,0.70999968,1.1943713,0.51527131,1.5313584,12.537344,1.3740292,0.95210385,1.7251838,3265,1.8233639
2359382,96,1056,1433,5746.4375,0.047417976,20.084669,8.6608448,95.868553,7.6095037,919.0686,1234.05,51944.598,2410748,0.71278852,1.1933894,0.51546764,1.5329046,12.516193,1.3717111,0.95189697,1.7264093,3265,1.8231767
2359383,96,1058,1437,5718.6772,0.046749864,3.0657139,7.9455214,92.97757,9.1408882,922.59229,1239.8312,52127.129,2405964,0.71207619,1.1981543,0.51821131,1.5362771,12.500377,1.3699777,0.95174211,1.7273284,3265,1.8214266
2359384,96,1060,1426,5698.2695,0.050218925,345.01978,8.2075176,95.451607,10.815664,874.8382,1194.1056,51433.293,2343580,0.71335053,1.1929427,0.51442999,1.5370929,12.437508,1.3630877,0.95112509,1.731005,3265,1.8236604
2359385,96,1062,1409,5627.8501,0.046560418,326.02341,9.0934343,95.646988,12.57998,914.48688,1232.4456,50688.398,2299648,0.71688998,1.1863867,0.50793082,1.5364345,12.359806,1.3545719,0.95035928,1.7356005,3265,1.8277016
2359386,96,1064,1395,5564.3052,0.050228015,313.23657,10.709878,95.966034,12.985077,865.25897,1179.8788,50425.457,2294988,0.71843076,1.1844492,0.50252163,1.535553,12.29834,1.3478355,0.94975096,1.739277,3265,1.8312259
2359387,96,1066,1387,5538.1636,0.046902623,306.09009,12.667538,96.405685,11.205409,907.59454,1218.1177,50867.449,2344704,0.71519083,1.1924938,0.49981982,1.5360839,12.25264,1.3428271,0.94929719,1.7420343,3265,1.8329874
2359388,96,1068,1385,5511.0381,0.050376747,301.30362,14.677037,96.962753,9.5069103,869.44604,1172.483,51730.117,2426968,0.70928299,1.2056354,0.49891931,1.5355688,12.247583,1.3422729,0.94924694,1.7423407,3265,1.8336155
2359389,96,1070,1353,5425.8076,0.04252699,295.64172,16.892448,97.633995,7.9369831,970.62512,1266.2073,51083.473,2419672,0.71238035,1.191054,0.48442534,1.5260804,12.172229,1.3340144,0.94849575,1.7469363,3265,1.8445364
2359390,96,1072,1344,5401.3901,0.047529332,293.58246,19.095724,98.415794,6.5780144,905.45953,1195.0245,51909.641,2507380,0.70932502,1.1863965,0.45466846,1.3518577,13.313546,1.4590969,0.95952255,1.6829044,3265,1.9339468
2359391,96,1074,1343,5387.397,0.052266423,292.72031,21.523684,99.304535,5.5667949,860.42328,1138.1068,54026.727,2697576,0.69763738,1.2057627,0.45402297,1.3503135,13.319521,1.4597518,0.95957839,1.682598,3265,1.9349811
2359392,96,1076,1261,5031.3013,0.05355002,284.00787,24.70858,100.11263,5.0853925,813.27856,1086.589,51589.531,2625312,0.69065118,1.1714324,0.42543858,1.3370527,12.880162,1.4116004,0.95542121,1.7058823,3265,1.9666729
2359393,96,1078,1105,4444.1348,0.0384815,268.46985,26.104792,99.339165,4.2381225,950.34521,1204.6824,43010.398,2027148,0.71890289,1.0197964,0.37636238,1.3307276,11.92761,1.3072054,0.94603318,1.762255,3265,2.0211418
2359394,96,1080,1160,4692.1763,0.038646586,285.66513,28.468466,101.39923,2.2381222,969.17505,1235.1979,50070.641,2659948,0.67250007,1.1105281,0.41562164,1.51015,11.270753,1.2352173,0.93922913,1.8066789,3265,1.9058713
2359395,96,1082,1089,4321.7773,0.043598942,286.02454,29.976009,102.09524,0.23812227,881.74341,1116.0872,46524.242,2430744,0.74218285,0.92525148,0.39773557,1.5288514,10.763835,1.1796616,0.93377304,1.8446691,3265,1.9211313
2359405,96,1102,153,590.6792,0.059364151,206.57755,13.904007,98.433128,0.33729813,217.98267,353.60519,3185.1323,113956,0.66202271,0.48967901,0.076768689,1.4571573,6.4568958,0.70764297,0.87718564,2.4080882,3265,2.4053948
2359406,96,1104,182,692.52258,0.061739273,220.66171,21.41597,100.77507,1.7479584,256.19995,375.44052,5094.7812,265000,0.59729218,0.56213105,0.088178292,1.4692789,6.6005101,0.72338235,0.87947983,2.3774509,3265,2.3742487
2359407,96,1106,183,714.6438,0.062408973,226.97044,20.021545,102.3502,3.1586187,249.53183,379.33789,4796.9146,210948,0.60199362,0.53513575,0.090236686,1.4807998,6.548079,0.71763617,0.87864673,2.3884804,3265,2.3711951
2359408,96,1108,191,754.56897,0.082500443,233.68579,21.679451,75.328186,2.7580304,224.34482,339.02072,5162.4131,220476,0.61851752,0.52623308,0.096173212,1.4998602,6.4978967,0.71213645,0.87784451,2.3992035,3265,2.3611929
2359409,96,1110,205,763.30463,0.070613958,238.75372,26.569256,76.663918,0.75803047,274.42392,368.56033,6484.1074,304532,0.61597323,0.52236491,0.098274209,1.4873666,6.6642475,0.73036766,0.88048583,2.3642769,3265,2.3493416
2424897,98,1014,882,3496.7234,0.068819888,107.53421,38.506668,116.54658,0.73504013,564.31421,799.05853,38032.074,2033716,0.80272883,0.83211231,0.39891452,1.8002526,8.1281548,0.89080447,0.90180117,2.1185663,3265,1.9170502
2424898,98,1016,907,3617.8459,0.060001966,105.50735,35.921227,112.92577,2.7348592,599.41296,870.45679,37573.102,1942004,0.80464429,0.84792483,0.418551,1.8128659,8.0838718,0.88595128,0.90120095,2.1246936,3265,1.9133199
2424899,98,1018,944,3757.4956,0.06724894,105.29844,34.437721,109.30898,4.3318338,556.82147,837.93719,38499.145,1967164,0.78658313,0.88863277,0.41330999,1.7554322,8.5867748,0.94106686,0.90787625,2.0588236,3265,1.907831
2424900,98,1020,969,3858.5913,0.068552375,107.24926,32.461395,105.6966,3.3033741,555.05634,841.02344,38389.961,1918252,0.76864195,0.93678242,0.42332897,1.7580091,8.6619654,0.94930738,0.90884876,2.0496323,3265,1.8995966
2424901,98,1022,995,3956.6245,0.041153301,107.22026,30.56369,129.20006,3.1164708,803.05457,1099.1704,38500.848,1886644,0.75817317,0.96114892,0.36393562,1.5109268,10.394359,1.1391689,0.92967397,1.8746936,3265,1.960279
2424902,98,1024,1047,4177.3916,0.030621473,101.41697,30.108187,128.41782,3.8734124,1010.9081,1309.316,41677.918,2160488,0.72896975,0.99612653,0.38003629,1.5108041,10.667108,1.1690608,0.93271023,1.8523284,3265,1.9423678
2424903,98,1026,1104,4462.5132,0.029311132,94.938133,29.437616,126.471,5.2284689,1047.8818,1383.1791,45227.32,2453460,0.70416653,1.066066,0.40043527,1.5208788,10.898235,1.1943911,0.935238,1.8342525,3265,1.919337
2424904,98,1028,1102,4448.8608,0.026734419,95.922615,26.740969,124.58498,6.8710589,1102.0415,1446.0854,43823.184,2327080,0.69843286,1.0404137,0.39913076,1.5182216,10.906245,1.1952691,0.93532491,1.8336397,3265,1.9210505
2424905,98,1030,1037,4153.7251,0.051840305,108.07739,22.358431,98.712143,6.0666127,669.61902,1003.4368,37055.953,1708820,0.73735678,0.98495871,0.38153052,1.5295032,10.489888,1.1496384,0.93074411,1.8667279,3265,1.9383096
2424906,98,1032,1052,4233.1655,0.042945594,108.01366,22.518675,120.74916,4.5339708,793.41876,1112.9567,37566.188,1779424,0.72305751,1.0060145,0.38171262,1.5112921,10.690164,1.1715876,0.93296421,1.8504902,3265,1.9404726
2424907,98,1034,1270,5091.3892,0.034053333,85.070595,23.823534,119.03062,3.4133422,1030.2709,1370.7026,50664.242,2694792,0.68019086,1.1581898,0.45898086,1.5360613,11.651313,1.2769246,0.94320601,1.7803309,3265,1.8634562
2424908,98,1036,1299,5213.0518,0.032782841,82.226196,22.016277,117.30869,3.0798802,1061.0138,1413.6036,51321.309,2696920,0.68473554,1.1575594,0.46912244,1.5368292,11.79487,1.2926579,0.94468111,1.7708334,3265,1.8552475
2424909,98,1038,1305,5249.1914,0.031771183,79.51387,20.586826,115.57566,3.711658,1094.7202,1440.9021,50859.48,2627224,0.69271326,1.1396633,0.47094911,1.5360811,11.832494,1.2967812,0.9450655,1.7683823,3265,1.8538748
2424910,98,1040,1313,5294.3237,0.035594624,74.91291,19.453386,113.82463,5.0014668,1028.394,1367.1558,50733.711,2602392,0.69112462,1.1420325,0.47400722,1.5369991,11.865611,1.3004107,0.94540304,1.7662377,3265,1.8514466
2424911,98,1042,1332,5347.1279,0.036000837,69.638741,18.329592,112.05323,6.6133771,1025.9071,1366.1832,51512.027,2639352,0.69784284,1.1308767,0.48017302,1.5356488,11.975744,1.3124807,0.94652069,1.7591912,3265,1.8468826
2424912,98,1044,1294,5204.8755,0.035664264,68.284782,16.057707,109.24089,6.3164477,1027.6487,1354.2333,48707.445,2424580,0.70841205,1.085587,0.4676545,1.5376135,11.762146,1.2890714,0.94434601,1.7729779,3265,1.8563467
2424913,98,1046,1170,4685.6909,0.057165623,81.659721,8.9148474,86.376488,4.7449427,708.08557,1014.9024,39219.988,1679804,0.76310676,0.97188884,0.429831,1.5498213,11.023735,1.2081453,0.93659383,1.824755,3265,1.8880684
2424914,98,1048,1141,4592.3013,0.050058093,100.34911,9.242651,105.77583,3.5412779,766.50983,1073.7001,38456.457,1718092,0.71845567,0.98217964,0.41206211,1.5201818,11.09794,1.216278,0.93739009,1.8192402,3265,1.9077641
2424915,98,1050,1355,5397.9214,0.054594178,65.02475,10.602291,103.44447,3.0663495,801.40417,1114.6667,49690.164,2354472,0.71532428,1.1307023,0.48970005,1.5398961,12.053572,1.3210102,0.94730586,1.7542893,3265,1.8397406
2424916,98,1052,1408,5669.1436,0.04469021,51.438625,9.4086189,100.99512,3.5646994,935.00763,1262.5758,51613.82,2428592,0.71857738,1.161127,0.50702196,1.5349292,12.37011,1.3557012,0.95046103,1.7349877,3265,1.8283415
2424917,98,1054,1423,5724.3564,0.047835831,40.243862,8.2248907,98.469437,4.7813869,899.20312,1226.2855,51725.387,2401216,0.71538901,1.1793436,0.51113504,1.5311081,12.4846,1.3682487,0.9515875,1.7282475,3265,1.8259284
2424918,98,1056,1442,5776.5088,0.046588924,26.373026,7.4191594,95.985321,6.3591676,920.61926,1248.2349,52782.191,2460972,0.7076512,1.2013671,0.51777381,1.5301056,12.590536,1.3798587,0.95262295,1.72212,3265,1.8219129
2424919,98,1058,1442,5743.4683,0.042733148,6.9239697,6.4778891,92.880333,8.1081305,983.60938,1299.5997,52434.316,2414476,0.7088235,1.2026072,0.51851851,1.5321276,12.569205,1.377521,0.95241493,1.7233456,3265,1.8213803
2424920,98,1060,1434,5724.0391,0.051131304,345.48157,6.700469,93.455383,9.9450579,868.15002,1186.0768,51917.48,2365668,0.71162796,1.1977333,0.51601297,1.5333799,12.516193,1.3717111,0.95189697,1.7264093,3265,1.8228285
2424921,98,1062,1425,5671.5391,0.047331624,325.21323,7.7148862,93.661346,11.831635,910.75049,1227.0992,51749.312,2363512,0.71169031,1.1966381,0.51295894,1.534117,12.463626,1.3659501,0.95138168,1.729473,3265,1.8246571
2424922,98,1064,1397,5584.8843,0.052821621,308.44797,9.473546,93.997253,12.259997,841.14325,1152.6731,50629.816,2300416,0.71634877,1.1863123,0.50342345,1.5360521,12.303438,1.3483943,0.9498015,1.7389706,3265,1.8306129
2424923,98,1066,1380,5513.7944,0.056193747,299.38327,11.589475,94.459892,10.365446,805.07898,1110.4174,50187.547,2287164,0.72001135,1.1807898,0.4987351,1.5401438,12.177223,1.3345618,0.94854563,1.74663,3265,1.8335398
2424924,98,1068,1377,5490.7148,0.047363721,295.39853,13.703228,95.045715,8.5149498,904.67432,1206.97,51113.203,2375892,0.71244365,1.1936693,0.49248928,1.5249252,12.308541,1.3489536,0.94985211,1.7386643,3265,1.8388283
2424925,98,1070,1351,5418.6445,0.042570505,290.76538,16.006374,95.750946,6.741127,965.98486,1264.7242,50938.074,2403600,0.71382952,1.1771352,0.46666667,1.3937868,12.998639,1.4245849,0.95655245,1.6994486,3265,1.9134551
2424926,98,1072,1339,5380.4727,0.048943132,288.40073,18.412218,96.571587,5.1135445,883.22156,1175.3556,51673.98,2490052,0.71141374,1.1809319,0.45282382,1.3507175,13.289697,1.4564832,0.95929945,1.68413,3265,1.9359813
2424927,98,1074,1344,5405.8247,0.051314112,288.81696,20.718611,97.503387,3.7903485,867.63336,1150.5818,53596.703,2650572,0.69838428,1.2091988,0.45298281,1.343725,13.379573,1.4663333,0.96013868,1.6795343,3265,1.9378653
2424928,98,1076,1230,4931.9707,0.066969804,278.02979,24.560167,98.209,3.0952299,698.09332,962.00128,50206,2539820,0.69014668,1.1488281,0.41765705,1.3470446,12.606582,1.3816173,0.95277923,1.7212009,3265,1.9714743
2424929,98,1078,1079,4344.1099,0.04938883,262.79361,25.896765,83.842087,3.3563092,784.78247,1051.3346,42238.34,2001840,0.72261471,0.98785079,0.39009401,1.5109588,10.834573,1.1874141,0.93454576,1.8391544,3265,1.9315825
2424930,98,1080,1146,4640.2979,0.052236017,277.15747,26.803751,99.520218,2.2381222,818.01147,1056.5568,49176.457,2591484,0.70512664,1.0373362,0.41703057,1.5327684,11.031931,1.2090435,0.93668199,1.8241421,3265,1.9013755
2424931,98,1082,1149,4578.1367,0.038154278,281.87039,30.298189,102.09319,0.23812227,974.7442,1227.9415,49716.059,2598216,0.68900996,1.0747832,0.39068344,1.3361621,12.167238,1.3334675,0.94844586,1.7472427,3265,2.0034561
2424942,98,1104,150,565.84564,0.057798237,206.91664,14.632733,101.13591,0.33020058,217.0248,350.74915,3080.5383,105884,0.68375838,0.48449811,0.077599585,1.4680834,6.3682175,0.69792426,0.87574947,2.427696,3265,2.4084263
2424943,98,1106,168,660.04376,0.088586681,220.323,22.966114,103.5891,1.7408609,193.0135,305.9899,4760.2505,255808,0.63102365,0.54007584,0.081672341,1.4565575,6.5698237,0.72001928,0.87899286,2.3838849,3265,2.3900063
2424944,98,1108,182,687.89758,0.060332209,225.99907,22.407145,105.15931,2.9288728,251.41606,378.52295,5164.2124,249512,0.59443873,0.54170591,0.088693954,1.4726449,6.5829401,0.72145677,0.87920123,2.3811274,3265,2.3736379
2424945,98,1110,187,716.13446,0.06645982,232.21198,21.406898,81.348312,0.99608129,250.72348,367.97867,5143.3486,221320,0.58898282,0.55401033,0.090338163,1.4740406,6.6137495,0.72483331,0.8796894,2.3746936,3265,2.368248
2490433,100,1014,768,3050.6487,0.081815608,115.54809,37.628342,109.15343,0.8453756,463.29248,684.51495,31930.527,1663684,0.82792467,0.73503536,0.35506243,1.785907,7.7787399,0.85251039,0.8969962,2.1688113,3265,1.9623148
2490434,100,1016,785,3146.9143,0.083283089,116.27734,35.867905,105.80232,2.8256159,444.65347,689.07898,31749.553,1608852,0.82345641,0.74903214,0.35976169,1.7851683,7.8570013,0.86108738,0.89808643,2.1571691,3265,1.9546915
2490435,100,1018,843,3368.8083,0.086323775,116.45161,34.499699,102.45632,3.0562801,453.8465,700.28992,33602.535,1670312,0.80203325,0.80948699,0.38300774,1.7946758,8.0205116,0.87900734,0.90033787,2.1335785,3265,1.9313563
2490436,100,1020,922,3700.1157,0.092790619,113.50486,32.780464,99.115921,1.5178506,445.58951,707.88147,36340.379,1767240,0.79069716,0.86621147,0.41014236,1.7992153,8.3032722,0.90999639,0.90415066,2.0949755,3265,1.901353
2490437,100,1022,953,3802.1489,0.08679001,112.63633,31.210531,95.781723,1.1682364,474.4328,741.96704,36871.281,1766928,0.78446436,0.88949233,0.41615722,1.7555115,8.6242065,0.94516915,0.9083612,2.0542278,3265,1.9044852
2490438,100,1024,941,3783.7058,0.068942778,114.20719,29.55549,105.18211,2.4210901,555.94397,830.46094,35230.742,1639908,0.7845434,0.87629551,0.41073766,1.7534423,8.5967245,0.94215733,0.9080053,2.0575981,3265,1.9082646
2490439,100,1026,1007,4065.7751,0.030181322,109.47211,27.447021,125.87953,4.1877332,1006.6156,1301.0905,38266.555,1873488,0.73961002,0.96536791,0.36591569,1.5033927,10.504741,1.1512662,0.93090987,1.8655025,3265,1.9592574
2490440,100,1028,1096,4461.3491,0.027296385,99.986267,26.668449,123.87462,6.083221,1085.8033,1433.1296,43610.496,2274016,0.69992667,1.0723794,0.39811116,1.5217184,10.850418,1.1891507,0.93471837,1.8379289,3265,1.9216101
2490441,100,1030,1099,4459.0337,0.027784381,100.16455,24.689508,121.94009,5.1736913,1077.3795,1420.1198,42970.262,2203280,0.69686967,1.0385159,0.39905593,1.5216938,10.86631,1.1908923,0.93489122,1.8367034,3265,1.9206408
2490442,100,1032,1017,4069.6963,0.036959488,112.29056,21.247538,108.39473,3.3213713,879.48309,1176.3131,37357.121,1789340,0.71926653,0.96004534,0.37157473,1.5144762,10.486181,1.1492321,0.93070275,1.8670343,3265,1.9511303
2490443,100,1034,924,3706.0071,0.068788201,134.3488,21.427622,88.328621,1.7075114,543.1543,822.81287,29749.355,1179288,0.78494513,0.8633306,0.41286862,1.8017025,8.2847271,0.90796405,0.90390366,2.0974264,3265,1.901405
2490444,100,1036,1276,5125.8496,0.036739819,88.067444,22.005554,116.28181,1.0944823,989.56287,1324.0957,50575.098,2627604,0.69275433,1.1238605,0.46081617,1.5354092,11.688025,1.280948,0.94358456,1.77788,3265,1.8620064
2490445,100,1038,1274,5125.1118,0.034362875,86.477516,20.467312,114.55882,2.1816874,1034.1803,1369.0265,49942.617,2563688,0.69632053,1.1100981,0.45976183,1.5341884,11.688025,1.280948,0.94358456,1.77788,3265,1.862973
2490446,100,1040,1272,5127.3252,0.032372534,82.792038,19.157455,112.82725,3.9108114,1080.7317,1410.7888,49215.469,2494240,0.70726389,1.0796235,0.4602026,1.5378109,11.64674,1.2764236,0.94315881,1.7806373,3265,1.8623188
2490447,100,1042,1295,5193.4429,0.035538245,77.871292,17.93479,111.0778,5.7950654,1025.6481,1355.1415,49853.449,2507592,0.70567095,1.0958835,0.46717173,1.5350015,11.790184,1.2921443,0.94463319,1.7711397,3265,1.8569267
2490448,100,1044,1300,5212.1753,0.036781147,74.136993,16.50893,109.30608,5.4592876,1005.0278,1334.4484,49652.785,2481328,0.7081601,1.0846637,0.46880636,1.5347465,11.818357,1.2952318,0.94492114,1.7693014,3265,1.8556556
2490449,100,1046,1304,5237.0264,0.043473832,69.856155,14.739735,107.39316,3.5909338,913.8465,1230.3632,49640.57,2459420,0.70662206,1.0858258,0.47126853,1.538151,11.80895,1.294201,0.94482505,1.7699143,3265,1.8534806
2490450,100,1048,1077,4322.3438,0.087758482,136.20377,6.7453618,77.672661,1.9169511,505.04968,786.71967,35138.672,1431448,0.77138239,0.90384555,0.39522937,1.5337305,10.667108,1.1690608,0.93271023,1.8523284,3265,1.923256
2490451,100,1050,1218,4873.3799,0.056191381,101.85832,9.3833294,103.0756,1.06639,750.22614,1043.9633,43684.469,2029508,0.70269704,1.0391312,0.44082519,1.5336268,11.400651,1.2494534,0.94059765,1.7974877,3265,1.8791964
2490452,100,1052,1400,5655.4829,0.052789617,61.902668,8.2689457,100.72064,1.9541395,837.71075,1160.2872,51286.48,2382428,0.7185173,1.1599003,0.50486839,1.5370442,12.308541,1.3489536,0.94985211,1.7386643,3265,1.8296341
2490453,100,1054,1420,5680.5693,0.045702524,51.47728,6.8769665,98.235062,3.6369832,926.30963,1249.772,51999.676,2416112,0.71498871,1.1735677,0.50950843,1.5296171,12.4846,1.3682487,0.9515875,1.7282475,3265,1.8270382
2490454,100,1056,1413,5693.7153,0.048211269,37.683754,5.8668771,95.660683,5.5077839,895.48212,1218.2279,51345.121,2360076,0.71844006,1.1643802,0.50772548,1.5317922,12.427092,1.361946,0.95102262,1.7316177,3265,1.8280483
2490455,100,1058,1430,5703.3013,0.048202068,18.284878,5.2105756,93.126289,7.4395323,894.58887,1219.3693,52359.129,2423672,0.71278268,1.1799005,0.51346499,1.530441,12.52676,1.3728693,0.95200032,1.7257966,3265,1.8245158
2490456,100,1060,1423,5688.605,0.050963055,349.73792,5.0437717,91.459549,9.3977127,868.08038,1184.3501,51679.848,2360056,0.71437198,1.1785052,0.51168644,1.5326413,12.468863,1.366524,0.95143312,1.7291666,3265,1.8255078
2490457,100,1062,1419,5698.5029,0.05658279,325.77344,6.2104473,91.677101,11.369389,808.25067,1124.9757,51504.488,2342332,0.71132159,1.1901177,0.51024812,1.5327202,12.447942,1.3642312,0.95122766,1.7303921,3265,1.8264024
2490458,100,1064,1415,5639.6997,0.052321367,306.42358,8.1223888,92.031647,11.813543,851.66101,1163.8403,51575.82,2350044,0.70895088,1.2012031,0.50935924,1.5343176,12.411499,1.3602372,0.95086914,1.7325368,3265,1.8268871
2490459,100,1066,1387,5562.9785,0.056114234,294.76816,10.543509,92.519569,9.839612,808.91992,1116.1488,50682.75,2311236,0.71488911,1.1864678,0.49928007,1.5345404,12.267836,1.3444924,0.94944823,1.7411152,3265,1.8334285
2490460,100,1068,1384,5508.896,0.045880008,289.05301,13.0218,93.136818,7.8777766,924.14429,1228.3594,51444.387,2385980,0.71127105,1.1955507,0.47773558,1.394145,13.20102,1.4467647,0.9584673,1.6887255,3265,1.904002
2490461,100,1070,1362,5475.4048,0.046413891,285.82849,15.530101,93.879135,5.9382572,914.99323,1217.5564,51545.285,2431020,0.70720762,1.1917677,0.45997974,1.3495557,13.452354,1.4743097,0.96081525,1.6758579,3265,1.9297148
2490462,100,1072,1355,5423.1362,0.039657686,282.91763,18.232958,94.742088,4.0482583,1013.4484,1310.8907,52354.453,2515660,0.70236063,1.2066878,0.45653638,1.343856,13.452354,1.4743097,0.96081525,1.6758579,3265,1.9345244
2490463,100,1074,1360,5458.7358,0.054038696,283.66541,20.492411,95.696617,2.2994342,836.26978,1126.6747,54467.359,2695188,0.69002402,1.2393378,0.45853001,1.3457212,13.470674,1.4763174,0.96098506,1.6749387,3265,1.9321409
2490464,100,1076,1175,4735.583,0.083093658,268.67496,25.407511,96.309273,1.1256979,577.92853,846.26758,47839.934,2404692,0.68510926,1.1090405,0.42235801,1.5176456,11.296495,1.2380385,0.93950129,1.8048407,3265,1.8981737
2490465,100,1078,1110,4440.0171,0.056422032,267.73837,24.738066,96.95932,1.6103423,765.70312,994.42694,47089.562,2442612,0.70422667,0.99594927,0.40393013,1.5270181,10.886241,1.1930767,0.93510783,1.8351716,3265,1.9149941
2490466,100,1080,1233,4942.2163,0.043069351,277.70026,27.602036,99.144951,2.2381222,922.47961,1200.8303,54410.137,2904408,0.65388507,1.1908909,0.41924515,1.3504328,12.601229,1.3810307,0.95272708,1.7215073,3265,1.9688404
2490467,100,1082,1168,4640.3911,0.036480408,273.91696,30.008274,101.72509,0.23812227,995.70874,1264.3065,50541.66,2615000,0.68604666,1.108198,0.41863799,1.5119295,11.300797,1.2385099,0.9395467,1.8045343,3265,1.9026479
2490479,100,1106,143,547.84418,0.056428775,208.12579,15.893015,103.88213,0.32310301,216.96956,349.2876,2984.5754,102744,0.7051118,0.47317547,0.073978275,1.4603467,6.3586659,0.69687748,0.8755939,2.4298408,3265,2.4168165
2490480,100,1108,166,650.51117,0.087718844,220.81601,25.422192,106.40401,1.7337633,197.70436,305.27121,4853.5547,263608,0.63629061,0.53570169,0.080700047,1.4544131,6.566916,0.71970063,0.8789466,2.3844976,3265,2.3923538
2490481,100,1110,174,665.97784,0.058204386,225.34697,24.52952,107.96959,1.9606404,253.47496,379.19006,5170.8071,267244,0.60560763,0.54580754,0.084220715,1.4603597,6.5917134,0.72241831,0.87934041,2.3792892,3265,2.3835292
2490482,100,1112,158,613.80536,0.057187039,235.81435,22.093922,88.212433,0.59231883,266.48529,367.25815,4609.5137,205516,0.59026045,0.50668401,0.07530982,1.4347621,6.6122756,0.72467184,0.87966609,2.375,3265,2.4040692
2555969,102,1014,774,3069.6211,0.063169882,116.69653,37.610619,115.9559,1.4012928,560.01227,781.43396,32551.959,1691660,0.81657755,0.7330091,0.35390946,1.7812382,7.8445396,0.85972166,0.8979134,2.1590073,3265,1.9588593
2555970,102,1016,754,3013.1594,0.063873246,120.36614,36.023308,112.76122,3.2768073,542.6925,769.93933,30790.555,1572152,0.80219531,0.72993815,0.34179512,1.7713447,7.8424668,0.85949451,0.89788455,2.1593137,3265,1.9664824
2555971,102,1018,675,2706.8865,0.082180008,127.57362,33.362801,89.582687,2.5772672,429.34192,643.36414,25967.072,1259272,0.78878117,0.66445458,0.30667877,1.7469606,7.6721544,0.84082913,0.89549804,2.1850491,3265,2.0034902
2555972,102,1020,389,1553.3718,0.092779353,153.04164,27.569365,86.355331,0.58122301,291.79373,458.68756,12356.279,529132,0.74877429,0.4341701,0.19324392,1.830566,6.4150224,0.70305383,0.87650937,2.4172795,3265,2.1013391
2555974,102,1024,946,3762.2209,0.068732955,120.15887,29.509146,100.02829,1.828831,558.34656,829.36285,35320.812,1624832,0.7796436,0.90120363,0.42007104,1.8019661,8.3688364,0.91718191,0.90502071,2.0863972,3265,1.8936244
2555975,102,1026,984,3917.4734,0.069017895,119.43294,27.655825,96.858337,3.8274274,562.51569,844.55341,36274.961,1654332,0.76493269,0.94010341,0.42894506,1.7589312,8.7128286,0.95488173,0.90950298,2.043505,3265,1.8946579
2555976,102,1028,1010,4019.3127,0.048437893,118.43911,25.928526,111.81339,5.8268027,719.09015,1021.1469,37042.785,1703464,0.74518836,1.0029899,0.36915204,1.5134068,10.456622,1.1459926,0.9303723,1.8694853,3265,1.9540014
2555977,102,1030,1093,4411.5537,0.033947404,106.39362,24.66885,121.32447,4.8762889,943.61456,1277.9016,42308.328,2110236,0.70362514,1.0649157,0.39587107,1.5165695,10.870291,1.1913286,0.9349345,1.8363971,3265,1.9246581
2555978,102,1032,1093,4385.6558,0.031294961,102.8853,23.189894,119.33154,2.8770683,1016.0441,1327.0431,43160.133,2213284,0.68721873,1.0201133,0.39558452,1.5154074,10.87826,1.192202,0.9350211,1.8357843,3265,1.9251318
2555979,102,1034,911,3668.6758,0.030804418,101.28014,18.69997,117.41183,0.87994659,961.03375,1223.3567,36209.863,1912884,0.67155039,0.83955657,0.32923743,1.4674948,10.211939,1.1191766,0.92760986,1.8903186,3265,2.0100198
2555981,102,1038,1218,4883.4385,0.036014572,92.578346,21.690773,113.53514,1.5293453,990.67535,1305.3551,48383.684,2466944,0.7113862,1.0388576,0.43987,1.5303164,11.426991,1.2523401,0.94087374,1.7956495,3265,1.8803841
2555982,102,1040,1260,5041.5449,0.034857284,89.489059,19.096245,111.81023,3.5275366,1021.1573,1348.1555,48870.891,2454788,0.70543516,1.0720906,0.45503792,1.5342209,11.614831,1.2729264,0.94282901,1.7827818,3265,1.8668851
2555983,102,1042,1275,5141.1689,0.034909237,86.041412,17.020899,110.07989,5.5268774,1036.1006,1360.3971,48694.902,2402752,0.70348507,1.0822434,0.45979083,1.5331732,11.701851,1.2824634,0.94372684,1.7769607,3265,1.8630397
2555984,102,1044,1288,5210.5405,0.037101537,81.411079,15.452392,108.3326,5.1761932,1005.3656,1328.4658,48618.32,2365280,0.70816141,1.0817621,0.46414414,1.532958,11.771477,1.290094,0.94444168,1.7723652,3265,1.8595198
2555985,102,1046,1304,5232.228,0.05084059,77.233345,13.811337,106.56135,3.1769073,820.98077,1137.2161,49623.598,2430460,0.70359576,1.0906802,0.47109827,1.5376227,11.813652,1.2947162,0.94487309,1.7696079,3265,1.8536485
2555986,102,1048,1278,5157.627,0.060045108,68.797966,11.531457,104.70296,1.1792092,734.20447,1038.9414,49354.723,2417432,0.70486385,1.05765,0.46070656,1.5328392,11.720337,1.2844894,0.94391698,1.7757353,3265,1.8623201
2555988,102,1052,1299,5249.6294,0.066506505,74.54084,10.918452,100.38316,1.2298987,695.40948,995.94922,48743.66,2308516,0.73275995,1.0577475,0.46878383,1.5357629,11.804254,1.2936862,0.94477707,1.7702206,3265,1.8555934
2555989,102,1054,1365,5482.5786,0.056529012,69.809967,7.0181713,98.006516,3.2276659,789.31793,1103.9812,49753.457,2290748,0.72848767,1.1184282,0.49012569,1.5306681,12.192232,1.3362067,0.94869548,1.7457107,3265,1.8400092
2555990,102,1056,1398,5614.5791,0.043780584,55.030586,4.8331351,95.481911,5.2269611,947.93549,1269.4709,50754.383,2325344,0.7198503,1.1507096,0.50161463,1.5298405,12.37011,1.3557012,0.95046103,1.7349877,3265,1.8321587
2555991,102,1058,1437,5716.1113,0.048038147,27.176613,3.6279945,92.853897,7.2265353,892.88934,1222.8188,52457.922,2403396,0.70871109,1.1910132,0.51616377,1.5307657,12.558567,1.3763552,0.95231116,1.7239584,3265,1.8228506
2555992,102,1060,1446,5767.2734,0.046628818,347.71182,3.6379123,90.264595,9.2262936,911.90839,1246.703,52890.203,2421044,0.7034291,1.2095085,0.5184654,1.5279348,12.633416,1.3845582,0.95304024,1.7196691,3265,1.8216099
2555993,102,1062,1453,5788.6309,0.049390204,317.5928,5.0717211,89.694534,11.226138,893.14587,1213.5913,53170.961,2425704,0.6987415,1.2309613,0.52022916,1.5256369,12.692855,1.3910724,0.95361692,1.7162991,3265,1.8206888
2555994,102,1064,1454,5792.3789,0.050454076,302.63812,7.1961865,90.069695,11.675327,885.46802,1201.1169,53521.629,2447036,0.6952281,1.2475475,0.52096021,1.5266283,12.687428,1.3904777,0.95356435,1.7166054,3265,1.8201985
2555995,102,1066,1431,5680.667,0.046996102,288.70071,9.9437666,90.58551,9.6754704,922.0423,1232.4624,52687.035,2403348,0.69957143,1.2386122,0.51161957,1.5241755,12.595881,1.3804444,0.95267498,1.7218137,3265,1.8260717
2555996,102,1068,1399,5584.1475,0.051965225,282.06076,12.853903,91.237373,7.6756868,855.40045,1162.0558,52030.684,2401104,0.7062903,1.2173831,0.47247553,1.3517581,13.681832,1.4994593,0.9629308,1.6645221,3265,1.9179342
2555997,102,1070,1392,5554.9385,0.046332173,280.34988,15.452336,92.020439,5.6760564,922.03918,1227.4484,53007.816,2503792,0.69507074,1.2366202,0.46837148,1.343322,13.70711,1.5022296,0.96316224,1.6632966,3265,1.9239293
2555998,102,1072,1376,5504.7539,0.042091381,278.44458,18.126806,92.929726,3.676697,984.23279,1281.9684,53401.875,2567024,0.69065857,1.2461568,0.46345571,1.3445929,13.587863,1.4891608,0.96206766,1.6691177,3265,1.9279785
2555999,102,1074,1367,5458.6362,0.047254518,277.35303,20.267536,93.788651,1.6782893,896.06378,1204.8289,54461.598,2669452,0.69082785,1.2463925,0.48751783,1.5203415,12.29834,1.3478355,0.94975096,1.739277,3265,1.8428769
2556001,102,1078,898,3545.6519,0.048722111,301.02267,18.988432,96.172096,0.73131961,726.68164,956.29071,37349.902,1945336,0.68416375,0.88937724,0.30544218,1.2671839,11.027831,1.2085942,0.93663788,1.8244486,3265,2.1303477
2556002,102,1080,1090,4398.5884,0.042920824,276.4017,24.489481,98.896492,2.2381222,871.54871,1134.8215,46487.727,2433152,0.66774499,1.0530013,0.39054102,1.4980174,10.978873,1.2032287,0.9361105,1.828125,3265,1.9335113
2556003,102,1082,1091,4335.4902,0.035733249,266.33121,27.816153,100.60813,0.23812227,977.3053,1234.7749,46200.461,2360840,0.70539778,1.0118736,0.366846,1.2974111,12.043788,1.3199379,0.94720739,1.754902,3265,2.0439603
2556016,102,1108,139,535.82251,0.076012023,209.849,17.704287,106.15144,0.31600547,166.90956,297.62833,2934.1484,96784,0.72672296,0.46747315,0.072095439,1.4568887,6.3464274,0.6955362,0.87539428,2.4325981,3265,2.4217465
2556017,102,1110,164,642.12354,0.086297505,221.18193,27.674879,109.1879,1.7266659,201.59344,305.78424,4997.5503,275980,0.64028132,0.53075856,0.079727761,1.452257,6.5640111,0.71938223,0.87890041,2.3851104,3265,2.3947127
2556018,102,1112,166,618.12915,0.048224758,227.04709,26.655767,110.78094,2.0153494,291.13358,401.33728,5336.1382,292824,0.58576125,0.55551004,0.077065922,1.4236623,6.7109666,0.73548782,0.88121861,2.3547795,3265,2.4006572
2556019,102,1114,163,627.72491,0.049344782,246.32228,17.584904,95.135567,0.59256911,295.14676,399.82413,5398.5952,261876,0.50511247,0.54118186,0.063622169,1.1082973,7.6840739,0.84213543,0.89566636,2.1832108,3265,2.5599601
2621504,104,1012,634,2549.3362,0.073644303,118.07867,39.251591,88.154198,0.54479373,494.63724,659.55182,27150.654,1403268,0.84898412,0.57929707,0.3013308,1.7539186,7.4078617,0.81186396,0.8917138,2.2273285,3265,2.0276144
2621505,104,1014,667,2664.0398,0.070472844,123.28976,35.544998,93.007278,2.2761469,506.53763,689.23035,26759.557,1316596,0.80910897,0.63763958,0.30596331,1.7493557,7.6150613,0.83457202,0.89468902,2.1939337,3265,2.0078025
2621506,104,1016,644,2580.4595,0.071220405,125.83603,33.275631,91.224304,4.0473871,486.45187,674.76294,24941.203,1203240,0.78933668,0.62907052,0.29541284,1.7407815,7.5703812,0.82967532,0.89405268,2.2009804,3265,2.0195415
2621507,104,1018,632,2501.8962,0.053442448,123.64355,32.242195,105.32165,3.1926248,558.64062,767.00183,24535.154,1219844,0.75366104,0.64028627,0.28714222,1.7305859,7.5878019,0.83158451,0.89430112,2.1982231,3265,2.0258324
2621508,104,1020,602,2387.6309,0.081252538,114.61426,31.832668,102.30029,1.7383517,413.74774,607.67316,22943.396,1106092,0.79326814,0.59704,0.28476822,1.7407341,7.3637452,0.80702907,0.89107221,2.2346814,3265,2.0431206
2621509,104,1022,758,3051.8826,0.069784738,122.42308,34.560101,99.285408,1.4235865,533.64771,741.32495,30093.904,1461152,0.81057012,0.7092182,0.34423253,1.7734414,7.8424668,0.85949451,0.89788455,2.1593137,3265,1.9648943
2621510,104,1024,855,3428.1995,0.062195156,128.70634,30.575388,96.276756,2.583261,588.1593,832.26129,31925.838,1473264,0.78328609,0.82592094,0.38617885,1.7944242,8.0750732,0.884987,0.90108138,2.1259191,3265,1.926169
2621511,104,1026,870,3491.7815,0.06408143,130.88618,28.387655,90.786507,4.2938743,583.46173,827.48926,31416.674,1399720,0.78032088,0.83862567,0.39295393,1.7973971,8.1081676,0.888614,0.90153056,2.1213236,3265,1.9209056
2621512,104,1028,882,3519.0935,0.073336393,131.97581,26.356453,84.047386,5.3108087,509.45685,776.53418,30974.562,1334924,0.7791934,0.87125123,0.39480752,1.7953559,8.1796837,0.89645177,0.90249646,2.1115196,3265,1.9154689
2621513,104,1030,885,3546.0015,0.073480539,130.96417,23.87764,82.941643,5.0066252,511.45212,778.73236,30583.967,1298896,0.77397043,0.86418527,0.38781771,1.7453812,8.4378433,0.92474473,0.90593088,2.0775123,3265,1.9281648
2621514,104,1032,973,3948.8269,0.029438425,110.66434,21.619963,117.50425,3.4492192,1019.6215,1298.3198,36450.891,1747552,0.71232539,0.90010941,0.35253623,1.4899019,10.408942,1.1407671,0.92983782,1.8734682,3265,1.9771661
2621515,104,1034,949,3819.4648,0.027855728,91.21801,21.938978,116.7689,1.9124691,1038.2981,1312.65,36668.664,1852076,0.68922871,0.86170399,0.34309474,1.4795429,10.343637,1.13361,0.92910278,1.8789829,3265,1.9904963
2621516,104,1036,1036,4159.4165,0.031938527,96.905922,24.046249,114.78935,1.358555,1019.0146,1279.2744,41025.551,2051512,0.71107751,0.88889825,0.37536231,1.5054346,10.644152,1.1665449,0.93245691,1.8541666,3265,1.9483789
2621517,104,1038,1133,4572.103,0.030275622,97.056099,22.279768,112.88754,2.356041,1091.3578,1377.5786,43996.086,2175924,0.7170229,0.96771854,0.4093208,1.5194845,11.060713,1.212198,0.9369911,1.8219975,3265,1.9105753
2621518,104,1040,1212,4882.7227,0.031158002,96.85244,19.034016,111.05579,4.0230794,1085.3492,1403.302,46670.902,2291536,0.71127701,1.0361663,0.43786126,1.5302222,11.396273,1.2489736,0.94055176,1.7977941,3265,1.8821918
2621519,104,1042,1244,5021.7241,0.032646097,93.987679,17.043217,109.06432,5.8756094,1068.7109,1390.323,47550.359,2325560,0.70507896,1.0547638,0.44877344,1.5312177,11.556033,1.2664825,0.94221956,1.7867647,3265,1.8724909
2621520,104,1044,1261,5074.5713,0.039147761,88.883621,14.817225,107.33376,5.5442863,966.87299,1276.2953,47854.613,2314248,0.70941931,1.0587198,0.45474216,1.532117,11.637606,1.2754225,0.94306451,1.78125,3265,1.8673291
2621521,104,1046,1244,5011.8291,0.052328903,84.791008,12.789125,105.58895,3.711164,794.60828,1097.0647,46707.137,2241892,0.71672106,1.0345507,0.44942197,1.5334152,11.538061,1.2645129,0.94203281,1.7879902,3265,1.8717175
2621522,104,1048,1262,5064.8169,0.05575547,71.919167,11.675864,103.82005,2.1073782,769.00244,1068.4226,48445.512,2372216,0.7014218,1.0523916,0.45510277,1.5321966,11.642171,1.2759228,0.94311166,1.7809436,3265,1.8670191
2621523,104,1050,1169,4711.4189,0.061365105,48.91436,15.536154,102.01489,1.3340323,691.02002,982.24548,43025.391,2025032,0.70808822,0.95524657,0.43684605,1.5729867,10.830618,1.1869807,0.93450266,1.8394607,3265,1.8814406
2621524,104,1052,1271,5124.7534,0.066270694,70.771881,12.559765,99.935593,2.1419964,702.51434,985.78143,47310.25,2244636,0.71438944,1.040794,0.45768815,1.5306922,11.701851,1.2824634,0.94372684,1.7769607,3265,1.865012
2621525,104,1054,1347,5401.2905,0.049043756,77.200027,7.7554183,97.69915,3.7559938,861.55981,1176.4185,49463.574,2291256,0.71139652,1.1235739,0.48348889,1.5297173,12.107668,1.3269389,0.94784939,1.7509191,3265,1.8448901
2621526,104,1056,1369,5517.895,0.043165103,74.914513,4.6248264,95.298676,5.5921679,947.6283,1267.4337,49666.457,2263844,0.71718055,1.1379324,0.49103299,1.5291306,12.227398,1.3400606,0.94904602,1.7435662,3265,1.839488
2621527,104,1058,1412,5629.6489,0.043454275,54.206936,2.53863,92.736771,7.5042443,947.03345,1275.9373,51632.488,2367904,0.70712513,1.1801857,0.50536865,1.5260551,12.47935,1.3676733,0.951536,1.7285539,3265,1.8299537
2621528,104,1060,1433,5730.8667,0.043750275,353.86072,2.1231625,90.049377,9.449976,946.55499,1282.9943,52494.949,2400248,0.70167381,1.2016144,0.51288474,1.5257095,12.590536,1.3798587,0.95262295,1.72212,3265,1.8251647
2621529,104,1062,1438,5774.2769,0.044071194,311.28561,3.6202719,87.713913,11.413254,951.93683,1283.1467,52877.855,2421364,0.69603652,1.2221849,0.51430613,1.5245394,12.628039,1.3839689,0.95298797,1.7199755,3265,1.8243612
2621530,104,1064,1444,5788.4971,0.046106484,294.57306,5.9982166,88.111969,11.855857,938.80408,1256.0498,53296.352,2442056,0.69228083,1.2437415,0.51296628,1.514187,12.763825,1.3988503,0.95430285,1.7123162,3265,1.8261257
2621531,104,1066,1434,5769.7285,0.04405842,286.77808,8.6173916,88.658546,9.8898487,968.91553,1282.8271,53399.777,2465416,0.69279903,1.2378824,0.49092776,1.3802621,13.650365,1.4960107,0.96264225,1.6660539,3265,1.8958173
2621532,104,1068,1407,5648.0933,0.047022525,278.2626,12.010475,89.348465,7.9391217,917.41449,1228.5785,52682.711,2442856,0.69589669,1.2358497,0.47389692,1.3463033,13.783508,1.5106025,0.9638598,1.65962,3265,1.9181952
2621533,104,1070,1386,5555.3428,0.050414946,274.86395,15.144694,90.176353,6.0171599,870.60846,1176.7405,52809.055,2494380,0.69388258,1.2397233,0.46729603,1.347422,13.631555,1.4939491,0.96246952,1.666973,3265,1.9237148
2621534,104,1072,1366,5491.4214,0.044756889,273.30902,17.475306,91.136581,4.1574435,926.9469,1241.7019,53040.406,2546304,0.69392091,1.2307492,0.48664054,1.5186371,12.308541,1.3489536,0.94985211,1.7386643,3265,1.8437178
2621535,104,1074,1353,5425.9136,0.058040321,272.27344,19.975744,91.884605,2.4675703,775.60553,1083.8682,53807.293,2632776,0.69218522,1.2334954,0.48512012,1.5282593,12.15229,1.3318293,0.94829643,1.7481618,3265,1.8438215
2621536,104,1076,1310,5274.7148,0.057406709,276.77704,23.029287,93.169899,1.3860084,786.87561,1074.5413,54956.59,2792420,0.67128336,1.2162451,0.44572985,1.3611079,13.015743,1.4264593,0.95671511,1.6985294,3265,1.9397852
2621537,104,1078,1039,4197.7803,0.052259173,295.69431,27.607948,96.067879,1.8229647,749.80341,1004.6933,42666.203,2161320,0.65991646,0.97605956,0.38682055,1.5476873,10.376186,1.1371773,0.92946959,1.8762255,3265,1.930886
2621538,104,1080,1037,4180.0117,0.03911062,277.53961,24.231787,97.789986,2.2381222,902.37207,1158.901,42530.012,2150392,0.66255867,1.0071013,0.34868863,1.2834574,11.785501,1.2916311,0.94458526,1.7714461,3265,2.0706
2621539,104,1082,1051,4187.9502,0.032921307,268.50876,26.429832,99.505142,0.23812227,1014.7805,1264.3496,43811.871,2221864,0.69376284,0.99355543,0.35339609,1.2872565,11.851396,1.2988527,0.94525826,1.7671568,3265,2.0635335
2621553,104,1110,138,529.20441,0.075311892,211.7748,20.070805,108.98033,0.30890793,167.47095,297.15625,3133.4604,109560,0.72929227,0.46568984,0.071576767,1.4557579,6.3450704,0.69538748,0.87537211,2.4329045,3265,2.4229698
2621554,104,1112,154,605.06512,0.081764765,222.54259,30.298588,111.90923,1.7195683,215.14299,304.94598,5023.3286,288080,0.65215176,0.502886,0.07486631,1.4412986,6.5495243,0.71779454,0.87866974,2.3881741,3265,2.4066823
2621555,104,1114,159,600.02704,0.043970786,230.03717,26.088421,113.59327,1.9981638,304.24768,414.10284,5370.2793,304736,0.56380862,0.56884122,0.069130436,1.2283646,7.1889277,0.78786993,0.88850063,2.2647059,3265,2.5084066
2621556,104,1116,210,806.58539,0.049946021,294.24936,11.757218,102.1179,0.57538354,337.23062,450.48431,7694.335,384368,0.4544999,0.68968886,0.08139535,1.1507715,7.8156161,0.85655177,0.89751095,2.1632965,3265,2.505935
2687040,106,1012,632,2536.6794,0.040642191,121.64318,40.408592,110.83109,1.5885916,717.69287,885.62354,27728.604,1491752,0.80975544,0.61223185,0.29030776,1.7368637,7.541523,0.82651263,0.89364016,2.2055759,3265,2.0258873
2687041,106,1014,671,2680.2634,0.043345835,124.72567,38.295723,107.92822,3.2863085,690.66919,881.4953,28615.002,1513896,0.7829259,0.66441572,0.30695334,1.7493218,7.6346521,0.8367191,0.89496714,2.19087,3265,2.0056872
2687042,106,1016,676,2681.3862,0.04819122,125.59381,36.811886,105.03125,5.0054626,634.05957,836.1817,28196.656,1466908,0.78328729,0.66606021,0.30909923,1.7508614,7.6464553,0.83801264,0.89513445,2.1890318,3265,2.0031857
2687043,106,1018,632,2511.9724,0.059219755,122.18529,33.862926,102.13908,3.4668441,528.60291,730.09448,24814.121,1218240,0.81827116,0.61091202,0.30080914,1.7544107,7.3967829,0.81064981,0.89155293,2.2291667,3265,2.0285182
2687044,106,1020,711,2838.9336,0.069205165,126.99464,35.521145,88.865738,2.0986266,526.53998,717.98157,28867.854,1441376,0.81757098,0.65137058,0.3249543,1.7624825,7.7180476,0.84585881,0.89614505,2.1780024,3265,1.9863827
2687045,106,1022,725,2913.3489,0.073747344,129.1068,34.631733,89.219971,1.0529712,504.17703,704.57623,28585.398,1381068,0.82077348,0.67943776,0.33241633,1.768527,7.7321243,0.84740156,0.89634293,2.1758578,3265,1.9802361
2687046,106,1024,769,3080.7439,0.076674648,135.72885,31.96431,88.008865,2.1826708,510.9874,710.56995,28818.244,1319796,0.80244905,0.72275531,0.35226753,1.7807686,7.8259215,0.85768121,0.89765447,2.1617646,3265,1.9611437
2687047,106,1026,786,3123.9902,0.068162009,138.57758,30.219824,90.642647,2.9225397,550.547,758.90704,28780.951,1297716,0.78770846,0.75716645,0.35939643,1.7843634,7.8695025,0.86245745,0.89825976,2.1553309,3265,1.9539849
2687048,106,1028,787,3152.3274,0.062541716,140.38347,28.919376,87.788948,3.5375884,557.74261,795.85822,28259.857,1251628,0.78313625,0.75897259,0.35821575,1.7824414,7.8925247,0.86498064,0.89857852,2.1519608,3265,1.9530239
2687049,106,1030,797,3201.6121,0.060967192,141.43993,27.461149,84.946136,3.0624099,564.59064,812.34625,28212.428,1232636,0.77540147,0.80335987,0.36112371,1.7827433,7.934731,0.8696062,0.8991611,2.1458333,3265,1.9485008
2687050,106,1032,817,3267.8411,0.059848055,139.52509,25.331738,83.61779,2.9219851,601.56354,828.34332,28573.467,1224680,0.77211285,0.80113053,0.36868232,1.7855865,7.9967375,0.87640184,0.90001267,2.1369486,3265,1.9401915
2687051,106,1034,944,3836.9529,0.048057161,106.61581,21.852257,104.51773,1.8021543,737.85474,1001.6572,34320.902,1553516,0.75463945,0.82846975,0.35663015,1.5451071,9.911788,1.0862817,0.92415261,1.9172794,3265,1.9655807
2687052,106,1036,1074,4303.4082,0.038933109,110.24848,22.572851,112.90482,1.4950804,906.06158,1178.5598,41554.723,2010136,0.72768182,0.92052937,0.38828632,1.509964,10.81483,1.1852504,0.93433046,1.8406863,3265,1.9336578
2687053,106,1038,1077,4354.0381,0.0308164,106.45124,21.71727,112.21264,2.8481064,1067.9487,1332.4781,40738.438,1934712,0.74175477,0.90847886,0.38993484,1.5129139,10.81089,1.1848186,0.93428749,1.8409927,3265,1.9314322
2687054,106,1040,1152,4639.3677,0.031690661,106.55622,18.631233,110.24908,4.2507672,1058.3831,1356.3403,43723.176,2082944,0.72724503,0.97623616,0.41633537,1.5230125,11.13542,1.2203854,0.93779075,1.8164829,3265,1.9031948
2687055,106,1042,1187,4790.8433,0.03368517,103.12753,16.599485,108.36855,5.6534281,1034.7671,1336.8773,44654.219,2119920,0.72298127,1.0037569,0.42882949,1.5272653,11.287902,1.2370967,0.93941045,1.8054534,3265,1.8907833
2687056,106,1044,1219,4950.5254,0.03569806,98.332718,14.968437,106.32061,6.4652915,1016.6103,1320.1044,46058.863,2198804,0.7076475,1.0305569,0.44039017,1.5309772,11.426991,1.2523401,0.94087374,1.7956495,3265,1.8798504
2687057,106,1046,1249,5016.9976,0.04056732,95.296654,13.298176,104.58823,4.9346123,940.30072,1246.6333,47160.453,2251516,0.70478052,1.0513684,0.4505772,1.5316626,11.578577,1.2689532,0.9424535,1.7852329,3265,1.8708998
2687058,106,1048,1262,5117.4712,0.047720127,87.268669,11.683439,102.84636,3.7812073,857.43903,1160.8654,47597.59,2262284,0.70247996,1.0533967,0.45543125,1.5332901,11.633043,1.2749225,0.94301736,1.7815564,3265,1.8666408
2687059,106,1050,1250,5017.2324,0.059871674,64.243828,12.127318,101.08024,3.3338892,726.91046,1026.1866,45520.789,2092692,0.72148597,1.0123125,0.46676624,1.5789908,11.168947,1.2240599,0.93814826,1.8140318,3265,1.8569828
2687060,106,1052,1359,5468.0698,0.056652471,85.403656,9.3836718,99.282524,3.8033178,784.20258,1101.3174,51121.762,2415272,0.70471877,1.1223073,0.48990628,1.5363548,12.107668,1.3269389,0.94784939,1.7509191,3265,1.8397785
2687061,106,1054,1339,5394.3315,0.058913834,81.867615,8.3314934,97.262497,4.9699564,773.71173,1072.6675,49030.336,2266816,0.71419227,1.0981419,0.48010039,1.527833,12.083018,1.3242375,0.94760197,1.7524509,3265,1.847582
2687062,106,1056,1362,5492.998,0.046920907,89.619995,4.9687195,95.024734,6.5070944,899.86792,1212.9041,49443.066,2254792,0.71329278,1.1332461,0.48852223,1.5290062,12.192232,1.3362067,0.94869548,1.7457107,3265,1.8412896
2687063,106,1058,1404,5596.0703,0.041297708,95.598831,2.1954358,92.604408,8.2275743,974.54724,1304.9189,51144.898,2327868,0.70583892,1.1765701,0.50250536,1.5261134,12.437508,1.3630877,0.95112509,1.731005,3265,1.8318424
2687064,106,1060,1422,5702.603,0.04188396,348.9783,0.41647944,90.000992,10.044202,971.27435,1308.0298,52195.469,2388012,0.69896793,1.2029454,0.50695187,1.5200425,12.590536,1.3798587,0.95262295,1.72212,3265,1.8294328
2687065,106,1062,1438,5774.3994,0.042398863,289.51041,2.6125565,87.247513,11.916106,971.85541,1308.2213,52835.359,2412400,0.69418883,1.2266238,0.51265597,1.51976,12.676588,1.3892896,0.95345926,1.7172182,3265,1.8257799
2687066,106,1064,1449,5823.1543,0.040977832,284.7807,4.9606452,86.159172,12.341694,1016.9076,1336.3173,53962.793,2495776,0.68749738,1.2451513,0.49437052,1.3739277,13.809164,1.5134143,0.96409339,1.6583946,3265,1.8943554
2687067,106,1066,1452,5822.4429,0.037750114,279.86618,7.8092017,86.739861,10.460895,1072.4882,1392.1897,54375.16,2518044,0.68434232,1.2649702,0.48594376,1.3337193,14.20579,1.5568823,0.96766466,1.6400123,3265,1.9114485
2687068,106,1068,1438,5768.0312,0.039982632,275.90616,10.931886,87.47213,8.6290798,1029.6173,1346.4277,54526.262,2554940,0.6800561,1.2767949,0.48190349,1.3363456,14.08443,1.543582,0.96657979,1.645527,3265,1.9141221
2687069,106,1070,1390,5568.4409,0.042275779,269.24146,14.506515,88.349632,6.8817258,963.20795,1286.5479,52940.066,2496608,0.69537526,1.2400442,0.47997236,1.3949907,13.230448,1.4499898,0.95874387,1.6871936,3265,1.9020125
2687070,106,1072,1351,5431.6421,0.042267818,266.74777,17.430273,89.36602,5.2918582,957.5249,1270.7661,52417.391,2514820,0.69672066,1.2224354,0.4830175,1.5238212,12.182222,1.3351097,0.94859558,1.7463236,3265,1.8458086
2687071,106,1074,1342,5382.6597,0.043722257,267.8945,19.992178,90.125839,4.017992,935.55267,1243.8044,53683.938,2641820,0.68753546,1.2304169,0.45724019,1.3666657,13.177572,1.444195,0.95824653,1.6899509,3265,1.9276648
2687072,106,1076,1334,5348.6401,0.049770351,271.92413,22.380455,93.239258,3.3609998,862.84302,1162.094,55370.391,2792520,0.67435449,1.2377517,0.47813621,1.5271021,12.063372,1.3220842,0.94740444,1.7536764,3265,1.8491356
2687073,106,1078,1135,4562.7808,0.046691846,283.823,25.98011,94.972656,3.6062722,838.49451,1108.1516,46356.004,2327868,0.66658121,1.0487434,0.39574617,1.3902812,11.738882,1.2865218,0.94410741,1.7745098,3265,1.980031
2687074,106,1080,1103,4457.1069,0.039011594,263.00391,27.229948,96.697975,2.2381222,928.96027,1198.2146,45986.555,2340240,0.68474197,1.0278649,0.37125546,1.302716,12.08794,1.3247769,0.94765139,1.7521446,3265,2.0369008
2687075,106,1082,1127,4495.0151,0.035632111,268.91647,27.935377,98.419495,0.23812227,1000.2169,1259.0696,48664.117,2548492,0.67957342,1.0649393,0.38010117,1.3129528,12.177223,1.3345618,0.94854563,1.74663,3265,2.0231359
2687090,106,1112,132,501.20551,0.072141156,214.51691,22.621088,111.8092,0.30181038,179.93002,295.47537,3264.0771,122664,0.73675686,0.44565204,0.068464734,1.4489001,6.3369408,0.69449651,0.87523931,2.4347427,3265,2.4303825
2687091,106,1114,150,579.11566,0.066510394,224.11362,31.560961,114.64872,1.7124708,241.11012,330.78275,5108.2612,298692,0.62228191,0.51993012,0.06989748,1.40854,6.6747398,0.73151755,0.88065076,2.3621323,3265,2.4193492
2687092,106,1116,204,805.57355,0.063651122,266.65079,12.748424,116.4065,1.9809783,283.49817,398.79941,7654.1338,429076,0.46464792,0.71059954,0.076691732,1.0922627,7.9752469,0.8740465,0.89971811,2.1400123,3265,2.5426543
2687093,106,1118,215,835.91406,0.045784175,295.45129,12.624193,117.97631,0.55819803,339.03186,478.99176,7805.1011,391676,0.45433602,0.77502286,0.081935972,1.1294086,7.9177942,0.86775005,0.89892757,2.1482842,3265,2.5145459
2752575,108,1010,569,2268.0344,0.039861508,122.83514,44.527351,110.8867,0.94811523,690.32239,845.57648,26813.527,1533016,0.84007651,0.53840113,0.26379231,1.7164855,7.3820629,0.80903661,0.89133894,2.2316177,3265,2.0605967
2752576,108,1012,604,2410.5764,0.041663196,126.68059,42.121216,108.08956,2.6458321,689.79285,852.68591,27337.67,1519480,0.81804001,0.59303635,0.27937096,1.730479,7.4562545,0.81716764,0.89241427,2.2193627,3265,2.0406876
2752577,108,1014,629,2477.6565,0.058744933,130.53375,39.970917,95.336609,4.3435488,552.9516,728.01489,27465.285,1481676,0.8077628,0.62167722,0.2914736,1.7415899,7.4958053,0.82150221,0.89298421,2.212929,3265,2.0272744
2752578,108,1016,587,2347.3274,0.066504374,132.05379,37.788132,93.557961,3.858144,488.20938,665.9884,24444.586,1266600,0.81810093,0.57494593,0.27340475,1.7269386,7.3967829,0.81064981,0.89155293,2.2291667,3265,2.0503671
2752579,108,1018,564,2264.155,0.094703458,134.6067,35.855869,83.295113,2.4547889,386.75992,548.11932,22413.998,1093804,0.84448814,0.53989482,0.27431905,1.7368996,7.1906695,0.78806084,0.8885265,2.2643995,3265,2.0668991
2752580,108,1020,535,2135.0886,0.09985698,142.11395,36.645912,92.041672,0.63938862,364.56955,518.35065,21414.066,1063468,0.82720429,0.50282192,0.25622606,1.8802452,6.7691364,0.74186295,0.88212556,2.3431373,3265,2.0126231
2752582,108,1024,698,2784.7742,0.058743097,139.51175,35.705555,91.449455,0.74386793,600.12628,771.82977,27845.221,1340720,0.80417919,0.64982909,0.32106715,1.7627474,7.6602721,0.83952689,0.89533001,2.1868873,3265,1.9924279
2752583,108,1026,728,2902.7786,0.061156828,143.03264,33.456547,88.705544,0.92253965,572.79016,772.30603,28030.645,1324412,0.78651917,0.71112192,0.33579335,1.7735705,7.7080245,0.8447603,0.89600396,2.1795342,3265,1.9789963
2752584,108,1028,722,2884.6108,0.062014088,146.40646,32.014954,87.408432,2.1964455,540.56915,764.54559,27153.322,1259268,0.78340334,0.70866621,0.33410457,1.7732617,7.682085,0.84191746,0.89563829,2.1835172,3265,1.9820259
2752585,108,1030,703,2821.6025,0.05993557,149.88693,30.733994,86.362427,1.3001591,546.65192,769.14911,25714.66,1162052,0.78227216,0.7256009,0.3241125,1.7655282,7.6602721,0.83952689,0.89533001,2.1868873,3265,1.9902829
2752586,108,1032,667,2662.9343,0.066813797,153.82137,30.223513,85.365471,0.92198515,525.62286,707.70471,24393.701,1093304,0.79162669,0.66967112,0.30879629,1.7553327,7.5723128,0.82988697,0.89408028,2.2006741,3265,2.0078483
2752587,108,1034,544,2192.7456,0.1091056,162.89035,27.449139,84.419685,0.2570726,352.19028,502.54565,18200.555,728628,0.84494501,0.50702715,0.26041168,1.7285807,7.1941562,0.78844297,0.88857824,2.2637868,3265,2.073257
2752588,108,1036,970,3921.2434,0.037986606,120.3808,24.618231,108.56174,0.019772856,901.54602,1138.9419,37662.098,1762084,0.76794231,0.80064529,0.35349855,1.498698,10.340033,1.1332151,0.92906213,1.8792893,3265,1.9743454
2752589,108,1038,1027,4143.3198,0.055504892,120.7057,21.226532,93.2146,1.4224339,718.02948,968.53107,38327.164,1735188,0.76747882,0.85555273,0.37715754,1.5245944,10.471381,1.1476102,0.93053734,1.8682598,3265,1.9436301
2752590,108,1040,1085,4336.5054,0.033834893,112.50582,20.168016,109.69721,2.8250947,1013.2287,1269.0901,40883.191,1912988,0.7495451,0.90750229,0.39212143,1.5115415,10.862333,1.1904565,0.93484801,1.8370098,3265,1.9293569
2752591,108,1042,1140,4581.0117,0.033016473,115.32706,17.191801,107.65635,4.2277555,1029.3596,1320.4449,42520.93,1961164,0.73544812,0.96551979,0.41304347,1.5251688,11.056592,1.2117463,0.93694687,1.8223039,3265,1.9061286
2752592,108,1044,1191,4772.8442,0.029777503,111.30331,15.565691,105.71259,5.6304169,1116.9279,1419.219,44910.609,2114964,0.71281391,1.0091199,0.4307414,1.5294458,11.292197,1.2375674,0.93945587,1.8051471,3265,1.8887597
2752593,108,1046,1230,4935.1113,0.035664521,106.77124,13.959032,103.85516,6.5090652,1014.7336,1318.6672,46261.93,2175788,0.7039063,1.036643,0.44372293,1.529886,11.493375,1.2596154,0.94156748,1.7910539,3265,1.8770218
2752594,108,1048,1259,5055.7041,0.044230666,98.472633,12.29175,101.84565,5.643795,901.4967,1198.4889,47747.273,2270596,0.70327854,1.049361,0.45467678,1.5341412,11.610287,1.2724285,0.94278198,1.7830882,3265,1.8671948
2752595,108,1050,1288,5162.6157,0.056760374,85.111977,10.542413,100.10472,5.3338528,766.12164,1069.0973,47071.512,2137820,0.71868467,1.0553533,0.46514988,1.5361924,11.743527,1.2870309,0.9441551,1.7742034,3265,1.8584427
2752596,108,1052,1375,5537.6528,0.0570275,102.86645,8.7962685,98.342339,5.6595564,788.18988,1104.6523,51728.25,2427832,0.70460767,1.1389116,0.4954955,1.536038,12.192232,1.3362067,0.94869548,1.7457107,3265,1.8359108
2752597,108,1054,1390,5559.9858,0.055353876,100.63747,7.2785444,96.546356,6.5367408,804.8205,1123.4862,51625.574,2395396,0.70638263,1.1479445,0.49838653,1.5287874,12.339249,1.352319,0.95015609,1.7368259,3265,1.8344083
2752598,108,1056,1369,5502.3687,0.05743093,98.63269,5.6920233,94.596146,7.7982554,789.16779,1097.2532,49780.359,2268396,0.71367884,1.1245301,0.48910326,1.5231551,12.283069,1.3461618,0.9495995,1.7401961,3265,1.8414216
2752599,108,1058,1396,5568.251,0.040974054,120.50952,3.0132051,92.359642,9.3011122,985.64618,1306.8022,50737.371,2299644,0.70458454,1.1749102,0.49874955,1.5234367,12.421889,1.3613759,0.95097142,1.7319241,3265,1.8346123
2752600,108,1060,1421,5687.0391,0.040259022,185.44301,1.3839566,89.918076,10.95305,995.96118,1332.3441,52012.203,2367872,0.69637233,1.210977,0.50587398,1.5178722,12.606582,1.3816173,0.95277923,1.7212009,3265,1.8303583
2752601,108,1062,1448,5784.6567,0.03935995,253.42564,2.3897946,87.271858,12.699446,1021.8969,1358.9907,53668.059,2469044,0.68663973,1.2469777,0.51329315,1.5107725,12.81896,1.4048929,0.95483381,1.7092525,3265,1.8262948
2752602,108,1064,1447,5827.1616,0.035956725,265.64594,4.8303785,84.448753,13.101056,1087.9001,1427.0638,53864.441,2484416,0.68460429,1.2535018,0.48265511,1.3259113,14.239872,1.5606177,0.96796811,1.6384804,3265,1.9166491
2752603,108,1066,1473,5899.8022,0.038541984,271.96112,7.1954155,84.830902,11.338404,1059.8486,1386.9366,55799.84,2609772,0.66917652,1.3063439,0.49116373,1.325731,14.426784,1.5811021,0.96962267,1.6302084,3265,1.9094537
2752604,108,1068,1461,5855.207,0.036009025,270.23593,10.003143,85.610046,9.6614933,1090.2814,1429.4546,55653.684,2611644,0.67376447,1.2964915,0.49441624,1.3578107,14.044436,1.5391989,0.9662208,1.6473652,3265,1.8979356
2752605,108,1070,1423,5681.0713,0.042352278,265.616,13.463858,86.542496,8.1188288,972.45404,1298.3197,54641.488,2586256,0.68399698,1.2755231,0.50839585,1.5232575,12.563884,1.3769379,0.95236301,1.723652,3265,1.8282065
2752606,108,1072,1370,5470.417,0.044693422,262.39859,17.385689,87.921227,6.7924786,925.73059,1240.2047,53556.32,2583488,0.68876529,1.2427473,0.46519524,1.3615834,13.403746,1.4689825,0.96036369,1.6783088,3265,1.9217781
2752607,108,1074,1331,5338.6118,0.043740381,263.12708,20.478609,90.410614,5.8141599,931.42706,1238.4481,53351.941,2628664,0.68642718,1.2259992,0.475867,1.5231,12.083018,1.3242375,0.94760197,1.7524509,3265,1.8512979
2752608,108,1076,1334,5350.2168,0.047864757,265.70502,22.195587,92.156235,5.3521547,884.14325,1185.1755,55168.406,2784240,0.67512155,1.2275034,0.448856,1.3390838,13.34948,1.4630351,0.95985812,1.6810662,3265,1.9431516
2752609,108,1078,1213,4853.2949,0.039855514,269.37442,25.052399,93.892563,4.2381225,959.10602,1237.0267,50837.398,2611688,0.64731497,1.1481839,0.40814266,1.3237048,12.660364,1.3875116,0.95330191,1.7181373,3265,1.9889213
2752610,108,1080,1066,4289.7065,0.032213945,260.76248,27.280172,95.624474,2.2381222,1032.7952,1293.5903,42715.352,2081280,0.73092866,0.94179058,0.36050051,1.3050627,11.841937,1.297816,0.94516182,1.7677696,3265,2.0483565
2752611,108,1082,1207,4821.5566,0.034317199,266.33017,29.182112,97.375687,0.23812227,1054.1514,1328.748,54106.852,2928092,0.65197074,1.1631132,0.40680823,1.3266551,12.601229,1.3810307,0.95272708,1.7215073,3265,1.9893119
2752627,108,1114,123,469.77039,0.067800082,216.89642,25.082378,114.63804,0.29471284,179.3116,295.07513,3283.4819,133160,0.74183661,0.43033469,0.063796684,1.4383688,6.3247857,0.69316435,0.87504053,2.4375,3265,2.4417417
2752628,108,1116,187,730.16748,0.058602002,237.80592,18.370098,117.40073,1.7053732,290.23032,395.69446,6558.5703,361572,0.47547582,0.67460585,0.070539422,1.0791675,7.9199076,0.86798161,0.89895678,2.1479778,3265,2.5607545
2752629,108,1118,226,876.43854,0.064388424,271.95996,13.444757,119.22056,1.9637927,271.94916,413.58212,8609.958,492648,0.45152408,0.84075797,0.084391333,1.1038977,8.0619106,0.88354445,0.90090239,2.1277573,3265,2.5227075
2752630,108,1120,209,827.57764,0.045059901,287.37228,14.019348,120.78631,0.54101247,342.23462,480.41238,7665.4126,397176,0.4521071,0.76172745,0.079166666,1.1117792,7.9411006,0.87030429,0.89924878,2.1449142,3265,2.5282874
2752631,108,1122,91,345.26974,0.13908644,358.58331,27.679935,59.547184,0.13303471,113.51428,176.62079,2628.2903,103648,0.75970697,0.41180378,0.051616564,1.274815,6.2580967,0.68585557,0.8739447,2.4528186,3265,2.5976055
2818110,110,1008,507,2014.3638,0.058147568,123.90884,47.640091,101.55132,0.34353071,529.06836,659.79364,25220.008,1501912,0.86510593,0.63651472,0.23658423,1.6900321,7.2450914,0.79402518,0.88933194,2.2549019,3265,2.0985951
2818111,110,1010,544,2156.9929,0.058979716,128.27689,45.387157,100.14704,2.015681,534.2854,677.91919,25969.521,1498828,0.84267008,0.52861333,0.25373134,1.70816,7.3129358,0.80146062,0.8903296,2.2432599,3265,2.0755012
2818112,110,1012,556,2191.99,0.067036577,132.94481,43.05954,98.309914,3.564338,496.23453,641.01514,25295.006,1406564,0.83100653,0.54633522,0.26288417,1.7219774,7.2788553,0.79772556,0.88982934,2.2490809,3265,2.0682533
2818113,110,1014,542,2164.7593,0.093392551,136.74452,40.486504,96.535927,3.8365097,386.03,539.70148,23398.117,1239716,0.81681454,0.52977514,0.25650734,1.7159566,7.2504015,0.79460716,0.88941026,2.2539828,3265,2.0765579
2818114,110,1016,478,1904.7654,0.13582033,139.70445,36.2584,75.296257,2.4331546,283.33954,419.80081,18827.889,910096,0.85512662,0.46195608,0.23923925,1.8786627,6.548079,0.71763617,0.87864673,2.3884804,3265,2.0414124
2818115,110,1018,447,1789.1598,0.09027873,149.01566,37.814632,94.864616,1.0297996,357.45291,499.04163,18063.041,910008,0.77882445,0.45925063,0.21847507,1.8529437,6.5524163,0.71811152,0.87871581,2.3875613,3265,2.0638866
2818120,110,1028,657,2623.0459,0.07296814,151.31871,34.633003,89.115364,1.9933122,476.56454,672.11133,25895.643,1246624,0.78397745,0.65267068,0.30801687,1.758978,7.4976993,0.82170975,0.89301145,2.2126226,3265,2.0133822
2818121,110,1030,421,1711.3054,0.067356788,173.23268,32.904026,88.097366,0.91670996,407.69119,565.03845,15040.875,684104,0.75797987,0.45891532,0.20738916,1.8448526,6.4836998,0.71058053,0.87761676,2.4022672,3265,2.0801461
2818126,110,1040,1029,4158.3213,0.040827431,123.37772,21.290224,97.20549,1.3994222,882.64087,1131.3264,38835.055,1775948,0.75966048,0.85447234,0.37541044,1.5149318,10.545804,1.1557666,0.93136716,1.8621323,3265,1.9468026
2818127,110,1042,1080,4323.2109,0.038564727,122.79021,18.998178,105.78817,2.8020833,928.80298,1186.897,40492.57,1848280,0.75717229,0.89669824,0.39073807,1.5123322,10.830618,1.1869807,0.93450266,1.8394607,3265,1.9306797
2818128,110,1044,1138,4565.1943,0.033969671,122.78449,16.662218,105.12453,4.2047439,1010.832,1299.5377,42668.793,1961956,0.73665476,0.95306909,0.41202027,1.5237219,11.056592,1.2117463,0.93694687,1.8223039,3265,1.9073212
2818129,110,1046,1165,4722.8252,0.033478815,121.76763,14.980783,103.10145,5.6074052,1033.0492,1331.4376,43805.555,2035900,0.71350384,0.98134589,0.42149058,1.5265927,11.177361,1.224982,0.93823791,1.8134191,3265,1.8977749
2818130,110,1048,1204,4834.0054,0.037993435,110.87686,13.08884,101.18223,5.6747584,970.55316,1264.4575,44895.355,2079216,0.71792281,0.99437058,0.43481401,1.5287613,11.36572,1.2456251,0.94023079,1.7999387,3265,1.8851079
2818131,110,1050,1310,5240.917,0.05367554,100.59299,11.009641,99.1054,5.3663402,804.41266,1107.6954,48943.285,2257264,0.7171222,1.0737691,0.47224224,1.5347294,11.870358,1.3009309,0.94545138,1.7659314,3265,1.8529736
2818132,110,1052,1359,5487.9302,0.059759255,117.33064,9.3961496,97.364143,5.6903958,758.3089,1074.2532,50845.41,2359952,0.71535319,1.1188642,0.48972973,1.5358341,12.11261,1.3274804,0.94789898,1.7506127,3265,1.839934
2818133,110,1054,1391,5568.9624,0.056689296,119.95935,7.7109571,95.60601,6.5638371,794.1969,1111.0703,51913.617,2410128,0.71114826,1.1438316,0.49874508,1.5287895,12.344381,1.3528816,0.95020688,1.7365196,3265,1.8341645
2818134,110,1056,1397,5601.0015,0.050303377,120.81934,5.9217253,93.813866,7.8213601,853.78082,1182.876,51675.773,2384108,0.70449984,1.1588917,0.49892858,1.5228955,12.432298,1.3625166,0.95107383,1.7313113,3265,1.8345405
2818135,110,1058,1398,5589.1025,0.052517738,128.13945,4.0997257,91.933319,9.3207302,835.25604,1156.4397,51190.668,2336328,0.70412278,1.1658119,0.49733192,1.5168375,12.495113,1.3694009,0.95169055,1.7276348,3265,1.8362782
2818136,110,1060,1406,5637.6211,0.039849628,172.42708,2.7631028,89.705582,10.969912,1007.3834,1333.3395,51359.707,2333972,0.69954491,1.2025164,0.497347,1.5077713,12.622668,1.3833803,0.95293576,1.7202818,3265,1.8374333
2818137,110,1062,1430,5763.1753,0.036759708,223.51863,3.3789287,87.248055,12.714151,1065.9243,1403.621,52766.738,2416288,0.68920809,1.231284,0.47619048,1.3213738,14.158346,1.5516828,0.96724141,1.6421568,3265,1.9237529
2818138,110,1064,1465,5863.0269,0.037302263,249.69337,4.9432902,86.076485,13.115501,1060.7635,1405.3947,55068.277,2564212,0.67250693,1.291553,0.48719653,1.3193333,14.426784,1.5811021,0.96962267,1.6302084,3265,1.9148344
2818139,110,1066,1464,5898.6104,0.038387526,258.74899,7.1201162,86.321518,11.354908,1026.7335,1389.5837,55473.844,2596864,0.6734907,1.2867668,0.49012387,1.3347238,14.280989,1.5651238,0.96833342,1.6366421,3265,1.9076297
2818140,110,1068,1473,5892.9058,0.039208822,261.68539,9.2410831,86.819275,9.680582,1033.2008,1374.2881,56489.375,2665980,0.66844875,1.308969,0.52215528,1.5099806,12.958905,1.4202302,0.9561739,1.7015932,3265,1.8208456
2818141,110,1070,1464,5842.4351,0.038876913,263.04706,12.206555,88.154655,8.1410818,1041.0365,1374.2191,56857.082,2714420,0.66764992,1.3181381,0.49376053,1.3508106,14.131378,1.5487272,0.96700031,1.6433823,3265,1.9002128
2818142,110,1072,1388,5578.7896,0.04047757,259.87482,16.855341,89.53447,6.8187704,996.32312,1316.0358,54555.984,2640612,0.68264806,1.2622935,0.49624598,1.5244882,12.37011,1.3557012,0.95046103,1.7349877,3265,1.8362393
2818143,110,1074,1322,5281.4453,0.04183428,257.82739,20.893627,90.883995,5.8443508,953.86792,1259.5493,53389.152,2658372,0.68862355,1.2065995,0.44466868,1.3371903,13.283749,1.4558313,0.95924371,1.6844363,3265,1.947729
2818144,110,1076,1327,5293.2705,0.043288853,259.23611,22.426716,92.178444,5.3844914,939.91553,1239.5925,54974.113,2785292,0.67362958,1.2221807,0.44590053,1.3353722,13.331489,1.4610634,0.95969021,1.6819853,3265,1.9471222
2818145,110,1078,1196,4790.8687,0.035303008,252.7926,25.979149,93.435623,4.2381225,1026.6858,1305.8888,49709.703,2532880,0.6706385,1.11967,0.40350878,1.3271413,12.52676,1.3728693,0.95200032,1.7257966,3265,1.9926364
2818146,110,1080,1105,4442.6802,0.035135929,266.1416,26.757736,94.597733,2.2381222,998.10553,1260.5258,45224.633,2248256,0.70606762,0.99606568,0.38609365,1.3858478,11.578577,1.2689532,0.9424535,1.7852329,3265,1.993078
2818147,110,1082,1211,4814.917,0.034573708,262.69684,29.382984,96.387833,0.23812227,1051.3317,1322.8979,54491.09,2959804,0.65158772,1.1737274,0.40967524,1.3358331,12.563884,1.3769379,0.95236301,1.723652,3265,1.9832492
2818164,110,1116,127,474.75131,0.055658728,218.85704,24.99896,117.46685,0.28783378,206.28081,327.3945,3528.4111,149140,0.68378955,0.47292846,0.062809102,1.4206288,6.4597068,0.70795107,0.87723088,2.4074755,3265,2.4382672
2818165,110,1118,228,890.64447,0.058353081,263.13989,12.847797,120.16112,1.8488033,302.73438,437.95068,8194.7803,437148,0.45034391,0.84870946,0.085169964,1.1066757,8.0641012,0.88378453,0.90093219,2.1274509,3265,2.5199046
2818166,110,1120,225,884.98071,0.065053947,267.57675,15.520364,122.03538,2.2238636,279.81616,413.46143,8862.5352,526752,0.44682539,0.81698567,0.083923906,1.1008098,8.0662937,0.8840248,0.900962,2.1271446,3265,2.52511
2818167,110,1122,191,731.18134,0.040259156,262.98254,18.212402,123.59727,1.2594416,341.47159,477.73288,7158.2632,397408,0.43185452,0.72049212,0.071966842,1.0817342,7.934731,0.8696062,0.8991611,2.1458333,3265,2.556771
2883646,112,1008,474,1895.1428,0.078286953,129.62091,47.64352,102.99309,1.4689363,429.94666,551.54529,23374.617,1381256,0.86713767,0.6100812,0.2243256,1.6813786,7.1319137,0.78162152,0.88765174,2.2748163,3265,2.119591
2883647,112,1010,512,2016.3751,0.094356433,133.37114,45.948719,101.27446,2.5773556,392.7644,518.20886,24442.762,1404756,0.85293847,0.49644375,0.2432304,1.7095579,7.1663594,0.78539658,0.88816524,2.2686887,3265,2.0922289
2883648,112,1012,502,1994.2538,0.093637154,137.93846,43.388996,99.505608,1.5656909,388.15884,517.33398,22872.729,1265068,0.8249318,0.49003208,0.24099857,1.8657284,6.7109666,0.73548782,0.88121861,2.3547795,3265,2.0318849
2883649,112,1014,435,1742.9669,0.082560666,143.36351,38.827408,96.751579,2.4115205,388.55298,515.06604,17892.668,904700,0.82031888,0.43151382,0.21178189,1.8419363,6.5538635,0.71827012,0.87873888,2.387255,3265,2.0726466
2883650,112,1016,387,1555.3702,0.12557341,149.95215,37.218758,84.257133,1.0081654,274.03738,394.52359,15277.44,744076,0.81045908,0.39666596,0.19825819,1.8462772,6.3301821,0.69375581,0.87512881,2.4362745,3265,2.0989697
2883656,112,1028,428,1756.7583,0.075829677,166.46953,36.933548,90.838478,1.9933122,395.52197,539.56195,16867.037,812560,0.76372868,0.44858471,0.21031941,1.8470861,6.5021677,0.71260452,0.877913,2.3982842,3265,2.0757694
2883657,112,1030,271,1102.9355,0.19699702,187.62244,29.182783,59.829426,0.91670996,143.69218,265.24683,8374.3174,309288,0.86724067,0.3090046,0.15565766,1.8286011,5.862484,0.64249843,0.86725372,2.5508578,3265,2.1846676
2883663,112,1042,1028,4144.8408,0.036716904,127.56252,20.987795,102.41795,1.3764106,948.69525,1191.0386,39143.008,1804716,0.75792325,0.84722412,0.37327525,1.5071645,10.590968,1.1607163,0.93186855,1.8584559,3265,1.9503822
2883664,112,1044,1084,4340.3291,0.052191187,132.63681,17.954975,87.564087,2.7790716,764.17352,1022.2748,40299.793,1795404,0.76443899,0.89693451,0.39838296,1.5371727,10.678623,1.1703228,0.93283713,1.8514093,3265,1.9196827
2883665,112,1046,1121,4508.5557,0.044511158,135.68318,16.38537,101.09157,4.1817327,846.85486,1128.2081,41702.055,1894108,0.74185038,0.93660516,0.40483928,1.5169129,11.015551,1.2072483,0.93650573,1.8253677,3265,1.9154397
2883666,112,1048,1105,4462.8149,0.036139093,130.75739,14.862759,100.55064,3.8104987,957.45679,1245.7209,40375.145,1818704,0.7299872,0.91481149,0.39963832,1.5164437,10.934375,1.198352,0.93562961,1.831495,3265,1.9207947
2883667,112,1050,1304,5225.417,0.047384869,115.04063,11.840356,98.549202,3.3663476,874.31,1177.1873,49244.559,2272412,0.72161341,1.065589,0.4700793,1.5344249,11.841937,1.297816,0.94516182,1.7677696,3265,1.8546821
2883668,112,1052,1369,5497.5205,0.046134479,125.47453,10.546235,96.657669,3.8325565,906.81207,1223.7017,51991.035,2438888,0.71387213,1.1283269,0.49333334,1.5359807,12.162251,1.3329209,0.94839603,1.7475491,3265,1.8374027
2883669,112,1054,1385,5561.2783,0.052583318,135.2148,8.9010658,94.625443,4.9932675,831.11523,1152.8379,51818.551,2401944,0.71572274,1.1392381,0.497307,1.530884,12.293245,1.3472772,0.94970042,1.7395834,3265,1.8349912
2883670,112,1056,1402,5608.7358,0.05401095,139.71214,7.0554461,92.870415,6.5255346,815.19189,1142.343,52074.613,2401240,0.7082296,1.1618607,0.49982175,1.5201687,12.4846,1.3682487,0.9515875,1.7282475,3265,1.8341978
2883671,112,1058,1427,5676.769,0.046827447,148.30942,5.3126841,91.083427,8.2423563,895.35132,1234.2562,53042.082,2448540,0.69534945,1.2022008,0.50674719,1.5139356,12.676588,1.3892896,0.95345926,1.7172182,3265,1.8302057
2883672,112,1060,1420,5681.2534,0.040075127,168.63849,3.9666522,89.25164,10.056684,999.86212,1334.718,52380.371,2400140,0.69458258,1.2068824,0.48168251,1.3618206,13.732482,1.5050102,0.96339422,1.6620711,3265,1.9074391
2883673,112,1062,1436,5734.6216,0.040541168,208.35107,4.2892628,87.869751,11.926649,1003.0405,1333.2427,53246.184,2450248,0.68210572,1.258333,0.47675964,1.3144213,14.260401,1.5628674,0.96815062,1.6375613,3265,1.9255564
2883674,112,1064,1458,5853.6328,0.036020279,233.56625,5.6678824,88.064392,12.352036,1066.1106,1429.0392,54906.586,2561488,0.67354703,1.2835625,0.48374254,1.3135693,14.426784,1.5811021,0.96962267,1.6302084,3265,1.9197083
2883675,112,1066,1459,5852.9756,0.040510431,242.96848,7.4977565,88.303909,10.472754,986.84924,1347.4413,55421.168,2607612,0.67275727,1.2947279,0.51518363,1.5042942,12.941951,1.418372,0.95601213,1.7025123,3265,1.8258848
2883676,112,1068,1468,5902.0078,0.038050342,251.97758,9.4058638,88.587944,8.6434088,1036.2098,1396.129,56501.043,2681896,0.66673815,1.3131572,0.49377733,1.3451103,14.212593,1.5576279,0.96772528,1.6397059,3265,1.9016978
2883677,112,1070,1482,5941.4717,0.036032196,258.33423,11.719047,89.809059,6.8992519,1101.6466,1439.4832,58051.855,2794796,0.65794164,1.3404653,0.52275133,1.50181,13.090381,1.4346392,0.95742321,1.6945466,3265,1.8214502
2883678,112,1072,1441,5799.7183,0.038461804,258.84824,14.828412,91.160667,5.3138828,1050.3431,1376.5549,57491.93,2821340,0.66226095,1.304222,0.48145673,1.3295896,14.165104,1.5524235,0.96730173,1.6418505,3265,1.9165424
2883679,112,1074,1335,5333.5972,0.041394085,254.02966,20.556875,92.50486,4.0457191,966.85168,1272.4652,54149.809,2705484,0.68789536,1.2109025,0.44979784,1.3422005,13.331489,1.4610634,0.95969021,1.6819853,3265,1.9413112
2883680,112,1076,1302,5212.1299,0.043009873,252.99789,23.139145,93.80407,3.3931859,936.52844,1234.0378,54142.312,2757300,0.67304838,1.2060643,0.43838385,1.3374149,13.14838,1.4409956,0.95797133,1.6914829,3265,1.9537325
2883681,112,1078,1147,4606.2134,0.038423333,241.99242,27.509106,95.061111,3.6367664,959.10529,1227.3811,46978.773,2364208,0.70920724,1.0425934,0.38802436,1.3242415,12.232437,1.340613,0.9490962,1.7432598,3265,2.0103569
2883682,112,1080,1188,4764.5278,0.033268005,263.58359,26.72143,96.292465,2.2381222,1073.5138,1341.5333,50887.551,2636808,0.66033548,1.1260298,0.40121579,1.3280866,12.468863,1.366524,0.95143312,1.7291666,3265,1.9947562
2883683,112,1082,1144,4539.3838,0.04428212,258.32925,28.901361,94.007339,0.23812227,884.13831,1134.9825,50097.426,2660124,0.7088052,1.0023942,0.41721371,1.5357487,10.999219,1.2054585,0.9363299,1.8265932,3265,1.900915
2883701,112,1118,216,822.20325,0.054646861,288.18814,7.314467,120.29565,1.0023148,266.63403,434.82242,6631.6548,277432,0.47704566,0.8339929,0.084309131,1.1665,7.7930393,0.85407752,0.89719605,2.1666667,3265,2.4938555
2883702,112,1120,224,889.08783,0.058162481,263.36768,14.324032,122.9286,2.9415364,307.87622,438.28418,8085.188,430832,0.45335522,0.82333958,0.083769634,1.1044837,8.0487909,0.8821066,0.9007237,2.1295955,3265,2.52354
2883703,112,1122,206,799.552,0.059425928,251.32845,21.488319,124.85089,1.2594416,283.58173,411.18787,8206.457,508312,0.43414634,0.77185827,0.077153556,1.0877911,8.00105,0.87687439,0.90007168,2.1363358,3265,2.5440581
2949181,114,1006,444,1771.5071,0.079188563,129.86209,50.262074,105.83693,1.0392047,421.43515,530.2066,23037.764,1410340,0.87992394,0.57773525,0.21142857,1.6740067,7.0422149,0.77179098,0.88630563,2.291054,3265,2.1372726
2949182,114,1008,474,1844.6021,0.096606359,134.4136,48.499313,104.23096,1.4040926,380.37952,489.83905,23719.018,1406304,0.85714668,0.46031946,0.22766571,1.8514088,6.6672421,0.73069584,0.88053292,2.3636642,3265,2.0494115
2949183,114,1010,443,1786.7914,0.090999871,138.57828,46.351955,102.46756,1.1495831,386.37,496.7312,21281.336,1228044,0.83283454,0.43138093,0.21463178,1.8413719,6.5887861,0.72209752,0.87929398,2.3799019,3265,2.0681448
2949185,114,1014,362,1443.7278,0.12135521,149.79037,39.272732,83.929474,0.98653108,279.72665,386.6503,14898.148,742120,0.82072514,0.3658345,0.18602261,1.8323348,6.2872658,0.68905234,0.87442511,2.4460785,3265,2.1168165
2949192,114,1028,366,1488.712,0.12815163,169.68561,39.198544,92.576141,1.9933122,256.27316,382.07465,15026.97,753252,0.7555356,0.40052038,0.18254364,1.8188075,6.3695846,0.6980741,0.87577176,2.4273896,3265,2.117686
2949193,114,1030,224,919.51923,0.23630014,189.76253,31.159828,61.625515,0.91670996,117.47707,221.13289,7272.9004,279560,0.90490872,0.26453114,0.13030832,1.7955722,5.7813935,0.63361138,0.86583978,2.5726104,3265,2.2259016
2949200,114,1044,1081,4375.1953,0.033399358,124.01307,20.69566,104.31731,1.3533989,1046.2303,1283.0234,43186.582,2103440,0.72029668,0.89918381,0.39109984,1.5125279,10.834573,1.1874141,0.93454576,1.8391544,3265,1.9302677
2949201,114,1046,1089,4397.1035,0.067810729,140.33127,17.312445,88.270966,2.7560599,652.45062,902.69092,41487.223,1896084,0.75613588,0.89361471,0.39875504,1.5326905,10.736575,1.1766741,0.93347424,1.8468137,3265,1.9196851
2949202,114,1048,953,3851.3452,0.051949464,161.39395,18.856977,98.693542,2.1311603,706.42383,965.20734,32777.25,1345680,0.79746401,0.78333402,0.3442919,1.4794389,10.365314,1.1359857,0.92934716,1.8771446,3265,1.9891038
2949203,114,1050,1247,4983.9385,0.045647182,133.16257,14.296835,98.084656,1.3663764,879.04779,1171.3435,47769.336,2227356,0.72401178,1.0252804,0.45034307,1.5331341,11.556033,1.2664825,0.94221956,1.7867647,3265,1.8709559
2949204,114,1052,1357,5467.252,0.045971896,135.32054,11.794795,95.976631,2.1655965,903.14349,1222.4843,51589.664,2411352,0.72050202,1.1117448,0.49024567,1.5394186,12.068277,1.3226218,0.9474538,1.75337,3265,1.8393792
2949205,114,1054,1381,5563.498,0.046264358,141.74236,10.261992,94.002808,3.771358,902.9837,1229.2937,52238.352,2442184,0.71316838,1.1357574,0.49498209,1.5282048,12.29834,1.3478355,0.94975096,1.739277,3265,1.8367939
2949206,114,1056,1394,5621.3784,0.051012892,150.53346,8.602829,91.889305,5.6029725,848.65387,1176.7559,52156.613,2418992,0.70981574,1.1631867,0.49590892,1.5168148,12.474104,1.3670985,0.9514845,1.7288603,3265,1.837276
2949207,114,1058,1427,5663.3477,0.04164727,161.47404,7.1381226,90.135597,7.5126157,971.66302,1307.2188,53329.316,2471140,0.6951853,1.2086226,0.50459689,1.507152,12.741903,1.3964479,0.95409131,1.7135416,3265,1.8324987
2949208,114,1060,1445,5764.0874,0.040453192,176.32759,5.6739068,89.716362,9.4568262,997.90558,1338.1162,54277.105,2531096,0.6818344,1.2483654,0.48006645,1.3163725,14.308531,1.5681423,0.96857774,1.6354166,3265,1.9219846
2949209,114,1062,1435,5774.4155,0.039123222,199.10184,5.395144,89.862495,11.419016,998.01508,1361.8888,53645.223,2488668,0.6828481,1.2449594,0.47563806,1.310312,14.287864,1.5658773,0.96839446,1.6363357,3265,1.927959
2949210,114,1064,1431,5753.7437,0.043803409,216.90007,6.6889434,90.052826,11.861313,934.26575,1284.7725,53795.758,2512856,0.68354273,1.2563893,0.50440603,1.5018978,12.813426,1.4042864,0.95478058,1.7095588,3265,1.8333834
2949211,114,1066,1458,5859.8091,0.039347619,232.45573,8.0170231,90.287071,9.8962631,1010.7492,1368.0043,55655.375,2631128,0.67196065,1.2953637,0.51483053,1.504321,12.936309,1.4177538,0.95595825,1.7028186,3265,1.8261083
2949212,114,1068,1471,5925.7036,0.038449097,244.21422,9.9248791,90.564888,7.9471936,1030.0479,1391.6558,57014.449,2731076,0.6633777,1.3185713,0.51686579,1.4958525,13.090381,1.4346392,0.95742321,1.6945466,3265,1.8260092
2949213,114,1070,1471,5918.5479,0.035382822,249.6564,11.964436,91.486328,6.027482,1099.3263,1449.8274,57915.352,2816704,0.66005266,1.3161727,0.48870432,1.3170831,14.490183,1.5880504,0.97018027,1.6274509,3265,1.9142735
2949214,114,1072,1463,5872.1934,0.034445979,253.71191,14.150161,92.802216,4.1714082,1131.8562,1463.6453,58662.441,2892548,0.65583903,1.323693,0.4870173,1.32165,14.391801,1.5772682,0.96931422,1.6317402,3265,1.914246
2949215,114,1074,1400,5589.3223,0.036030114,252.54422,18.685345,94.132927,2.4887912,1081.9009,1396.213,56827.496,2835952,0.67070049,1.2743295,0.4709048,1.3430055,13.764329,1.5085006,0.96368492,1.6605393,3265,1.9217691
2949216,114,1076,1222,4904.0112,0.059437312,244.71027,26.534321,95.434944,1.4176525,738.82812,1018.2422,51700.652,2687296,0.68059373,1.1523883,0.41437775,1.342863,12.585196,1.3792735,0.95257092,1.7224264,3265,1.9761291
2949217,114,1078,1119,4490.6421,0.037015814,236.21094,28.091852,96.692665,1.8494121,983.25354,1234.7115,46675.008,2384536,0.72892517,0.97790283,0.40367964,1.514817,11.019641,1.2076967,0.93654978,1.8250613,3265,1.9169347
2949218,114,1080,1180,4721.5737,0.04294005,252.91559,26.588806,97.921539,2.2381222,927.64026,1175.4849,51459.379,2736112,0.69260359,1.0510322,0.42955953,1.5379508,11.168947,1.2240599,0.93814826,1.8140318,3265,1.8890232
2949219,114,1082,1172,4660.1343,0.041155115,260.80148,29.198523,95.214912,0.23812227,939.88,1192.8676,51318.758,2693156,0.67456567,1.0992916,0.42234233,1.5212936,11.253657,1.2333436,0.93904811,1.8079044,3265,1.897658
2949237,114,1118,138,525.04138,0.11147618,12.226902,18.389938,54.331291,0.74904352,154.96426,243.28238,3441.5557,116580,0.70538455,0.59613281,0.063829787,1.2600682,6.9094048,0.75723565,0.88428837,2.31587,3265,2.5159836
2949238,114,1120,213,828.87866,0.054994393,284.95633,8.8442039,123.12441,2.7490435,270.43024,435.20233,6671.1162,285736,0.47803172,0.80400628,0.083105735,1.1627568,7.7889485,0.85362917,0.89713889,2.1672795,3265,2.4977589
2949239,114,1122,208,812.74359,0.060025297,251.44907,19.024084,125.70258,1.2594416,288.52139,412.49106,7755.895,434468,0.43877742,0.77169859,0.078048781,1.0933236,7.9945836,0.87616569,0.89998317,2.137255,3265,2.5396113
3014716,116,1004,412,1608.6107,0.075129464,130.82855,52.607269,108.68028,0.15358023,422.39038,518.71075,22120.039,1386104,0.88820779,0.5457893,0.19836302,1.8172807,6.5683694,0.7198599,0.87896973,2.3841913,3265,2.0911074
3014717,116,1006,423,1658.688,0.09268304,134.66733,51.128403,107.18006,0.80189711,380.09082,474.22797,22113.992,1361208,0.86838537,0.56281668,0.20454545,1.8283186,6.5654631,0.71954143,0.87892348,2.384804,3265,2.08232
3014728,116,1028,273,1100.4115,0.1110383,172.73149,38.10162,93.245018,1.9933122,253.12627,352.89548,10881.693,525552,0.77329779,0.30091873,0.13622755,1.750662,6.2436132,0.6842683,0.87370551,2.4561887,3265,2.1945131
3014729,116,1030,212,861.71631,0.27965093,189.69629,33.309723,63.434834,0.91670996,100.16628,196.7791,7314.5288,294912,0.91107035,0.25407192,0.1241945,1.787183,5.754488,0.63066262,0.86536729,2.5799632,3265,2.237432
3014737,116,1046,1136,4574.2158,0.031488519,126.38476,19.837076,117.24467,1.3303874,1096.7753,1351.0989,46727.828,2342092,0.70215768,0.95683187,0.40878013,1.5135416,11.118731,1.2185564,0.93761247,1.8177084,3265,1.9120263
3014738,116,1048,1113,4491.8062,0.042426966,125.15085,14.502272,98.276573,1.1816775,895.12488,1153.4385,44260.102,2095696,0.72363889,0.90646881,0.40137035,1.5131829,10.999219,1.2054585,0.9363299,1.8265932,3265,1.919539
3014740,116,1052,1351,5451.375,0.050704155,140.65581,13.37044,94.008881,1.2323058,846.41888,1162.348,52242.727,2482820,0.71832222,1.1106155,0.48684683,1.535671,12.073187,1.3231599,0.94750315,1.7530637,3265,1.8419993
3014741,116,1054,1376,5555.2515,0.04793223,148.99156,11.755403,93.487549,3.2289329,877.22656,1206.8213,52256.348,2448004,0.71510041,1.1393661,0.49336681,1.5286896,12.267836,1.3444924,0.94944823,1.7411152,3265,1.8378805
3014742,116,1056,1410,5657.7393,0.042855684,158.0405,10.238993,91.557159,5.2276845,954.57117,1288.0187,53256.492,2485960,0.70249206,1.1912163,0.49770561,1.5042896,12.676588,1.3892896,0.95345926,1.7172182,3265,1.8376899
3014743,116,1058,1437,5704.1997,0.039870515,168.45282,8.8024378,91.613083,7.2271252,1007.055,1340.8381,54160.781,2526504,0.69014388,1.2384086,0.47677505,1.3128419,14.280989,1.5651238,0.96833342,1.6366421,3265,1.9260784
3014744,116,1060,1441,5757.8584,0.040678073,182.44049,8.0211401,91.712593,9.2268085,964.9093,1333.691,54579.426,2569312,0.68062109,1.2570641,0.47746852,1.3097403,14.336181,1.5711725,0.9688226,1.6341912,3265,1.9265261
3014745,116,1062,1450,5764.2544,0.046557773,192.64383,7.4986987,91.85556,11.226604,886.94995,1247.3273,54854.562,2578864,0.68226647,1.2570834,0.51092321,1.5010504,12.925041,1.4165188,0.9558506,1.7034314,3265,1.8291166
3014746,116,1064,1442,5776.9731,0.040208593,208.84236,7.8664846,92.041771,11.675785,982.44739,1343.6794,54635.836,2575052,0.6789822,1.2663238,0.50810432,1.5011874,12.880162,1.4116004,0.95542121,1.7058823,3265,1.8309782
3014747,116,1066,1445,5832.9624,0.039823119,225.08307,8.9308071,92.270966,9.675972,1002.8638,1356.694,55289.371,2632924,0.67415577,1.2815087,0.50666201,1.4928261,12.975904,1.4220932,0.95633596,1.7006741,3265,1.8333061
3014748,116,1068,1464,5890.4185,0.036311548,234.73189,10.485614,92.542824,7.6762562,1077.4841,1427.7614,57050.164,2757364,0.66513902,1.3005022,0.48557213,1.3129241,14.476046,1.586501,0.97005612,1.6280637,3265,1.9183371
3014749,116,1070,1470,5904.2368,0.036837842,242.13416,12.360769,93.183868,5.6767416,1068.4243,1419.1873,58301.309,2862552,0.65790975,1.3196425,0.48756218,1.3130649,14.518538,1.591158,0.97042912,1.6262255,3265,1.9165739
3014750,116,1072,1469,5874.8647,0.035080563,247.25681,14.523327,94.455086,3.6777542,1102.6594,1450.6765,59097.16,2931024,0.6532656,1.3352137,0.48982996,1.325665,14.398784,1.5780336,0.96937585,1.6314338,3265,1.9105976
3014751,116,1074,1460,5820.1367,0.034465272,249.91765,16.947765,95.771713,1.6802074,1132.4999,1456.7354,59901.469,3014840,0.6477443,1.348801,0.48796791,1.3308636,14.287864,1.5658773,0.96839446,1.6363357,3265,1.9105862
3014753,116,1078,1105,4402.5776,0.041525874,244.54164,21.378618,98.330627,0.73452628,917.8822,1154.2478,48621.582,2607856,0.67809039,0.98868471,0.39748201,1.5075765,10.995144,1.205012,0.93628597,1.8268995,3265,1.9244746
3014754,116,1080,1258,5062.7197,0.038495556,252.01352,26.961725,99.557968,2.2381222,1018.7725,1285.5577,56045,3021664,0.64479613,1.2063956,0.45105773,1.5229185,11.697238,1.2819579,0.94367939,1.7772671,3265,1.8714914
3014755,116,1082,1175,4675.043,0.040505458,255.0076,29.9613,100.76694,0.23812227,945.77765,1204.3174,51769.949,2741936,0.66215229,1.1274979,0.42129797,1.513522,11.326677,1.2413462,0.93981975,1.8026961,3265,1.8998332
3014773,116,1118,119,467.40057,0.16980231,15.439301,21.630604,52.376534,0.74904352,104.11311,185.98494,2797.5129,91936,0.87978923,0.51606691,0.070917763,1.3119998,6.1837659,0.67770934,0.87271273,2.4702818,3265,2.5762129
3014774,116,1120,160,632.51416,0.10312807,357.50659,12.204659,51.988308,2.7490435,183.73422,277.62054,4062.1416,135772,0.60566038,0.66390145,0.072300047,1.2697223,7.0288711,0.77032852,0.88610423,2.293505,3265,2.4913368
3014775,116,1122,206,781.80157,0.051846955,269.59622,11.43591,125.95316,1.2594416,278.14566,435.30292,6653.2983,294172,0.46199384,0.76687384,0.080374561,1.1552738,7.7746644,0.85206372,0.89693922,2.1694241,3265,2.5062466
3080252,118,1004,276,1073.2686,0.067270756,139.63985,52.833366,110.12234,0.062943779,374.84329,447.76071,14746.878,933220,0.86123848,0.43707961,0.13622902,1.7446603,6.2806125,0.6883232,0.87431568,2.4476104,3265,2.1945431
3080253,118,1006,6,32.925732,0.20751067,169.13594,4.0225658,16.391729,1.0950843,16.135956,44.653187,25.399193,140,1,0.014748783,0.0096618356,1.7553337,4.1011462,0.44946477,0.83238459,3.2169118,3265,2.6316254
3080264,118,1028,200,826.92175,0.21045768,176.38197,35.597168,66.094368,1.5422604,134.43678,222.20547,7303.3325,307772,0.88839197,0.22689693,0.11487651,1.770286,5.7813935,0.63361138,0.86583978,2.5726104,3265,2.2479389
3080265,118,1030,198,804.24628,0.26728338,188.87801,35.603451,65.257942,0.91670996,104.41582,194.45248,7255.3975,307188,0.91180843,0.24059485,0.11599297,1.7748623,5.7389083,0.62895519,0.86509293,2.5842524,3265,2.2506809
3080274,118,1048,1043,4244.1973,0.028932113,116.14606,14.770832,114.49625,1.3073758,1115.2919,1357.7275,41263.469,1970256,0.73013216,0.85538095,0.37504494,1.4942912,10.752135,1.1783794,0.93364483,1.8455882,3265,1.9508684
3080275,118,1050,929,3734.6641,0.040506292,79.728294,16.595531,112.7774,1.0340775,831.30023,1076.3895,35059.77,1644304,0.69016093,0.76688838,0.34573874,1.5215048,9.9918833,1.0950596,0.92508274,1.9099264,3265,1.9795531
3080276,118,1052,1184,4781.1064,0.055001587,123.09126,16.907793,93.768761,1.9322183,783.96558,1045.157,46380.84,2259284,0.73624802,0.95606858,0.42574614,1.5194436,11.331001,1.2418202,0.93986535,1.8023897,3265,1.8947036
3080277,118,1054,1363,5490.4517,0.047013789,147.62798,13.415338,93.544884,3.6234143,889.27557,1211.4244,53047.957,2556452,0.70585638,1.1449214,0.48695964,1.5230299,12.25264,1.3428271,0.94929719,1.7420343,3265,1.8429897
3080278,118,1056,1412,5669.0757,0.042735122,162.03131,11.682811,93.556877,5.4983025,958.9342,1291.1259,53915.84,2543348,0.69635284,1.2115833,0.47003993,1.3197269,14.044436,1.5391989,0.9662208,1.6473652,3265,1.9297887
3080279,118,1058,1438,5726.0903,0.041278455,172.3914,10.652625,93.611603,7.4322619,964.11359,1320.2991,54899.016,2588440,0.68751156,1.2443788,0.47837657,1.3193117,14.233043,1.5598692,0.96790731,1.6387868,3265,1.9224987
3080280,118,1060,1426,5689.8081,0.040903393,181.8251,10.341573,93.708992,9.3917265,961.41565,1322.1298,54229.48,2569988,0.69215918,1.2295719,0.5024665,1.5013421,12.791333,1.4018651,0.95456797,1.7107843,3265,1.8348058
3080281,118,1062,1439,5752.7397,0.047858942,193.83315,10.123793,93.848915,11.364415,861.78607,1229.0251,54776.402,2596028,0.68337327,1.2606179,0.50704724,1.5012286,12.863413,1.4097646,0.95526063,1.7068014,3265,1.8316852
3080282,118,1064,1451,5828.7866,0.043661889,206.0834,9.4151125,94.031181,11.808675,932.56201,1295.2177,55651.004,2661740,0.67652655,1.2690877,0.50876576,1.4927423,13.010036,1.4258339,0.95666087,1.6988357,3265,1.8318831
3080283,118,1066,1456,5819.9658,0.040519591,216.95372,10.242197,94.255539,9.8339529,986.10077,1343.4844,56464.164,2730588,0.67164004,1.2786094,0.48180014,1.3069917,14.468987,1.5857276,0.96999407,1.62837,3265,1.9236495
3080284,118,1068,1462,5860.6572,0.039699014,227.10332,11.215962,94.52169,7.8707495,1018.5041,1362.0349,57260.609,2789360,0.66288197,1.3098651,0.48394573,1.3079932,14.504347,1.5896027,0.97030461,1.6268382,3265,1.9214238
3080285,118,1070,1462,5886.7534,0.037421972,235.59479,12.992418,94.902367,5.9293394,1063.0872,1405.9812,58206.277,2876848,0.65726489,1.3279227,0.48523065,1.3144825,14.447855,1.5834115,0.96980822,1.6292893,3265,1.9181131
3080286,118,1072,1471,5880.8169,0.034498706,241.12576,15.10871,96.132027,4.0357966,1117.9597,1463.5999,59624.953,2991208,0.64769584,1.3595347,0.49033332,1.3249258,14.419773,1.5803338,0.96956092,1.6305147,3265,1.9104015
3080287,118,1074,1458,5848.0962,0.035883568,244.58617,17.321375,97.420677,2.2800229,1092.4281,1431.0815,60111.008,3051872,0.64536184,1.3587003,0.51555872,1.5065897,12.913792,1.4152859,0.95574307,1.7040441,3265,1.8253491
3080288,118,1076,1361,5484.6816,0.039748233,254.03804,19.84231,98.712776,1.0942872,1037.5835,1316.8058,57960.406,3006872,0.62891579,1.2845435,0.48228207,1.5098873,12.359806,1.3545719,0.95035928,1.7356005,3265,1.8481452
3080289,118,1078,962,3856.967,0.039734218,287.28186,17.283875,95.581757,1.5852914,865.27869,1104.4487,37246.5,1808648,0.61322558,0.95258307,0.34344876,1.460757,10.519636,1.1528987,0.93107587,1.864277,3265,1.9948218
3080290,118,1080,1083,4350.9531,0.037520483,253.3027,21.708141,101.20076,2.2381222,956.05835,1207.1547,45484.77,2366452,0.65564436,1.0603055,0.38817203,1.4972461,10.946475,1.1996781,0.9357605,1.8305759,3265,1.9361588
3080291,118,1082,1076,4285.4854,0.042895973,247.1927,28.964018,102.40585,0.23812227,872.93524,1120.4608,46762.43,2492236,0.67740643,1.0247004,0.38593975,1.4970639,10.910255,1.1957085,0.93536836,1.8333334,3265,1.9385574
3080309,118,1118,119,462.88181,0.17329015,17.374332,19.849741,50.42572,0.74904352,101.83794,183.21164,2596.0837,79560,0.87936193,0.52591479,0.076972835,1.3084329,6.0182304,0.65956748,0.86992788,2.5107231,3265,2.6074247
3080310,118,1120,143,556.30365,0.1170914,7.296083,16.034554,50.019596,2.7490435,153.66011,244.34215,3350.1394,106856,0.7088545,0.60108674,0.065596327,1.2605582,6.9466043,0.76131254,0.88485634,2.3088236,3265,2.5105579
3080311,118,1122,170,673.58685,0.10566412,337.66663,10.214882,51.809177,1.2594416,192.49052,283.03357,4565.5249,156900,0.56463629,0.65527636,0.075960681,1.2726001,7.0876269,0.77676791,0.8869887,2.2827818,3265,2.4810896
3145811,120,1050,1103,4417.4849,0.032414932,110.89107,15.203361,111.60778,1.3937367,1046.6425,1308.6392,42126.43,1970244,0.71165919,0.91374159,0.41049498,1.5588014,10.617494,1.1636233,0.93216228,1.8563113,3265,1.9060072
3145812,120,1052,1188,4786.415,0.035888713,123.85136,17.140882,110.02604,3.1175234,1011.7947,1294.5868,46673.41,2309616,0.71589243,0.99223489,0.42368045,1.5062852,11.449033,1.2547559,0.94110447,1.7941177,3265,1.8988297
3145813,120,1054,1303,5281.3394,0.03388489,139.58403,14.905916,108.31062,4.7589936,1086.4823,1399.5033,51160.621,2524364,0.69308096,1.132436,0.44005403,1.3443397,13.10194,1.4359061,0.95753258,1.6939338,3265,1.9499756
3145814,120,1056,1379,5555.4751,0.040395737,156.33981,13.235571,95.556602,6.3416629,968.58319,1314.6125,54019.625,2631656,0.6909321,1.18742,0.45768338,1.3103113,13.886707,1.5219126,0.9647975,1.6547182,3265,1.9443952
3145815,120,1058,1429,5688.1128,0.039038159,170.08081,12.708998,95.610184,8.094182,996.44012,1353.1451,55494.336,2679008,0.68997633,1.2306405,0.500175,1.4898726,12.913792,1.4152859,0.95574307,1.7040441,3265,1.8383785
3145816,120,1060,1435,5700.7554,0.047918744,182.21532,12.288993,95.705544,9.933465,861.79742,1222.6958,55208.957,2648588,0.69143498,1.2404383,0.50706714,1.5059184,12.796849,1.4024696,0.95462108,1.7104779,3265,1.8309985
3145817,120,1062,1432,5748.6235,0.035524156,194.436,11.9421,95.842552,11.821795,1060.8717,1426.0179,55032.914,2643140,0.68547016,1.2506297,0.50052428,1.4873894,12.953249,1.4196103,0.95611995,1.7018995,3265,1.8386011
3145818,120,1064,1440,5793.3037,0.039947324,202.96155,11.922343,96.021027,12.250493,987.44885,1349.9705,55879.84,2713016,0.68053818,1.2488171,0.47666335,1.3072329,14.350045,1.572692,0.96894526,1.6335784,3265,1.9281149
3145819,120,1066,1455,5839.2236,0.040415883,212.4436,11.875728,96.240746,10.354176,996.27979,1347.4307,56935.133,2786220,0.66989982,1.285737,0.48194766,1.3094207,14.440825,1.5826409,0.96974629,1.6295956,3265,1.9226817
3145820,120,1068,1462,5866.2144,0.040894862,221.97513,12.679642,96.501427,8.5014486,994.90448,1342.6089,57730.246,2845568,0.662911,1.3144262,0.48490879,1.3128725,14.461936,1.5849547,0.96993208,1.6286764,3265,1.9189289
3145821,120,1070,1469,5874.1118,0.040981188,229.79819,13.883495,96.802734,6.7245402,1002.8679,1342.0966,58874.426,2937068,0.65245873,1.3500882,0.48868927,1.3202058,14.447855,1.5834115,0.96980822,1.6292893,3265,1.9132799
3145822,120,1072,1466,5889.8667,0.039436523,235.66226,15.600625,97.828506,5.0923891,1031.9495,1369.9614,59440.941,2987740,0.64723957,1.3597404,0.51765537,1.5040886,12.981581,1.4227153,0.95639002,1.7003677,3265,1.8243357
3145823,120,1074,1473,5862.5664,0.03874829,239.59456,17.820072,99.084732,3.763195,1045.0148,1378.8676,61096.121,3125176,0.63934332,1.3776803,0.51994354,1.5032864,13.02717,1.4277116,0.95682371,1.6979166,3265,1.8230006
3145824,120,1076,1413,5667.0898,0.039708301,246.34315,19.956362,100.36271,3.0631733,1024.6759,1339.1965,60249.609,3151744,0.63208693,1.3298664,0.4996464,1.5072088,12.665768,1.3881037,0.95335436,1.7178309,3265,1.8358996
3145825,120,1078,1170,4686.3652,0.034440022,272.32874,20.247993,97.631203,3.3261151,1028.9183,1307.6493,46601.016,2280564,0.6211533,1.1196784,0.42967317,1.5502691,11.023735,1.2081453,0.93659383,1.824755,3265,1.8877193
3145826,120,1080,1147,4586.7915,0.030938234,253.2823,23.247448,102.84997,2.2381222,1097.9313,1364.9341,48639.586,2570404,0.62868309,1.1185741,0.40949661,1.5020341,11.257926,1.2338115,0.93909335,1.807598,3265,1.9133877
3145827,120,1082,1031,4121.9966,0.034830224,243.50017,28.266603,104.05208,0.23812227,983.04034,1219.4966,43295.172,2234600,0.68887782,0.97567004,0.37006462,1.488415,10.724935,1.1753983,0.93334645,1.8477329,3265,1.9576101
3145845,120,1118,118,460.27814,0.17286386,19.828167,17.81332,48.479408,0.74904352,100.56804,182.92076,2406.2793,69564,0.87874836,0.52625406,0.076723017,1.306797,6.007266,0.65836585,0.86974138,2.5134804,3265,2.6107838
3145846,120,1120,131,518.8645,0.17430069,11.138524,17.993631,48.053932,2.7490435,103.772,193.41153,2762.427,82212,0.84474456,0.55794615,0.07494279,1.3234241,6.2912641,0.68949062,0.8744908,2.4451592,3265,2.5486612
3145847,120,1122,158,612.1507,0.10181383,355.43909,13.2946,50.11108,1.2594416,181.05516,274.87213,3814.6045,120808,0.64863342,0.63505214,0.07181818,1.2716219,7.0039873,0.76760137,0.88572794,2.2981005,3265,2.4928639
3211347,122,1050,1146,4605.6343,0.033342794,118.90098,17.45315,110.17237,0.50870329,1066.5964,1317.4941,44638.453,2124668,0.71597737,0.94249505,0.41356912,1.5198039,11.127069,1.2194703,0.93770152,1.8170956,3265,1.9063383
3211348,122,1052,1268,5112.5947,0.025882648,136.85287,17.039927,108.63029,2.4415686,1274.205,1575.5103,51240.422,2606736,0.68128967,1.1136944,0.44805655,1.4993311,11.937206,1.3082571,0.94613045,1.7616421,3265,1.8779644
3211349,122,1054,1282,5164.2686,0.033392061,139.75957,15.754737,107.12713,4.4011283,1083.6389,1394.0801,50202.586,2490504,0.68527657,1.1356312,0.42506632,1.297706,13.301611,1.4577889,0.95941091,1.6835171,3265,1.9809799
3211350,122,1056,1354,5473.793,0.034211259,154.88268,15.036014,105.55602,6.3743486,1073.1239,1417.962,53549.527,2663036,0.68542582,1.1883013,0.44998339,1.311573,13.700782,1.5015361,0.96310431,1.6636029,3265,1.9512343
3211351,122,1058,1395,5561.252,0.041145068,162.56232,14.261316,103.84436,8.3550529,946.33337,1303.2638,55482.047,2780044,0.68469989,1.2046156,0.48981741,1.4951236,12.676588,1.3892896,0.95345926,1.7172182,3265,1.8449486
3211352,122,1060,1430,5745.9922,0.038632356,176.44699,13.065811,97.702232,10.340239,1003.9887,1367.1365,56622.18,2815768,0.68214655,1.2358052,0.4996506,1.4867665,12.947598,1.4189909,0.95606601,1.7022059,3265,1.8393474
3211353,122,1062,1443,5760.9517,0.040379338,189.95215,13.149862,97.836449,12.329302,977.44641,1338.975,56623.832,2785260,0.68147826,1.2482979,0.47797284,1.3089987,14.356988,1.5734529,0.96900666,1.6332721,3265,1.9263346
3211354,122,1064,1440,5783.5166,0.038633104,201.84489,13.911866,98.011292,12.971374,1015.7037,1371.58,56331.77,2766860,0.67873424,1.2712018,0.47777042,1.3129617,14.301636,1.5673866,0.96851659,1.635723,3265,1.9251548
3211355,122,1066,1453,5820.6265,0.039993741,210.37953,14.324717,98.226562,11.18968,1001.1199,1352.3645,57375.664,2846768,0.66657567,1.3083442,0.48192373,1.3126111,14.398784,1.5780336,0.96937585,1.6314338,3265,1.9216169
3211356,122,1068,1459,5856.9868,0.040541731,218.17003,14.483548,98.481979,9.4884529,1003.1391,1347.3826,58066.387,2897216,0.65900218,1.3283817,0.48439574,1.3152051,14.419773,1.5803338,0.96956092,1.6305147,3265,1.9185963
3211357,122,1070,1462,5867.6729,0.04733834,224.78638,15.409303,98.777245,7.9151497,903.11975,1248.0482,59045.746,2978364,0.65388471,1.3438076,0.51497006,1.5001913,12.998639,1.4245849,0.95655245,1.6994486,3265,1.8265897
3211358,122,1072,1468,5892.6836,0.043667234,230.53571,16.489143,99.541855,6.5522404,964.42761,1302.2179,60091.738,3065016,0.64587504,1.3652915,0.51708347,1.5000193,13.032891,1.4283386,0.95687807,1.6976103,3265,1.8252531
3211359,122,1074,1464,5841.8945,0.038476754,234.78746,18.488918,100.75961,5.5370493,1057.8728,1381.2827,61112.863,3157628,0.6375075,1.37077,0.51567453,1.5001364,13.010036,1.4258339,0.95666087,1.6988357,3265,1.8261421
3211360,122,1076,1428,5718.2764,0.039433602,240.6597,20.498152,102.02218,5.0531306,1028.2166,1349.9083,61004.875,3221328,0.62999791,1.3479375,0.50405931,1.5042559,12.774815,1.4000547,0.95440882,1.7117034,3265,1.8332721
3211361,122,1078,1243,4987.7734,0.034700476,260.52924,20.268589,98.966736,4.2381225,1039.7274,1343.973,50391.859,2507880,0.62071788,1.1913596,0.45547819,1.5556002,11.352675,1.2441956,0.94009358,1.8008579,3265,1.8644838
3211362,122,1080,1238,4974.3081,0.026959205,244.99802,24.312565,104.50511,2.2381222,1237.0773,1522.7119,53130.125,2855384,0.62425119,1.1790072,0.43885148,1.5019281,11.75283,1.2880503,0.94425052,1.7735907,3265,1.8856304
3211363,122,1082,1095,4364.0884,0.028467532,239.91368,30.794794,105.70502,0.23812227,1137.8348,1387.9595,48472.219,2677388,0.68240047,1.0363274,0.39317775,1.5026741,10.974813,1.2027837,0.93606669,1.8284314,3265,1.9298364
3211381,122,1118,119,461.94171,0.18308391,22.895586,15.888087,46.538872,0.74904352,94.407722,178.0629,2299.3721,63548,0.86654323,0.5330652,0.077373214,1.3078942,6.008482,0.65849912,0.86976206,2.5131741,3265,2.6096082
3211382,122,1120,133,521.27783,0.17837097,13.03352,16.258917,46.092155,2.7490435,100.7719,191.63617,2655.6333,75484,0.8465482,0.56705284,0.076043457,1.3255903,6.2952681,0.68992937,0.8745566,2.4442401,3265,2.5460966
3211383,122,1122,158,602.82648,0.12354811,359.97043,13.555003,49.950043,1.2594416,148.57909,247.61847,3488.9688,104184,0.69789565,0.6422233,0.072080292,1.2741271,6.9907875,0.76615483,0.88552797,2.3005514,3265,2.4923165
3276883,124,1050,1029,4131.0674,0.04185633,107.06825,21.832352,109.80742,0.36609045,891.65027,1113.6674,40220.773,1969896,0.71219462,0.87022644,0.36855301,1.4841518,10.740461,1.1770999,0.93351686,1.8465073,3265,1.9602528
3276884,124,1052,1302,5243.9448,0.027727157,139.92697,18.098444,108.04066,2.334389,1231.7307,1541.6342,53271.559,2744864,0.66973889,1.1649572,0.43184081,1.3011023,13.415865,1.4703107,0.9604764,1.6776961,3265,1.9728445
3276885,124,1054,1313,5270.6831,0.027899818,146.27164,17.099005,105.65488,4.3153477,1219.7767,1540.7695,52909.852,2699452,0.67414159,1.1629468,0.43376279,1.2920786,13.556827,1.4857593,0.96178162,1.6706495,3265,1.9744124
3276886,124,1056,1306,5258.7354,0.033722114,152.44482,16.847836,104.12816,6.3026781,1075.4178,1399.8716,51441.824,2575212,0.69825679,1.1241901,0.45872849,1.4917235,12.207278,1.3378557,0.94884557,1.7447916,3265,1.8703518
3276887,124,1058,1392,5566.4453,0.033836845,165.56302,15.847819,102.64518,8.2932367,1077.2915,1437.8016,55940.09,2852600,0.67763519,1.2207472,0.46979412,1.3499507,13.650365,1.4960107,0.96264225,1.6660539,3265,1.920788
3276888,124,1060,1418,5686.8843,0.033931341,172.34224,14.662484,101.08622,10.287218,1087.7031,1451.2479,57076.531,2913680,0.67224503,1.2544646,0.4676781,1.2969111,14.274119,1.5643709,0.96827245,1.6369486,3265,1.9399883
3276889,124,1062,1457,5833.5044,0.035073906,182.2269,13.571912,99.830582,12.283157,1087.1382,1445.6982,58506.555,2963360,0.66283834,1.2978334,0.48165289,1.3045449,14.497261,1.5888262,0.97024244,1.6271446,3265,1.924634
3276890,124,1064,1471,5889.0811,0.038953796,195.60548,13.876624,100.00195,13.250897,1024.7935,1378.3319,58825.531,2960056,0.65999067,1.3195448,0.48821771,1.3146912,14.511439,1.5903801,0.97036684,1.6265318,3265,1.9154726
3276891,124,1066,1458,5842.3735,0.04361742,207.77193,15.760155,100.21294,11.509739,945.74683,1297.3872,58339.07,2944188,0.66406161,1.3236777,0.49524456,1.3653289,13.951995,1.5290678,0.96538806,1.6516544,3265,1.8955175
3276892,124,1068,1432,5749.9233,0.042073049,215.79994,17.504511,100.46331,9.8597765,962.89349,1310.4907,57296.512,2898944,0.66833365,1.3105783,0.50458068,1.5013028,12.8245,1.4055001,0.95488709,1.7089461,3265,1.8333541
3276893,124,1070,1447,5806.4019,0.036088146,220.91939,17.529808,100.75276,8.3505516,1080.7289,1421.9235,58778.582,3010684,0.65793014,1.3301355,0.50968653,1.5005231,12.913792,1.4152859,0.95574307,1.7040441,3265,1.8300169
3276894,124,1072,1462,5845.9053,0.04579502,225.89203,18.380493,101.27364,7.0634594,928.41608,1266.5481,60478.242,3131032,0.64676297,1.3574013,0.51478875,1.4996111,13.004335,1.425209,0.95660663,1.6991421,3265,1.8267914
3276895,124,1074,1458,5813.8906,0.042114936,230.56265,19.637848,102.45525,6.123549,994.91528,1317.1047,61568.832,3242748,0.63545179,1.3768095,0.51338029,1.4997121,12.981581,1.4227153,0.95639002,1.7003677,3265,1.827695
3276896,124,1076,1435,5726.75,0.037623733,235.34534,21.1504,103.6914,5.6836853,1060.777,1383.0188,61450.438,3269904,0.63094193,1.3537667,0.50545967,1.5006876,12.846707,1.4079338,0.95510036,1.7077206,3265,1.8328466
3276897,124,1078,1331,5297.2783,0.035138078,244.99432,21.926037,104.93748,4.2594833,1066.1888,1376.3926,56604.281,2986396,0.60518688,1.2885407,0.46981999,1.5020442,12.262766,1.3439368,0.94939786,1.7414216,3265,1.8591715
3276898,124,1080,1197,4817.209,0.027037114,240.57996,23.854074,101.79218,2.2744954,1197.5122,1496.3132,49529.258,2575900,0.66385168,1.0887235,0.42386687,1.4950479,11.578577,1.2689532,0.9424535,1.7852329,3265,1.9009023
3276899,124,1082,1259,5044.8047,0.029727444,242.45059,27.996698,107.36307,0.3033686,1179.8645,1460.3209,56509.234,3162868,0.63299918,1.1964129,0.44884136,1.5137106,11.776148,1.290606,0.94448948,1.7720588,3265,1.8747199
3276917,124,1118,117,465.84348,0.18202864,26.451502,14.228352,44.604015,0.74904352,89.867516,179.33089,2085.8154,53380,0.86987919,0.53657061,0.076221496,1.3054861,6.0024056,0.65783316,0.86965859,2.5147059,3265,2.6127887
3276918,124,1120,135,522.01941,0.17931405,15.239799,14.442503,44.133888,2.7490435,94.799629,191.26747,2570.052,69564,0.84278607,0.5708285,0.077541642,1.3281509,6.2872658,0.68905234,0.87442511,2.4460785,3265,2.5450957
3276919,124,1122,149,579.72919,0.17801003,4.5024405,14.789004,43.76815,1.5672978,95.610344,202.29971,2955.801,81320,0.80056232,0.60451925,0.081868134,1.3382432,6.4136357,0.7029019,0.8764869,2.4175858,3265,2.5163267
3276920,124,1124,137,520.65564,0.23915698,358.08246,21.47805,44.385086,0.93286067,92.257652,165.40121,3040.3401,90352,0.84510517,0.47809309,0.082134292,1.4777756,6.0292349,0.66077352,0.8701148,2.5079658,3265,2.4516783
3276921,124,1126,135,528.841,0.26061544,351.19922,23.082632,45.865925,0.93286067,90.616493,159.68622,3131.2336,94796,0.84731895,0.45070612,0.078488372,1.4727799,6.0911112,0.66755486,0.8711611,2.4926472,3265,2.4460351
3276922,124,1128,139,532.07672,0.1679022,344.70377,23.77376,47.797417,0.31356195,130.35374,199.55557,3409.9578,105916,0.83682621,0.44089288,0.07929264,1.4744797,6.1377234,0.67266333,0.87194389,2.4813113,3265,2.437072
3342419,126,1050,1019,4071.5308,0.031077445,107.51764,22.424644,108.89021,1.0871295,1041.7333,1283.1019,40467.27,2044416,0.67989343,0.91870445,0.34012017,1.2594348,11.804254,1.2936862,0.94477707,1.7702206,3265,2.090893
3342420,126,1052,1238,4963.209,0.032305781,136.70071,20.1467,107.1038,2.880254,1105.6639,1389.4601,51107.422,2681572,0.67859471,1.1133919,0.40952697,1.2851309,13.084609,1.4340067,0.95736855,1.6948529,3265,2.0020583
3342421,126,1054,1295,5215.1489,0.03190114,148.50035,19.619274,105.32732,4.7548609,1127.9353,1433.2937,53352.715,2794324,0.68793422,1.1183589,0.45759717,1.501582,12.068277,1.3226218,0.9474538,1.75337,3265,1.8693321
3342422,126,1056,1322,5360.9497,0.027534649,155.22107,17.969654,103.56134,6.6703758,1225.3625,1564.1775,53308.828,2740044,0.68797648,1.141692,0.44616944,1.3447565,13.224551,1.4493437,0.9586885,1.6875,3265,1.9439816
3342423,126,1058,1369,5457.4209,0.030333666,162.52547,16.810658,101.60627,8.3844471,1165.8838,1503.6134,54676.594,2781640,0.67549735,1.210266,0.45151716,1.2934161,13.945438,1.5283492,0.96532887,1.6519607,3265,1.9565041
3342424,126,1060,1434,5720.0176,0.030781817,175.48192,16.526613,101.69601,10.175276,1171.458,1528.1166,58265.723,3019584,0.65791404,1.3028824,0.47436321,1.3053174,14.322343,1.5696559,0.96870011,1.6348039,3265,1.9308501
3342425,126,1062,1455,5811.6377,0.034444723,181.49904,15.487017,101.82495,12.028099,1100.5927,1456.1056,59115.133,3060004,0.65180826,1.3359596,0.48178807,1.3086025,14.447855,1.5834115,0.96980822,1.6292893,3265,1.923103
3342426,126,1064,1467,5886.5112,0.035698805,188.9135,14.621652,101.99297,12.450026,1083.95,1439.4847,59517.094,3070272,0.65190256,1.3430747,0.51491749,1.4941959,13.084609,1.4340067,0.95736855,1.6948529,3265,1.8275366
3342427,126,1066,1495,5984.5098,0.037608013,199.53705,14.763957,102.19984,10.587039,1058.067,1414.0964,61320.305,3184444,0.6405018,1.3717208,0.52566808,1.4961051,13.218661,1.448698,0.95863312,1.6878064,3265,1.8204371
3342428,126,1068,1466,5865.5059,0.04235933,211.31519,17.396303,102.44536,8.7794828,967.77057,1319.1165,59986.453,3112180,0.65370792,1.3459303,0.51656097,1.5006564,13.015743,1.4264593,0.95671511,1.6985294,3265,1.8254977
3342429,126,1070,1420,5687.918,0.040639631,218.80342,20.651487,102.72923,7.0656614,983.04919,1326.193,58192.973,3030408,0.66748655,1.3090214,0.50569803,1.5184307,12.595881,1.3804444,0.95267498,1.7218137,3265,1.8304179
3342430,126,1072,1424,5718.4668,0.038485225,222.48926,21.015841,103.05115,5.5221272,1037.4745,1366.4625,59478.496,3146544,0.65654832,1.3214219,0.50123197,1.4995737,12.796849,1.4024696,0.95462108,1.7104779,3265,1.8359443
3342431,126,1074,1434,5754.2964,0.046877228,226.88731,21.383852,104.16789,4.3059502,918.80243,1241.9957,61043.684,3257108,0.64343756,1.3396701,0.5051074,1.5006973,12.841148,1.4073246,0.95504701,1.708027,3265,1.833086
3342432,126,1076,1436,5726.1426,0.042157155,230.30032,22.50985,105.37378,3.691468,980.95856,1306.4728,62315.516,3376812,0.62752223,1.3621125,0.50563383,1.5000889,12.85784,1.4091538,0.95520723,1.7071079,3265,1.8328198
3342433,126,1078,1314,5273.6963,0.032571368,230.14018,24.90609,106.60571,3.9195158,1123.9872,1426.4104,57090.18,3125932,0.62722963,1.2334492,0.46283904,1.49733,12.207278,1.3378557,0.94884557,1.7447916,3265,1.8657626
3342434,126,1080,1217,4882.5918,0.027608512,242.75203,22.872282,103.6667,2.8554449,1191.7836,1490.7632,50283.145,2574776,0.65873533,1.1129295,0.43325028,1.5069216,11.60121,1.2714336,0.94268805,1.7837009,3265,1.8897879
3342435,126,1082,1357,5462.1353,0.029700205,243.25443,25.983343,109.02729,1.1317761,1202.7369,1520.22,61062.203,3417744,0.60962713,1.3003695,0.47933593,1.5044169,12.385598,1.3573986,0.95061386,1.7340686,3265,1.8512608
3342453,126,1118,120,467.83899,0.1792388,30.798334,12.729215,43.05806,0.74904352,91.707184,181.10779,2108.1726,52468,0.83711487,0.53988212,0.078125,1.3088464,6.007266,0.65836585,0.86974138,2.5134804,3265,2.6089888
3342454,126,1120,135,520.31909,0.13517402,17.933981,12.707799,42.181183,2.7490435,123.97749,219.93442,2466.3728,63780,0.84543949,0.5664342,0.077541642,1.3281509,6.2872658,0.68905234,0.87442511,2.4460785,3265,2.5450957
3342455,126,1122,148,582.4082,0.18436554,5.313602,13.338665,41.793831,3.1918435,94.020447,199.24104,2797.3491,73464,0.81421214,0.59276134,0.08158765,1.3376741,6.4039478,0.7018401,0.87632996,2.4197304,3265,2.5183251
3342456,126,1124,171,642.91821,0.12641551,349.24063,12.911718,54.415535,2.9328606,160.83313,252.80324,3743.0854,110148,0.68228412,0.64159393,0.077200904,1.2813064,7.0505805,0.77270782,0.88643169,2.2895222,3265,2.4779503
3342457,126,1126,144,551.06891,0.24605912,349.78421,20.661718,44.12788,2.3135619,93.055565,167.75989,3107.8098,89748,0.83449882,0.4879027,0.08372093,1.4824345,6.1023841,0.66879028,0.87135082,2.4898896,3265,2.4356413
3342458,126,1128,144,565.73987,0.16743875,342.18091,22.146301,46.725887,0.31356195,132.56294,206.05603,3276.1082,96748,0.82235819,0.46886835,0.082427017,1.4803729,6.1364546,0.67252421,0.87192267,2.4816177,3265,2.4320257
3407944,128,1028,72,291.78513,0.24583964,1.7141013,24.092386,52.609547,0.97419775,74.652512,122.12669,1839.0958,61052,0.88497651,0.36099553,0.043689322,1.3621548,5.9746113,0.654787,0.86918432,2.5217524,3265,2.5642385
3407945,128,1030,71,295.28467,0.25299349,355.4798,25.630264,52.977173,0.91670996,73.39502,121.10741,1922.0309,67416,0.89255536,0.37879786,0.043908473,1.3665257,5.9304342,0.6499455,0.86842704,2.5330882,3265,2.5677419
3407954,128,1048,647,2600.5688,0.03041769,95.091072,27.585686,108.74951,0.90244001,856.29218,1036.516,24244.828,1185292,0.62873656,0.63721007,0.23839352,1.3947011,9.201827,1.0084735,0.91565055,1.9880514,3265,2.1515431
3407955,128,1050,1038,4118.355,0.036516242,112.67847,23.265343,107.26463,1.6663677,950.64166,1190.4846,42139.32,2171924,0.66994238,0.937446,0.34473598,1.2515074,11.966086,1.3114222,0.94642299,1.7598039,3265,2.0889416
3407956,128,1052,1156,4614.2778,0.035986915,134.48511,23.407146,105.85146,2.3913598,1013.5903,1269.3591,48720.395,2626756,0.70374483,0.97882062,0.40905875,1.4876604,11.405032,1.2499336,0.94064367,1.7971814,3265,1.9169255
3407957,128,1054,1266,5106.2749,0.029371366,147.41069,20.801155,104.40963,3.9208045,1181.0614,1478.0698,52523.344,2789456,0.69206554,1.0999807,0.4279919,1.3422636,12.874575,1.4109879,0.95536768,1.7061887,3265,1.9624746
3407958,128,1056,1344,5419.8364,0.028404281,158.10687,19.244364,103.55562,5.7106771,1232.3363,1548.4818,55076.633,2891836,0.66677302,1.2159523,0.44341803,1.2919629,13.777109,1.5099012,0.96380144,1.6599264,3265,1.9649137
3407959,128,1058,1380,5497.7368,0.030126203,163.1418,18.105915,103.60506,7.5957918,1168.4905,1514.3446,55800.273,2895712,0.6617009,1.2530941,0.45650017,1.3020262,13.958558,1.5297869,0.96544731,1.651348,3265,1.948511
3407960,128,1060,1415,5654.9321,0.02780854,171.95003,17.516502,103.69307,9.5242958,1247.9435,1598.5621,57434.422,2993172,0.65731078,1.2975627,0.46900895,1.309338,14.151594,1.5509429,0.96718103,1.6424632,3265,1.9342749
3407961,128,1062,1452,5814.377,0.034869503,182.90279,17.849934,103.81953,11.475679,1087.2834,1447.5503,59533.75,3125568,0.65323907,1.3302255,0.5096525,1.4945266,12.998639,1.4245849,0.95655245,1.6994486,3265,1.8309828
3407962,128,1064,1465,5870.7783,0.036973938,188.95107,16.866816,103.98432,11.916062,1058.0341,1412.5535,60314.066,3180740,0.64544004,1.3572646,0.51421553,1.494248,13.073081,1.4327432,0.95725936,1.6954657,3265,1.8279891
3407963,128,1066,1481,5929.2983,0.033762064,195.54202,15.97185,104.18725,9.9610262,1132.2581,1485.5664,61334.602,3251108,0.63703394,1.3870274,0.51983154,1.4937612,13.16588,1.4429135,0.95813638,1.6905637,3265,1.82443
3407964,128,1068,1496,6016.7402,0.037597056,204.14584,16.429623,104.42809,8.0262518,1064.7191,1418.1058,62271.988,3301636,0.63464397,1.3992748,0.52509654,1.4931601,13.254084,1.4525802,0.95896572,1.6859682,3265,1.8212194
3407965,128,1070,1488,5975.7476,0.036960095,212.32768,18.30574,104.7066,6.1284389,1075.4479,1425.3926,62379.113,3313128,0.63635921,1.3816036,0.52357495,1.4975641,13.16588,1.4429135,0.95813638,1.6905637,3265,1.8215171
3407966,128,1072,1417,5670.3955,0.041255064,220.06534,22.801727,105.02245,4.3092694,981.67169,1314.2349,59883.418,3220348,0.660689,1.3059628,0.50230414,1.5112097,12.649571,1.3863287,0.95319718,1.71875,3265,1.8335277
3407967,128,1074,1351,5438.9263,0.046899226,224.61896,26.187195,105.89474,2.6937084,894.03674,1207.1985,58136.082,3184688,0.66994983,1.2569714,0.47587177,1.4993265,12.395946,1.3585327,0.9507159,1.7334559,3265,1.8548493
3407968,128,1076,1396,5605.5688,0.043842301,225.40839,24.987141,107.06726,1.7114606,946.65662,1267.5587,61798.234,3422912,0.62911749,1.3211712,0.49154928,1.5000017,12.638796,1.3851478,0.95309252,1.7193627,3265,1.8428119
3407969,128,1078,1261,5041.2607,0.036027744,220.39003,28.396086,108.28406,2.0999446,1029.6776,1326.038,55613.566,3125184,0.66578555,1.1447277,0.44779828,1.5073029,11.837214,1.2972984,0.9451136,1.7680759,3265,1.8766973
3407970,128,1080,1313,5267.937,0.030737607,242.98439,22.993488,109.49888,3.5024068,1158.5537,1467.5409,56102.75,2960780,0.61660248,1.2463831,0.46264976,1.4978882,12.197244,1.3367559,0.94874549,1.7454044,3265,1.8658105
3407971,128,1082,1328,5304.3936,0.02929493,239.67805,25.706347,106.66937,2.4777718,1203.1748,1508.4348,59149.852,3294072,0.62825036,1.2171186,0.46892655,1.5024929,12.242531,1.3417192,0.9491967,1.7426471,3265,1.8598111
3407972,128,1084,1094,4420.0132,0.033128772,255.38754,26.409834,111.87124,1.0471835,1059.0916,1294.8339,47740.734,2606112,0.65080762,0.97862184,0.39927009,1.5286535,10.791234,1.1826644,0.93407279,1.8425245,3265,1.9195684
3407989,128,1118,118,456.10574,0.16953489,38.376637,10.818786,43.017715,0.74904352,94.66349,183.86885,1962.1392,45584,0.80414313,0.53700113,0.079999998,1.3012795,5.9316196,0.65007538,0.86844736,2.5327818,3265,2.6291327
3407990,128,1120,133,521.33032,0.13481785,21.715181,11.065251,40.233349,2.7490435,124.63783,220.43863,2283.9597,54864,0.84438366,0.56473047,0.07921382,1.32753,6.203155,0.67983425,0.87303513,2.4656863,3265,2.5592613
3407991,128,1122,150,588.8327,0.18850593,6.13621,11.849818,39.82336,4.7490435,93.164909,198.1246,2722.3999,68008,0.80921698,0.59626579,0.082735799,1.3398882,6.4053297,0.70199162,0.87635237,2.4194241,3265,2.5161431
3407992,128,1124,168,645.96826,0.12720412,351.81949,13.089556,55.335842,4.3135619,157.79558,252.61546,3362.8018,91044,0.75114059,0.61426497,0.076852702,1.2871093,6.9973812,0.76687741,0.88562787,2.2993259,3265,2.4796276
3407993,128,1126,151,589.5144,0.10006841,347.1001,18.234367,45.728912,2.3135619,189.68831,272.08441,3082.6252,84796,0.81757176,0.51459944,0.086138047,1.4872394,6.1529946,0.67433697,0.87219942,2.4776349,3265,2.4233015
3407994,128,1128,157,608.05859,0.16622894,338.94479,20.723307,46.132698,0.31356195,135.98648,214.39978,3441.332,98584,0.79772985,0.50444984,0.087028824,1.4883281,6.226583,0.68240184,0.87342376,2.4601715,3265,2.4108191
3473480,130,1028,74,302.58276,0.24793507,2.1030686,22.067303,50.619289,1.9933122,74.469666,123.83917,1753.8575,55496,0.87004811,0.36855483,0.044902913,1.3648696,5.9770179,0.65505075,0.86922544,2.5211396,3265,2.5613701
3473481,130,1030,74,303.63245,0.25601625,355.02585,23.738935,51.033012,0.91670996,72.690857,122.0802,1863.6775,62552,0.87226951,0.39753568,0.045763761,1.3705809,5.9339919,0.65033537,0.86848813,2.5321691,3265,2.563462
3473489,130,1046,598,2386.0393,0.056720179,78.143555,27.953566,110.84623,0.92545164,553.21869,727.06781,21921.033,1021632,0.70649791,0.55779886,0.22296794,1.3884723,8.9763746,0.98376501,0.91284758,2.0128677,3265,2.1763494
3473490,130,1048,596,2366.2427,0.11985969,122.88971,20.879986,72.124802,1.2289022,333.81131,498.07874,20556.068,868604,0.77414697,0.53966206,0.21074964,1.2146971,9.5543766,1.0471112,0.91993177,1.9515932,3265,2.2822802
3473492,130,1052,1148,4633.5854,0.042180151,133.13,23.234228,105.57203,1.2783977,916.00653,1174.9231,47920.773,2573556,0.69379598,1.0016335,0.38433212,1.299415,12.395946,1.3585327,0.9507159,1.7334559,3265,2.0235233
3473493,130,1054,1283,5116.9434,0.029455645,147.28165,21.651382,105.54477,3.2524068,1180.4042,1477.4949,53272.57,2844696,0.66978353,1.1601919,0.42399207,1.2891632,13.367519,1.4650122,0.96002638,1.6801471,3265,1.9854374
3473494,130,1056,1315,5277.2393,0.026018957,155.7838,20.70159,105.5554,5.2435188,1287.4783,1596.4796,54156.727,2883084,0.67206395,1.1890929,0.43543047,1.2983643,13.525931,1.4823734,0.96149641,1.6721814,3265,1.9703097
3473495,130,1058,1390,5520.5918,0.024220606,165.88713,20.233047,105.6039,7.238925,1369.8263,1692.4087,57582.156,3081816,0.65372014,1.2792754,0.45996028,1.3036076,14.0179,1.5362905,0.9659822,1.6485907,3265,1.9446784
3473496,130,1060,1397,5581.0107,0.02996896,170.64291,18.943953,105.69025,9.2363138,1176.7697,1529.7678,57269.648,3034628,0.65889966,1.2885723,0.4903475,1.4945437,12.692855,1.3910724,0.95361692,1.7162991,3265,1.8446614
3473497,130,1062,1448,5781.7212,0.033640247,180.01166,18.755806,105.81432,11.234494,1119.8724,1469.6162,60001.27,3202184,0.64533019,1.3427138,0.50824851,1.4945911,12.975904,1.4220932,0.95633596,1.7006741,3265,1.8319224
3473498,130,1064,1469,5900.8423,0.033831701,189.09727,18.863644,105.97601,11.683372,1121.3699,1480.4713,61248.145,3290484,0.6452294,1.3645918,0.51561952,1.4941412,13.096158,1.4352723,0.95747787,1.6942402,3265,1.8270863
3473499,130,1066,1463,5886.083,0.033804163,195.84644,18.631744,106.17513,9.6850929,1123.2611,1479.2209,61095.16,3290404,0.64026469,1.3680474,0.51351351,1.4942977,13.061573,1.431482,0.95715028,1.6960784,3265,1.8284436
3473500,130,1068,1489,5953.4805,0.032724295,200.95343,18.118866,106.41148,7.6874371,1158.1627,1512.012,62771.309,3399836,0.63028789,1.4017959,0.52245617,1.4928714,13.218661,1.448698,0.95863312,1.6878064,3265,1.8229079
3473501,130,1070,1512,6031.2788,0.036461651,207.14767,18.542288,106.6848,5.6914282,1089.8767,1441.755,64290.535,3496668,0.6249094,1.4236665,0.53034025,1.4912049,13.361501,1.4643526,0.95997024,1.6804534,3265,1.8183225
3473502,130,1072,1490,6005.0889,0.036584426,213.69461,20.062782,106.99481,3.6988637,1094.833,1436.2053,64064.785,3514352,0.62659681,1.4040525,0.52262366,1.4922431,13.230448,1.4499898,0.95874387,1.6871936,3265,1.8229004
3473503,130,1074,1442,5772.6123,0.03858624,220.76263,22.908661,107.63791,1.7182422,1039.6422,1371.1182,62884.961,3481452,0.63794214,1.3357925,0.50774646,1.5000161,12.891353,1.4128268,0.95552838,1.7052696,3265,1.8313961
3473505,130,1078,1303,5235.6162,0.03847168,222.62514,25.897251,109.97044,0.79508585,1017.3276,1307.7305,60278.586,3472588,0.63930452,1.1610191,0.46585628,1.5216643,11.946817,1.3093104,0.94622785,1.7610294,3265,1.8593566
3473506,130,1080,1282,5132.5713,0.030782141,232.61366,24.65848,111.17561,2.7560852,1146.6395,1447.5148,56629.926,3148640,0.64435083,1.1437378,0.45834824,1.5202606,11.846664,1.2983342,0.94520998,1.7674632,3265,1.865688
3473507,130,1082,1308,5242.6665,0.028803943,237.74663,25.561966,107.93639,3.8754189,1209.6547,1512.3596,57829.441,3195900,0.63523978,1.1947298,0.46072561,1.4969255,12.177223,1.3345618,0.94854563,1.74663,3265,1.8676029
3473508,130,1084,1277,5164.8301,0.032164872,240.54123,29.24802,113.54398,2.4448307,1165.3813,1420.5026,59913.75,3543148,0.61361486,1.2160069,0.44933146,1.492564,12.038902,1.3194025,0.94715816,1.7552084,3265,1.8782473
3473509,130,1086,1014,4106.5952,0.046600971,259.3869,28.523329,110.2694,1.0142424,831.18738,1052.3214,43984.016,2418800,0.63235337,0.96143442,0.38206482,1.5707457,10.128291,1.1100093,0.9266541,1.8976716,3265,1.9291775
3473525,130,1118,111,434.38071,0.13090423,51.367531,8.9071426,52.246933,0.74904352,114.2304,204.20358,1730.3591,37404,0.76838654,0.52806211,0.082527883,1.2766732,5.772397,0.6326254,0.86568201,2.5750613,3265,2.680315
3473526,130,1120,133,522.29413,0.13238154,27.208048,9.48104,38.840061,2.7490435,126.40275,222.66338,2203.7988,50228,0.82570064,0.56214142,0.079308286,1.3275439,6.200563,0.67955017,0.8729921,2.4662991,3265,2.5596752
3473527,130,1122,153,599.73663,0.19132946,6.9411736,10.391117,37.856102,4.7490435,93.000389,198.46974,2690.0962,63928,0.80667353,0.59491879,0.08476454,1.3436826,6.3984246,0.70123482,0.87624037,2.4209559,3265,2.5138407
3473528,130,1124,169,657.89453,0.19390868,351.64917,12.181674,39.562481,4.3135619,110.9783,206.48306,3168.5452,78804,0.77606368,0.61191362,0.089893617,1.353145,6.5264778,0.71526879,0.87830198,2.3930759,3265,2.4859834
3473529,130,1126,181,697.09656,0.09714143,334.88553,13.18598,58.883907,2.3135619,207.98674,300.29575,3906.5208,113744,0.66617554,0.63813585,0.081275254,1.2882357,7.0876269,0.77676791,0.8869887,2.2827818,3265,2.4668527
3473530,130,1128,165,640.51959,0.16177811,335.48941,19.125645,45.61071,0.31356195,139.25893,223.05464,3485.0029,95944,0.78440505,0.52018839,0.09011469,1.4924141,6.2739735,0.68759561,0.87420636,2.4491422,3265,2.3998816
3539009,132,1014,182,747.83575,0.16199638,321.0574,42.538277,89.822311,0.58178943,121.59615,240.85484,8092.2456,479888,0.79655153,0.57922423,0.11410658,1.4916444,6.0341387,0.66131091,0.87019801,2.5067401,3265,2.4394689
3539016,132,1028,80,318.88028,0.25095952,2.8034952,19.966778,48.631439,1.9933122,74.201927,126.36213,1725.9524,51024,0.83227849,0.38895404,0.047704235,1.3687512,6.0231161,0.6601029,0.87001091,2.5094976,3265,2.550164
3539017,132,1030,76,313.63348,0.25875047,354.52014,21.714212,49.075222,0.91670996,70.929787,123.41717,1786.1971,57336,0.86701757,0.40715098,0.047000617,1.3732531,5.9363661,0.65059555,0.86852896,2.5315564,3265,2.5606399
3539024,132,1044,612,2475.2527,0.04286183,79.38092,31.621292,110.65549,0.94846326,668.94604,851.88184,23332.906,1124380,0.69812161,0.58342618,0.22818792,1.3961022,9.0145483,0.98794872,0.91332591,2.0085785,3265,2.1662438
3539025,132,1046,701,2814.741,0.028037937,89.067253,27.609665,109.46581,2.3511243,924.4679,1123.1846,26483.508,1243548,0.68154883,0.65079653,0.24306519,1.2322326,10.073283,1.1039807,0.92602235,1.9025736,3265,2.2265468
3539026,132,1048,737,2973.7817,0.034226913,96.47683,23.572151,107.93007,1.7003556,845.80792,1044.9021,28651.754,1396844,0.67507815,0.69418782,0.25413793,1.2348922,10.257827,1.1242057,0.92813164,1.8863357,3265,2.2108583
3539027,132,1050,692,2789.356,0.030658813,76.184021,25.085892,106.37746,0.73412269,863.3291,1069.2499,23543.207,1030108,0.68705404,0.66576093,0.24263674,1.2518138,9.9350166,1.0888273,0.92442292,1.9151348,3265,2.2192276
3539028,132,1052,1158,4637.0439,0.038859051,136.37851,23.891838,107.57151,1.7407272,954.32489,1224.5582,48306.219,2619572,0.68114042,1.0457439,0.38369781,1.2747487,12.611939,1.3822045,0.95283133,1.7208946,3265,2.0342424
3539029,132,1054,1239,4956.3726,0.031037055,147.33331,23.093945,107.54475,3.5077353,1128.3909,1416.5981,51310.305,2754008,0.67559046,1.1227399,0.40972221,1.2844082,13.096158,1.4352723,0.95747787,1.6942402,3265,2.0021489
3539030,132,1056,1306,5235.8452,0.031820938,156.00433,22.474236,107.55518,5.4175472,1134.1342,1437.9435,54302.527,2924792,0.67700267,1.1752343,0.44151455,1.346894,13.10194,1.4359061,0.95753258,1.6939338,3265,1.9478027
3539031,132,1058,1367,5418.5444,0.028708601,163.90735,21.735994,107.60279,7.3706636,1219.3627,1540.0692,56921.875,3077460,0.66140068,1.2460464,0.47998595,1.4943844,12.52676,1.3728693,0.95200032,1.7257966,3265,1.8525617
3539032,132,1060,1404,5636.8008,0.026672428,172.33656,20.882536,107.68753,9.3420486,1307.6323,1629.6337,58651.906,3184308,0.65566969,1.2874756,0.4928045,1.4946457,12.730971,1.3952497,0.95398569,1.7141544,3265,1.8428295
3539033,132,1062,1422,5678.0615,0.025446799,177.69234,19.774084,107.80931,11.322896,1334.9182,1674.5126,58834.109,3156940,0.64950597,1.3208894,0.4991225,1.4947687,12.830045,1.4061077,0.95494038,1.7086397,3265,1.8382407
3539034,132,1064,1471,5877.7695,0.030449435,187.1514,20.125622,107.96801,11.768586,1206.9059,1557.4768,62039.387,3385756,0.63647205,1.3777771,0.51632154,1.4940841,13.107727,1.4365402,0.9575873,1.6936275,3265,1.8266382
3539035,132,1066,1482,5937.52,0.030681308,194.56874,20.398302,108.16346,9.7863111,1198.8452,1559.4467,63062.109,3476252,0.63783544,1.393582,0.52018255,1.4937254,13.171723,1.443554,0.95819145,1.6902573,3265,1.8242122
3539036,132,1068,1468,5894.7739,0.03482005,200.48662,20.769318,108.39547,7.8122926,1102.4868,1458.5583,62440.098,3447364,0.63591194,1.3890045,0.51508772,1.4935755,13.096158,1.4352723,0.95747787,1.6942402,3265,1.827525
3539037,132,1070,1475,5933.3311,0.031937331,205.229,20.875629,108.6638,5.8539124,1174.7628,1527.9351,63201.051,3506788,0.63115978,1.387645,0.51736236,1.4927784,13.142557,1.4403574,0.95791638,1.6917893,3265,1.8261719
3539038,132,1072,1502,6008.9839,0.033113491,209.99902,20.949213,108.96819,3.9302239,1162.5212,1510.0905,65212.016,3643280,0.61975813,1.4240745,0.5268327,1.4917141,13.301611,1.4577889,0.95941091,1.6835171,3265,1.8203709
3539039,132,1074,1484,5945.7261,0.039911389,215.8661,22.25506,109.395,2.1114397,1024.4589,1368.2295,65370.227,3695884,0.61862111,1.4133477,0.52051914,1.492474,13.19515,1.4461215,0.95841205,1.6890318,3265,1.8241943
3539040,132,1076,1285,5194.9067,0.033758685,230.12009,21.840586,110.50511,0.80564463,1098.8934,1390.5963,56564.48,3185892,0.59464341,1.2521672,0.45087719,1.4881147,12.117556,1.3280225,0.94794858,1.7503064,3265,1.8778785
3539041,132,1078,978,3890.9524,0.03600765,231.57091,10.97429,111.66814,1.3632957,905.42383,1165.2939,39205.562,2111832,0.58746046,1.0057055,0.34436619,1.4384605,10.728812,1.1758232,0.93338901,1.8474264,3265,2.0004838
3539042,132,1080,1305,5215.8901,0.032086618,229.50082,24.922398,112.86037,3.044703,1124.6763,1429.2466,58159.965,3304272,0.61065394,1.24576,0.45934531,1.4954576,12.172229,1.3340144,0.94849575,1.7469363,3265,1.8690556
3539043,132,1082,1322,5296.3838,0.026841983,236.7648,26.215244,109.93392,4.9344358,1261.1072,1574.662,58449.621,3232568,0.6216867,1.244822,0.46549296,1.4972113,12.25264,1.3428271,0.94929719,1.7420343,3265,1.863595
3539044,132,1084,1283,5169.4268,0.027333053,236.20515,29.946419,114.9788,3.8424776,1281.0854,1541.6367,59901.172,3561432,0.61663806,1.2161252,0.4519197,1.4949971,12.053572,1.3210102,0.94730586,1.7542893,3265,1.8754843
3539045,132,1086,1099,4435.2075,0.034886472,249.03107,29.031403,111.6329,2.4118893,1028.4535,1263.9601,48209.953,2686536,0.64647281,1.0170858,0.40976882,1.5727903,10.534574,1.1545358,0.93124217,1.8630514,3265,1.9002395
3539046,132,1088,1017,4103.5996,0.041478172,257.07401,30.23488,113.09541,0.98130119,888.0426,1115.0071,44756.902,2518868,0.63371116,0.96592087,0.38362882,1.5728393,10.128291,1.1100093,0.9266541,1.8976716,3265,1.9274653
3539061,132,1118,105,412.95029,0.12392535,67.595619,8.6319084,52.208099,0.74904352,117.00565,204.6321,1709.1104,40876,0.6474359,0.54920739,0.080152668,1.2779913,5.7156959,0.62641126,0.86468309,2.5906863,3265,2.6890802
3539062,132,1120,135,521.67169,0.12693176,35.836433,8.0456581,39.527111,2.7490435,130.19492,227.2576,2225.9465,49712,0.80265337,0.56773943,0.080405004,1.3296908,6.2057495,0.68011862,0.87307823,2.4650736,3265,2.556927
3539063,132,1122,158,622.72906,0.14805189,7.9503422,9.1897163,35.937656,4.7490435,122.92214,229.90453,2747.3301,63356,0.79521084,0.60056901,0.086908691,1.347892,6.4233537,0.70396692,0.87664419,2.4154413,3265,2.506263
3539064,132,1124,175,678.51935,0.14051664,349.70227,10.7258,38.697655,4.3135619,148.80168,246.33275,3186.4089,75592,0.76768476,0.62791109,0.093085103,1.3592316,6.5351009,0.71621388,0.87843972,2.3912377,3265,2.4792964
3539065,132,1126,186,737.24744,0.1001868,333.98245,13.14286,59.968319,2.3135619,205.01213,304.09293,3797.175,102572,0.71200234,0.61946422,0.083258726,1.2912511,7.1079984,0.77900052,0.88729411,2.2791054,3265,2.461494
3539066,132,1128,178,695.25085,0.089620493,327.90613,16.58836,62.084019,0.31356195,221.01897,312.22812,3743.7563,102988,0.72760743,0.5748893,0.081839077,1.2975712,7.0006828,0.76723921,0.88567793,2.2987132,3265,2.4696517
3604544,134,1012,191,783.80042,0.16061749,322.79816,38.303379,87.049248,0.83872783,126.98373,247.63457,7945.3594,448664,0.74935246,0.60692257,0.11375819,1.489421,6.1644979,0.67559767,0.87239152,2.4748774,3265,2.4199769
3604545,134,1014,198,803.90741,0.16273952,319.15527,41.636475,90.474525,2.0067787,128.42093,249.15031,8763.5527,524388,0.76408756,0.61940432,0.11785714,1.4956928,6.1747594,0.67672223,0.87256265,2.4724264,3265,2.4128957
3604546,134,1016,200,816.56128,0.16602419,315.85916,45.388401,93.37925,0.60342366,126.74011,248.60716,9468.3428,597460,0.79889446,0.61273855,0.12539186,1.5075125,6.0563049,0.66374022,0.87057352,2.5012255,3265,2.422163
3604552,134,1028,83,336.55399,0.252657,3.5213418,17.821754,46.646969,1.9933122,72.656761,129.37985,1637.8995,45608,0.81486923,0.39814895,0.049493141,1.3726944,6.0267859,0.66050512,0.8700732,2.5085785,3265,2.5459838
3604553,134,1030,83,330.36383,0.24254562,353.86374,19.447659,47.107182,0.91670996,72.195633,130.82913,1774.1792,53244,0.83014989,0.4318679,0.050333537,1.3767546,5.9890804,0.65637279,0.86943144,2.5180759,3265,2.5485866
3604559,134,1042,611,2448.0945,0.029981123,82.111588,34.73967,111.388,0.97147489,835.341,1012.9664,24505.248,1253784,0.68241799,0.60575002,0.22562777,1.3794584,9.0835304,0.99550879,0.9141863,2.0009191,3265,2.1751273
3604560,134,1044,675,2715.9028,0.028270952,87.869217,31.776316,110.385,2.3741357,908.27283,1098.7322,26611.994,1330280,0.67249149,0.65035683,0.23919207,1.2646772,9.7811117,1.0719602,0.92262286,1.9295343,3265,2.219425
3604561,134,1046,749,3014.2319,0.029298674,93.928535,28.065201,108.85786,3.7767968,930.99054,1137.0231,29419.26,1462652,0.65555501,0.71996105,0.25890079,1.2484469,10.27203,1.1257622,0.92829281,1.8851103,3265,2.1975985
3604562,134,1048,728,2932.187,0.029275088,90.647278,24.845547,107.20015,3.2481194,909.67334,1121.8936,27136.48,1310076,0.69329017,0.69072896,0.25242719,1.2430283,10.169943,1.1145741,0.92713076,1.893995,3265,2.2098613
3604563,134,1050,871,3471.1667,0.043834537,103.92501,23.677637,104.27983,2.7339106,762.66498,997.5495,32149.342,1504512,0.67602044,0.80531496,0.30024129,1.2909144,10.759933,1.1792339,0.9337303,1.8449755,3265,2.1263642
3604564,134,1052,1124,4514.457,0.039698169,140.9016,25.42944,109.57101,3.2730701,928.81549,1195.4253,47072.773,2587664,0.69172239,1.01958,0.37354603,1.2752961,12.385598,1.3573986,0.95061386,1.7340686,3265,2.0453298
3604565,134,1054,1193,4777.1245,0.026865199,149.20334,24.728596,109.54473,4.5565619,1217.6448,1494.8347,49452.82,2687800,0.6893906,1.0869228,0.42140585,1.4900094,11.592146,1.2704403,0.94259417,1.7843137,3265,1.904362
3604566,134,1056,1251,5067.7988,0.033196684,157.62407,24.181675,109.55497,6.1852016,1092.9828,1385.0558,51810.883,2802388,0.6962443,1.1223499,0.44173729,1.4964162,11.865611,1.3004107,0.94540304,1.7662377,3265,1.884146
3604567,134,1058,1328,5276.4272,0.031771556,164.6044,23.314684,109.60172,7.9690046,1133.61,1444.6268,55427.691,3026164,0.6727581,1.2099302,0.46629214,1.4925418,12.323876,1.3506342,0.95000398,1.737745,3265,1.863876
3604568,134,1060,1380,5494.9443,0.0259325,172.53468,22.64789,109.68491,9.8300848,1310.0286,1631.7904,58025.938,3189980,0.66110921,1.2660844,0.48438048,1.4941689,12.601229,1.3810307,0.95272708,1.7215073,3265,1.8492208
3604569,134,1062,1423,5713.856,0.025754584,178.24695,21.597609,109.80447,11.733864,1341.918,1669.7148,59968.246,3290332,0.64816904,1.3154932,0.49947351,1.4947696,12.835594,1.4067159,0.95499367,1.7083334,3265,1.837991
3604570,134,1064,1434,5778.6968,0.027790178,184.11595,20.811827,109.9603,12.165521,1268.9037,1616.4945,60237.957,3293764,0.64549506,1.3319496,0.50333452,1.4947389,12.896955,1.4134407,0.95558202,1.7049632,3265,1.8352791
3604571,134,1066,1481,5925.1045,0.026696026,192.9221,21.878859,110.15221,10.25465,1315.7495,1670.0507,63665.367,3565628,0.63246256,1.3963612,0.51964915,1.4931719,13.171723,1.443554,0.95819145,1.6902573,3265,1.8246386
3604572,134,1068,1490,5969.1978,0.03034047,198.45827,22.237928,110.38004,8.381876,1211.684,1572.3591,64633.477,3649680,0.62790483,1.4154094,0.522807,1.492831,13.224551,1.4493437,0.9586885,1.6875,3265,1.8226939
3604573,134,1070,1486,5931.041,0.028443776,203.74698,22.962589,110.64355,6.5762053,1264.1606,1618.7388,64959.988,3697760,0.62332338,1.4243133,0.52122062,1.4923995,13.206895,1.4474086,0.95852256,1.6884191,3265,1.8237609
3604574,134,1072,1463,5881.5317,0.032641776,208.70332,23.655069,110.94251,4.9017377,1155.8967,1504.7462,64273.246,3678256,0.62879997,1.3922088,0.51315325,1.493106,13.073081,1.4327432,0.95725936,1.6954657,3265,1.8288767
3604575,134,1074,1476,5910.6064,0.034079578,213.19374,23.924925,111.27661,3.5141859,1126.2504,1476.2974,65584.461,3773628,0.61982268,1.4113429,0.51771307,1.4927471,13.14838,1.4409956,0.95797133,1.6914829,3265,1.82595
3604576,134,1076,1398,5615.4585,0.036815222,219.70425,24.720409,112.24363,2.7655361,1073.8071,1384.4708,63588.168,3731628,0.60281229,1.3540998,0.49035427,1.4933279,12.709162,1.3928596,0.95377475,1.71538,3265,1.8448819
3604577,134,1078,1078,4319.4146,0.026408447,248.6452,16.08675,106.00248,3.0490036,1124.9042,1433.6592,42507.727,2182100,0.57424682,1.1014316,0.39157283,1.5192573,10.77556,1.1809467,0.93390137,1.84375,3265,1.9283986
3604578,134,1080,1169,4675.2227,0.029256688,225.69772,19.39275,114.55312,4.1916966,1121.6077,1417.0771,49478.203,2756952,0.58927548,1.1717397,0.41003156,1.4731154,11.574061,1.2684584,0.94240665,1.7855393,3265,1.9196309
3604579,134,1082,1222,4891.6436,0.02826074,231.55571,24.348549,115.73392,5.7587943,1162.9232,1474.8253,52779.246,2916524,0.61312467,1.1766194,0.42877194,1.4813958,11.813652,1.2947162,0.94487309,1.7696079,3265,1.8994486
3604580,134,1084,1249,5037.5195,0.030277831,231.48433,30.272043,112.95599,5.2401247,1187.5442,1445.9421,57780.66,3447280,0.63143718,1.1617231,0.43994364,1.4917437,11.88938,1.3030157,0.94564492,1.7647059,3265,1.8867567
3604581,134,1086,1192,4807.1128,0.029426469,239.06261,31.029865,118.0549,3.8095365,1182.7443,1432.7751,55044.465,3276272,0.63025546,1.1201369,0.41942295,1.4826653,11.637606,1.2754225,0.94306451,1.78125,3265,1.9080071
3604582,134,1088,1038,4180.3569,0.032878779,250.29784,30.159496,114.46019,2.3789482,1033.1167,1264.0195,45724.496,2599044,0.64464152,0.97922426,0.37338129,1.489113,10.748241,1.1779526,0.93360215,1.8458946,3265,1.9552594
3604583,134,1090,983,3996.9937,0.045251004,254.24486,32.395393,115.92154,0.94836003,837.20551,1053.5558,44022.125,2551448,0.63733572,0.94679862,0.35500181,1.4823232,10.49731,1.1504518,0.93082696,1.8661152,3265,1.9774561
3604597,134,1118,86,321.13663,0.14653607,125.308,7.6340427,49.012218,0.74904352,86.815491,165.95013,1252.8383,26788,0.71436387,0.49509197,0.067876875,1.2479327,5.6482477,0.61901927,0.86348492,2.6096814,3265,2.7285261
3604598,134,1120,133,526.20093,0.14416829,48.534836,7.7208047,48.888897,2.7490435,116.43721,214.1637,2239.5676,51680,0.75427204,0.58984023,0.085917316,1.3235576,6.0378218,0.66171455,0.87026048,2.505821,3265,2.5907795
3604599,134,1122,167,662.26886,0.14935924,8.4130478,8.2955389,34.825298,3.254267,125.77084,236.0511,2867.6223,63660,0.78233892,0.60967612,0.089929998,1.3535955,6.4907904,0.71135765,0.87773055,2.4007354,3265,2.4909375
3604600,134,1124,189,743.1001,0.14673892,344.2952,10.31178,38.722191,4.3135619,150.50229,252.26439,3466.1548,81460,0.74496228,0.64595497,0.096330278,1.3620207,6.6762414,0.73168212,0.88067436,2.3618259,3265,2.4561949
3604601,134,1126,194,768.11304,0.13951769,331.85962,12.690382,42.472198,2.3135619,159.25798,263.02853,3768.0576,93496,0.73858231,0.61793369,0.095897183,1.3510408,6.7830615,0.74338907,0.8823418,2.34038,3265,2.4509737
3604602,134,1128,220,827.30261,0.062994011,314.26794,15.775587,63.353619,0.31356195,303.0621,406.24451,5154.3594,159956,0.6286841,0.67061824,0.091819696,1.2584246,7.4675121,0.8184014,0.89257675,2.2175245,3265,2.4469645
3670079,136,1010,197,806.33356,0.15907687,324.08289,34.873909,84.286011,0.80578929,130.34215,252.38223,7805.6694,421464,0.73003209,0.62422258,0.11615566,1.4934907,6.195385,0.67898268,0.87290603,2.4675245,3265,2.4114628
3670080,136,1012,205,841.99042,0.1634388,320.50803,37.557903,87.828369,2.2363763,130.86389,254.43739,8589.3477,492340,0.73782879,0.63883042,0.12094396,1.5006058,6.204452,0.6799764,0.87305671,2.46538,3265,2.4038689
3670081,136,1014,214,872.17706,0.16601326,317.20691,40.579559,90.853966,3.4317682,133.76216,256.94247,9444.21,567228,0.74130142,0.65359479,0.12632822,1.5084141,6.2148466,0.68111563,0.87322921,2.462929,3265,2.3954921
3670082,136,1016,216,874.86792,0.16175961,313.93185,43.551628,95.103539,2.0284131,141.31267,260.70007,9971.7178,624872,0.74465978,0.64895195,0.12857144,1.5113022,6.1979728,0.67926633,0.87294906,2.4669118,3265,2.3957386
3670083,136,1018,172,685.83508,0.1106679,309.88501,44.270741,112.35789,0.62505794,183.03886,279.06409,7995.8032,527956,0.71630627,0.5583449,0.10709838,1.482692,6.0353656,0.66144544,0.87021881,2.5064337,3265,2.446943
3670088,136,1028,94,383.69968,0.2001671,6.1712565,15.081337,44.667355,1.9933122,87.651062,155.2045,1647.3118,41808,0.73781741,0.43362746,0.054054055,1.3809724,6.1200027,0.67072123,0.87164682,2.4856005,3265,2.5232878
3670089,136,1030,92,375.39563,0.23670103,353.02875,16.557581,45.143005,0.91670996,72.379707,141.17229,1742.7474,47980,0.76540852,0.47549105,0.054859869,1.3842281,6.0378218,0.66171455,0.87026048,2.505821,3265,2.5337362
3670094,136,1040,585,2344.8779,0.034999318,85.374237,36.950108,114.08114,0.99448651,750.48303,917.56165,24622.107,1338448,0.66968155,0.59179193,0.21682727,1.3000669,9.1310444,1.0007161,0.91477615,1.9957107,3265,2.2407706
3670095,136,1042,643,2569.6499,0.036268044,89.583427,35.229469,112.33582,2.3971474,764.08124,943.5824,26757.338,1433264,0.66175395,0.63779956,0.23983589,1.4129461,9.0974531,0.99703467,0.91435939,1.9993873,3265,2.144177
3670096,136,1044,721,2879.2998,0.034700565,93.612167,31.66844,110.57872,3.7998085,823.18835,1021.1278,29366.5,1530044,0.63983667,0.713534,0.24948096,1.2374622,10.162977,1.1138107,0.92705113,1.8946079,3265,2.2152965
3670097,136,1046,754,3001.3914,0.03661982,96.712387,28.050257,108.6852,5.2024693,805.52826,1014.8647,29715.797,1491440,0.66895634,0.71913129,0.2617147,1.2599641,10.247201,1.1230412,0.928011,1.887255,3265,2.189043
3670098,136,1048,768,3088.5566,0.030431915,99.337608,25.651535,104.51464,5.0755463,905.37042,1129.3228,28578.232,1358228,0.67293096,0.73029178,0.2570281,1.1716647,10.701729,1.172855,0.93309146,1.8495711,3265,2.2375405
3670099,136,1050,921,3668.6978,0.044511262,115.86662,24.536524,103.13717,4.7338605,774.76416,1017.7145,34951.012,1671120,0.68577635,0.85145605,0.31824464,1.3139186,10.930347,1.1979105,0.93558604,1.8318014,3265,2.0949426
3670100,136,1052,1128,4546.1782,0.039732482,140.77489,27.044514,111.57052,5.0928044,934.83173,1199.0997,48319.18,2718984,0.68144888,1.0378829,0.40014189,1.4874241,11.253657,1.2333436,0.93904811,1.8079044,3265,1.9259328
3670101,136,1054,1184,4755.4868,0.030317383,147.19769,25.928862,111.54472,6.0430064,1128.5632,1403.9659,50018.875,2781224,0.68081176,1.0926071,0.41956058,1.4945091,11.511208,1.2615699,0.94175333,1.7898284,3265,1.9051282
3670102,136,1056,1239,4994.7329,0.037054244,157.8456,25.840515,111.55477,7.3809781,1014.2675,1301.4938,52198.043,2893016,0.68660301,1.1384652,0.43796393,1.4970323,11.79487,1.2926579,0.94468111,1.7708334,3265,1.8874151
3670103,136,1058,1308,5175.1914,0.031058416,164.03088,24.935316,111.60068,8.6148005,1149.9938,1447.0332,55039.656,3043284,0.68315047,1.1882915,0.45943099,1.491868,12.21733,1.3389572,0.94894576,1.7441789,3265,1.8697281
3670104,136,1060,1354,5395.2905,0.027463039,171.47032,24.036444,111.68238,9.719367,1253.6255,1571.2239,57556.941,3224444,0.66579986,1.259161,0.47542134,1.4938754,12.458394,1.3653766,0.9513303,1.7297794,3265,1.8562411
3670105,136,1062,1400,5586.4678,0.027869955,179.38762,23.600979,111.79981,10.956634,1262.5521,1587.1042,59730.793,3351356,0.65490246,1.3095014,0.49140048,1.4945911,12.709162,1.3928596,0.95377475,1.71538,3265,1.8438729
3670106,136,1064,1409,5680.7856,0.027924905,186.53049,23.404678,111.95285,12.3081,1257.066,1598.8705,59744.91,3321620,0.65581048,1.3132632,0.49473315,1.4953105,12.752855,1.3976481,0.95419705,1.7129289,3265,1.8413017
3670107,136,1066,1447,5784.9116,0.030985603,191.5737,23.258799,112.14137,11.046562,1181.4347,1531.6986,62029.906,3483040,0.64229041,1.3601089,0.50771928,1.4940056,12.975904,1.4220932,0.95633596,1.7006741,3265,1.8323808
3670108,136,1068,1495,5954.9302,0.02865262,197.27824,24.004576,112.36516,9.3214455,1257.619,1616.0735,65608.961,3763648,0.62584341,1.424261,0.50387597,1.3979901,14.111219,1.5465178,0.96681988,1.6443014,3265,1.8617051
3670109,136,1070,1485,5954.187,0.023550704,202.4716,24.7314,112.62403,7.7172503,1425.437,1782.4371,65547.414,3786944,0.62588871,1.4152911,0.50050557,1.3980318,14.044436,1.5391989,0.9662208,1.6473652,3265,1.8643169
3670110,136,1072,1469,5910.2876,0.029455559,207.04066,25.397186,112.91774,6.3166208,1237.9807,1587.9089,65630.117,3834216,0.6223042,1.4125907,0.49544689,1.3995113,13.925806,1.5261977,0.96515143,1.65288,3265,1.8678476
3670111,136,1074,1458,5844.0781,0.033407036,211.15746,26.194067,113.24601,5.2618999,1136.1869,1482.6682,66064.18,3906384,0.61872256,1.411729,0.49041373,1.3931693,13.906229,1.524052,0.96497428,1.6537991,3265,1.8739624
3670112,136,1076,1411,5680.1489,0.033916693,216.6371,26.831539,113.99659,4.7542243,1123.525,1450.7014,64691.363,3870572,0.60788739,1.3757619,0.47460479,1.3917288,13.606554,1.4912091,0.96223974,1.6681986,3265,1.8876846
3670113,136,1078,1159,4653.605,0.024527127,235.98976,20.66448,107.51091,4.3157492,1225.4761,1544.1033,47472.848,2527560,0.59192383,1.1549639,0.40341106,1.4409295,11.706467,1.2829692,0.94377434,1.7766544,3265,1.9384978
3670114,136,1080,1220,4932.4194,0.023001142,225.21703,23.896961,116.256,3.8474803,1316.3617,1641.5731,54498.27,3235292,0.57027125,1.2322831,0.41035992,1.3722427,12.510917,1.3711329,0.95184529,1.7267157,3265,1.9552516
3670115,136,1082,1167,4678.564,0.025719918,224.99733,22.904266,117.42451,4.2550769,1213.0846,1511.9116,49537.578,2726332,0.59233993,1.1532243,0.39266488,1.3637598,12.232437,1.340613,0.9490962,1.7432598,3265,1.9769323
3670116,136,1084,1146,4631.7529,0.022005083,227.58116,26.737898,114.22102,5.3583231,1355.1759,1626.3579,50439.102,2927504,0.6438632,1.075426,0.3858586,1.3613079,12.117556,1.3280225,0.94794858,1.7503064,3265,1.9851367
3670117,136,1086,1192,4810.8257,0.030256409,229.15117,32.695091,119.7401,5.2071834,1156.9481,1413.5333,57195.043,3613684,0.63567078,1.1447346,0.40080699,1.3666642,12.37011,1.3557012,0.95046103,1.7349877,3265,1.9672669
3670118,136,1088,1095,4407.0078,0.031193893,244.52968,30.980736,115.84341,3.7765954,1101.9169,1332.4229,49538.895,2893148,0.63911915,1.0479425,0.39121115,1.4894452,11.052474,1.211295,0.9369027,1.8226103,3265,1.9359845
3670119,136,1090,1046,4221.5493,0.043675713,251.60933,32.286491,117.28754,2.3460071,881.38898,1102.0996,47480.055,2784988,0.62312567,1.0224212,0.37531397,1.4866118,10.806953,1.1843872,0.93424451,1.8412991,3265,1.9536421
3670120,136,1092,1000,4043.7119,0.041542426,254.98322,34.812744,118.74778,0.91541886,890.89911,1105.9847,46409.832,2782568,0.61249447,0.98987377,0.36062026,1.4842603,10.575871,1.1590617,0.93170112,1.8596814,3265,1.9705877
3670133,136,1118,69,262.33304,0.41564673,161.1188,12.03579,31.89373,0.74904352,17.823818,89.057243,926.70752,16084,0.88618928,0.44349369,0.1221239,1.4095442,4.5966377,0.50376815,0.84320676,2.9779413,3265,2.8079615
3670134,136,1120,113,434.51956,0.12658699,86.133301,7.1878939,47.831837,0.89008653,117.41564,207.68976,1992.9626,50524,0.58738941,0.58406448,0.086457536,1.2858737,5.7212057,0.62701505,0.86478049,2.5891545,3265,2.6812544
3670135,136,1122,182,717.69781,0.12901182,10.127075,7.6073933,45.189228,1.7406628,146.98206,264.39972,3159.3281,69372,0.74737418,0.64084798,0.097274184,1.3671873,6.5322242,0.71589857,0.87839377,2.3918505,3265,2.4726853
3670136,136,1124,203,796.48737,0.11925327,339.18997,9.5113144,39.136856,3.6074121,182.08392,289.70715,3727.6562,86280,0.73086864,0.65612102,0.10064452,1.3610022,6.7877159,0.74389917,0.88241398,2.3394608,3265,2.4414461
3670137,136,1126,238,924.86658,0.087920263,319.49765,14.821596,57.671902,2.3135619,247.84445,363.57999,5115.9653,143064,0.69510335,0.67938024,0.10388476,1.3190249,7.3057346,0.8006714,0.89022404,2.2444854,3265,2.4114609
3670138,136,1128,228,887.20044,0.044134174,309.95093,16.15934,65.757561,0.31356195,389.78918,502.60675,5171.1147,154664,0.66315019,0.66331929,0.094566569,1.2598306,7.510983,0.82316554,0.8932023,2.2104778,3265,2.4405625
3735614,138,1008,204,832.65686,0.13626206,325.77426,31.292091,81.532654,0.77285069,155.06442,277.10892,7662.2788,391584,0.69622332,0.64209676,0.11499436,1.4912186,6.3140197,0.69198447,0.87486422,2.4399509,3265,2.3946917
3735615,138,1010,212,869.96924,0.1420418,321.45901,34.099537,85.204803,2.2034376,151.87323,277.42703,8508.2168,467192,0.72252524,0.65142864,0.1217691,1.504158,6.2753,0.68774098,0.87422824,2.4488358,3265,2.389477
3735616,138,1012,223,907.69379,0.14604917,317.82416,36.992168,88.425293,3.6340246,153.36226,279.46347,9449.6182,547680,0.72144789,0.67193729,0.12808731,1.5136195,6.2899308,0.68934447,0.87446892,2.4454658,3265,2.379025
3735617,138,1014,231,933.41229,0.11978003,314.50308,39.703003,107.60709,3.5212529,186.26979,312.93164,10272.518,627028,0.70062113,0.69870955,0.13192461,1.519879,6.3140197,0.69198447,0.87486422,2.4399509,3265,2.369859
3735618,138,1016,174,698.60913,0.095694683,311.24567,36.29496,109.73617,3.4534023,207.66615,302.88525,7128.0054,440384,0.62381238,0.57146025,0.10199296,1.4718282,6.178616,0.67714494,0.87262696,2.4715073,3265,2.4329717
3735619,138,1018,70,283.711,0.21735735,355.34439,4.924396,33.031818,2.0500472,57.793938,128.07249,845.58551,13620,0.64513457,0.33541432,0.074786328,1.3348286,5.1342378,0.56268638,0.85397363,2.7708333,3265,2.7496667
3735620,138,1020,51,211.10608,0.2316021,314.83105,5.24892,26.797789,0.42142794,45.170502,107.0247,523.62012,6932,0.70039219,0.25731668,0.060570072,1.2774945,5.0323715,0.55152231,0.8520025,2.806679,3265,2.823633
3735622,138,1024,101,408.02945,0.072754197,62.612621,21.232563,92.899811,0.33520281,207.36728,265.47379,2484.8994,104864,0.49881187,0.27516085,0.039561301,0.98178566,7.6228857,0.83542955,0.89480019,2.1927083,3265,2.6829097
3735623,138,1026,126,502.81558,0.040239789,55.190449,17.699425,125.74671,0.35447696,316.10739,396.26111,2978.7217,132620,0.49625397,0.47903562,0.048349962,0.98521161,7.7787399,0.85251039,0.8969962,2.1688113,3265,2.6617486
3735624,138,1028,116,467.57181,0.040197011,23.436646,13.079055,124.15594,2.0245857,289.79724,382.32458,2200.0066,80640,0.59730136,0.5089038,0.044393416,0.9676351,7.7726278,0.85184056,0.89691073,2.1697304,3265,2.678865
3735625,138,1030,113,456.80228,0.14584564,355.63876,12.865595,43.183388,0.98265874,103.33421,198.39117,1846.4124,45376,0.66087234,0.55483121,0.060331021,1.3792806,6.3315325,0.6939038,0.87515092,2.4359682,3265,2.4916396
3735626,138,1032,101,401.79736,0.16634563,345.98486,15.511042,43.667141,0.35392243,108.36577,174.22192,1810.7344,46404,0.64613861,0.42788297,0.056298774,1.3845705,6.1992674,0.67940819,0.87297058,2.4666054,3265,2.5074365
3735629,138,1038,527,2081.8455,0.029269382,91.758224,36.374012,115.70409,1.0174981,801.76752,945.41479,22205.846,1241984,0.63146728,0.57075924,0.19389257,1.2533654,9.0255156,0.98915058,0.913463,2.0073528,3265,2.2917264
3735630,138,1040,573,2297.2336,0.032139398,95.15657,36.771774,113.78503,2.4201591,788.87146,947.73877,24454.184,1371988,0.64106226,0.5982399,0.21380597,1.375607,8.9036589,0.97579575,0.91193223,2.0211396,3265,2.194207
3735631,138,1042,657,2627.1389,0.027633186,97.447479,34.112442,111.8695,3.8228199,910.17517,1093.0272,27679.92,1510600,0.62040597,0.67787313,0.22741432,1.2054014,9.9416733,1.0895568,0.92450029,1.9145221,3265,2.2605386
3735632,138,1044,706,2834.2922,0.029959802,99.185616,31.163832,109.40215,4.9748025,891.75848,1090.3296,28870.141,1515828,0.6362325,0.71774197,0.24488381,1.2355037,10.08698,1.1054817,0.92617989,1.901348,3265,2.2225971
3735633,138,1046,769,3041.7581,0.031737171,102.92234,28.892502,107.63698,4.3169107,883.96655,1097.4459,30676.693,1566524,0.64152241,0.78071028,0.26553866,1.2528185,10.358078,1.1351928,0.92926562,1.8777573,3265,2.1876702
3735634,138,1048,822,3270.9587,0.027275531,106.66281,27.607193,109.31958,3.9938855,996.70288,1227.5972,32424.48,1654596,0.6334154,0.83182752,0.2708402,1.1510662,11.106248,1.2171882,0.93747896,1.8186275,3265,2.2301955
3735635,138,1050,986,3906.6494,0.043212943,122.28257,26.762066,109.22919,4.0300617,822.11523,1065.8601,40202.805,2091856,0.64909136,0.96775359,0.33560246,1.3481147,11.236612,1.2314756,0.93886751,1.80913,3265,2.0467153
3735636,138,1052,1145,4580.4258,0.041397218,141.76981,28.324457,113.57005,4.3915334,913.50305,1179.1588,50312.152,2902112,0.6625706,1.0986301,0.3895883,1.386942,11.961263,1.3108937,0.94637418,1.7601103,3265,1.9710261
3735637,138,1054,1176,4705.1963,0.038283329,149.12621,27.335697,113.5447,5.0250721,969.30383,1242.7648,50440.926,2847568,0.68196124,1.098702,0.40013611,1.3927842,12.11261,1.3274804,0.94789898,1.7506127,3265,1.9578403
3735638,138,1056,1228,4916.8848,0.04290577,157.98369,27.296286,113.55458,5.8849649,912.14557,1200.03,52592.367,2968968,0.68590933,1.1367412,0.41669494,1.3949025,12.416692,1.3608063,0.95092028,1.7322304,3265,1.9402803
3735639,138,1058,1283,5120.1641,0.029859083,164.21526,26.478642,113.59968,6.9322834,1166.1271,1467.9412,54648.574,3074244,0.68860525,1.1698864,0.43213204,1.3844266,12.830045,1.4061077,0.95494038,1.7086397,3265,1.9290341
3735640,138,1060,1348,5396.4604,0.027672246,170.69238,25.171774,113.67995,8.1387644,1242.3705,1565.4429,58037.41,3297652,0.66525239,1.2565168,0.45387205,1.3901707,13.206895,1.4474086,0.95852256,1.6884191,3265,1.9065682
3735641,138,1062,1383,5505.5142,0.026705924,178.67413,24.83535,113.79531,9.4798222,1280.6897,1609.5337,59460.914,3383268,0.65461522,1.3091052,0.46549982,1.3918543,13.421933,1.4709756,0.96053278,1.6773897,3265,1.8955587
3735642,138,1064,1420,5696.0713,0.03010704,185.1846,24.616875,113.94568,10.931094,1210.1135,1541.9086,61563.629,3521944,0.64267039,1.3523629,0.47795355,1.3936955,13.650365,1.4960107,0.96264225,1.6660539,3265,1.8841543
3735643,138,1066,1437,5777.0107,0.027481662,190.49945,24.515368,114.13089,11.351837,1285.3665,1625.3055,62418.629,3573584,0.63998812,1.3774182,0.48580122,1.4043403,13.675527,1.4987682,0.96287304,1.6648284,3265,1.874122
3735644,138,1068,1449,5813.5786,0.02448559,196.73041,25.649168,114.35079,9.6770096,1375.9075,1727.3145,63882.551,3707952,0.6350112,1.4010984,0.489858,1.404595,13.751573,1.5071025,0.96356857,1.661152,3265,1.8707379
3735645,138,1070,1464,5877.9375,0.034449551,202.72453,27.138533,114.60518,8.136898,1107.2075,1464.285,65428.195,3847348,0.63115877,1.4188631,0.49543148,1.4070464,13.828468,1.5155299,0.96426892,1.6574755,3265,1.8655269
3735646,138,1072,1457,5839.7983,0.031195836,207.55782,28.192696,114.89383,6.8138561,1182.8048,1533.7534,65630.828,3890748,0.6325469,1.4092015,0.49289581,1.4062258,13.789913,1.5113044,0.96391815,1.6593137,3265,1.8677924
3735647,138,1074,1445,5818.2954,0.02710891,210.90648,29.006556,115.21647,5.8387227,1295.7037,1642.2784,66143.281,3975340,0.62294281,1.4147929,0.48522499,1.3785509,13.925806,1.5261977,0.96515143,1.65288,3265,1.8846713
3735648,138,1076,1402,5637.8931,0.032201909,214.86551,29.841433,115.76218,4.2004743,1148.5277,1483.278,65340.07,3996112,0.61452031,1.3869221,0.46873954,1.3664147,13.732482,1.5050102,0.96339422,1.6620711,3265,1.9030219
3735649,138,1078,1241,4977.106,0.02349747,226.23715,24.368549,116.84061,2.631115,1301.0576,1631.484,53648.875,3022848,0.58228666,1.2739666,0.41518903,1.3515254,12.769318,1.3994523,0.95435584,1.7120098,3265,1.9596406
3735650,138,1080,1226,4909.6934,0.01886878,220.6588,28.66898,117.96671,1.8480557,1483.7921,1808.2572,56838.496,3496096,0.56910342,1.2660993,0.41210085,1.3610543,12.611939,1.3822045,0.95283133,1.7208946,3265,1.959049
3735651,138,1082,1190,4709.0547,0.020667849,219.66518,28.279005,119.1235,2.5369005,1373.6984,1692.0927,53116.012,3165988,0.60448366,1.1688957,0.4001345,1.3558532,12.416692,1.3608063,0.95092028,1.7322304,3265,1.9734126
3735652,138,1084,1133,4567.1606,0.023994165,224.95918,26.502117,120.2814,4.0751715,1287.8855,1546.5902,49539.473,2840104,0.62642723,1.1084329,0.38007382,1.3386235,12.162251,1.3329209,0.94839603,1.7475491,3265,2.0017922
3735653,138,1086,1181,4763.6113,0.024663854,229.03995,29.70174,119.40176,5.875072,1297.4409,1557.9109,55494.441,3421048,0.60454941,1.1885018,0.39644176,1.3499799,12.395946,1.3585327,0.9507159,1.7334559,3265,1.9796205
3735654,138,1088,1146,4602.1445,0.030692322,239.31226,30.041895,122.56252,5.1742425,1113.5656,1372.6829,53327.52,3239168,0.601291,1.1730018,0.3839196,1.3379021,12.247583,1.3422729,0.94924694,1.7423407,3265,1.9979331
3735655,138,1090,1080,4344.8438,0.031417456,248.62477,31.553534,118.67152,3.7436543,1076.822,1318.2765,49447.555,2937968,0.61001956,1.0832129,0.38365898,1.4654865,11.102093,1.216733,0.93743449,1.8189338,3265,1.9527764
3735656,138,1092,1044,4210.4277,0.034951072,250.66005,35.039009,120.11494,2.3704,1001.4941,1230.3759,49146.211,2988384,0.60408747,1.0566227,0.37087035,1.4575204,10.954556,1.2005637,0.93584788,1.8299632,3265,1.9686563
3735657,138,1094,969,3901.2822,0.033422481,251.89232,37.252758,121.57412,1.4269733,995.10168,1211.1259,46331.055,2890312,0.60720134,0.97643673,0.34570104,1.4459776,10.613696,1.1632072,0.93212026,1.8566177,3265,2.0004549
3735658,138,1096,701,2824.575,0.036238238,267.43433,34.905624,102.40421,1.0989584,829.73358,989.68719,30099.531,1683116,0.58844918,0.75251162,0.25380158,1.3720763,9.5574541,1.0474484,0.91996861,1.9512868,3265,2.1416833
3735659,138,1098,435,1744.9364,0.046649992,287.22751,31.583921,94.998032,1.1099135,569.37744,685.59705,15563.078,716836,0.69893533,0.50785917,0.16972297,1.3347615,8.3102474,0.91076088,0.90424347,2.0940564,3265,2.2857637
3735671,138,1122,221,882.70374,0.10899715,7.960228,8.7567568,45.019932,1.4958787,194.66022,319.01041,4183.3501,99328,0.67955571,0.72356576,0.11150353,1.3892674,6.7552681,0.74034309,0.88190985,2.3458946,3265,2.42083
3735672,138,1124,249,966.271,0.074995302,324.49457,11.237,56.226452,3.4958787,283.64432,402.38092,4955.2964,126964,0.68843114,0.71293628,0.10863874,1.3290191,7.3273811,0.80304372,0.89054114,2.2408087,3265,2.3997965
3735673,138,1126,263,1027.359,0.061407801,308.15137,17.176104,97.456253,2.3135619,335.40292,458.51578,6446.2715,234972,0.65817201,0.70154148,0.10778689,1.2815394,7.6326885,0.83650386,0.8949393,2.1911764,3265,2.4067657
3735674,138,1128,273,1081.7473,0.039071131,300.04132,24.19833,99.308975,0.31356195,470.09387,589.84766,8032.8179,371724,0.60916287,0.71338981,0.11156518,1.2853124,7.6701717,0.84061182,0.89547002,2.1853554,3265,2.3990014
3801149,140,1006,256,1100.5388,0.052812457,13.402102,19.166533,122.37068,0.73991215,384.40961,511.72827,10738.354,589884,0.52328432,0.68573046,0.095061272,1.0772095,8.2501793,0.90417767,0.90344232,2.1020222,3265,2.525702
3801150,140,1008,271,1148.9446,0.06116426,2.2882626,19.301992,120.37184,2.1704991,358.10773,485.85379,11759.716,665796,0.52915132,0.71566826,0.10063127,1.0919355,8.2847271,0.90796405,0.90390366,2.0974264,3265,2.5086105
3801151,140,1010,284,1201.8928,0.062820926,351.95792,20.079622,118.37305,2.5160441,359.74057,490.32681,12690.35,738088,0.52712387,0.73681849,0.10541945,1.1037179,8.317235,0.91152668,0.90433639,2.0931373,3265,2.4944797
3801152,140,1012,295,1239.23,0.056426536,344.04056,20.804382,116.3743,1.6867111,386.79675,525.33844,13543.662,808532,0.51442409,0.76318395,0.1090573,1.1068251,8.3688364,0.91718191,0.90502071,2.0863972,3265,2.4864581
3801153,140,1014,203,859.1474,0.040419806,37.024094,14.247174,114.37561,1.5287519,415.50589,516.82281,8172.3066,472620,0.40857434,0.56502074,0.075073965,1.0142113,8.1549587,0.89374202,0.90216321,2.1148896,3265,2.5938482
3801154,140,1016,132,587.01062,0.063606218,88.390549,33.454922,112.37698,2.0462427,265.90475,340.54782,4226.0083,214988,0.58639836,0.38463831,0.056701031,1.1661159,7.2169003,0.79093558,0.8889153,2.259804,3265,2.561712
3801155,140,1018,137,604.9989,0.06857457,88.198456,32.270351,110.3784,3.008738,255.78946,332.96658,4275.5703,210644,0.58748388,0.38959712,0.059000861,1.1746483,7.2151456,0.79074329,0.88888931,2.2601104,3265,2.5540679
3801156,140,1020,145,641.09052,0.072694339,87.722008,30.07786,108.37989,1.6841574,245.49956,332.90042,4257.5825,200008,0.57959771,0.42302778,0.062580921,1.1862739,7.2204123,0.79132044,0.88896728,2.2591913,3265,2.5427022
3801157,140,1022,160,703.49579,0.049063418,84.368057,27.903744,106.38145,0.4864803,327.60269,424.47955,4493.7256,201088,0.52641511,0.48767579,0.063643597,1.1116626,7.6170158,0.83478624,0.8947168,2.1936274,3265,2.5636005
3801158,140,1024,166,723.1734,0.065523751,82.79512,27.159508,104.38309,1.7740058,283.31384,372.41467,4722.0713,208068,0.52895218,0.43903872,0.063797079,1.0359548,7.8549213,0.86085951,0.89805752,2.1574755,3265,2.6059396
3801159,140,1026,194,829.65753,0.061990418,79.816994,23.91301,102.3848,2.3544769,305.61768,410.1022,5285.0098,220508,0.49404413,0.59197736,0.074130684,1.0593134,7.945353,0.87077034,0.89930731,2.1443014,3265,2.5743496
3801160,140,1028,210,896.82532,0.067647584,76.802773,22.237467,100.3866,3.0849402,290.89761,408.16214,5773.5859,236008,0.49596718,0.64089435,0.08027523,1.0774505,7.9773908,0.87428147,0.89974749,2.1397059,3265,2.5541065
3801161,140,1030,228,965.76251,0.072970003,76.819923,21.270924,98.388496,2.5261252,285.29636,407.81943,6360.1138,254748,0.50104338,0.69537562,0.086989701,1.0935395,8.0270205,0.87972063,0.90042675,2.1326592,3265,2.5339293
3801162,140,1032,247,1044.2693,0.052436933,79.364677,21.835707,96.390488,2.3539224,389.2832,500.25626,7060.7764,276256,0.53770447,0.62499285,0.094202898,1.1123166,8.0706806,0.88450563,0.90102166,2.1265318,3265,2.5119956
3801163,140,1034,332,1364.3763,0.06549909,92.104332,24.613569,94.392593,1.3633026,394.23288,511.62811,10108.074,397780,0.62137371,0.61967212,0.12467142,1.1617422,8.3641186,0.9166649,0.90495831,2.0870099,3265,2.4365251
3801164,140,1036,421,1735.8837,0.053638086,106.24769,26.568752,92.394806,1.0405097,485.27097,637.7179,13790.227,569676,0.66702861,0.61015171,0.15558019,1.1880218,8.7128286,0.95488173,0.90950298,2.043505,3265,2.3790851
3801165,140,1038,441,1796.6708,0.042469315,113.12766,29.388815,113.57599,2.4431705,584.12219,729.12427,15243.366,672060,0.70051533,0.59064692,0.15920578,1.1968964,8.8717175,0.97229511,0.91152835,2.0248163,3265,2.3567901
3801166,140,1040,485,1983.8562,0.030163225,116.30257,28.969894,112.09325,3.8458316,756.04077,909.11987,17026.338,763536,0.6842379,0.60307419,0.16626671,1.0750774,9.4841461,1.0394143,0.91908848,1.9586397,3265,2.4151616
3801167,140,1042,560,2300.3909,0.022521522,113.41315,29.58432,111.30495,4.1973362,968.58966,1132.9399,21417.432,1096612,0.63425761,0.6720351,0.190541,1.1065407,9.7875643,1.0726672,0.92269874,1.9289216,3265,2.362294
3801168,140,1044,638,2599.647,0.023838194,111.13403,30.002197,109.38053,3.1680622,993.76947,1170.6456,25437.586,1337908,0.61893278,0.73294574,0.21671195,1.1491766,10.063036,1.1028576,0.92590439,1.9034927,3265,2.302577
3801169,140,1046,739,2980.5042,0.025640659,111.8128,30.049318,107.45966,2.3947935,1005.1801,1208.6073,30436.805,1624888,0.6068297,0.8214311,0.25110433,1.2006401,10.419907,1.1419688,0.92996091,1.8725491,3265,2.2303412
3801170,140,1048,814,3271.9246,0.03145992,113.14881,28.757969,111.52257,2.0000732,927.15186,1143.2146,32926.793,1708636,0.61836678,0.86699194,0.27810043,1.2842191,10.549553,1.1561774,0.93140882,1.8618259,3265,2.1468799
3801171,140,1050,998,3996.1121,0.041227855,129.49399,28.842339,112.01613,2.0429783,870.29852,1103.6425,42914.516,2367732,0.63419718,1.0021849,0.33910975,1.336471,11.35702,1.2446717,0.94013929,1.8005514,3265,2.0489507
3801172,140,1052,1124,4545.9126,0.039736409,142.56851,30.179266,115.5696,2.4670787,944.49908,1199.0054,50772.008,3004920,0.65888113,1.087049,0.38114616,1.3635461,11.961263,1.3108937,0.94637418,1.7601103,3265,1.9906666
3801173,140,1054,1179,4717.8184,0.034739483,148.30713,29.07896,115.54469,3.1945274,1039.1191,1306.363,52334.676,3046632,0.6730575,1.114627,0.39898476,1.3695415,12.262766,1.3439368,0.94939786,1.7414216,3265,1.9693875
3801174,140,1056,1224,4920.4497,0.038396582,155.11407,28.528515,115.5544,4.1607962,989.03253,1268.9984,53987.066,3132104,0.67695421,1.1426084,0.41267702,1.3681716,12.553254,1.375773,0.95225924,1.7242647,3265,1.9557736
3801175,140,1058,1298,5156.3496,0.03872747,161.97427,27.706257,115.59871,5.3253183,992.41919,1293.5004,57088.078,3310328,0.67336738,1.2026381,0.43498659,1.3633453,13.061573,1.431482,0.95715028,1.6960784,3265,1.9354565
3801176,140,1060,1333,5321.9478,0.036215141,169.41298,26.075434,115.67759,6.6516728,1044.5398,1358.924,57783.742,3309716,0.67297679,1.237532,0.44761586,1.3719195,13.230448,1.4499898,0.95874387,1.6871936,3265,1.9203016
3801177,140,1062,1377,5530.1699,0.036173318,177.92026,25.747395,115.79097,8.1090527,1049.1333,1386.0535,60168.574,3481368,0.65378475,1.3120881,0.46130654,1.3697709,13.538273,1.4837259,0.96161044,1.6715686,3265,1.9084814
3801178,140,1064,1412,5649.5044,0.032597974,184.30511,25.599344,115.93874,9.668047,1135.0663,1475.7568,61556.105,3556444,0.64353633,1.3597233,0.47334898,1.3733996,13.745203,1.5064044,0.96351039,1.6614584,3265,1.8965321
3801179,140,1066,1431,5758.4707,0.025764035,190.44928,26.203585,116.12078,10.470511,1344.5834,1675.9135,63120.051,3693836,0.63676238,1.3893423,0.47923642,1.3717904,13.886707,1.5219126,0.9647975,1.6547182,3265,1.8919939
3801180,140,1068,1435,5746.542,0.028516522,196.08669,27.178122,116.33692,8.640727,1256.1444,1591.329,63625.34,3737084,0.63597643,1.398187,0.48057601,1.3719314,13.912749,1.5247666,0.96503329,1.6534927,3265,1.8908002
3801181,140,1070,1459,5827.7988,0.032456458,200.62846,28.180426,116.58698,6.895978,1162.3594,1502.127,65875.078,3928460,0.62562817,1.4257418,0.48861352,1.3725785,14.071074,1.5421181,0.96645999,1.6461397,3265,1.8838102
3801182,140,1072,1468,5890.2109,0.026460962,204.60098,28.707779,116.87073,5.3097553,1319.5525,1672.5054,67979.867,4142824,0.61405975,1.4468075,0.49146301,1.3719422,14.13811,1.5494651,0.96706051,1.6430759,3265,1.8816625
3801183,140,1074,1450,5834.9434,0.028725075,209.00658,30.397278,117.18793,4.040504,1252.7751,1597.6906,67960.859,4176324,0.61624998,1.4227041,0.48559946,1.3723758,14.011281,1.5355653,0.96592259,1.6488971,3265,1.886397
3801184,140,1076,1406,5634.292,0.036687028,213.40697,32.299137,117.53973,3.3871584,1046.5597,1389.2113,66743.312,4167228,0.62024164,1.3694935,0.47086403,1.3706938,13.72613,1.5043141,0.96333617,1.6623775,3265,1.8996397
3801185,140,1078,1276,5110.2803,0.038409367,220.86322,30.664986,118.58929,1.6014589,962.08154,1293.0304,58197.797,3495720,0.6085217,1.2563009,0.42876345,1.3673078,12.891353,1.4128268,0.95552838,1.7052696,3265,1.9400375
3801187,140,1082,1145,4589.7261,0.017599639,214.01991,31.25297,120.82953,1.4583904,1506.481,1810.2828,54568.57,3479592,0.61929488,1.0501931,0.40805417,1.4986036,11.270753,1.2352173,0.93922913,1.8066789,3265,1.9155102
3801188,140,1084,1144,4629.7798,0.0169471,223.2361,28.109856,121.97853,3.4426711,1586.8444,1852.8379,52241.227,3151264,0.61904323,1.0573269,0.40755254,1.4978135,11.270753,1.2352173,0.93922913,1.8066789,3265,1.9161731
3801189,140,1086,1154,4699.8823,0.024282718,226.76213,28.569586,118.82725,4.801579,1308.1548,1559.5516,53366.109,3247248,0.61943448,1.0480835,0.41096866,1.4988074,11.318037,1.2403994,0.93972868,1.8033088,3265,1.9125819
3801190,140,1088,1129,4577.1216,0.020725358,231.55338,30.503897,124.25311,3.7327487,1411.3505,1665.9047,53287.832,3318396,0.60240501,1.052156,0.39558515,1.4640937,11.409417,1.2504141,0.94068962,1.796875,3265,1.9367054
3801191,140,1090,1041,4235.7573,0.02944774,240.37604,29.620674,120.07197,3.3816874,1101.606,1344.4495,47574.453,2869684,0.62922668,0.94855613,0.38684505,1.5576369,10.354464,1.1347966,0.92922491,1.8780637,3265,1.9244792
3801192,140,1092,961,3910.002,0.032608949,242.76299,31.574755,121.49963,3.9357893,995.60522,1227.51,44102.012,2693820,0.64541495,0.86163753,0.35871595,1.5455794,10.032418,1.0995021,0.92555135,1.90625,3265,1.9568049
3801193,140,1094,915,3746.5623,0.029253047,244.25594,35.683636,122.94238,3.3426564,1057.0039,1268.6326,42993.379,2703432,0.65764606,0.80631262,0.34333959,1.5404984,9.8329668,1.0776432,0.92323172,1.9246323,3265,1.9755648
3801194,140,1096,834,3423.8083,0.032075346,243.54015,38.409798,124.40055,3.0989223,960.87335,1158.1744,39998.926,2604152,0.69408196,0.70566112,0.31388783,1.5191938,9.551301,1.0467741,0.91989493,1.9518995,3265,2.0150707
3801195,140,1098,671,2723.8591,0.043006301,255.39699,37.462086,120.29147,1.1326056,742.98645,892.13635,30069.168,1814716,0.67149943,0.58280092,0.26200703,1.5029136,8.8163681,0.96622908,0.91082597,2.03125,3265,2.0904658
3801205,140,1118,162,643.41858,0.10481808,31.247044,18.38769,46.161068,0.50294644,210.56061,277.73694,3424.1211,88376,0.85123843,0.29218882,0.086723767,1.3626499,6.4822836,0.71042532,0.87759399,2.4025736,3265,2.4837837
3801206,140,1120,217,867.89331,0.078706071,1.0760896,15.907586,50.851696,0.50294644,283.9971,372.24939,4744.5547,128268,0.84387267,0.34032243,0.098726116,1.3424569,7.0876269,0.77676791,0.8869887,2.2827818,3265,2.4178996
3801207,140,1122,322,1260.6005,0.046337821,320.61447,13.922261,93.006638,1.5781661,432.4003,584.69025,8401.6631,330124,0.60588998,0.80565739,0.1316435,1.328612,7.7665253,0.85117173,0.89682531,2.1706495,3265,2.3490357
3801208,140,1124,348,1364.2306,0.037168365,302.83658,21.464832,105.17696,3.5318725,533.65186,679.14435,10546.562,510076,0.60156018,0.86458212,0.13864543,1.3182739,7.9560037,0.87193757,0.89945382,2.1427696,3265,2.3377349
3801209,140,1126,340,1385.6093,0.022308173,291.08676,33.648117,177.3902,2.3135619,740.04095,883.47308,13429.683,1019924,0.6069929,0.79260129,0.11805555,0.99535549,8.957408,0.98168641,0.9126094,2.0150123,3265,2.5335557
3801210,140,1128,364,1473.2683,0.023751801,288.05478,42.520416,179.11389,0.31356195,738.64209,882.8717,16927.457,1508444,0.58739746,0.80352664,0.12638889,1.0162677,9.0227709,0.98884982,0.91342872,2.0076592,3265,2.5084023
3866684,142,1004,216,897.39764,0.081442386,339.87933,22.239468,95.269745,0.70697355,252.40092,372.11069,8557.0273,447716,0.65090442,0.60600376,0.080237739,1.0364341,8.1571999,0.89398766,0.90219349,2.1145833,3265,2.5729969
3866685,142,1006,219,897.22656,0.087496139,326.59552,27.305782,87.535759,2.1375606,245.87926,358.97278,8991.8213,487636,0.71454901,0.61758959,0.081594639,1.0449026,8.1460047,0.89276069,0.90204239,2.1161151,3265,2.5663176
3866686,142,1008,214,868.72614,0.084626548,315.4794,36.471455,84.348518,2.5118291,246.51721,359.16422,9005.958,501772,0.81992894,0.61142433,0.082023762,1.0920644,7.9624076,0.87263942,0.8995418,2.1418505,3265,2.5423298
3866687,142,1010,212,855.66351,0.14131036,311.12506,41.391071,102.37783,0.9630152,159.76143,275.84775,9403.3926,552748,0.85200751,0.62236625,0.16097191,1.6887854,5.4904523,0.60172564,0.86063832,2.6559436,3265,2.3650711
3866690,142,1016,127,591.84558,0.12265755,95.01017,38.292397,83.289505,0.2579053,182.56694,246.24191,4686.9014,250212,0.71066117,0.34029752,0.054954566,1.1665246,7.178494,0.78672647,0.88834566,2.2665441,3265,2.5662055
3866691,142,1018,139,630.14191,0.11344846,95.490379,36.170845,81.293365,1.3137686,194.80304,264.19513,4964.0034,256412,0.70388907,0.36792699,0.060069144,1.1801986,7.2046356,0.78959143,0.88873363,2.2619486,3265,2.5502849
3866692,142,1020,154,689.51221,0.12021932,95.771851,33.867462,79.297417,1.4865917,189.63457,268.4657,5199.834,256380,0.67948389,0.41164792,0.06652268,1.1976784,7.2327304,0.79267049,0.88914943,2.2570465,3265,2.530673
3866693,142,1022,177,784.10486,0.12807667,95.509232,30.455009,77.301682,0.72672075,180.6373,277.36841,5517.2285,258144,0.6401515,0.4889318,0.076424867,1.2233686,7.2752867,0.79733443,0.88977683,2.2496936,3265,2.5018198
3866694,142,1024,202,887.96716,0.093355402,93.92231,27.234795,75.306175,1.7253609,243.25652,345.72729,5941.1133,261016,0.567509,0.5634231,0.077692308,1.0781174,7.9262538,0.86867714,0.89904428,2.1470587,3265,2.5590408
3866695,142,1026,240,1036.9266,0.092551887,91.698509,24.400379,73.310905,3.2273593,264.04175,375.22031,6837.7163,282400,0.52416319,0.66615474,0.091568105,1.1058563,8.0531597,0.88258541,0.90078324,2.1289828,3265,2.519798
3866696,142,1028,271,1156.0494,0.10264549,91.210106,23.037352,71.31591,4.7065992,247.25417,376.20383,7834.835,315604,0.53292334,0.74160701,0.10327744,1.1345977,8.1281548,0.89080447,0.90180117,2.1185663,3265,2.4854841
3866697,142,1030,309,1313.8358,0.11281294,95.511864,22.928776,69.321198,4.4493818,246.9594,382.55688,9161.5859,364196,0.56375825,0.77738297,0.11722306,1.1610159,8.2433043,0.9034242,0.90335035,2.1029413,3265,2.449389
3866698,142,1032,365,1511.041,0.084062397,103.45409,23.68202,67.326797,3.4626181,344.04129,475.27194,11302.782,455596,0.59041095,0.77375436,0.13706346,1.1876886,8.4450464,0.92553419,0.90602559,2.0765932,3265,2.4048619
3866699,142,1034,390,1621.8309,0.076505117,112.39941,25.617752,71.276215,1.9333472,367.53564,516.13403,12637.969,524828,0.64138156,0.65865368,0.14546812,1.1839242,8.5669441,0.9388935,0.9076187,2.0612745,3265,2.3965449
3866700,142,1036,397,1643.4437,0.074137576,119.37621,28.148493,84.91053,1.3845408,384.45871,527.79242,13547.998,594588,0.68475688,0.58931226,0.13998589,1.0745152,8.9981489,0.98615134,0.91312057,2.0104167,3265,2.4568932
3866701,142,1038,402,1678.8944,0.082995489,124.57022,30.228422,83.39682,2.3739252,364.44547,504.18436,14064.864,631116,0.72311759,0.56103241,0.15709262,1.2971607,8.2524729,0.90442914,0.90347302,2.1017158,3265,2.3251159
3866702,142,1040,443,1866.6868,0.071006365,129.45398,28.405525,81.869316,3.9006448,427.68121,574.76727,15652.854,711296,0.70567805,0.59312081,0.15593101,1.1062666,9.1394806,1.0016407,0.91488063,1.9947916,3265,2.4153953
3866703,142,1042,465,1919.174,0.070740305,134.30676,28.004011,81.155579,2.5884223,435.49094,583.88678,16265.287,731888,0.7104097,0.61546302,0.16304348,1.1139269,9.2333212,1.0119251,0.91603792,1.9846814,3265,2.400347
3866704,142,1044,499,2044.8861,0.067757897,139.75848,29.596024,83.402245,1.4294509,462.23148,615.82819,18034.688,839264,0.73190558,0.63056594,0.19333592,1.3523777,8.5349131,0.93538314,0.90720177,2.0652573,3265,2.2479253
3866705,142,1046,532,2184.4854,0.072154962,144.92177,30.418911,87.017021,0.51194662,468.86066,616.80292,19596.33,929552,0.73362076,0.65313405,0.2062815,1.3722192,8.614193,0.94407171,0.90823162,2.0554535,3265,2.2227979
3866706,142,1048,546,2183.8037,0.14571452,148.78998,33.15453,83.249062,0.0096508283,301.73166,433.97061,20964.098,1016120,0.77142185,0.59018487,0.21212122,1.38293,8.6367559,0.94654459,0.90852344,2.052696,3265,2.211216
3866707,142,1050,813,3306.5444,0.039789949,144.98282,36.376675,114.78883,0.062210832,859.58234,1021.893,37632.168,2241316,0.67782766,0.78481543,0.27624872,1.2700815,10.60611,1.1623757,0.93203628,1.8572304,3265,2.155812
3866708,142,1052,1062,4371.8472,0.051995128,143.40967,33.574677,117.56915,0.57211876,798.85699,1027.9124,50536.727,3103552,0.66837597,0.97263187,0.36024424,1.3498733,11.665052,1.2784305,0.94334781,1.7794118,3265,2.0191631
3866709,142,1054,1139,4662.6836,0.032113418,147.69804,31.413475,117.54467,1.4160321,1095.7272,1350.7645,52529.828,3155744,0.68614286,1.023141,0.38570943,1.3634399,12.053572,1.3210102,0.94730586,1.7542893,3265,1.9857723
3866710,142,1056,1200,4866.2583,0.033220198,153.39403,30.276323,117.55421,2.5164587,1085.8954,1356.7549,54618.012,3260932,0.69127053,1.0598496,0.4054054,1.3691633,12.395946,1.3585327,0.9507159,1.7334559,3265,1.9628531
3866711,142,1058,1267,5121.541,0.032545697,160.44368,29.39831,117.59778,3.8236728,1111.2831,1406.2368,57189.832,3405520,0.68660653,1.1177049,0.42459786,1.3594797,12.885755,1.4122132,0.95547479,1.7055759,3265,1.9470981
3866712,142,1060,1322,5364.0264,0.039414145,165.76105,27.001068,117.67532,5.2892056,1001.4795,1307.7488,59027.527,3486208,0.67357284,1.1745669,0.44288108,1.3651124,13.206895,1.4474086,0.95852256,1.6884191,3265,1.9272354
3866713,142,1062,1381,5608.7227,0.034360364,172.72693,25.90778,117.78677,6.8745232,1107.147,1432.2144,61841.203,3664288,0.65086633,1.2667595,0.46264657,1.3700392,13.563023,1.4864384,0.96183878,1.6703432,3265,1.9071783
3866714,142,1064,1411,5726.8506,0.038244791,180.32399,26.030939,117.93204,8.5477285,1030.8461,1371.7555,63203.145,3756300,0.64230084,1.3153976,0.4725385,1.3709428,13.757948,1.5078012,0.96362674,1.6608456,3265,1.8980849
3866715,142,1066,1430,5809.9229,0.032010652,187.21045,26.640341,118.11102,9.8950348,1172.3416,1510.2291,64282.672,3846844,0.63804704,1.3387011,0.47890154,1.3717537,13.880212,1.5212008,0.96473861,1.6550245,3265,1.8922936
3866716,142,1068,1432,5804.0605,0.036191441,194.23418,28.137232,118.32352,7.9456844,1085.3026,1419.6063,64494.207,3880536,0.64594632,1.3318311,0.48102117,1.378948,13.834915,1.5162364,0.96432751,1.6571691,3265,1.888082
3866717,142,1070,1403,5731.5908,0.03574029,199.73108,29.522179,118.56938,6.0255675,1095.7094,1419.5918,63132.719,3802320,0.65478498,1.2990364,0.47080538,1.3753519,13.669228,1.4980779,0.96281528,1.6651348,3265,1.8980895
3866718,142,1072,1380,5628.3545,0.030928705,204.99698,32.178345,118.8484,4.1687603,1183.3396,1512.2194,64090.758,3985932,0.65862155,1.2860914,0.46449006,1.3811588,13.470674,1.4763174,0.96098506,1.6749387,3265,1.9017122
3866719,142,1074,1372,5606.1714,0.031739116,208.09454,33.79776,119.16033,2.4848022,1170.1663,1489.8438,65621.094,4163440,0.64665508,1.285024,0.45932373,1.367788,13.51977,1.481698,0.96143949,1.6724877,3265,1.9109851
3866720,142,1076,1413,5694.0874,0.031032713,209.96892,33.4366,119.50494,1.4117213,1169.3461,1518.4731,68556.742,4361208,0.62088978,1.3332745,0.47304988,1.3702316,13.777109,1.5099012,0.96380144,1.6599264,3265,1.8978846
3866721,142,1078,1243,5048.9326,0.028287562,209.07359,36.214958,120.35089,1.8444656,1172.0952,1497.6384,60478.637,3944352,0.65105069,1.1334311,0.41613659,1.3535366,12.769318,1.3994523,0.95435584,1.7120098,3265,1.9578838
3866722,142,1080,997,4089.5945,0.029196585,226.26306,29.570024,113.39426,1.1547518,1070.7554,1326.7192,43781.871,2606360,0.64701134,0.94293141,0.35317039,1.4405069,10.799088,1.1835252,0.93415862,1.8419118,3265,1.9931173
3866723,142,1082,1023,4156.4102,0.025066944,217.15401,25.549547,122.5468,2.0392179,1173.719,1443.4889,44942.797,2741540,0.59946668,1.0120718,0.34271356,1.3074117,11.65589,1.2774262,0.94325328,1.7800245,3265,2.0573816
3866724,142,1084,1174,4799.0117,0.016333856,226.03925,32.406685,123.68282,2.8287582,1630.1912,1921.4827,55417.066,3472796,0.59897232,1.1411749,0.39094239,1.3275844,12.4846,1.3682487,0.9515875,1.7282475,3265,1.9948314
3866725,142,1086,1156,4726.2798,0.020047192,228.30104,33.453331,120.51354,2.8660955,1449.8889,1721.226,55361.727,3494724,0.61463922,1.1059529,0.38507661,1.3248672,12.385598,1.3573986,0.95061386,1.7340686,3265,2.0022933
3866726,142,1088,1136,4660.5557,0.019452885,226.30281,34.227169,125.19724,2.0010056,1485.4559,1735.129,56263.684,3656616,0.59273905,1.1117122,0.37841439,1.3206098,12.283069,1.3461618,0.9495995,1.7401961,3265,2.0113807
3866727,142,1090,1016,4150.6279,0.015059843,232.4055,31.426968,127.06554,1.3878431,1615.6899,1861.0225,47638.895,2948688,0.60494548,0.98875254,0.33957219,1.2990112,11.65589,1.2774262,0.94325328,1.7800245,3265,2.0648921
3866728,142,1092,912,3702.1169,0.017345168,231.41199,33.143764,122.89983,2.3189049,1411.9146,1637.7241,43100.52,2756680,0.63729608,0.86811835,0.32317504,1.4159689,10.471381,1.1476102,0.93053734,1.8682598,3265,2.0360546
3866729,142,1094,918,3705.1841,0.026206914,236.84373,32.63118,124.32776,3.9610384,1108.0461,1332.9132,42406.973,2681524,0.64775735,0.88273168,0.32622603,1.4233528,10.463996,1.1468009,0.93045479,1.8688725,3265,2.0301065
3866730,142,1096,977,3996.2864,0.027210398,245.47917,33.568092,125.76987,3.1326056,1127.5063,1358.5192,46187.223,2923568,0.61426961,0.97554213,0.3478106,1.4443089,10.667108,1.1690608,0.93271023,1.8523284,3265,1.998384
3866731,142,1098,944,3893.3042,0.03418304,250.96088,39.404263,127.22707,1.1326056,978.84583,1196.3513,46500.625,3040692,0.62099415,0.91042131,0.33546552,1.4314415,10.560816,1.1574118,0.93153399,1.8609068,3265,2.0165544
3866741,142,1118,420,1670.903,0.022031881,297.37793,37.175068,169.13887,1.8928151,853.8299,976.2359,19992.439,1572376,0.67061031,0.60708731,0.15010722,1.1444882,8.9223976,0.97784942,0.91216868,2.018995,3265,2.3996148
3866742,142,1120,383,1541.0531,0.021347292,296.87814,33.173191,170.84833,2.5029464,824.8385,952.45032,16887.816,1442816,0.64128608,0.6774224,0.13688348,1.1196588,8.8163681,0.96622908,0.91082597,2.03125,3265,2.4320695
3866743,142,1122,386,1531.6986,0.027071994,294.51697,24.481779,171.50246,2.9158864,676.60925,843.20166,14095.915,1093288,0.59467059,0.86274385,0.13407433,1.0355619,9.0807505,0.99520415,0.91415173,2.0012255,3265,2.4854925
3866744,142,1124,346,1392.9219,0.045824047,311.42526,12.716077,68.176125,4.2995243,458.28262,618.04712,8236.542,261636,0.6462763,0.83844411,0.14285715,1.3598683,7.7644935,0.85094899,0.89679688,2.1709559,3265,2.3211997
3866745,142,1126,328,1323.3839,0.023316378,297.17908,19.520975,95.948692,2.3135619,689.39514,844.53436,8831.3369,354184,0.63349372,0.79505754,0.13371383,1.3292707,7.7950864,0.85430187,0.89722461,2.1663604,3265,2.3452525
3866746,142,1128,328,1324.2212,0.030919259,290.27902,27.948847,108.62727,0.31356195,589.47241,733.61914,10745.952,541364,0.62851495,0.75548464,0.1304175,1.2992963,7.9241371,0.86844516,0.89901507,2.1473651,3265,2.3583009
3932219,144,1002,186,766.98645,0.20321125,322.36267,30.846169,73.384644,0.67403501,107.61885,217.78348,6526.5698,304128,0.87869805,0.55391479,0.1471519,1.6611198,5.4103727,0.59294933,0.85916966,2.6804535,3265,2.4038465
3932220,144,1004,198,805.28595,0.21641594,317.42505,34.219841,77.602592,2.1046219,107.99046,216.23967,7535.1865,380240,0.91068041,0.56418991,0.15664557,1.6702375,5.4222355,0.59424943,0.85938829,2.6767769,3265,2.3941278
3932221,144,1006,210,854.19525,0.17320402,313.46887,38.167301,97.463066,2.7603889,139.32201,248.94563,8696.3672,473912,0.90175438,0.59017676,0.16496465,1.6806347,5.4431205,0.59653836,0.85977226,2.6703432,3265,2.3815169
3932222,144,1008,209,851.86499,0.17418483,310.54315,40.557125,99.780472,1.3439584,137.59251,247.90492,9007.3828,505880,0.9083088,0.55521953,0.16405024,1.6800977,5.4431205,0.59653836,0.85977226,2.6703432,3265,2.3819265
3932230,144,1024,222,887.97229,0.1596202,103.68119,32.948471,75.468269,0.40206981,174.04762,264.39957,7680.9517,357052,0.69124782,0.51780957,0.095937774,1.2711146,7.352798,0.80582935,0.89091253,2.2365196,3265,2.4488022
3932231,144,1026,296,1167.1499,0.12475614,102.37313,26.60569,73.477402,1.8813097,232.21091,342.87616,9223.9121,393556,0.5614292,0.70819229,0.11229135,1.1492785,8.2136431,0.9001736,0.90295285,2.1069241,3265,2.4631624
3932232,144,1028,313,1262.0118,0.13212404,101.88256,23.312563,71.487053,3.3700476,217.22044,346.45413,9460.8682,384772,0.55031949,0.78997904,0.11878558,1.1651599,8.2501793,0.90417767,0.90344232,2.1020222,3265,2.4449008
3932233,144,1030,371,1486.8323,0.093250409,110.6437,24.330887,69.709953,4.8768697,312.8082,447.62109,11823.152,494688,0.56293434,0.84877878,0.13900337,1.1889225,8.4739847,0.92870563,0.90640533,2.0729167,3265,2.4009092
3932234,144,1032,372,1481.9031,0.084461726,118.36276,23.752419,73.836372,2.8782167,330.77249,469.55325,11900.998,498408,0.56205255,0.80280972,0.13875419,1.1806988,8.5079966,0.93243325,0.90685046,2.0686274,3265,2.4050875
3932235,144,1034,299,1183.3433,0.069447249,131.94092,25.073868,87.764168,0.88224822,341.48593,462.73544,9876.6035,448676,0.56782115,0.57372177,0.10505974,0.98125166,8.7642927,0.96052188,0.91016203,2.0373774,3265,2.5641947
3932237,144,1038,380,1543.3192,0.085378893,132.33438,32.183907,84.778732,1.5309384,351.38156,476.60385,14056.424,669876,0.74446607,0.46428463,0.13620071,1.0950012,8.829483,0.96766651,0.91099268,2.0297182,3265,2.453269
3932238,144,1040,390,1570.1775,0.067894138,138.65811,30.465406,82.677437,2.4943576,411.91574,539.09235,13879.961,640652,0.71866059,0.52876812,0.13679411,1.05716,9.0200281,0.98854929,0.91339439,2.0079658,3265,2.4709234
3932239,144,1042,413,1626.5956,0.08237762,145.56476,32.546192,84.016609,1.0731684,373.7186,498.12701,15532.086,761532,0.72963631,0.56181943,0.16196078,1.3097955,8.2570658,0.90493244,0.90353441,2.1011028,3265,2.3133111
3932246,144,1056,1182,4781.3115,0.047134932,150.48964,32.962963,119.55404,0.99567449,867.69733,1129.0339,55680.73,3416316,0.69543147,0.98455518,0.42579252,1.5220684,11.300797,1.2385099,0.9395467,1.8045343,3265,1.8942893
3932247,144,1058,1260,5042.2075,0.044850565,156.95261,31.478958,119.59688,2.4742835,902.70532,1188.588,58445.715,3576412,0.68652624,1.0651572,0.44935805,1.5143915,11.776148,1.290606,0.94448948,1.7720588,3265,1.8741661
3932248,144,1060,1331,5342.7104,0.046106856,162.63344,28.569201,119.67312,4.0962939,904.24451,1206.7102,60771.852,3672556,0.66821146,1.1499135,0.47450981,1.5185788,12.122505,1.328565,0.94799817,1.75,3265,1.8528984
3932249,144,1062,1391,5540.6099,0.035829939,169.25177,27.072968,119.78271,5.8165298,1075.8378,1393.9933,62970.746,3781340,0.64827335,1.2499363,0.49186704,1.5070506,12.547947,1.3751912,0.95220745,1.7245711,3265,1.8414603
3932250,144,1064,1427,5736.0083,0.03300691,177.04189,27.161285,119.92558,7.6015444,1142.0964,1477.7719,64737.09,3905120,0.63833934,1.2980077,0.5054906,1.5100039,12.714607,1.3934563,0.95382744,1.7150736,3265,1.8315191
3932251,144,1066,1442,5786.8184,0.034810159,183.04414,27.330542,120.10157,9.4318323,1114.4454,1445.3461,65192.266,3944068,0.63599598,1.3095087,0.50972074,1.5063848,12.830045,1.4061077,0.95494038,1.7086397,3265,1.8291676
3932252,144,1068,1462,5861.0122,0.030407224,189.11551,28.185333,120.31055,7.6761441,1226.3743,1556.3341,67081.547,4124272,0.63282555,1.3304549,0.51606071,1.5036403,12.964567,1.4208506,0.9562279,1.7012868,3265,1.8254094
3932253,144,1070,1470,5862.0869,0.031186553,194.12721,28.941597,120.55237,5.6765895,1198.8511,1536.9062,68038.406,4208028,0.62984121,1.3377234,0.51870149,1.5028219,13.015743,1.4264593,0.95671511,1.6985294,3265,1.8238409
3932254,144,1072,1432,5766.7451,0.033388697,199.51932,30.26062,120.82681,3.6775193,1141.5988,1473.2301,66641.031,4147196,0.64066714,1.2977511,0.50529289,1.5036403,12.80237,1.4030747,0.95467424,1.7101716,3265,1.8325195
3932255,144,1074,1380,5556.7861,0.053577125,206.31955,34.095612,121.13365,1.6797936,815.20062,1141.6344,65623.461,4188004,0.65775663,1.2365984,0.48970902,1.5126719,12.437508,1.3630877,0.95112509,1.731005,3265,1.842232
3932257,144,1078,1279,5102.3726,0.032407906,206.46213,35.789085,122.12406,0.73384345,1091.9974,1406.5836,64571.828,4305684,0.63855517,1.1364057,0.4556466,1.5142181,11.879861,1.3019724,0.94554812,1.7653186,3265,1.8688202
3932258,144,1080,1139,4613.0098,0.035293892,222.41956,30.782034,123.17471,2.7291403,991.30811,1281.5848,51539.266,3129532,0.64526898,1.0067594,0.41358024,1.5293183,11.023735,1.2081453,0.93659383,1.824755,3265,1.9047282
3932259,144,1082,1093,4393.2002,0.024441604,221.23001,32.79253,124.01087,2.6709342,1194.4835,1502.9017,50999.797,3331916,0.60367841,1.0086963,0.38337424,1.4590489,11.240869,1.2319421,0.93891263,1.8088236,3265,1.9509102
3932260,144,1084,1035,4203.5811,0.018049944,220.53563,28.926468,125.39474,1.0181085,1462.212,1710.7113,46868.895,2881384,0.60862464,0.96726745,0.36303052,1.4457687,10.999219,1.2054585,0.9363299,1.8265932,3265,1.9770349
3932261,144,1086,1063,4322.9077,0.0177019,218.77867,36.868526,126.52423,1.0983554,1510.7203,1751.7937,52612.422,3485916,0.62848991,0.9395833,0.3727209,1.4517481,11.118731,1.2185564,0.93761247,1.8177084,3265,1.9645374
3932262,144,1088,1058,4272.6816,0.028781291,224.3282,41.330276,123.75702,0.97351253,1134.8842,1365.8407,54067.426,3688452,0.66949475,0.95511305,0.37597725,1.4766103,10.942439,1.1992357,0.93571687,1.8308823,3265,1.9539611
3932264,144,1092,939,3807.1672,0.019817198,230.53928,29.310928,122.57346,1.4421227,1315.5836,1553.7631,43785.613,2741820,0.61387497,0.8820895,0.35474122,1.5563591,9.8525543,1.0797899,0.92346108,1.9227941,3265,1.9608146
3932265,144,1094,1025,4166.062,0.01964674,242.22147,31.178299,125.72771,3.438885,1363.5872,1632.3849,48561.949,3081380,0.59977323,0.97641891,0.3810409,1.5548217,10.293407,1.1281052,0.92853504,1.8832721,3265,1.9309306
3932266,144,1096,1023,4193.9531,0.026252406,245.68678,33.044582,127.1559,3.5297546,1156.4945,1416.8771,48642.203,3099428,0.61148763,0.94968665,0.38114753,1.5575318,10.264923,1.1249834,0.92821223,1.885723,3265,1.9306273
3932267,144,1098,1031,4188.5459,0.030577932,248.24312,34.647305,128.5974,1.9821066,1060.9238,1311.9961,49961.066,3225384,0.60391742,0.96953791,0.38470149,1.5612833,10.279145,1.1265421,0.92837352,1.8844975,3265,1.9265631
3932268,144,1100,977,3978.5181,0.029835662,249.92424,37.658581,130.05368,1.6266379,1063.7063,1294.4872,48577.027,3223896,0.60985452,0.91210711,0.36455223,1.5490652,10.090409,1.1058576,0.92621928,1.9010416,3265,1.9497741
3932269,144,1102,522,2129.7061,0.026089992,281.79822,34.858875,154.40727,0.38922301,870.14911,1012.8096,20326.289,1066536,0.70725322,0.51099068,0.18783735,1.2299371,9.150754,1.002876,0.91502011,1.9935662,3265,2.3018217
3932270,144,1104,192,771.46045,0.053558651,58.934814,21.744905,53.198318,0.042344861,350.00677,425.44846,4626.835,138828,0.84315008,0.30239344,0.10690423,1.5237383,6.2620583,0.68628973,0.87401003,2.4518995,3265,2.3740385
3932271,144,1106,344,1404.4438,0.034205738,342.82761,14.816282,76.785049,1.6266379,600.46051,718.30292,9829.1348,379708,0.76113635,0.43824053,0.1431544,1.3773553,7.7020226,0.84410256,0.89591944,2.1804535,3265,2.3127885
3932272,144,1108,488,1973.2578,0.023177961,301.36005,28.482542,159.21819,1.6266379,889.9505,1034.3303,20342.754,1361176,0.70357156,0.62369937,0.17397505,1.1887654,9.1282358,1.0004082,0.91474134,1.9960171,3265,2.3411303
3932273,144,1110,478,1929.6112,0.018620221,298.65796,30.074863,160.88678,1.6266379,987.56329,1141.1624,20065.234,1414008,0.72014773,0.59964097,0.17034926,1.1810954,9.103035,0.99764633,0.91442871,1.9987745,3265,2.3502913
3932274,144,1112,478,1952.8619,0.019974221,295.67148,33.440006,162.57997,1.6266379,956.23413,1108.4237,21059.414,1567152,0.6908415,0.58891672,0.17022792,1.1796287,9.1086226,0.99825877,0.91449809,1.9981618,3265,2.3511446
3932275,144,1114,471,1870.0195,0.019477885,294.01666,33.847073,162.63896,1.618993,957.9267,1098.3914,19741.779,1341496,0.71775758,0.56763256,0.16749644,1.1717485,9.1002436,0.99734044,0.91439408,1.9990809,3265,2.3590546
3932277,144,1118,246,961.78308,0.099081673,30.821989,12.906481,43.360126,0.79716873,242.57468,349.25839,4729.3691,111556,0.79512197,0.46600178,0.11861138,1.4053677,6.9255295,0.7590028,0.88453484,2.3128064,3265,2.3829846
3932278,144,1120,354,1429.3369,0.033718679,320.17209,15.006763,100.20779,2.7917745,570.53668,729.85565,9506.3623,386808,0.71562552,0.64235854,0.14597937,1.374692,7.7685585,0.85139453,0.8968538,2.1703432,3265,2.3077404
3932279,144,1122,451,1815.8649,0.019884238,293.58267,25.649824,170.31757,4.7449107,879.93555,1071.2534,16675.947,1143632,0.59666914,0.94699115,0.15659723,1.0856541,9.2679243,1.0157174,0.91646248,1.981005,3265,2.4233146
3932280,144,1124,464,1844.988,0.016453398,290.68713,27.117189,170.30313,4.3135619,1000.0646,1187.0634,17222.031,1137284,0.62297052,0.94453353,0.16122307,1.0968591,9.2998724,1.0192188,0.91685337,1.9776348,3265,2.4103422
3932281,144,1126,452,1809.3827,0.016380331,290.04922,27.167437,169.68448,2.3135619,988.88867,1178.1724,16180.392,995480,0.62368774,0.96581459,0.1572721,1.091284,9.2534752,1.0141338,0.91628534,1.9825368,3265,2.419364
3932282,144,1128,390,1543.3995,0.010780972,283.4169,34.799343,176.73557,0.31356195,1167.708,1341.2667,15768.759,1112708,0.62011731,0.81527245,0.13494809,1.0296568,9.1226234,0.99979317,0.91467178,1.99663,3265,2.4873071
3997754,146,1000,193,790.54871,0.20959067,323.24585,28.923901,70.730354,0.64109641,107.40295,217.71245,6557.8594,292252,0.87257123,0.56942981,0.15281077,1.6663051,5.4162974,0.59359866,0.85927886,2.6786151,3265,2.3984888
3997755,146,1002,205,832.37274,0.21531138,317.48364,32.433224,75.274971,2.0716834,110.409,220.40953,7549.3228,364496,0.90540409,0.57847059,0.16231196,1.675193,5.4281859,0.59490162,0.85949779,2.6749387,3265,2.3889964
3997756,146,1004,213,875.93091,0.17829427,313.15778,36.215519,94.983879,2.7648258,135.52805,248.4684,8475.7891,440956,0.91394275,0.57175088,0.16732129,1.6827726,5.4461174,0.59686679,0.85982728,2.6694241,3265,2.3792243
3997757,146,1006,213,871.33978,0.17898995,310.12769,38.48851,97.194061,1.3483955,136.05716,247.33432,8765.4463,468052,0.9166888,0.54362696,0.16705883,1.6831366,5.4481173,0.59708595,0.85986394,2.6688113,3265,2.3785026
3997767,146,1026,241,983.52808,0.060097568,111.20865,24.965263,69.52655,0.55714953,348.10446,453.49225,7150.3916,297836,0.56939834,0.58297247,0.090737954,1.0791774,8.1415348,0.8922708,0.90198201,2.1167278,3265,2.5350084
3997768,146,1028,295,1187.0886,0.088008344,117.51908,23.717123,72.549706,2.3098974,286.88358,411.70352,9103.207,388964,0.52074254,0.77530551,0.11073574,1.1265163,8.2824154,0.90771061,0.90387285,2.0977328,3265,2.4769721
3997769,146,1030,286,1149.0692,0.075796403,125.18997,22.0441,76.455681,4.224637,294.76389,436.46933,8894.833,390660,0.50300574,0.76871961,0.10703593,1.1114959,8.2824154,0.90771061,0.90387285,2.0977328,3265,2.4907494
3997770,146,1032,227,919.24438,0.038847573,135.37726,18.885944,90.616234,3.3094888,424.89621,545.30377,6824.0903,317452,0.44528478,0.66871989,0.079565369,0.90274692,8.5992155,0.94243038,0.9080376,2.0572917,3265,2.6527863
3997771,146,1034,168,690.98724,0.10104769,118.37299,11.468902,55.957821,1.6879008,200.06256,293.14111,3847.4858,127488,0.52409464,0.46174985,0.064269319,1.0312271,7.8841376,0.86406142,0.89846247,2.1531863,3265,2.6070952
3997772,146,1036,371,1497.1034,0.077654421,136.29962,30.784649,87.633057,1.0684116,367.13394,492.20694,13626.391,660252,0.67140675,0.57690245,0.13054188,1.0485411,8.9439096,0.98020709,0.91243958,2.0165441,3265,2.4856296
3997773,146,1038,359,1433.6438,0.074039094,140.56313,32.482811,84.550865,2.1652193,377.8736,493.28171,13499.623,661200,0.71740246,0.49782845,0.1263195,1.0383862,8.9116802,0.9766748,0.9120335,2.0202205,3265,2.4978864
3997774,146,1040,347,1377.9312,0.078440629,145.15681,35.776649,85.346794,1.1839676,357.94714,469.83804,13685.438,703324,0.75607604,0.4467572,0.13688363,1.2665744,8.0750732,0.884987,0.90108138,2.1259191,3265,2.3709798
3997783,146,1058,1292,5171.4688,0.055181734,151.50853,32.925316,121.596,1.3476584,794.43921,1085.2111,62523.539,3949396,0.65227592,1.1599683,0.46077034,1.5169317,11.92761,1.3072054,0.94603318,1.762255,3265,1.8641404
3997784,146,1060,1390,5574.4961,0.056645878,157.17036,29.353323,121.671,3.1308169,784.95624,1112.0481,66248.289,4141000,0.62225711,1.2930049,0.49554366,1.5201232,12.421889,1.3613759,0.95097142,1.7319241,3265,1.8371627
3997785,146,1062,1428,5739.5093,0.050893821,162.74971,27.569784,121.77879,4.9744349,851.15869,1190.4462,66911.289,4133476,0.61548096,1.3421232,0.50890946,1.5194142,12.628039,1.3839689,0.95298797,1.7199755,3265,1.8282146
3997786,146,1064,1468,5906.0464,0.046049777,169.95532,27.163769,121.91931,6.8546329,919.40515,1269.5201,68470.078,4223684,0.60442173,1.4026103,0.52316463,1.5182666,12.846707,1.4079338,0.95510036,1.7077206,3265,1.8194637
3997787,146,1066,1495,6004.1665,0.045254678,177.04257,27.565313,122.09243,8.76054,927.89966,1291.218,70111.703,4363284,0.60120261,1.430599,0.53259706,1.5164,13.004335,1.425209,0.95660663,1.6991421,3265,1.8141987
3997788,146,1068,1499,6001.583,0.034336787,182.62408,28.00395,122.29802,7.8720322,1125.0912,1482.0334,70562.594,4425800,0.60205513,1.4282318,0.53402209,1.5161628,13.02717,1.4277116,0.95682371,1.6979166,3265,1.8134302
3997789,146,1070,1499,6017.6704,0.0343007,188.62717,28.916533,122.53591,5.9309869,1129.5261,1484.799,70716.945,4458156,0.60469955,1.4218454,0.53402209,1.5161628,13.02717,1.4277116,0.95682371,1.6979166,3265,1.8134302
3997790,146,1072,1475,5960.5479,0.033915699,193.65512,29.61068,122.80592,4.0380988,1120.0614,1486.0986,69684.438,4396848,0.61201668,1.3923883,0.52157003,1.5060258,13.010036,1.4258339,0.95666087,1.6988357,3265,1.8216512
3997791,146,1074,1471,5944.3018,0.035127465,198.4446,30.559507,123.10783,2.2836463,1106.0046,1458.2499,70078.328,4467248,0.61034054,1.3838612,0.52033961,1.506734,12.981581,1.4227153,0.95639002,1.7003677,3265,1.8223261
3997792,146,1076,1302,5264.6235,0.035480641,207.32819,28.679783,122.9371,1.1001486,1040.1407,1365.5037,61743.961,3979412,0.57998514,1.2759653,0.45668188,1.4888555,12.207278,1.3378557,0.94884557,1.7447916,3265,1.8727112
3997793,146,1078,1003,4001.9062,0.036470167,192.88841,18.608698,123.90778,1.5899597,876.56262,1174.2742,42785.609,2635056,0.56217575,1.056215,0.35279635,1.4432245,10.83853,1.1878477,0.93458891,1.838848,3265,1.9893093
3997794,146,1080,1256,5058.1982,0.023542296,214.95578,29.44021,124.93234,3.176708,1316.0232,1643.1547,59463.168,3775408,0.58479583,1.2372897,0.44070175,1.4853323,11.975744,1.3124807,0.94652069,1.7591912,3265,1.8875352
3997795,146,1082,1226,4967.8149,0.022774702,218.13087,28.197777,124.02905,2.5461471,1297.6665,1655.6223,55629.988,3398312,0.58741021,1.1891751,0.43002456,1.4812305,11.837214,1.2972984,0.9451136,1.7680759,3265,1.8983192
3997796,146,1084,1172,4762.3125,0.018164828,217.59111,29.153311,127.11213,0.73637342,1505.46,1815.0902,55996.535,3658040,0.56635177,1.16056,0.41093969,1.472912,11.592146,1.2704403,0.94259417,1.7843137,3265,1.9187894
3997797,146,1086,855,3462.2544,0.026282808,214.17546,17.781624,128.23335,0.83370107,1040.8455,1286.6149,36477.301,2173500,0.57727927,0.88430244,0.30031613,1.3929224,10.296979,1.1284965,0.92857552,1.8829657,3265,2.0694995
3997798,146,1088,1179,4780.2715,0.021635702,222.0808,32.033878,124.88916,1.7387288,1371.6692,1666.2712,58149.395,3864520,0.59014356,1.1299062,0.41295972,1.471958,11.637606,1.2754225,0.94306451,1.78125,3265,1.9170613
3997799,146,1090,949,3849.9634,0.024806129,242.70135,26.201874,122.95691,1.0401069,1128.2507,1396.5411,41928.039,2525332,0.58261639,0.95038384,0.35384041,1.5408436,10.001987,1.0961668,0.92519969,1.9090073,3265,1.9629602
3997800,146,1092,770,3125.71,0.027288247,252.87978,16.665043,131.56589,2.0856571,966.47443,1199.752,29928.078,1592264,0.61047065,0.80392939,0.27509826,1.3938459,9.8427505,1.0787154,0.92334628,1.9237132,3265,2.1014285
3997801,146,1094,1026,4148.8633,0.018159932,239.44807,30.438204,146.27966,3.8117292,1433.6262,1694.3861,49277.352,3186028,0.57639331,1.0236878,0.34007293,1.2663664,11.870358,1.3009309,0.94545138,1.7659314,3265,2.0811803
3997802,146,1096,1022,4163.6079,0.021503823,242.41048,32.675564,147.80368,3.5674853,1275.326,1559.847,50218.48,3376892,0.57195377,1.0358481,0.33930942,1.2698988,11.827778,1.2962643,0.94501734,1.7686887,3265,2.0803888
3997803,146,1098,1018,4124.0059,0.020329462,243.89809,35.033405,149.3756,3.7993813,1317.7737,1596.6202,51163.031,3567756,0.57049221,1.0226632,0.33809367,1.2696527,11.804254,1.2936862,0.94477707,1.7702206,3265,2.0819287
3997804,146,1100,1024,4138.0645,0.02170001,247.65793,37.056961,150.98784,2.8631318,1282.5551,1548.0094,52610.43,3760604,0.56006765,1.0361717,0.34019932,1.2723542,11.827778,1.2962643,0.94501734,1.7686887,3265,2.0781877
3997805,146,1102,1013,4103.0469,0.021205995,250.9655,37.744022,152.63376,1.3712305,1300.8575,1559.297,52868.875,3872736,0.55073375,1.0445958,0.33665669,1.2700298,11.771477,1.290094,0.94444168,1.7723652,3265,2.0834363
3997806,146,1104,770,3146.9214,0.0206788,267.61011,31.037964,154.30815,1.2023203,1166.2761,1382.8823,35395.516,2433700,0.55099386,0.84648341,0.2568379,1.1875836,10.694016,1.1720098,0.93300658,1.8501838,3265,2.2239385
3997807,146,1106,516,2079.9995,0.017315919,294.08557,19.43442,153.34369,2.5622735,1046.7817,1228.6093,17768.062,944080,0.69720781,0.62035215,0.18389165,1.2068905,9.2103949,1.0094125,0.91575605,1.9871323,3265,2.3176267
3997808,146,1108,465,1870.5074,0.0254653,303.1879,17.485369,103.79947,3.6266379,786.34174,960.74969,14511.485,627268,0.73846865,0.58105975,0.18787879,1.431352,8.110384,0.88885683,0.9015606,2.1210172,3265,2.2208707
3997809,146,1110,480,1912.1675,0.021832837,300.10837,21.301529,159.46941,3.5471764,879.08514,1049.0902,16621.637,875808,0.72600907,0.6041218,0.17094018,1.1810263,9.1142178,0.99887198,0.91456753,1.9975491,3265,2.3493876
3997810,146,1112,482,1936.9257,0.025195332,296.73441,26.221418,161.22568,3.6266379,808.34802,982.88196,19091.668,1315708,0.70146912,0.63117337,0.17245081,1.1918591,9.0835304,0.99550879,0.9141863,2.0009191,3265,2.342181
3997811,146,1114,444,1782.0685,0.022916777,297.62796,23.138924,160.19975,2.2251475,815.77576,988.53113,15982.761,981848,0.75188619,0.57876921,0.15988477,1.1775836,8.9304523,0.97873223,0.91227019,2.0180759,3265,2.3686643
3997812,146,1116,459,1832.426,0.016027622,295.88715,22.661427,158.29228,1.071103,1019.2212,1198.6257,15744.048,872632,0.7184881,0.63753134,0.16299716,1.160183,9.0779734,0.99489969,0.91411716,2.0015318,3265,2.3715448
3997813,146,1118,475,1877.199,0.018717224,293.74475,22.731678,166.58324,1.6188459,935.09589,1122.6371,15919.485,853884,0.68708861,0.71479291,0.16879886,1.1730915,9.1170177,0.99917883,0.91460228,1.9972427,3265,2.3563795
3997814,146,1120,505,2017.6654,0.020435525,289.89755,26.558537,168.22658,3.224987,906.8186,1113.8754,19076.605,1305956,0.62300014,0.85094708,0.1792051,1.1907729,9.2132549,1.0097259,0.91579121,1.9868259,3265,2.332036
3997815,146,1122,500,1978.7869,0.018438831,285.80557,21.736313,167.04155,3.6863413,942.40649,1161.2821,16840.797,967312,0.60370338,0.98479885,0.17247327,1.1051277,9.4690151,1.037756,0.91890621,1.9601716,3265,2.388793
3997816,146,1124,484,1913.6027,0.017157452,285.73862,21.172052,165.57883,3.6415708,972.55548,1183.8711,15764.755,841668,0.59649575,1.0330418,0.16846502,1.1152421,9.3437948,1.0240325,0.91738909,1.9730393,3265,2.3898244
3997817,146,1126,484,1878.5747,0.0151744,284.09927,23.855675,173.88361,2.4691708,1033.851,1247.2784,16446.08,933908,0.60378486,0.99191809,0.1684064,1.1144383,9.3467379,1.0243551,0.91742498,1.9727329,3265,2.3903158
3997818,146,1128,492,1952.5892,0.024404012,284.30789,27.351059,175.33841,0.91790867,787.03571,1002.7202,17963.203,1197740,0.58094484,1.0594825,0.17101148,1.1176336,9.3792334,1.0279163,0.91782004,1.9693627,3265,2.3846967
3997819,146,1130,385,1543.1558,0.021093365,290.95026,29.015995,174.0703,0.86269069,805.7215,958.81952,13828.68,828704,0.75925326,0.56038219,0.13954331,1.144899,8.7282038,0.95656681,0.90970021,2.0416667,3265,2.4169328
3997820,146,1132,371,1465.094,0.016969027,291.10797,28.665483,172.96687,0.86269069,892.74762,1041.6198,13036.71,721728,0.75694615,0.56062979,0.13505642,1.1463519,8.6543875,0.94847685,0.90875101,2.0505514,3265,2.4225883
3997821,146,1134,365,1441.6384,0.021425607,289.05411,32.358173,181.31554,0.86269069,776.52014,919.53137,13705.172,801748,0.75473428,0.53416169,0.14959016,1.3765804,7.8217959,0.85722905,0.89759701,2.1623774,3265,2.3002036
3997822,146,1136,369,1474.5916,0.021964671,287.70856,36.4062,182.65755,0.86269069,779.38239,918.49847,15173.934,1065144,0.73647934,0.53773493,0.13388969,1.1339576,8.6796999,0.95125097,0.90907717,2.0474877,3265,2.4314756
3997823,146,1138,347,1394.3491,0.019303005,288.49503,32.883423,181.24248,0.86269069,811.06183,952.74841,12849.454,757988,0.76748681,0.53011245,0.12604432,1.1175621,8.6166935,0.94434583,0.90826398,2.0551472,3265,2.4524534
3997824,146,1140,330,1319.9353,0.029827416,288.16901,32.182865,121.23846,0.86269069,603.2912,745.71594,11924.864,649128,0.76864696,0.52336603,0.13658941,1.3594769,7.7020226,0.84410256,0.89591944,2.1804535,3265,2.328788
3997825,146,1142,334,1339.4121,0.025515782,286.61533,36.814091,140.13748,0.86269069,673.19385,812.18994,13314.539,813596,0.7433781,0.53037804,0.13744856,1.3597071,7.7321243,0.84740156,0.89634293,2.1758578,3265,2.3253324
3997826,146,1144,316,1293.6029,0.01831503,284.44324,41.622395,189.69835,0.86269069,805.90015,942.10999,13738.806,955404,0.7604782,0.45150501,0.11545487,1.1059766,8.4933872,0.93083203,0.90665942,2.0704658,3265,2.475028
3997827,146,1146,320,1258.0972,0.016400317,285.72565,37.330681,188.53011,0.86269069,839.19928,981.8291,13160.719,810944,0.76641852,0.50942528,0.1183432,1.127051,8.4306517,0.92395657,0.90583628,2.0784314,3265,2.4617121
3997828,146,1148,293,1189.675,0.030488711,284.35474,39.347141,128.64568,0.86269069,585.19495,700.24432,12160.576,725780,0.77663749,0.4647983,0.12122466,1.3277886,7.6307259,0.83628881,0.89491147,2.1914828,3265,2.3653862
3997829,146,1150,297,1170.7467,0.020178793,283.07153,44.019901,147.44574,0.095058069,719.06744,853.8642,13814.987,915580,0.74779326,0.47087815,0.1223733,1.3268086,7.6582952,0.83931023,0.89530206,2.1871936,3265,2.3631454
4063289,148,998,200,819.97266,0.21637687,324.35419,26.899019,68.131821,0.60815781,105.98211,218.22234,6579.6665,279644,0.86934674,0.58484697,0.15822785,1.6717196,5.4242172,0.59446669,0.85942477,2.6761642,3265,2.392545
4063290,148,1000,214,873.84058,0.21960837,317.59399,30.736816,73.297745,2.0387447,112.2268,223.61276,7691.3662,357896,0.90847266,0.57585412,0.16943784,1.6816145,5.4371371,0.59588259,0.85966235,2.6721814,3265,2.3821163
4063291,148,1002,223,902.64075,0.18303952,312.87683,33.990738,92.404099,2.7692628,133.6862,248.9373,8596.1338,430476,0.90380967,0.58721769,0.17490196,1.6901107,5.4581375,0.59818411,0.86004764,2.6657476,3265,2.3710091
4063292,148,1004,219,897.4682,0.18406859,309.65579,36.219696,94.62011,1.3528324,132.41689,247.52817,8684.8496,444848,0.91077042,0.55578285,0.1717647,1.6873504,5.4541249,0.59774435,0.85997415,2.6669731,3265,2.3739779
4063303,148,1026,257,1042.8525,0.044138219,115.53946,28.340284,77.2967,0.1832374,448.00665,544.8902,8685.127,397848,0.55426192,0.52466208,0.098204054,1.1167883,8.0926895,0.88691765,0.90132064,2.1234682,3265,2.5055068
4063304,148,1028,276,1097.7339,0.046563774,123.0444,23.94808,79.116524,2.1397815,392.84836,544.28882,8742.1045,397328,0.48703557,0.73628205,0.10298508,1.096995,8.2777948,0.90720421,0.90381122,2.0983455,3265,2.5045493
4063305,148,1030,269,1076.7588,0.058101743,127.25082,21.827381,93.466843,4.0252986,339.14737,482.58026,8273.0703,377520,0.47733453,0.74556917,0.094785057,0.96287763,8.6619654,0.94930738,0.90884876,2.0496323,3265,2.5908256
4063306,148,1032,229,918.23181,0.10239503,122.05726,16.662043,63.411007,3.1912804,220.91791,335.69254,6020.2246,223704,0.52857578,0.64752716,0.086447716,1.0760709,8.0926895,0.88691765,0.90132064,2.1234682,3265,2.5430582
4063307,148,1034,343,1371.0765,0.084972836,136.34538,31.301826,90.48597,2.7638943,332.60455,450.29355,12761.47,634360,0.6362505,0.61491603,0.12081719,1.0268853,8.8611212,0.97113383,0.91139418,2.0260417,3265,2.5130773
4063308,148,1036,346,1370.9044,0.075097762,141.71785,34.092781,87.899155,2.4771304,361.84457,478.95535,13184.425,669132,0.67135799,0.58961374,0.12170243,1.0263689,8.8796806,0.9731679,0.9116292,2.0238972,3265,2.511869
4063309,148,1038,326,1286.2035,0.090255499,146.65343,35.575829,87.118187,1.3465056,316.77274,423.17786,12844.411,668700,0.69126946,0.50932372,0.1285996,1.2491554,8.029192,0.87995863,0.90045643,2.1323528,3265,2.3915815
4063319,148,1058,1288,5189.3633,0.054809507,149.20673,34.550751,123.59516,0.53009087,800.07294,1090.7721,64526.859,4178004,0.64620042,1.1503365,0.46016434,1.5195427,11.884619,1.3024938,0.94559652,1.7650123,3265,1.8642784
4063320,148,1060,1419,5696.8823,0.055637717,154.8217,30.213125,123.66894,2.4405665,803.70941,1134.3286,69159.898,4415024,0.60237998,1.3451844,0.50570208,1.5195334,12.579862,1.3786889,0.95251888,1.7227329,3265,1.8303053
4063321,148,1062,1466,5885.48,0.051761344,160.26515,28.491756,123.775,4.3747115,854.69031,1195.3445,70144.844,4421956,0.59775668,1.3954722,0.52245188,1.518348,12.835594,1.4067159,0.95499367,1.7083334,3265,1.8198802
4063322,148,1064,1499,6029.9878,0.048258465,166.5018,27.881237,123.91325,6.3255024,909.24933,1253.073,71513.508,4499032,0.59143478,1.4391131,0.53421241,1.516682,13.021454,1.4270852,0.95676941,1.698223,3265,1.8132896
4063323,148,1066,1522,6136.0703,0.045591217,172.98735,28.186481,124.08359,8.2863684,941.44836,1300.4974,72674.062,4595000,0.58927792,1.457813,0.54240912,1.5151132,13.154208,1.4416344,0.95802629,1.6911764,3265,1.8090525
4063324,148,1068,1527,6175.2109,0.043056171,178.56857,28.535406,124.28588,8.5039501,978.58197,1342.4963,73105.625,4660124,0.58814985,1.4615375,0.54399717,1.5142181,13.189286,1.4454787,0.95835686,1.6893382,3265,1.8082991
4063325,148,1070,1532,6183.2949,0.040791724,184.04994,28.935675,124.51997,6.7276354,1011.5409,1380.1583,73494.516,4710288,0.58796024,1.4654942,0.54538983,1.5127981,13.230448,1.4499898,0.95874387,1.6871936,3265,1.8076859
4063326,148,1072,1534,6200.0508,0.03978508,189.58792,29.664644,124.78569,5.0963411,1028.8718,1399.4019,74123.227,4783252,0.59093678,1.4653805,0.53805685,1.4898652,13.495176,1.4790028,0.96121204,1.6737132,3265,1.814007
4063327,148,1074,1515,6116.7539,0.045065671,194.29137,30.197966,125.08282,3.7682922,929.8443,1305.998,73328.219,4744636,0.59453726,1.4384695,0.53120619,1.4904586,13.385609,1.4669946,0.96019489,1.6792279,3265,1.8179164
4063328,148,1076,1422,5787.6274,0.045986481,200.82631,30.716597,125.41115,3.0691936,923.31195,1257.593,69578.711,4590364,0.58657116,1.3653115,0.49859747,1.4929402,12.846707,1.4079338,0.95510036,1.7077206,3265,1.838941
4063329,148,1078,1057,4250.2222,0.037961565,213.00299,17.428442,117.20341,3.331753,832.51233,1186.1475,42669.379,2399800,0.55580401,1.0803069,0.38380536,1.5144422,10.697871,1.1724323,0.93304902,1.8498775,3265,1.9373753
4063330,148,1080,1076,4346.4194,0.031128233,208.03445,22.944824,126.70161,4.4128518,1029.4712,1324.6267,46138.508,2786324,0.60367078,1.0568243,0.37701473,1.4532619,11.181573,1.2254435,0.93828273,1.8131127,3265,1.959439
4063331,148,1082,1245,5007.1455,0.029647175,218.36215,29.420824,119.89455,3.5623701,1100.3494,1456.8284,57094.293,3515432,0.58521032,1.1989169,0.45157781,1.5412847,11.484479,1.2586405,0.94147468,1.7916666,3265,1.8684379
4063332,148,1084,1257,5122.7114,0.022531306,217.50844,33.30397,128.84106,2.4585133,1351.0753,1690.2919,62219.203,4216532,0.55976468,1.2451223,0.43981805,1.4801317,12.019398,1.3172649,0.94696158,1.7564338,3265,1.8895921
4063333,148,1086,931,3810.969,0.022670595,238.43471,23.530987,138.17752,2.5005023,1161.0192,1453.4202,39129.871,2301500,0.56560528,0.9653632,0.30736217,1.2054181,11.542549,1.2650048,0.94207942,1.7876838,3265,2.1543314
4063334,148,1088,1058,4303.1431,0.018659506,224.76079,27.757942,139.6498,2.2247267,1422.9834,1702.3457,49129.746,3173912,0.57164496,1.0720991,0.33228642,1.0622736,12.975904,1.4220932,0.95633596,1.7006741,3265,2.2092245
4063335,148,1090,1207,4882.3599,0.019508205,227.90823,35.998695,141.18121,1.5503974,1470.8895,1773.4182,63323.359,4505524,0.55018473,1.2113152,0.37896389,1.0999892,13.886707,1.5219126,0.9647975,1.6547182,3265,2.1328466
4063336,148,1092,854,3471.7124,0.024412449,256.19638,28.046164,142.7605,2.4973741,1079.6205,1336.8145,39415.969,2626056,0.52664655,0.95726842,0.284004,1.2157707,11.064837,1.2126499,0.93703538,1.8216912,3265,2.1744211
4063337,148,1094,829,3371.1833,0.02158699,243.93568,26.921707,144.37964,2.6985202,1149.8282,1400.8772,37979.688,2539760,0.55568087,0.87911361,0.27404958,1.1875849,11.036034,1.2094932,0.93672603,1.8238357,3265,2.2018597
4063338,148,1096,943,3852.6045,0.017186679,241.7695,34.546539,146.03242,1.5928479,1424.3199,1678.364,48182.137,3508624,0.55637807,0.97714549,0.3121483,1.2359091,11.506744,1.2610807,0.94170684,1.7901348,3265,2.1293952
4063339,148,1098,930,3801.2014,0.023364875,235.06639,34.715645,131.38356,2.0553026,1155.5631,1429.8275,44912.207,3009076,0.6049307,0.93708223,0.34779358,1.5399593,9.911788,1.0862817,0.92415261,1.9172794,3265,1.9702306
4063340,148,1100,934,3825.7617,0.022619173,236.77451,36.486053,132.81223,3.2285447,1193.1847,1457.8926,46324.309,3173636,0.59009296,0.94024968,0.34837747,1.5373138,9.9483385,1.0902873,0.92457777,1.9139093,3265,1.969805
4063341,148,1102,955,3882.9895,0.018056387,242.54684,39.144791,151.14951,1.8283008,1382.1868,1643.8894,49900.352,3686800,0.56466132,0.97643578,0.31717038,1.2496439,11.515675,1.2620595,0.94179988,1.7895221,3265,2.1164753
4063342,148,1104,930,3785.9573,0.020987213,245.91441,40.245934,150.34561,1.7226144,1256.1519,1505.6201,48737.93,3635600,0.57943213,0.93790162,0.30886748,1.2409631,11.405032,1.2499336,0.94064367,1.7971814,3265,2.1308417
4063343,148,1106,726,2920.9187,0.02848978,252.68948,30.318848,119.28632,3.0297132,927.73004,1135.0634,31327.986,1916484,0.59988981,0.76375759,0.27170658,1.4686929,9.2737169,1.0163522,0.91653341,1.9803921,3265,2.0810335
4063344,148,1108,534,2196.3472,0.02110048,273.56668,19.387926,111.53426,2.2068455,952.39648,1143.6925,18111.502,858596,0.65309781,0.63484055,0.20075189,1.3760179,8.717948,0.95544273,0.90956867,2.0428922,3265,2.2112749
4063345,148,1110,534,2142.6575,0.02036644,282.70062,26.389364,158.2348,1.5531799,965.78534,1149.8038,21345.828,1450872,0.61987478,0.66465342,0.18929458,1.2076182,9.3057051,1.019858,0.9169246,1.9770221,3265,2.3089461
4063346,148,1112,459,1861.7864,0.018311841,285.33786,22.640312,154.06593,2.5172701,957.9209,1130.3263,15465.513,819916,0.6971963,0.55170465,0.16369472,1.1690694,9.0447712,0.99126095,0.91370344,2.0052083,3265,2.3663259
4063347,148,1114,444,1790.9926,0.026616327,290.40521,18.558968,94.227661,2.6777725,751.33148,919.55511,13895.852,628172,0.70674962,0.58699137,0.17867203,1.4128846,8.0860748,0.88619268,0.90123087,2.1243873,3265,2.2397485
4063348,148,1116,438,1763.9255,0.023027416,290.28439,18.238638,163.68604,1.5871049,795.76056,981.12073,14031.82,741276,0.67935175,0.66131377,0.15553977,1.1447437,9.0200281,0.98854929,0.91339439,2.0079658,3265,2.3907254
4063349,148,1118,450,1833.5797,0.023667458,286.54712,23.944466,164.28711,2.0717053,796.32532,986.6861,15882.364,1026440,0.63769364,0.71600568,0.15929204,1.1468356,9.0779734,0.99489969,0.91411716,2.0015318,3265,2.3837476
4063350,148,1120,419,1708.2362,0.038226631,283.85342,19.085423,88.221817,3.2059395,553.25391,749.36926,12229.057,539576,0.66496897,0.70663553,0.16726547,1.3860439,8.0750732,0.884987,0.90108138,2.1259191,3265,2.2648079
4063351,148,1122,457,1829.7701,0.034536414,280.3577,16.90662,102.96107,1.8154511,600.12921,815.9519,13541.917,610252,0.60837269,0.92811859,0.17837627,1.3721352,8.3149042,0.91127127,0.9043054,2.0934436,3265,2.2524891
4063352,148,1124,467,1870.8755,0.020127906,278.84341,21.554766,171.08574,1.7335114,861.19,1080.7571,15632.899,956424,0.56967586,1.0024608,0.1609235,1.0791361,9.3792334,1.0279163,0.91782004,1.9693627,3265,2.4200153
4063353,148,1126,446,1778.6975,0.016597537,278.21591,20.068825,168.37558,3.0518186,946.26984,1160.4706,13684.764,692048,0.58272785,0.98242033,0.15432526,1.0736567,9.2824192,1.017306,0.91663992,1.979473,3265,2.4331226
4063354,148,1128,433,1713.8739,0.027603688,276.29971,22.320225,97.426514,2.2396562,679.55914,883.30524,13378.617,639620,0.60809594,0.92338598,0.17182539,1.3770053,8.1639318,0.8947255,0.90228426,2.1136642,3265,2.2633154
4063355,148,1130,370,1507.924,0.02971475,285.73114,24.140575,125.15364,1.5444038,632.33093,798.56195,11563.479,575980,0.71241486,0.6227262,0.1502233,1.369941,7.8799505,0.86360252,0.89840454,2.1537991,3265,2.2998416
4063356,148,1132,356,1460.8761,0.021976797,284.73285,29.816673,178.22752,2.4755242,755.52856,913.96472,12907.982,874336,0.70726383,0.54940575,0.1274159,1.0957763,8.7436342,0.95825785,0.90989786,2.0398285,3265,2.4605834
4063357,148,1134,342,1389.5961,0.03850314,285.52972,27.437365,101.32043,2.8626907,528.47052,673.44348,11369.617,581700,0.72380853,0.53577179,0.14149773,1.3687109,7.7280974,0.84696019,0.89628631,2.1764705,3265,2.3175883
4063358,148,1136,324,1308.2128,0.0321416,282.67307,31.801508,115.11691,1.7836493,580.98657,715.17175,11612.634,653152,0.77267516,0.43735665,0.13176088,1.3350651,7.7767015,0.85228699,0.89696771,2.1691177,3265,2.3424714
4063359,148,1138,317,1300.26,0.033286192,284.98572,29.509573,134.57285,1.7559643,553.81042,700.62878,10705.153,577864,0.76063174,0.51021808,0.13007796,1.3425115,7.7120304,0.84519935,0.89606035,2.1789215,3265,2.3430545
4063360,148,1140,289,1207.4043,0.021519337,285.32712,27.502777,182.81805,2.8626907,689.78265,839.68585,9129.5049,427504,0.77141005,0.48160553,0.12494596,1.3686452,7.4208288,0.81328511,0.89190185,2.2251837,3265,2.353102
4063361,148,1142,313,1272.8562,0.057039645,284.0715,33.480736,108.83714,2.5217464,388.04855,529.54901,11595.987,657616,0.74743998,0.50543165,0.13336174,1.3760442,7.5300417,0.82525426,0.89347571,2.2074142,3265,2.3336177
4063362,148,1144,288,1176.316,0.043845661,281.06607,38.685726,123.34174,1.5505662,454.66574,580.63556,11647.503,722128,0.79788524,0.39801791,0.1193535,1.3283327,7.6072531,0.83371627,0.89457804,2.1951592,3265,2.3676894
4063363,148,1146,296,1194.2505,0.026309012,281.90759,38.365788,191.73315,2.1979482,613.86456,755.26678,11915.554,754480,0.74418229,0.49893785,0.11065421,1.1238946,8.3055954,0.91025108,0.9041816,2.0946691,3265,2.4770622
4063364,148,1148,259,1074.0286,0.069217905,281.75601,35.290108,92.869202,1.6687447,313.53394,441.57413,9780.9189,523784,0.76396996,0.45092514,0.11197579,1.3420311,7.3655729,0.8072294,0.89109886,2.234375,3265,2.3836503
4063365,148,1150,263,1068.8978,0.044063579,280.4585,42.25565,116.38258,0.095058069,423.89001,552.11957,11343.247,703268,0.74489886,0.44652739,0.11205795,1.3325564,7.4357038,0.81491536,0.89211726,2.2227328,3265,2.3838091
4128824,150,996,207,849.11536,0.22032139,325.54135,24.673969,65.62011,0.57521927,105.85159,220.06955,6488.3657,259240,0.8686741,0.58112663,0.16376582,1.6768245,5.4311666,0.59522825,0.85955262,2.6740196,3265,2.3870852
4128825,150,998,231,936.09973,0.22223857,317.69928,29.252613,72.945297,2.0058062,114.78149,230.06804,8034.7207,356232,0.886693,0.61798859,0.18289787,1.6931998,5.4541249,0.59774435,0.85997415,2.6669731,3265,2.3696544
4128826,150,1000,230,938.45898,0.18720943,312.57361,31.700125,89.839615,2.7736998,132.62997,250.98557,8382.042,393156,0.90484148,0.59007126,0.18025078,1.6950371,5.4661803,0.5990656,0.86019492,2.6632965,3265,2.3655362
4128827,150,1002,226,923.37616,0.18865745,309.05862,33.745991,92.060356,1.3572695,127.54723,248.0032,8569.876,419448,0.90060961,0.5739333,0.1772549,1.6921556,5.4611506,0.59851438,0.86010283,2.6648285,3265,2.3688073
4128833,150,1014,77,323.01205,0.39601323,22.578615,15.700097,36.607079,0.91993111,51.95084,101.24171,1268.6172,26176,0.86261106,0.30788216,0.056910571,1.3581607,5.6396604,0.61807811,0.86333162,2.6121323,3265,2.6272068
4128834,150,1016,81,331.3602,0.39829829,9.489274,14.906071,35.655766,1.3569613,51.700165,102.24707,1290.0801,25588,0.84043211,0.31429577,0.060312733,1.3616292,5.6332374,0.61737418,0.86321676,2.6139705,3265,2.6253762
4128835,150,1018,68,279.19232,0.35274905,346.80685,13.305418,32.023994,0.5284878,53.150063,99.729523,989.49817,17452,0.85864794,0.20942518,0.051089406,1.3435776,5.6066303,0.6144582,0.86274016,2.62163,3265,2.6464596
4128839,150,1026,276,1108.4231,0.051889911,114.69907,27.998934,81.807617,0.70897943,401.23737,518.10321,9751.374,463452,0.5195784,0.5605098,0.10502283,1.1269151,8.1616869,0.89447939,0.90225399,2.1139705,3265,2.4889896
4128840,150,1028,281,1143.2891,0.055814836,123.02353,25.551392,96.316124,2.6703546,365.14816,507.35056,9351.4404,441184,0.52000511,0.67887425,0.1064394,1.1129661,8.2136431,0.9001736,0.90295285,2.1069241,3265,2.4964826
4128841,150,1030,265,1064.3457,0.058939371,124.48667,20.822304,92.880547,2.4085917,327.83014,476.36905,7747.2881,327220,0.50683248,0.72689861,0.094507843,0.98315722,8.569418,0.93916464,0.90765083,2.0609682,3265,2.5808284
4128842,150,1032,285,1132.705,0.068191141,134.05385,26.656221,93.337608,1.3232206,337.39713,456.87708,9582.3115,444280,0.57650113,0.63159966,0.10084926,0.9880507,8.6720905,0.95041704,0.90897924,2.0484068,3265,2.5665042
4128843,150,1034,318,1278.5822,0.086708553,141.68315,37.439388,91.521759,0.78189874,320.62534,430.46545,12793.787,684352,0.67323375,0.60011792,0.12589073,1.2468804,7.9924302,0.87592971,0.89995366,2.1375613,3265,2.397557
4128844,150,1036,298,1207.8313,0.07582216,146.62199,36.738087,89.021873,0.52605557,342.47485,447.41446,11781.828,624352,0.66377419,0.53551352,0.11811335,1.2309406,7.9432263,0.87053722,0.89927804,2.1446078,3265,2.4173071
4128847,150,1042,163,645.44177,0.56700182,21.787453,23.128218,44.180233,0.68009502,52.878162,119.60277,3863.1492,108044,0.99242598,0.30482706,0.088779956,1.3632272,6.4428773,0.7061066,0.87695962,2.4111519,3265,2.4893243
4128848,150,1044,174,699.72925,0.62472683,13.695136,22.33135,43.520203,1.7142147,46.207664,118.63829,4036.4612,110864,0.98970169,0.33134177,0.098807499,1.3820872,6.351861,0.69613165,0.87548292,2.4313726,3265,2.4867051
4128849,150,1046,172,699.6283,0.59174937,6.7351866,21.919449,42.943253,1.2130721,43.940292,121.89046,3927.5107,106576,0.98055214,0.329052,0.098680437,1.3808888,6.3247857,0.69316435,0.87504053,2.4375,3265,2.492039
4128855,150,1058,1271,5087.4663,0.068104997,146.16028,35.871521,125.59435,0.074602142,694.5556,968.87158,65766.883,4361160,0.62344861,1.1621133,0.45441544,1.5194134,11.79487,1.2926579,0.94468111,1.7708334,3265,1.869103
4128856,150,1060,1464,5808.375,0.055333544,153.32635,30.952618,125.66695,2.0741537,819.677,1148.5186,72898.648,4737296,0.58025557,1.4207859,0.52173913,1.5184268,12.8245,1.4055001,0.95488709,1.7089461,3265,1.820299
4128857,150,1062,1509,6015.5938,0.049214613,158.9294,29.609774,125.77132,4.0737052,892.35126,1239.359,73980.992,4765808,0.57591587,1.4673685,0.53777617,1.5160412,13.078842,1.4333746,0.9573139,1.6951593,3265,1.8114114
4128858,150,1064,1526,6110.4165,0.047954988,163.94133,28.954731,125.90739,6.073257,916.29828,1265.3872,73918.062,4717440,0.57681972,1.4778013,0.54383463,1.5148062,13.177572,1.444195,0.95824653,1.6899509,3265,1.8083456
4128859,150,1066,1550,6221.2246,0.045992348,169.97183,29.09573,126.07503,8.0728102,940.25482,1303.7673,75423.266,4846864,0.5716812,1.5072997,0.55219096,1.5122482,13.325502,1.4604074,0.9596343,1.6822916,3265,1.8044095
4128860,150,1068,1583,6325.7812,0.043055944,176.0146,29.358719,126.27413,9.4918957,982.24927,1358.7684,77596.961,5029088,0.56710005,1.5441368,0.55543858,1.4863514,13.796325,1.512007,0.9639765,1.6590073,3265,1.8051735
4128861,150,1070,1580,6313.7676,0.042000331,180.82233,29.370237,126.50455,7.9192085,1002.4915,1374.4308,77313.906,5020428,0.5681051,1.5364796,0.55419153,1.4860872,13.783508,1.5106025,0.9638598,1.65962,3265,1.8058341
4128862,150,1072,1587,6337.1802,0.042116672,186.14558,30.075384,126.7661,6.5570564,1003.4929,1375.0736,77997.328,5099188,0.56895041,1.537253,0.55664676,1.4853961,13.828468,1.5155299,0.96426892,1.6574755,3265,1.8046914
4128863,150,1074,1571,6307.4668,0.044603907,191.10909,30.685162,127.05859,5.5426373,960.40875,1333.0486,77922.578,5139076,0.56957674,1.5128927,0.55007005,1.4841031,13.757948,1.5078012,0.96362674,1.6608456,3265,1.8082285
4128864,150,1076,1519,6096.4209,0.043016292,196.2744,30.444984,127.38183,5.059175,977.74902,1334.5226,75671.781,5028992,0.56921422,1.4570242,0.53149056,1.4867185,13.446259,1.4736416,0.96075869,1.6761643,3265,1.8183246
4128865,150,1078,1217,4906.6436,0.033827011,206.48976,19.512383,118.71333,5.2358618,1002.2932,1350.0983,51958.094,2985776,0.55391681,1.2165308,0.44110185,1.5375464,11.370074,1.2461023,0.94027656,1.7996323,3265,1.87782
4128866,150,1080,1239,4965.6357,0.024551967,208.24066,23.591671,131.51581,6.0215292,1248.3251,1594.2235,57616.066,3771760,0.53544277,1.257067,0.389011,1.1066675,14.097812,1.5450485,0.96669978,1.6449143,3265,2.1177108
4128867,150,1082,1240,4952.7856,0.032127447,216.09048,22.253042,132.99738,5.1326571,1044.3577,1391.8473,55393.984,3360560,0.55368531,1.2216682,0.40155441,1.2260429,13.476791,1.4769878,0.96104175,1.6746323,3265,2.0362744
4128868,150,1084,1429,5760.8916,0.024422599,218.71275,33.460308,134.53688,4.3966665,1389.1516,1721.6857,74278.422,5259160,0.53769553,1.3812405,0.44866562,1.1341635,15.496551,1.6983432,0.97880006,1.5867034,3265,2.038245
4128869,150,1086,1203,4855.627,0.024649821,233.26865,32.081226,136.12428,3.3052497,1262.5378,1573.3333,60395.621,4242012,0.53564644,1.1831359,0.37818295,1.1047409,13.834915,1.5162364,0.96432751,1.6571691,3265,2.1307046
4128870,150,1088,1108,4474.6968,0.026363548,235.29694,37.015774,137.75217,1.3054323,1171.6105,1460.4437,57164.25,4167112,0.55500603,1.0444329,0.34853727,1.084008,13.236348,1.4506365,0.9587993,1.6868873,3265,2.1767554
4128872,150,1092,927,3749.6091,0.031482447,229.10721,28.759623,127.27617,1.6954404,969.63208,1223.3865,43199.051,2798156,0.59008718,0.89067382,0.34460968,1.5304425,9.9550133,1.0910188,0.92465526,1.9132966,3265,1.9751345
4128873,150,1094,958,3854.998,0.019912183,254.14131,35.962032,142.81763,1.9629823,1303.2325,1559.7593,49255.043,3655288,0.54212993,0.96796644,0.31585887,1.229278,11.628485,1.2744229,0.94297022,1.7818627,3265,2.1283112
4128875,150,1098,772,3081.207,0.024898972,223.33946,28.85796,131.44275,1.0379366,1022.799,1247.0236,35866.094,2418900,0.59310293,0.76225066,0.29253504,1.5060596,9.3115454,1.020498,0.91699594,1.9764093,3265,2.0454707
4128876,150,1100,1081,4369.9492,0.024417985,249.35275,41.598106,148.08408,2.6205831,1237.3561,1499.644,60499.953,4741256,0.53711069,1.0942763,0.35842174,1.2824244,12.132418,1.3296514,0.94809747,1.7493873,3265,2.052489
4128877,150,1102,1041,4231.9829,0.031335093,251.93997,50.443478,149.87155,0.62106597,1047.7352,1302.751,61848.578,5023916,0.56622702,1.0010052,0.3457323,1.2763042,11.913245,1.3056312,0.94588739,1.7631741,3265,2.0698943
4128878,150,1104,679,2724.1282,0.040616345,224.74008,38.473873,137.08022,0.38076571,730.12268,918.05408,35981.965,2760636,0.57658106,0.71944618,0.26045263,1.4834641,8.9601126,0.98198283,0.91264337,2.0147059,3265,2.094661
4128879,150,1106,940,3816.5464,0.025857413,244.85176,39.827793,153.48857,2.3800716,1109.582,1361.9076,49447.902,3693792,0.56103593,0.95593673,0.31239614,1.2463874,11.440206,1.2537884,0.94101208,1.7947304,3265,2.1238575
4128880,150,1108,937,3778.8406,0.030241853,264.08429,47.789783,155.31371,1.2783918,1030.6868,1253.0835,53428.395,4376568,0.56056565,0.97872037,0.31181365,1.2491181,11.409417,1.2504141,0.94068962,1.796875,3265,2.1232231
4128882,150,1112,487,1980.8113,0.061082859,277.91232,14.998875,80.616669,1.7224836,449.60645,638.36169,14712.628,621796,0.67211699,0.5965789,0.19877551,1.4562595,8.1037397,0.88812864,0.90147054,2.1219363,3265,2.1996017
4128883,150,1114,704,2833.0864,0.044856127,279.14313,42.987133,160.85033,1.9359382,685.17865,890.88977,35868.281,2944212,0.64713323,0.88099563,0.24911536,1.2996149,9.8460169,1.0790733,0.92338455,1.9234068,3265,2.1829984
4128885,150,1118,328,1286.7283,0.084723696,358.45618,3.9231026,74.620255,1.0649737,269.31815,436.86365,6597.6763,183184,0.72659802,0.5921753,0.13604313,1.3600124,7.6880555,0.84257179,0.89572251,2.1825981,3265,2.329874
4128886,150,1120,576,2310.416,0.034636084,281.4212,33.473637,166.45828,2.5935378,684.75415,915.5575,24613.727,1849084,0.6380012,0.90802956,0.19855222,1.1531764,9.7106981,1.0642432,0.92179215,1.9362745,3265,2.3256066
4128887,150,1122,707,2848.4121,0.035340186,277.66489,53.065651,168.34143,0.59404463,775.17761,1006.403,41232.266,3854816,0.64351225,1.1243303,0.2434573,1.2237453,10.156021,1.1130483,0.92697161,1.8952206,3265,2.228091
4128888,150,1124,271,1049.5978,0.15612145,110.23706,4.37532,48.370628,0.40778705,137.0974,290.65988,4851.2671,110600,0.65406585,0.77786994,0.13693784,1.4329251,6.8283234,0.74834955,0.88304228,2.331495,3265,2.3723805
4128889,150,1126,459,1829.7985,0.061911087,279.77737,18.606014,105.47978,2.4071164,382.79807,609.42792,13520.859,627372,0.6292491,0.9630208,0.17936695,1.3750472,8.3125753,0.91101599,0.90427446,2.09375,3265,2.2501175
4128890,150,1128,679,2694.8062,0.040424842,278.01309,50.093155,174.022,1.3318481,668.20203,915.26007,37939.676,3579308,0.63759822,1.2146437,0.23365451,1.2077719,10.06645,1.1032317,0.92594367,1.9031863,3265,2.2490642
4128892,150,1132,275,1092.7598,0.076055668,305.22519,12.785609,83.793968,1.6688933,265.58548,424.91446,5649.4966,166920,0.8113603,0.48008782,0.1187905,1.354578,7.4004722,0.81105417,0.89160651,2.228554,3265,2.3681381
4128893,150,1134,509,2046.1702,0.039232396,281.72787,49.930607,179.52214,2.5317421,620.82495,809.56812,27202.301,2513460,0.7350989,0.71075821,0.18178572,1.2065915,9.1733828,1.0053562,0.91529977,1.9911152,3265,2.3210497
4128894,150,1136,641,2587.1079,0.043561287,279.14972,66.980621,181.35791,0.53218323,676.29718,863.89679,44375.645,4714364,0.77243567,0.83095855,0.22884683,1.28494,9.5666971,1.0484613,0.92007923,1.9503677,3265,2.2178707
4128895,150,1138,129,503.76221,0.29393852,358.54388,8.511507,31.628078,0.46933287,56.45454,146.75385,1652.9301,26304,0.8708818,0.27634874,0.078324229,1.470739,5.9927087,0.65677041,0.86949331,2.5171568,3265,2.4639618
4128896,150,1140,305,1223.8451,0.063065827,288.34491,28.373962,106.99531,2.4688354,331.12393,493.82275,9666.0986,498396,0.78794217,0.47429064,0.12660855,1.3427409,7.6366172,0.83693439,0.89499503,2.1905637,3265,2.3512604
4128897,150,1142,535,2148.3979,0.040736366,279.94397,63.675507,186.89742,1.7317965,627.02075,814.08765,34744.746,3650760,0.7656551,0.72938126,0.19073084,1.2199345,9.2621393,1.0150834,0.91639155,1.9816177,3265,2.3014214
4128899,150,1146,153,591.84125,0.15980147,306.70334,16.355997,56.123299,1.2689497,101.19383,215.73329,2873.6772,75836,0.85044718,0.29203483,0.080696203,1.3459489,6.5135851,0.7138558,0.87809581,2.3958333,3265,2.4940741
4128900,150,1148,330,1329.755,0.052976903,283.15683,43.499832,144.58221,0.24396837,396.79929,561.62634,14632.376,999572,0.78907615,0.48883989,0.13414635,1.3395663,7.7909932,0.85385329,0.89716744,2.1669731,3265,2.336838
4128901,150,1150,91,347.55344,0.22836195,316.01468,14.754123,40.850361,0.095058069,56.567326,138.29416,1428.6851,28688,0.84786326,0.2109853,0.056981839,1.4276057,5.8880739,0.64530301,0.86769676,2.5441177,3265,2.520071
4194359,152,994,222,905.28198,0.19840311,327.47601,22.76136,63.256378,0.54228067,116.55,239.4543,6649.417,249028,0.83339447,0.62977201,0.17549407,1.6875387,5.4471169,0.59697634,0.85984564,2.6691177,3265,2.3754237
4194360,152,996,248,1008.4918,0.18604313,317.87683,27.571192,84.979607,1.9728676,135.57188,260.99628,8360.9014,355576,0.86678857,0.65795332,0.1945098,1.7065119,5.4833508,0.60094738,0.86050874,2.6580882,3265,2.3532867
4194361,152,998,242,987.38159,0.18723142,312.33521,29.377487,87.288902,2.778137,130.15424,257.42935,8376.8828,368144,0.89489388,0.6098417,0.18965517,1.7028992,5.4782896,0.6003927,0.86041635,2.65962,3265,2.357039
4194362,152,1000,230,952.73346,0.19334079,308.38342,31.197142,89.531555,1.3617065,123.15789,248.84499,8277.3818,383136,0.89872795,0.58038223,0.18039216,1.694849,5.4651737,0.59895527,0.8601765,2.6636028,3265,2.3659041
4194368,152,1012,89,371.09348,0.19394249,46.394451,19.509735,55.576324,0.46297362,103.95292,155.06369,1794.1644,49456,0.73467827,0.32670617,0.046670161,1.205501,6.5007434,0.71244842,0.87789017,2.3985908,3265,2.6240809
4194369,152,1014,88,361.0939,0.36492419,27.475443,14.175174,34.887566,2.3023007,55.465038,111.50996,1342.5955,25900,0.8550157,0.32334012,0.064468868,1.3731403,5.6644197,0.62079161,0.86377317,2.6050858,3265,2.6092801
4194370,152,1016,89,373.6546,0.39072266,10.837749,13.028855,33.885281,3.3117356,52.541931,109.62404,1293.7393,23764,0.84090906,0.32524735,0.065682657,1.3729178,5.6547055,0.61972696,0.86360013,2.6078432,3265,2.6113336
4194371,152,1018,105,436.22058,0.19488274,336.81952,16.701593,53.584793,1.5294136,106.76047,167.71477,2041.037,56020,0.65109891,0.34854499,0.074309982,1.3986583,5.7355804,0.62859046,0.86503428,2.5851715,3265,2.5734935
4194375,152,1026,299,1196.4865,0.067389719,115.80923,29.783457,99.164223,0.11892954,358.60211,472.3479,11188.047,547584,0.54095304,0.58559543,0.11381804,1.1371663,8.2250261,0.90142107,0.90310556,2.1053922,3265,2.4731538
4194376,152,1028,322,1280.6652,0.060042538,117.93256,24.330404,97.660362,1.8109905,374.40311,517.71796,10870.6,523576,0.46014977,0.74747097,0.1142249,1.0236386,8.7539511,0.95938855,0.91002983,2.0386028,3265,2.5259244
4194377,152,1030,286,1143.8689,0.068869717,129.27878,22.351158,80.20697,1.1898817,315.60098,456.85556,8883.9932,394276,0.51294321,0.7330901,0.10695587,1.1102456,8.2870407,0.90821755,0.90393448,2.09712,3265,2.4914291
4194383,152,1042,170,678.18024,0.49674067,25.470123,21.174994,42.312668,1.6982921,56.962261,130.9823,3754.2141,98920,0.96742082,0.30972984,0.085341364,1.3388263,6.6912951,0.73333192,0.88091058,2.3587623,3265,2.4747403
4194384,152,1044,183,736.81866,0.55028874,15.867309,20.083895,41.623032,3.5041296,49.186165,129.71492,3889.3684,99548,0.97826219,0.33933052,0.096113443,1.3720752,6.5727339,0.72033823,0.87903911,2.3832722,3265,2.4621301
4194385,152,1046,184,744.24554,0.56204158,7.6440997,19.530203,41.019409,2.5538571,41.862015,128.99677,3814.449,95868,0.9705987,0.34392539,0.1037204,1.3910918,6.3832855,0.69957566,0.87599456,2.4243259,3265,2.4738963
4194386,152,1048,180,741.07861,0.37957489,355.29727,19.633833,40.505638,0.65471888,68.64827,156.63483,3823.7935,97224,0.89211673,0.37124583,0.10044643,1.386209,6.402566,0.70168871,0.87630755,2.4200368,3265,2.4751663
4194391,152,1058,1145,4570.4575,0.076530367,136.64856,31.786957,127.59355,0.23340894,590.5036,866.29913,55345.672,3522788,0.59033191,1.0766133,0.40951359,1.5047822,11.228109,1.2305437,0.93877727,1.8097427,3265,1.912841
4194392,152,1060,1433,5750.3984,0.051949058,155.32869,31.696844,127.66502,2.2004526,849.48962,1179.4106,71125.289,4653224,0.58909798,1.3533427,0.5106914,1.519326,12.654965,1.3869199,0.95324951,1.7184436,3265,1.8270725
4194393,152,1062,1478,5942.9375,0.050129578,161.28783,31.075659,127.76776,4.1797934,874.67841,1220.5582,72708.734,4739112,0.58735067,1.3876194,0.52672845,1.5178219,12.902562,1.4140552,0.95563567,1.7046568,3265,1.817414
4194394,152,1064,1500,6044.1968,0.051305018,166.24254,30.369862,127.9017,6.1649404,873.71753,1216.7303,72950.664,4711444,0.58703667,1.4082589,0.52631581,1.4923931,13.283749,1.4558313,0.95924371,1.6844363,3265,1.8205847
4194395,152,1066,1530,6148.3965,0.048226472,171.82472,30.445681,128.06673,8.1533203,920.38202,1265.736,74703.664,4854756,0.58145481,1.4412137,0.53684211,1.490706,13.464561,1.4756476,0.96092844,1.675245,3265,1.8145822
4194396,152,1068,1543,6230.9463,0.044317748,177.42398,30.725151,128.26274,10.144396,975.8175,1329.2085,75586.406,4942344,0.58121318,1.4479554,0.54064471,1.4875096,13.569224,1.487118,0.96189594,1.6700368,3265,1.81288
4194397,152,1070,1557,6273.1855,0.042428114,182.95973,31.134909,128.48959,9.367795,1000.1432,1363.0825,76864.086,5070424,0.57762849,1.4629723,0.54497725,1.484715,13.675527,1.4987682,0.96287304,1.6648284,3265,1.8108801
4194398,152,1072,1562,6300.4258,0.041159451,188.90594,31.287415,128.74712,8.2269335,1031.9126,1386.9318,78147.797,5225288,0.57229149,1.4660082,0.49073201,1.143952,16.63447,1.8230534,0.98806429,1.5465686,3265,1.9910913
4194399,152,1074,1585,6392.9434,0.037706159,196.18756,31.894852,129.03513,7.4211545,1107.1841,1459.6516,81807.375,5633908,0.55897617,1.4970783,0.49748901,1.1402128,16.880486,1.8500154,0.99000567,1.5386029,3265,1.9868051
4194400,152,1076,1567,6328.8198,0.04183704,202.65482,31.9842,129.35341,7.0542464,1033.7103,1378.751,81904.164,5727504,0.55425721,1.474597,0.49183929,1.1400479,16.7094,1.8312653,0.98865777,1.5441177,3265,1.9922682
4194401,152,1078,1351,5440.291,0.037273753,216.06049,24.32616,127.86701,7.1869903,1007.5473,1354.2986,63969.043,4089476,0.53709787,1.305212,0.43764171,1.24508,14.17864,1.5539069,0.96742254,1.6412377,3265,1.9890177
4194402,152,1080,1328,5418.7886,0.024551108,217.8838,28.27327,130.27086,7.7960472,1339.6859,1665.4073,67845.008,4863252,0.52320772,1.3036569,0.4168236,1.1207204,14.72749,1.6140581,0.97225171,1.6173407,3265,2.0792904
4194403,152,1082,1305,5252.4326,0.02786633,223.2897,25.348267,131.27324,6.9128985,1181.0059,1539.0237,63061.266,4166356,0.53362125,1.2619147,0.4098618,1.119951,14.547007,1.594278,0.97067857,1.625,3265,2.087115
4194404,152,1084,1387,5619.4541,0.028238039,222.52545,30.208069,132.77379,5.6265831,1273.1943,1581.3745,71627.805,5058592,0.53792536,1.329865,0.43547881,1.1298528,15.163972,1.6618943,0.97599828,1.5995711,3265,2.0543051
4194405,152,1086,1378,5569.606,0.028249582,228.7749,33.497833,134.47318,3.7796838,1261.525,1574.0232,74586.312,5535684,0.52167529,1.3505964,0.43251726,1.1274192,15.102236,1.6551284,0.97547323,1.6020221,3265,2.0588326
4194406,152,1088,1286,5216.1968,0.018750824,236.2816,32.118813,136.19777,2.1637652,1546.4469,1869.6992,67754.906,4959748,0.52350062,1.2725769,0.40376768,1.1153935,14.419773,1.5803338,0.96956092,1.6305147,3265,2.0964098
4194407,152,1090,1180,4803.0195,0.041976813,244.05927,30.890627,137.94421,1.4686173,905.96948,1199.1055,60054.512,4264288,0.54555136,1.1593702,0.38905373,1.2890377,12.736435,1.3958485,0.95403844,1.713848,3265,2.0155361
4194408,152,1092,1069,4310.2593,0.03234588,248.41872,28.519302,139.70937,2.4420609,1045.3997,1294.0383,53541.965,3828632,0.57032722,1.0778091,0.33722398,1.0852844,12.958905,1.4202302,0.9561739,1.7015932,3265,2.1887462
4194409,152,1094,1108,4461.9868,0.025067694,250.40744,33.896038,141.49287,2.6467233,1213.2533,1495.5876,58564.527,4421336,0.55581808,1.1210693,0.34908631,1.0909722,13.206895,1.4474086,0.95852256,1.6884191,3265,2.1716986
4194410,152,1096,1106,4494.4341,0.025630545,250.64868,35.389893,143.29123,1.512848,1207.0294,1484.443,59376.418,4518688,0.56164074,1.0996803,0.36525759,1.2773887,12.31876,1.3500736,0.94995332,1.7380514,3265,2.0471251
4194411,152,1098,835,3400.8599,0.029113485,275.64838,31.243298,145.1026,1.9901801,972.19733,1211.5803,39496.824,2861912,0.67362827,0.88442683,0.278519,1.2164923,10.950514,1.2001207,0.93580419,1.8302696,3265,2.1809886
4194412,152,1100,1071,4314.8994,0.032393254,252.96465,37.952957,146.9274,3.1842165,1045.4854,1293.7876,59185.75,4671380,0.57695401,1.0752825,0.35534173,1.281685,12.073187,1.3231599,0.94750315,1.7530637,3265,2.0563378
4194413,152,1102,1170,4731.2446,0.025369173,250.81166,42.318096,148.76274,1.756629,1260.7544,1530.8741,67300.461,5436672,0.55264562,1.18513,0.38767394,1.3009857,12.601229,1.3810307,0.95272708,1.7215073,3265,2.0116575
4194414,152,1104,1168,4729.1953,0.029075589,251.73021,44.595238,150.60768,1.6474082,1161.2386,1429.665,68620.984,5632312,0.5535444,1.1857949,0.38675496,1.2987455,12.601229,1.3810307,0.95272708,1.7215073,3265,2.0136433
4194415,152,1106,936,3801.7598,0.033997983,260.99658,42.442513,152.46327,2.9828537,948.08777,1185.4158,53533.707,4488504,0.61193383,0.98020107,0.31117022,1.2459359,11.418197,1.2513764,0.94078165,1.7962623,3265,2.1255705
4194416,152,1108,1134,4566.9321,0.034180388,254.5266,47.926289,154.32582,2.1454616,1031.9294,1295.7723,68674.141,5856420,0.55579215,1.1590986,0.37661907,1.2997328,12.375268,1.3562665,0.95051199,1.7346814,3265,2.0242839
4194417,152,1110,1035,4180.2632,0.034575708,261.65445,45.895401,156.19809,1.4714984,987.70856,1232.5973,59657.051,5001720,0.57405692,1.1054667,0.34328359,1.2708594,11.903687,1.3045837,0.94579035,1.7637868,3265,2.0753002
4194418,152,1112,833,3370.75,0.045562845,275.49603,42.381275,158.07547,2.4623384,734.3299,964.19037,43642.977,3564984,0.68347722,0.97104996,0.29382715,1.3495908,10.31846,1.1308509,0.92881846,1.8811275,3265,2.104089
4194419,152,1114,768,3114.0203,0.043836597,276.45065,45.31625,159.96115,2.6256225,731.27637,944.81598,42259.562,3673712,0.71719497,0.93009526,0.25591469,1.1837492,10.697871,1.1724323,0.93304902,1.8498775,3265,2.2271779
4194420,152,1116,783,3158.0605,0.06743136,276.87262,45.865841,161.85165,1.5068003,544.61182,767.15686,42803.781,3709588,0.72440904,0.92177373,0.27658072,1.3320868,10.128291,1.1100093,0.9266541,1.8976716,3265,2.1331372
4194421,152,1118,823,3291.5061,0.057006903,275.79932,46.359547,163.67719,2.0070219,618.58398,851.80176,44689.004,3863020,0.68191856,1.0735736,0.29122433,1.3519055,10.25074,1.1234291,0.92805117,1.8869486,3265,2.1068256
4194422,152,1120,796,3222.4954,0.070726253,276.15018,47.297886,165.48578,3.1613348,510.28162,756.67737,43850.836,3890324,0.69255394,1.1127863,0.2741991,1.2659273,10.471381,1.1476102,0.93053734,1.8682598,3265,2.1678939
4194423,152,1122,762,3084.6724,0.064608276,276.76089,48.549625,167.30209,1.7433685,530.34204,774.57837,42935.227,3937088,0.71255875,1.1585728,0.26248708,1.2508596,10.347243,1.1340053,0.92914349,1.8786764,3265,2.1900373
4194424,152,1124,780,3094.2456,0.048628911,276.21234,49.801407,169.12558,1.6586947,653.8949,894.20081,44497.086,4119008,0.69058293,1.2474242,0.26841018,1.256582,10.423567,1.1423699,0.93000197,1.8722427,3265,2.1795731
4194425,152,1126,797,3201.7529,0.058831129,275.20474,51.124481,170.95537,3.005259,570.54041,826.98047,45952.109,4275440,0.67126095,1.3040524,0.27435455,1.264788,10.482477,1.1488262,0.93066138,1.8673407,3265,2.1681507
4194426,152,1128,794,3196.1567,0.056128152,275.11777,52.91692,172.79164,2.1844268,584.87054,845.91864,46720.273,4424684,0.6746437,1.2903184,0.27332187,1.2634956,10.471381,1.1476102,0.93053734,1.8682598,3265,2.1700714
4194427,152,1130,721,2904.3496,0.088960871,277.52878,57.813095,174.63403,1.4698597,416.82266,640.51581,44767.84,4448800,0.76868933,1.0242616,0.25916606,1.3377541,9.7585974,1.0694927,0.92235774,1.9316789,3265,2.1557333
4194428,152,1132,703,2837.2908,0.063950777,277.64368,61.136414,176.48219,2.4247639,535.39014,746.67902,45312.625,4573648,0.79210788,0.94021559,0.25107142,1.3172176,9.7585974,1.0694927,0.92235774,1.9316789,3265,2.173981
4194429,152,1134,695,2801.7458,0.073125288,277.68298,63.203529,178.33583,3.1113148,488.80557,693.88184,45800.816,4709708,0.80738497,0.89783508,0.24982028,1.3254076,9.6758699,1.0604262,0.92137963,1.9396446,3265,2.1731153
4194430,152,1136,702,2826.1089,0.078458786,277.28275,65.13517,180.19466,1.7171047,468.81464,672.78857,47442.316,4936248,0.79887909,0.89793468,0.25062478,1.3160534,9.7585974,1.0694927,0.92235774,1.9316789,3265,2.1750181
4194431,152,1138,687,2776.5188,0.098605491,277.35098,67.160965,182.05838,1.6885613,390.26782,594.84619,47655.207,5060972,0.81789249,0.87323248,0.24703345,1.3221557,9.6475601,1.0573235,0.92104346,1.942402,3265,2.1782262
4194432,152,1140,679,2744.5671,0.11745494,277.22742,69.630882,183.92677,3.058701,337.41455,541.88385,48550.941,5235736,0.82762259,0.85466713,0.24415678,1.318189,9.6225338,1.0545808,0.92074573,1.9448529,3265,2.1837277
4194433,152,1142,671,2727.7922,0.081188537,277.02408,72.017502,185.79938,2.4717801,446.68378,649.77533,49304.672,5381384,0.83644372,0.83883619,0.24128011,1.3141673,9.5976372,1.0518522,0.9204489,1.9473039,3265,2.1892798
4194434,152,1144,672,2717.6289,0.11070189,276.88974,73.809479,187.67598,1.4762214,357.60254,555.42126,50359.91,5568200,0.83333778,0.84577167,0.2416397,1.3146731,9.6007423,1.0521926,0.92048597,1.9469975,3265,2.1885831
4194435,152,1146,683,2749.8962,0.072153367,276.46747,75.863319,189.55659,2.1418617,494.60239,692.04572,52374.801,5829876,0.81720716,0.86343765,0.24401572,1.3080751,9.6916704,1.0621578,0.9215669,1.9381127,3265,2.1873214
4194436,152,1148,664,2688.0715,0.12809131,276.5719,78.159203,191.44104,1.5985558,324.91608,513.52966,52424.402,5941112,0.84347343,0.83105224,0.23876303,1.3106027,9.5759583,1.0494763,0.92018998,1.9494486,3265,2.19418
4194437,152,1150,657,2662.8364,0.11057147,276.45074,80.650696,193.32913,0.095058069,360.53027,550.11774,53468.57,6140992,0.85209471,0.81387609,0.23624596,1.3069953,9.5543766,1.0471112,0.91993177,1.9515932,3265,2.1991196
4259894,154,992,253,1021.7861,0.21079427,331.09232,21.531778,61.169735,0.50934213,116.87979,246.80589,7384.4365,263980,0.78455359,0.72499543,0.19984202,1.7078093,5.479301,0.6005035,0.86043483,2.6593137,3265,2.3533471
4259895,154,994,266,1082.3979,0.18411496,318.17972,25.222668,82.440247,1.939929,137.32149,271.80276,8543.6982,344296,0.85206413,0.6960786,0.20813772,1.7180659,5.5047102,0.60328829,0.86089814,2.6516545,3265,2.3402169
4259896,154,996,257,1053.3083,0.19428016,312.39203,27.001463,84.754082,2.7825739,125.10246,261.01678,8477.6377,351916,0.87393606,0.64811301,0.20141065,1.7122715,5.4935012,0.60205984,0.86069393,2.6550245,3265,2.3468626
4259897,154,998,241,986.95898,0.19815677,307.63333,28.590126,87.037712,1.3661436,118.60637,250.17853,8244.6133,361852,0.88762105,0.59796596,0.18901961,1.7020638,5.4762673,0.60017109,0.8603794,2.6602328,3265,2.3581078
4259904,154,1012,123,504.97314,0.25201696,59.541267,24.91066,55.936623,0.33171594,103.10866,158.68073,3158.1235,108536,0.73104089,0.37014896,0.06068081,1.2265866,6.7292275,0.73748916,0.88150394,2.3511028,3265,2.5715001
4259905,154,1014,130,535.87091,0.22965588,46.857719,18.263918,53.22485,1.9641922,104.31145,171.23647,2604.5977,75192,0.69469291,0.38843873,0.064165846,1.2351683,6.7383957,0.73849392,0.88164699,2.3492646,3265,2.5623982
4259906,154,1016,137,570.84485,0.11022446,351.15909,14.127753,58.821957,3.5879016,176.58289,255.10854,2539.7373,66884,0.65060109,0.42285433,0.073894285,1.4108903,6.3369408,0.69449651,0.87523931,2.4347427,3265,2.4623032
4259907,154,1018,207,849.22729,0.17784683,313.46924,27.771322,81.347649,1.5923632,157.49142,244.95924,6351.2842,280296,0.65456593,0.58175391,0.13855422,1.5035968,5.9458814,0.65163839,0.86869228,2.5291054,3265,2.4453344
4259912,154,1028,333,1349.3374,0.10373057,110.04557,20.101637,77.435555,1.3960162,260.64017,404.3075,10364.296,446960,0.44842434,0.7730068,0.12656784,1.1781771,8.2963076,0.90923321,0.90405798,2.0958946,3265,2.4283316
4259913,154,1030,180,726.81653,0.053135172,28.048708,3.0941114,94.113747,0.87493128,302.6969,414.59714,3668.5586,121604,0.45505896,0.62402797,0.064446829,0.89926761,8.3382673,0.91383171,0.9046157,2.09038,3265,2.681746
4259919,154,1042,189,759.78906,0.36607015,33.815639,19.743158,46.666294,0.98490238,72.09967,161.49879,4037.2292,103548,0.88978946,0.32286271,0.087988824,1.3204925,6.9694443,0.7638157,0.8852039,2.3045342,3265,2.4530666
4259920,154,1044,202,818.6377,0.39512575,20.676004,17.74976,39.73595,2.6565323,63.283546,161.35527,3962.9016,94572,0.92561942,0.3559787,0.096604496,1.3506569,6.8949566,0.75565219,0.88406712,2.3186274,3265,2.4359016
4259921,154,1046,209,856.43958,0.34169927,5.8957825,16.846952,39.103207,3.1000922,69.399567,177.47258,4013.6714,93684,0.88148695,0.40575269,0.10140708,1.3642706,6.8583069,0.75163555,0.88350439,2.3256741,3265,2.4287064
4259922,154,1048,208,853.57458,0.37433618,353.97769,16.907852,38.563919,1.1836387,64.077271,169.27576,4050.6909,95124,0.86315495,0.41125348,0.1134133,1.4094352,6.5007434,0.71244842,0.87789017,2.3985908,3265,2.4398153
4259927,154,1058,1145,4587.603,0.081431866,136.23016,29.786053,128.29591,0.92094195,560.19238,841.39642,53101.703,3293984,0.5825755,1.0980104,0.40951359,1.5047822,11.228109,1.2305437,0.93877727,1.8097427,3265,1.912841
4259928,154,1060,1426,5735.7554,0.056025971,157.04965,32.457428,129.66315,2.7348323,808.15881,1134.2416,71031.086,4698524,0.5889048,1.3402036,0.50123024,1.4971802,12.830045,1.4061077,0.95494038,1.7086397,3265,1.8363377
4259929,154,1062,1485,5961.6177,0.050158489,163.31436,31.826605,129.76431,4.6169095,880.10211,1222.1226,73743.977,4878416,0.58055943,1.4032061,0.52032238,1.490659,13.218661,1.448698,0.95863312,1.6878064,3265,1.8246115
4259930,154,1064,1514,6112.2407,0.043705884,169.28806,30.984835,129.89619,6.5361285,976.77271,1325.6693,74802.797,4921760,0.57786286,1.4246807,0.47625038,1.1478198,16.163342,1.77142,0.9842869,1.5625,3265,2.0028429
4259931,154,1066,1575,6328.9897,0.042720072,178.17735,29.613565,130.0587,8.4765768,1015.011,1364.4453,79447.93,5325732,0.55414534,1.5024732,0.49450549,1.1414728,16.775518,1.8385117,0.98917991,1.541973,3265,1.9889133
4259932,154,1068,1610,6499.4048,0.038622215,186.20496,29.815937,130.25171,10.431348,1092.6487,1454.1967,82673.891,5648356,0.54395658,1.5419834,0.50549453,1.1414632,17.114126,1.8756212,0.99183029,1.53125,3265,1.9785731
4259933,154,1070,1640,6601.7437,0.037137043,192.82104,30.56731,130.4751,10.978966,1122.7863,1494.6194,85912.648,5968728,0.53930789,1.5650373,0.51507539,1.1422188,17.405216,1.9075233,0.99407828,1.5223652,3265,1.9692868
4259934,154,1072,1643,6636.0347,0.036711507,198.20578,31.505232,130.7287,10.009528,1145.8021,1507.1558,87351.586,6160268,0.53882968,1.5580684,0.51585555,1.1408309,17.446146,1.9120089,0.99439216,1.5211397,3265,1.9693476
4259935,154,1074,1639,6648.4712,0.036122572,203.11148,32.615429,131.01236,9.3462601,1164.8618,1520.8154,88208.078,6297760,0.53976893,1.5441972,0.51459968,1.1409397,17.405216,1.9075233,0.99407828,1.5223652,3265,1.9704387
4259936,154,1076,1642,6628.6104,0.038110897,207.82762,33.648232,131.32587,9.0513763,1123.108,1478.3988,89599.484,6492152,0.53642762,1.5463442,0.51537979,1.1395482,17.446146,1.9120089,0.99439216,1.5211397,3265,1.9705031
4259937,154,1078,1490,5988.5713,0.031899843,217.35675,29.17522,131.13864,9.1574869,1176.3691,1535.933,76719.953,5286548,0.52548671,1.4305711,0.46767107,1.1373103,16.015053,1.7551684,0.98308128,1.5677084,3265,2.0173512
4259938,154,1080,1415,5723.437,0.023316938,221.70259,29.854597,132.04153,9.5958061,1416.1877,1756.2957,74112.727,5337576,0.51995742,1.3839573,0.44440955,1.1342025,15.376111,1.6851436,0.97779059,1.5912991,3265,2.0425467
4259939,154,1082,1461,5863.7339,0.025461353,223.30962,30.895279,133.04935,8.2516232,1344.9567,1701.1842,76973.195,5502620,0.51172024,1.4366405,0.45856875,1.1354234,15.768275,1.7281228,0.98105657,1.5765932,3265,2.0275207
4259940,154,1084,1356,5506.2466,0.026534216,228.63434,28.482695,132.25671,6.5264254,1291.4298,1614.8405,67956.672,4648488,0.53497696,1.3169842,0.4257457,1.1260326,14.927512,1.6359794,0.97397864,1.6090686,3265,2.0667017
4259941,154,1086,1438,5801.9937,0.028858984,226.97501,34.856174,135.13786,4.9909759,1260.9178,1589.4725,79427.695,6001204,0.52538466,1.4053563,0.45134965,1.1335926,15.577897,1.7072583,0.97947866,1.5836397,3265,2.0358691
4259942,154,1088,1336,5376.083,0.018151192,236.09604,33.588123,134.88847,3.8510082,1614.5524,1929.236,71181.172,5204644,0.53130704,1.3092521,0.42629227,1.1877294,14.41277,1.5795664,0.96949917,1.6308211,3265,2.0308285
4259943,154,1090,1428,5792.4639,0.023570847,232.57288,37.70575,137.31046,3.4637854,1423.2756,1757.3125,80239.516,6153112,0.51934481,1.3942503,0.44807029,1.1313303,15.504646,1.6992304,0.97886771,1.5863971,3265,2.0405424
4259944,154,1092,1171,4768.521,0.02682773,244.18831,33.336235,138.52184,4.0267873,1193.3342,1494.5306,62280.477,4726732,0.53681493,1.1931993,0.36766091,1.0917537,13.656647,1.4966991,0.96269989,1.6657475,3265,2.1504965
4259945,154,1094,1138,4568.6084,0.02921802,250.07054,31.845852,140.35689,4.1623535,1111.0796,1401.7531,57287.703,4115664,0.57443279,1.1521608,0.37669647,1.2914335,12.447942,1.3642312,0.95122766,1.7303921,3265,2.0279145
4259946,154,1096,1113,4492.5757,0.021586157,251.34419,35.905334,142.20354,3.4859035,1326.99,1617.2046,59601.996,4562328,0.56321466,1.1341254,0.36684245,1.2733401,12.385598,1.3573986,0.95061386,1.7340686,3265,2.0472679
4259947,154,1098,1198,4828.9341,0.025095927,248.44482,38.886398,144.06035,3.7469935,1272.3058,1554.9949,66100.695,5114472,0.55166996,1.203307,0.39577138,1.2981323,12.80237,1.4030747,0.95467424,1.7101716,3265,2.0042291
4259948,154,1100,1019,4117.2407,0.021649938,259.90747,35.118137,145.92531,4.5407634,1282.3228,1545.8942,51516.805,3821256,0.59689671,1.0617012,0.33775273,1.2643007,11.837214,1.2972984,0.9451136,1.7680759,3265,2.0848839
4259949,154,1102,1117,4502.1357,0.031636577,251.56046,39.997478,147.7995,3.6143744,1065.8691,1337.2711,62150.457,4949540,0.57598919,1.1272246,0.36950049,1.2847539,12.349519,1.3534445,0.95025766,1.7362132,3265,2.0389466
4259950,154,1104,1163,4707.9951,0.024666302,250.07996,44.010899,149.68016,3.5555227,1263.4385,1548.7129,67575.727,5554316,0.5612303,1.1810147,0.38612217,1.3050202,12.53205,1.373449,0.95205206,1.7254902,3265,2.0115705
4259951,154,1106,1110,4446.8691,0.02413246,254.08981,44.767658,151.47894,4.3955088,1262.676,1521.7079,64381.809,5347520,0.5622775,1.1602449,0.36828136,1.2914594,12.267836,1.3444924,0.94944823,1.7411152,3265,2.0372434
4259952,154,1108,1016,4107.5728,0.026919791,258.85327,43.141529,153.26981,3.8398309,1116.0747,1384.7192,56614.359,4656320,0.59146661,1.1117401,0.33653527,1.2615047,11.832494,1.2967812,0.9450655,1.7683823,3265,2.0876594
4259953,154,1110,1141,4577.6807,0.02782568,253.79616,48.723122,155.07005,3.4651995,1170.1473,1437.8209,69063.18,5956020,0.55243939,1.2135727,0.37781456,1.293025,12.458394,1.3653766,0.9513303,1.7297794,3265,2.0259635
4259954,154,1112,1073,4347.9077,0.023463825,258.62222,47.935879,156.87862,4.0399294,1262.3342,1525.9689,62969.156,5354720,0.56707549,1.1701517,0.35576922,1.2803471,12.092866,1.3253167,0.94770086,1.7518382,3265,2.0564709
4259955,154,1114,983,3946.9182,0.030989034,263.64529,47.5196,158.69514,4.148128,1017.0382,1265.1149,56475.824,4805380,0.60220695,1.0743203,0.32701263,1.2635534,11.619379,1.2734249,0.9428761,1.7824755,3265,2.0979292
4259956,154,1116,833,3341.2556,0.055779751,273.26462,44.114834,160.51939,3.482821,626.8692,867.60388,44292.875,3749448,0.69352549,1.0501045,0.2940346,1.3509789,10.311291,1.130065,0.9287374,1.8817402,3265,2.1033678
4259957,154,1118,815,3283.5828,0.027222479,273.49335,45.803692,162.35091,3.7568307,995.13953,1231.1616,44060.875,3831120,0.69517797,1.0802758,0.2718479,1.2079347,10.870291,1.1913286,0.9349345,1.8363971,3265,2.1938996
4259958,154,1120,854,3406.9202,0.040477976,272.27853,46.882565,164.18922,4.5240526,765.97144,1028.4342,46718.277,4057256,0.66146207,1.1901456,0.29387474,1.2872823,10.701729,1.172855,0.93309146,1.8495711,3265,2.1332529
4259959,154,1122,857,3426.3125,0.039958492,271.759,48.744732,166.03395,3.607111,782.16016,1038.0396,48069.727,4234728,0.6553452,1.2027788,0.29490709,1.2884408,10.713319,1.1741253,0.9332189,1.848652,3265,2.1314528
4259960,154,1124,841,3354.594,0.038641162,272.38788,50.353226,167.88472,3.5615196,794.75232,1044.4792,47902.055,4313884,0.66585982,1.1840359,0.28950086,1.2829632,10.64797,1.1669635,0.93249911,1.8538603,3265,2.1406848
4259961,154,1126,829,3297.9475,0.061765257,272.41693,50.464417,169.74118,4.4114828,553.79083,819.13348,47300.488,4346076,0.66083342,1.3270012,0.28517371,1.276589,10.609901,1.1627913,0.93207824,1.8569241,3265,2.1489286
4259962,154,1128,793,3177.9446,0.061190587,273.24753,51.951694,171.60255,3.8654051,541.50604,807.85938,45820.027,4326964,0.68835902,1.3083287,0.27392057,1.2708588,10.430894,1.143173,0.93008411,1.87163,3265,2.1662781
4259963,154,1130,786,3126.4937,0.037407711,273.48132,54.822449,173.46899,3.466162,783.85522,1024.8331,47128.887,4522080,0.69665647,1.2375004,0.27047488,1.2592261,10.44558,1.1447825,0.93024868,1.8704044,3265,2.1756773
4259964,154,1132,735,2970.49,0.039833888,274.95612,60.583252,175.34026,4.0171933,752.34698,968.03851,47083.395,4702852,0.77365291,0.91636962,0.26203209,1.3288621,9.8787928,1.0826654,0.92376775,1.9203432,3265,2.1544533
4259965,154,1134,744,2985.1846,0.048819318,274.6976,62.011593,177.21608,4.4891615,658.37463,876.5863,48476.047,4895736,0.75955874,0.96593577,0.26505166,1.3315892,9.9151001,1.0866445,0.92419118,1.916973,3265,2.1492987
4259966,154,1136,729,2923.7678,0.050985806,274.95898,64.11248,179.09625,3.5946441,631.9303,848.89062,48601.488,5009520,0.77840334,0.9496237,0.25980043,1.3254216,9.8623772,1.0808665,0.92357594,1.921875,3265,2.1587517
4259967,154,1138,715,2870.1321,0.062482618,275.15097,66.080605,180.98053,3.5792155,543.29541,759.7597,48488.402,5061192,0.79522437,0.91875988,0.25535715,1.3229516,9.7972574,1.0737296,0.92281264,1.9280025,3265,2.1659069
4259968,154,1140,705,2824.7729,0.094921201,275.23047,68.198425,182.86871,4.451251,399.16745,611.52625,49023.801,5209012,0.80562139,0.91291529,0.25341481,1.3302233,9.7075214,1.063895,0.9217546,1.9365809,3265,2.1663685
4259969,154,1142,700,2802.6987,0.093363129,275.15125,70.351143,184.76062,4.0476851,405.39871,614.19385,50009.387,5395616,0.80737382,0.91389823,0.25161755,1.327826,9.6916704,1.0621578,0.9215669,1.9381127,3265,2.1697321
4259970,154,1144,692,2788.7644,0.05781541,275.00925,72.768448,186.65604,3.4693506,573.83978,778.55457,51221.438,5611100,0.81571066,0.88097435,0.24723116,1.312537,9.7202406,1.0652889,0.92190498,1.9353554,3265,2.1811187
4259971,154,1146,688,2777.4128,0.069898538,274.86264,74.990807,188.55482,3.8393171,502.8887,706.62842,52217.301,5781548,0.820436,0.86899042,0.24553891,1.308511,9.7170572,1.0649401,0.92186737,1.9356618,3265,2.184957
4259972,154,1148,690,2777.6682,0.064419255,274.67401,77.101692,190.45662,2.095058,535.29315,736.10077,53516.945,5990936,0.81757641,0.87203437,0.24607703,1.3081285,9.7298012,1.0663368,0.92201799,1.9344363,3265,2.18431
4259973,154,1150,683,2745.4067,0.062313113,274.70197,79.030571,192.36131,0.095058069,544.03943,744.07812,54366.898,6179264,0.82870978,0.86388409,0.24550682,1.3195167,9.6381598,1.0562934,0.9209317,1.9433211,3265,2.1813145
4325429,156,990,300,1212.413,0.22876227,335.27124,20.561995,60.031574,0.47640353,114.84882,258.07028,8567.0771,294980,0.75605351,0.85167301,0.23696682,1.7342981,5.5272665,0.60576034,0.86130804,2.6449142,3265,2.3242977
4325430,156,992,304,1232.8391,0.18722509,320.64914,22.970861,79.921288,1.9069905,131.8916,287.65778,9153.1748,338776,0.79585719,0.80556893,0.23787168,1.739026,5.5437875,0.60757095,0.86160743,2.6400123,3265,2.3171468
4325431,156,994,278,1134.256,0.20406675,312.73965,24.435257,82.251198,2.7870109,117.46284,264.28613,8621.6182,335912,0.85424513,0.70229137,0.21769772,1.7247909,5.5159655,0.60452175,0.86110282,2.6482842,3265,2.3330159
4325432,156,996,252,1029.9563,0.20239651,306.86105,25.942484,84.60701,1.3705806,115.05851,252.87903,8160.4429,338572,0.87605137,0.62320429,0.19749217,1.7092023,5.4884214,0.60150307,0.86060131,2.6565564,3265,2.3502011
4325441,156,1014,244,996.3902,0.15791142,30.159019,15.164352,55.992207,1.314111,176.53868,281.58719,6305.0186,215864,0.58294541,0.5946942,0.10892857,1.2969111,7.2842155,0.79831302,0.88990813,2.2481618,3265,2.4341433
4325442,156,1016,427,1723.7812,0.11099108,312.31467,29.325558,139.65385,3.3133795,299.2782,441.77588,17507.406,1036048,0.57521081,1.0134213,0.1916517,1.4445416,7.5994606,0.83286226,0.89446718,2.1963849,3265,2.266073
4325443,156,1018,439,1777.3107,0.11426889,304.23456,35.556271,143.46577,1.8090082,295.79196,442.10211,18956.436,1179984,0.62423939,1.009334,0.19810469,1.4550823,7.5994606,0.83286226,0.89446718,2.1963849,3265,2.2570581
4325447,156,1026,299,1209.7349,0.099286325,101.45541,22.168598,80.228912,0.07357011,280.48944,391.2959,9389.8457,406112,0.48501718,0.52985352,0.11368822,1.1488327,8.2159176,0.90042281,0.90298337,2.1066177,3265,2.4633119
4325448,156,1028,500,2009.1487,0.052195061,297.0701,20.547409,154.73334,1.8455225,513.7149,695.4986,23861.369,1805692,0.34771943,1.2193395,0.16512549,0.98030365,9.882082,1.0830261,0.92380619,1.9200368,3265,2.4715233
4325449,156,1030,483,1950.3093,0.097253032,298.8389,38.400406,156.65034,1.3736354,327.96704,502.00162,23075.357,1743644,0.45857066,1.234545,0.21324503,1.4687335,7.784862,0.8531813,0.89708179,2.1678922,3265,2.2240918
4325455,156,1042,278,1118.1415,0.21594761,60.290096,25.273878,91.064568,0.089716785,122.26492,255.08159,8091.9155,335940,0.71835959,0.40300319,0.11814705,1.3359139,7.4882398,0.82067299,0.89287537,2.2141545,3265,2.374373
4325456,156,1044,299,1207.9314,0.16769168,45.210815,18.090117,87.085663,2.0807724,139.08704,300.86407,7270.1978,248436,0.71960223,0.47781077,0.12391214,1.329352,7.644486,0.83779681,0.89510655,2.1893382,3265,2.3622293
4325457,156,1046,340,1383.5282,0.077695809,336.88409,15.777178,131.20596,3.7600267,293.03436,473.04248,9912.5488,500104,0.58929378,0.59610075,0.12639405,1.1581328,8.4378433,0.92474473,0.90593088,2.0775123,3265,2.432601
4325458,156,1048,387,1574.6707,0.11049227,305.87332,25.395971,130.45465,1.9543576,258.09891,423.18848,13456.206,762964,0.57794112,0.66904175,0.14850345,1.2475979,8.3476496,0.91485995,0.90474015,2.0891545,3265,2.3601673
4325459,156,1050,387,1559.6641,0.14058477,297.5459,31.827692,131.88577,0.25593075,232.37541,373.38025,14476.71,829520,0.6205433,0.64560723,0.16573876,1.3779032,7.7422109,0.84850693,0.89648449,2.1743259,3265,2.3078938
4325462,156,1056,751,3032.6411,0.075485684,88.669968,26.905281,94.473343,0.63012129,467.01071,710.53119,27626.023,1389640,0.67416245,0.82133162,0.29872712,1.5543799,8.9116802,0.9766748,0.9120335,2.0202205,3265,2.0380499
4325463,156,1058,1276,5113.3584,0.060901623,147.47777,21.995937,129.5488,2.0586994,711.24579,1027.173,60682.48,3827068,0.52831763,1.2824904,0.40201637,1.1287315,14.274119,1.5643709,0.96827245,1.6369486,3265,2.0901117
4325464,156,1060,1590,6386.0103,0.045986284,170.90498,27.071362,131.66135,3.6648998,966.16022,1321.0084,82967.484,5673828,0.52455443,1.5585063,0.5,1.1480931,16.87089,1.8489637,0.98993033,1.5389093,3265,1.9799826
4325465,156,1062,1654,6635.3877,0.042259563,178.46521,27.185867,131.76097,5.3915524,1040.3326,1404.6741,86968.266,5986040,0.51889312,1.6231245,0.51930928,1.1404855,17.5597,1.924454,0.99526018,1.5177696,3265,1.9663854
4325466,156,1064,1675,6751.0005,0.040770851,184.25339,27.974133,131.89085,7.1971993,1074.167,1442.4943,88064.07,6060888,0.52179819,1.6266433,0.52590269,1.1396396,17.780643,1.9486681,0.99693733,1.5113357,3265,1.9608871
4325467,156,1066,1676,6764.4937,0.039913408,188.9548,28.724154,132.0509,9.0525341,1095.3118,1459.3624,88272.359,6098640,0.52735513,1.6056097,0.52638191,1.1408882,17.780643,1.9486681,0.99693733,1.5113357,3265,1.9597656
4325468,156,1068,1686,6790.437,0.036558166,193.42784,30.002392,132.241,10.941339,1162.0214,1527.7827,89704.188,6266588,0.52776468,1.6126231,0.5295226,1.1403905,17.887819,1.9604142,0.99774545,1.5082721,3265,1.9572284
4325469,156,1070,1687,6794.0498,0.035246022,197.34839,31.293116,132.46104,11.047122,1185.7548,1556.375,90758.742,6415968,0.53038973,1.6033586,0.52983665,1.1403377,17.898609,1.9615966,0.99782658,1.5079657,3265,1.9569772
4325470,156,1072,1709,6841.8677,0.035362419,200.85243,32.717865,132.71085,11.062697,1188.8119,1559.2699,93451.117,6706360,0.52513283,1.636394,0.5365777,1.1377491,18.150394,1.9891909,0.99971038,1.5009191,3265,1.9524221
4325471,156,1074,1683,6801.8193,0.037119851,204.06958,33.679825,132.99028,11.078273,1161.4644,1517.45,92488.062,6684208,0.52770483,1.6058584,0.52841443,1.1392527,17.866282,1.9580537,0.99758333,1.5088848,3265,1.9588467
4325472,156,1076,1697,6804.8086,0.034419477,207.36198,34.80455,133.29913,11.049378,1202.2783,1576.198,94399.141,6911376,0.52497125,1.6211909,0.53264284,1.1371952,18.029097,1.9758974,0.99880528,1.5042893,3265,1.9562105
4325473,156,1078,1594,6376.8286,0.030663766,213.49171,33.043236,132.9678,11.127961,1252.005,1616.5702,85930.039,6157320,0.51925576,1.5355127,0.50015688,1.1388975,16.977057,1.860599,0.99076205,1.5355393,3265,1.9850372
4325474,156,1080,1435,5784.2651,0.024089372,221.2925,30.617525,134.00427,10.973783,1372.7078,1737.0659,74912.008,5288248,0.52794307,1.3916038,0.45054945,1.1346984,15.545256,1.7036811,0.97920668,1.5848652,3265,2.0360193
4325475,156,1082,1491,5943.5791,0.019684715,220.67813,32.53056,134.83531,9.3197527,1581.9506,1947.8898,79619.312,5734612,0.51296413,1.4581131,0.46783808,1.1360091,16.032358,1.7570649,0.98322237,1.5670956,3265,2.0179513
4325476,156,1084,1407,5698.7827,0.02281286,226.57225,31.587643,130.09422,7.8190551,1453.3938,1771.765,73131.758,5144188,0.52666861,1.3769124,0.45548722,1.2483628,14.582748,1.5981952,0.97099125,1.6234682,3265,1.9698787
4325477,156,1086,1445,5840.9746,0.023240017,224.17799,34.527237,136.11574,6.570158,1448.2299,1777.1716,78547.812,5798532,0.5267759,1.4090873,0.45354676,1.1341811,15.635349,1.7135549,0.97995633,1.581495,3265,2.0333016
4325478,156,1088,1388,5559.0459,0.020672517,230.62056,34.917175,137.95261,5.7263603,1497.7258,1838.2661,75436.75,5622460,0.52687681,1.3774529,0.43538269,1.1258152,15.19503,1.6652981,0.97626185,1.5983456,3265,2.0568488
4325479,156,1090,1394,5610.4185,0.020067722,231.25266,37.086369,139.03394,5.4621158,1547.9886,1874.3623,78057.242,6018404,0.51843458,1.3909216,0.43726474,1.1264929,15.241856,1.6704299,0.97665846,1.5965073,3265,2.0544999
4325480,156,1092,1262,5095.1587,0.024986302,240.86031,36.489983,137.50706,5.8503609,1284.4575,1600.7842,68561.586,5160312,0.53611517,1.263316,0.41719007,1.3106624,13.154208,1.4416344,0.95802629,1.6911764,3265,1.9763991
4325481,156,1094,1188,4827.6235,0.032570671,244.5027,34.535191,139.27216,5.9477582,1056.238,1364.7662,62005.648,4535444,0.55119717,1.1955165,0.39233819,1.2953026,12.752855,1.3976481,0.95419705,1.7129289,3265,2.0091641
4325482,156,1096,1168,4751.4424,0.019548073,245.62869,35.456768,142.26979,5.4768715,1439.103,1747.6952,61549.371,4590612,0.55792278,1.1955843,0.36775818,1.1036444,13.581645,1.4884793,0.96201044,1.6694241,3265,2.1428647
4325483,156,1098,1150,4628.8022,0.021126391,247.95778,37.622787,142.82146,5.6540747,1359.4307,1659.3064,62007.324,4770380,0.55940515,1.1766143,0.37978864,1.2875197,12.547947,1.3751912,0.95220745,1.7245711,3265,2.0263028
4325484,156,1100,1111,4496.4175,0.030716443,250.82179,39.585766,144.61198,6.2264304,1074.5234,1356.2906,61073.035,4799316,0.56897855,1.1392069,0.36763734,1.2842655,12.313649,1.3495133,0.94990271,1.7383579,3265,2.0412526
4325485,156,1102,1106,4458.2222,0.026021374,252.48514,38.299999,146.41261,5.563354,1188.8607,1467.3059,58929.355,4502260,0.57589781,1.1379169,0.36658934,1.2877268,12.262766,1.3439368,0.94939786,1.7414216,3265,2.0408349
4325486,156,1104,1167,4698.6582,0.027772507,249.26074,41.771046,148.22263,5.5235295,1167.4841,1458.09,65456.672,5236320,0.56541747,1.2006792,0.38655183,1.2994606,12.590536,1.3798587,0.95262295,1.72212,3265,2.013546
4325487,156,1106,1196,4789.6147,0.027829241,248.54419,45.496681,150.0414,6.1182823,1178.6744,1470.6338,70012.383,5802752,0.55029875,1.2578846,0.39576438,1.302372,12.763825,1.3988503,0.95430285,1.7123162,3265,2.0023623
4325488,156,1108,1101,4423.5986,0.024773022,253.51443,45.825638,151.86833,5.7185416,1228.9314,1497.9706,63946.191,5367864,0.55733466,1.1966429,0.36456954,1.2837144,12.25264,1.3428271,0.94929719,1.7420343,3265,2.0449464
4325489,156,1110,1036,4153.5166,0.024111306,256.83804,44.535839,153.70288,5.4630628,1198.0892,1471.3043,58408.062,4833512,0.58142054,1.1541871,0.34293279,1.2654693,11.937206,1.3082571,0.94613045,1.7616421,3265,2.0782824
4325490,156,1112,1136,4584.8452,0.028203424,252.36415,50.159237,155.54437,5.8597775,1151.4292,1429.2769,69631.93,6092636,0.55547249,1.2329479,0.37615895,1.2919159,12.432298,1.3625166,0.95107383,1.7313113,3265,2.0282884
4325491,156,1114,1076,4350.8989,0.025972569,256.32895,50.131752,157.39215,5.9374595,1188.2189,1450.8983,64790.793,5649884,0.56493473,1.1695874,0.35664567,1.280197,12.11261,1.3274804,0.94789898,1.7506127,3265,2.055542
4325492,156,1116,1056,4242.1582,0.034125816,259.49847,48.813274,159.24625,5.4748249,978.0451,1249.8469,61362.406,5249156,0.56894118,1.2424065,0.35024875,1.2767329,12.004811,1.3156663,0.94681436,1.7573529,3265,2.0644798
4325493,156,1118,913,3643.6675,0.03072275,267.7359,45.945858,161.10625,5.6609139,958.26984,1220.7992,49276.141,4130104,0.63846534,1.1717874,0.30494323,1.2508121,11.257926,1.2338115,0.93909335,1.807598,3265,2.1308112
4325494,156,1120,857,3447.3516,0.03238681,269.47623,46.581238,162.97182,6.2139368,894.65918,1156.548,46685.031,4026576,0.66699475,1.173291,0.2935937,1.2782462,10.763835,1.1796616,0.93377304,1.8446691,3265,2.1372061
4325495,156,1122,818,3323.1177,0.036014687,270.39316,48.129112,164.84264,5.5583911,819.34192,1076.8073,45211.027,3990336,0.69102478,1.139161,0.2811963,1.2705065,10.575871,1.1590617,0.93170112,1.8596814,3265,2.156662
4325496,156,1124,832,3346.4595,0.031890571,270.18564,50.369099,166.7184,5.5275631,893.44666,1148.3296,47106.281,4220844,0.68073392,1.1413102,0.28630421,1.2785842,10.617494,1.1636233,0.93216228,1.8563113,3265,2.1466365
4325497,156,1126,872,3488.3826,0.032744393,268.70319,50.567249,168.59883,6.1300969,881.53955,1157.0404,49651.832,4449880,0.63439155,1.3708026,0.29996559,1.2933626,10.77556,1.1809467,0.93390137,1.84375,3265,2.1229703
4325498,156,1128,884,3533.0894,0.037545819,268.58505,52.483902,170.48367,5.7375531,812.02039,1087.4304,51333.039,4659472,0.62822646,1.3783649,0.30409357,1.297803,10.822719,1.1861149,0.93441653,1.8400736,3265,2.1159427
4325499,156,1130,859,3465.4465,0.036996242,269.19046,54.774986,172.3726,5.4649549,832.68909,1084.9401,51457.324,4793060,0.64531314,1.3140831,0.29549363,1.2884346,10.724935,1.1753983,0.93334645,1.8477329,3265,2.1306896
4325500,156,1132,776,3117.0344,0.03648581,272.11429,59.073933,174.26517,5.8446622,805.29047,1036.1288,48512.012,4737028,0.73492187,1.0173613,0.27645174,1.3455973,10.022254,1.0983881,0.92543399,1.9071691,3265,2.1289196
4325501,156,1134,742,2976.4238,0.045381606,272.98288,61.242588,176.16148,6.1890016,685.01794,907.84644,47582.633,4773132,0.76795399,0.96755648,0.26471639,1.3333974,9.8952627,1.0844705,0.92395997,1.9188113,3265,2.1491857
4325502,156,1136,734,2930.5435,0.038536523,273.1629,63.366135,178.06137,5.5511203,756.56281,977.55847,48324.691,4936936,0.77715409,0.95403075,0.26158231,1.3277242,9.8787928,1.0826654,0.92376775,1.9203432,3265,2.1554639
4325503,156,1138,731,2931.0476,0.045202967,272.983,65.56189,179.96465,5.5407562,685.28912,902.6781,49143.898,5081160,0.77737385,0.95882559,0.26051319,1.3263451,9.8689365,1.0815853,0.92365265,1.9212623,3265,2.1574345
4325504,156,1140,739,2962.9094,0.046486206,272.67999,67.547661,181.87114,6.1606913,675.94067,894.95679,50883.406,5313436,0.76991904,0.94565374,0.26336423,1.3300064,9.8952627,1.0844705,0.92395997,1.9188113,3265,2.152195
4325505,156,1142,742,2990.3855,0.038957961,272.44257,69.554283,183.7807,5.8664703,763.1958,982.13324,52371.195,5529848,0.76411641,0.94916481,0.26452762,1.3320444,9.901866,1.0851942,0.92403698,1.9181986,3265,2.149889
4325506,156,1144,726,2932.0703,0.032272749,272.68521,71.500084,185.69316,5.4670568,853.41736,1068.499,52685.828,5678876,0.78174222,0.93309277,0.25891584,1.3253925,9.8460169,1.0790733,0.92338455,1.9234068,3265,2.1600182
4325507,156,1146,711,2856.1372,0.061356969,272.96631,73.666016,187.60841,4.095058,557.09625,764.82574,52831.66,5778852,0.79662448,0.91558671,0.25392857,1.3210536,9.784337,1.0723135,0.92266077,1.9292279,3265,2.1685863
4325508,156,1148,695,2799.637,0.059224971,273.10583,76.183426,189.5244,2.095058,568.82007,770.73199,53263.055,5933708,0.81284183,0.88833272,0.24874732,1.3173966,9.7138767,1.0645915,0.92182976,1.9359682,3265,2.1772821
4325509,156,1150,684,2761.5698,0.073771276,273.14581,78.484833,191.40701,0.095058069,486.80753,685.86603,54042.844,6114484,0.82350397,0.86790252,0.24586628,1.3200123,9.6412907,1.0566365,0.92096895,1.9430147,3265,2.1806266
4390964,158,988,356,1440.5752,0.20392239,334.09943,18.895887,74.973495,0.44346496,115.6609,297.94797,9648.9561,317112,0.76103812,0.96851271,0.27834246,1.7635195,5.599225,0.61364663,0.86260718,2.6237745,3265,2.2894592
4390965,158,990,359,1450.5292,0.20527026,325.93207,20.175961,77.420898,1.8740519,116.47522,297.99237,9931.1533,336660,0.76640576,0.96292281,0.28090766,1.7645296,5.6013389,0.61387831,0.86264515,2.6231618,3265,2.2884579
4390966,158,992,312,1261.6532,0.189987,314.61548,21.663744,79.791817,2.7914479,122.438,288.87701,8974.8506,323872,0.80985653,0.80553341,0.24413146,1.7430788,5.5520849,0.60848027,0.86175758,2.6375613,3265,2.31264
4390967,158,994,268,1098.7894,0.19913878,306.51172,23.34462,82.333824,1.3750176,115.2919,263.32025,8050.8545,308492,0.86807537,0.65830076,0.21003135,1.7188352,5.5047102,0.60328829,0.86089814,2.6516545,3265,2.3397019
4390970,158,1000,633,2568.5178,0.10374172,62.491512,29.298048,150.20464,0.0018303106,348.36789,557.78845,32736.23,2485220,0.57589936,1.0608221,0.22510669,1.2728916,9.5759583,1.0494763,0.92018998,1.9494486,3265,2.2279491
4390971,158,1002,649,2628.8196,0.10510177,58.631004,26.165388,148.20642,0.54993385,348.29428,560.63513,33233.375,2470676,0.58016133,1.0787077,0.23079659,1.2815158,9.6256552,1.0549228,0.92078286,1.9445466,3265,2.2162676
4390972,158,1004,653,2652.085,0.10493618,55.186508,23.733791,146.20827,1.094705,348.19595,563.55463,33343.773,2449364,0.58843565,1.0721573,0.23221906,1.2836363,9.6381598,1.0562934,0.9209317,1.9433211,3265,2.2133799
4390973,158,1006,659,2660.4841,0.096306615,51.593746,21.659058,144.21017,1.6357604,369.46838,589.1925,33750.535,2463568,0.58903837,1.0812289,0.2338538,1.2825468,9.6758699,1.0604262,0.92137963,1.9396446,3265,2.2113984
4390974,158,1008,656,2665.5776,0.095253617,47.258331,19.741344,142.21214,1.7819229,371.85916,593.00702,33317.938,2399548,0.60328615,1.0470256,0.23312011,1.2838064,9.6538363,1.0580114,0.92111808,1.9417893,3265,2.2119949
4390975,158,1010,654,2671.5327,0.095089473,42.177155,18.010284,140.21417,0.58687681,372.77371,594.18127,33306.121,2392208,0.60987866,1.0452098,0.23191489,1.2784879,9.6664152,1.0593899,0.92126745,1.9405637,3265,2.215781
4390976,158,1012,670,2720.0994,0.086659126,35.058079,16.18088,138.21629,0.4596898,401.0257,628.04413,34078.793,2460680,0.59264666,1.1652558,0.23624824,1.2753034,9.7682333,1.0705488,0.92247123,1.9307598,3265,2.2107337
4390977,158,1014,679,2751.7175,0.08719594,25.712969,14.812513,139.29034,1.8410618,391.4516,629.73633,34540.316,2499568,0.58477026,1.2220736,0.23942173,1.2799343,9.7972574,1.0737296,0.92281264,1.9280025,3265,2.2043467
4390978,158,1016,688,2769.0891,0.087819815,14.601439,14.048427,142.0083,3.6464844,389.96585,629.47302,35412.855,2588956,0.57598764,1.2680705,0.24259521,1.2844959,9.8264551,1.0769296,0.92315537,1.925245,3265,2.1980233
4390979,158,1018,694,2782.4651,0.088000223,2.5824256,13.852942,144.3412,2.7011745,390.87564,630.34442,35956.449,2650184,0.5713163,1.2779063,0.24471086,1.2874987,9.8460169,1.0790733,0.92338455,1.9234068,3265,2.1938431
4390980,158,1020,690,2780.9915,0.088238038,351.5636,14.154889,146.45219,1.2177554,394.78445,629.3277,35510.422,2592244,0.568259,1.2804732,0.24338624,1.2862267,9.82971,1.0772862,0.92319351,1.9249387,3265,2.1962237
4390981,158,1022,675,2737.6455,0.088269971,342.95267,14.888816,148.38589,0.34009078,397.48169,624.29095,34887.734,2551680,0.57513136,1.1970855,0.23809524,1.2786143,9.7811117,1.0719602,0.92262286,1.9295343,3265,2.2067702
4390982,158,1024,732,2970.6797,0.063188747,345.05457,10.282537,150.30943,0.44705436,531.74011,768.62231,37743.512,2692996,0.50756133,1.2223976,0.25077081,1.2357876,10.27203,1.1257622,0.92829281,1.8851103,3265,2.2089837
4390983,158,1026,737,2973.7102,0.049337313,327.70911,11.212589,152.2249,1.4156842,608.79132,870.29504,36929.852,2662824,0.48137277,1.3225623,0.23758866,1.042533,11.023735,1.2081453,0.93659383,1.824755,3265,2.3350706
4390984,158,1028,693,2791.5286,0.072895281,316.53952,17.30563,154.1331,2.864161,426.78616,693.70728,33145.398,2359308,0.50463343,1.4128985,0.24410003,1.2890756,9.8427505,1.0787154,0.92334628,1.9237132,3265,2.1927586
4390985,158,1030,670,2666.6782,0.078561373,308.51486,21.063122,156.03571,2.3445485,395.63992,653.10907,31451.412,2237968,0.49962741,1.4097688,0.23691654,1.2854081,9.7329922,1.0666865,0.92205566,1.93413,3265,2.2044618
4390986,158,1032,587,2340.1072,0.083031766,300.92981,29.888027,157.93275,0.82506156,377.41431,595.11469,27209.023,1977872,0.53074288,1.1404715,0.21229656,1.2837344,9.2882299,1.0179428,0.91671103,1.9788603,3265,2.2417326
4390988,158,1036,669,2691.5161,0.084599547,50.095577,18.027868,161.71466,0.016616289,438.71844,632.29449,37374.051,2986700,0.52955079,1.0898,0.23572938,1.2733191,9.77145,1.0709013,0.92250913,1.9304534,3265,2.2122686
4390989,158,1038,755,3046.8772,0.094302788,43.898006,13.430698,163.60205,0.85969412,415.33774,637.19177,39182.609,2810852,0.62235141,1.1167064,0.26603243,1.3149041,10.056216,1.1021101,0.92582583,1.9041054,3265,2.1536651
4390990,158,1040,750,3031.6743,0.12209474,54.032009,14.41933,125.13781,1.4667352,332.82181,558.59589,36920.914,2468912,0.65670139,1.0396525,0.2687209,1.3449795,9.882082,1.0830261,0.92380619,1.9200368,3265,2.1399188
4390991,158,1042,758,3083.8184,0.12226872,57.120972,14.132236,124.07281,0.85601097,328.8042,562.97827,36016.477,2345312,0.66559428,1.0392929,0.27158725,1.348492,9.9084787,1.0859189,0.92411405,1.9175857,3265,2.1348259
4390992,158,1044,760,3097.6082,0.15049735,58.634224,13.766069,106.3639,2.4831741,267.60388,508.57355,35411.402,2251932,0.67899245,1.0236706,0.27308661,1.3545816,9.8886681,1.0837477,0.92388302,1.9194241,3265,2.1309392
4390993,158,1046,766,3126.7957,0.15513766,57.378502,12.742462,104.36918,4.3411441,256.56607,503.26422,35254.547,2211040,0.68834621,1.0055114,0.27524254,1.3571624,9.9084787,1.0859189,0.92411405,1.9175857,3265,2.1271729
4390994,158,1048,779,3181.8796,0.087104574,56.833546,11.797581,102.37468,3.0669074,430.11017,677.52655,35542.336,2206264,0.69030231,1.0104479,0.27991375,1.3626556,9.9516745,1.0906529,0.92461652,1.9136029,3265,2.119102
4390995,158,1050,821,3350.9055,0.083955809,61.548489,11.423165,100.49313,1.6964629,447.99854,708.2077,36862.52,2237004,0.67737144,1.0538142,0.29489943,1.3788649,10.097276,1.1066101,0.9262982,1.9004289,3265,2.0941546
4390996,158,1052,864,3520.0664,0.068145461,65.166031,10.450718,101.7156,0.99705577,540.84753,805.67871,37918.637,2250764,0.66085953,1.0748941,0.3079116,1.380672,10.325642,1.1316378,0.92889965,1.8805147,3265,2.0762827
4390997,158,1054,919,3749.2827,0.0720383,73.753609,9.2667532,103.07473,1.3086817,534.75153,808.71838,39243.223,2259984,0.6420638,1.0746284,0.325771,1.3895135,10.583414,1.1598884,0.93178481,1.8590686,3265,2.0509057
4390998,158,1056,1053,4281.8442,0.053699184,111.28745,9.1111889,104.53148,2.2257946,695.0827,1001.0056,44954.625,2540112,0.57941639,1.1575119,0.34569928,1.227877,12.202259,1.3373055,0.9487955,1.745098,3265,2.097167
4390999,158,1058,1377,5503.4478,0.051385693,160.18919,19.457783,131.21849,3.4542537,821.92914,1160.1156,67084.406,4288672,0.51894075,1.394197,0.4337008,1.1421812,15.010569,1.645082,0.97469074,1.6056986,3265,2.0487907
4391000,158,1060,1601,6432.8579,0.052134629,173.89034,27.164835,133.65958,4.880147,884.76483,1245.2134,84345.859,5829288,0.52126092,1.5693849,0.5039345,1.1519057,16.947969,1.8574113,0.9905346,1.5364584,3265,1.9741883
4391001,158,1062,1654,6663.3828,0.038919348,179.52315,28.453049,133.75772,6.4468603,1101.451,1466.7954,87760.023,6095732,0.51990408,1.615483,0.51930928,1.1404855,17.5597,1.924454,0.99526018,1.5177696,3265,1.9663854
4391002,158,1064,1679,6753.9673,0.036150511,183.97504,29.721176,133.88567,8.1166391,1164.7245,1532.2413,89362.969,6215784,0.52136219,1.6292595,0.52715856,1.1394506,17.82336,1.9533496,0.99725986,1.5101103,3265,1.9598632
4391003,158,1066,1675,6768.6768,0.036685452,187.59154,30.515347,134.04333,9.0160313,1157.1545,1522.6844,89624.453,6265604,0.52475828,1.6151184,0.52590269,1.1396396,17.780643,1.9486681,0.99693733,1.5113357,3265,1.9608871
4391004,158,1068,1673,6759.9702,0.032874964,191.38293,31.523947,134.23062,9.0316067,1241.1906,1607.4767,90010.57,6331360,0.52835709,1.6051099,0.52527475,1.1397307,17.759361,1.9463358,0.99677646,1.5119486,3265,1.9614018
4391005,158,1070,1675,6787.2754,0.031379022,195.22055,32.857597,134.44739,9.0471821,1273.7888,1648.6671,91404.578,6526816,0.5293411,1.6005093,0.52590269,1.1396396,17.780643,1.9486681,0.99693733,1.5113357,3265,1.9608871
4391006,158,1072,1688,6793.8462,0.032072179,198.81331,34.11977,134.69353,9.0627575,1260.1343,1631.5431,93102.758,6715372,0.53063434,1.6077437,0.5299843,1.1389928,17.920225,1.9639657,0.99798906,1.5073529,3265,1.9575868
4391007,158,1074,1666,6766.8062,0.033608325,202.3335,35.441002,134.96884,9.0783329,1231.3971,1590.6454,92831.688,6786540,0.53342634,1.5789634,0.52291274,1.1387284,17.695822,1.9393722,0.99629527,1.5137868,3265,1.9640926
4391008,158,1076,1684,6770.3076,0.036216706,205.22212,36.356808,135.27318,9.0939093,1154.2708,1532.6912,94627.492,6980404,0.53201008,1.5917511,0.52839661,1.1365989,17.898609,1.9615966,0.99782658,1.5079657,3265,1.9603345
4391009,158,1078,1619,6550.001,0.027653644,209.27946,36.141254,135.60632,9.1331911,1359.694,1725.2396,90617.375,6713060,0.51992065,1.5582582,0.50784189,1.1373812,17.233387,1.8886917,0.9927547,1.5275736,3265,1.9787
4391010,158,1080,1445,5798.8311,0.021313971,218.76576,31.185453,135.96808,9.504178,1483.8209,1849.0258,75444.852,5248908,0.53144956,1.4038453,0.45670038,1.1629448,15.456195,1.6939204,0.97846246,1.5882353,3265,2.0135407
4391011,158,1082,1512,6052.7339,0.019932153,216.77789,34.508171,136.62979,9.9696493,1569.5179,1953.4559,82708.281,6063308,0.51410908,1.4803381,0.47427854,1.1357183,16.225201,1.7781997,0.98478746,1.5603554,3265,2.0117793
4391012,158,1084,1427,5772.0952,0.022001695,222.50766,33.33107,137.61232,9.3509998,1486.458,1815.698,75829.727,5420892,0.52300113,1.404665,0.44789705,1.1326123,15.488462,1.6974567,0.97873247,1.5870098,3265,2.0399506
4391013,158,1086,1476,5994.6387,0.020912176,221.33032,36.795815,136.4046,8.3216963,1574.1818,1897.959,81606.211,6102252,0.52404481,1.4433378,0.46327683,1.1364579,15.894961,1.742007,0.98209888,1.5719975,3265,2.0222111
4391014,158,1088,1392,5679.1611,0.025229681,225.57848,36.313137,139.69171,7.6610842,1343.2849,1681.865,76570.117,5727496,0.52958363,1.3639739,0.4367744,1.127658,15.218407,1.66786,0.97645998,1.5974264,3265,2.0542977
4391015,158,1090,1330,5405.8848,0.014573423,230.9028,36.347542,137.2928,7.4613409,1813.9575,2159.0244,72551.844,5477040,0.53342611,1.3223488,0.41758242,1.1224078,14.734803,1.6148596,0.97231513,1.6170343,3265,2.077457
4391016,158,1092,1344,5407.5054,0.018256642,232.97112,38.200031,141.83968,7.7560878,1610.095,1929.2698,74711.867,5700380,0.53363895,1.337338,0.4217132,1.121624,14.852799,1.6277914,0.97333562,1.6121323,3265,2.0736051
4391017,158,1094,1200,4874.4014,0.019312399,240.38358,36.910805,141.07507,7.8312426,1476.339,1780.9325,65165.785,5005500,0.53545731,1.2355819,0.37676609,1.0984479,13.841369,1.5169436,0.96438617,1.6568627,3265,2.1362267
4391018,158,1096,1190,4849.0327,0.032866213,242.56364,36.741402,139.5092,7.4723916,1045.5294,1361.6254,63078.16,4674984,0.55748564,1.2007616,0.39286894,1.2947545,12.769318,1.3994523,0.95435584,1.7120098,3265,2.0088418
4391019,158,1098,1154,4679.3535,0.021291927,245.54875,36.793785,141.3316,7.6061244,1347.8331,1661.8445,60674.188,4534472,0.56552041,1.1786311,0.38048136,1.2836498,12.595881,1.3804444,0.95267498,1.7218137,3265,2.0273314
4391020,158,1100,1163,4691.2856,0.023578895,245.32007,39.591377,143.16238,8.0487318,1285.519,1581.2086,63858.969,4982580,0.55931675,1.1953722,0.3842088,1.2912198,12.611939,1.3822045,0.95283133,1.7208946,3265,2.0197878
4391021,158,1102,1086,4380.1035,0.024698904,250.74788,40.022041,145.00117,7.5373793,1204.9407,1492.8229,58976.047,4659540,0.57161695,1.1548182,0.35948363,1.2790231,12.182222,1.3351097,0.94859558,1.7463236,3265,2.0528667
4391022,158,1104,1145,4605.3545,0.030811401,248.18695,41.297607,146.84741,7.5074062,1088.1765,1370.5054,62950.398,4926988,0.56339514,1.2079747,0.37863755,1.2901826,12.500377,1.3699777,0.95174211,1.7273284,3265,2.0263476
4391023,158,1106,1193,4780.7021,0.024561862,247.08784,44.137356,148.70061,7.9638853,1270.6436,1563.9402,68192.453,5530084,0.55403024,1.2631651,0.39438015,1.2990446,12.763825,1.3988503,0.95430285,1.7123162,3265,2.0053082
4391024,158,1108,1190,4826.1143,0.028696192,247.17987,47.111938,150.56027,7.6551223,1159.079,1453.7562,70285.711,5871496,0.55262452,1.2679969,0.39377895,1.3012403,12.730971,1.3952497,0.95398569,1.7141544,3265,2.0049796
4391025,158,1110,1083,4382.8735,0.021306163,252.65189,46.928123,152.42601,7.4620342,1328.7041,1607.7991,63172.273,5345304,0.5638442,1.1974782,0.35860926,1.2791957,12.162251,1.3329209,0.94839603,1.7475491,3265,2.0537772
4391026,158,1112,1046,4221.6206,0.023526419,254.53094,47.036266,154.29744,7.763308,1225.7532,1501.6428,60249.949,5063704,0.58335149,1.1442263,0.34635761,1.2692579,11.980578,1.3130106,0.94656956,1.7588848,3265,2.0725
4391027,158,1114,1137,4579.3584,0.025517626,251.29671,51.037922,156.17377,7.8233109,1217.3994,1501.7136,69507.57,6106728,0.54939026,1.2884378,0.37636545,1.2912108,12.442722,1.3636591,0.95117635,1.7306986,3265,2.0283804
4391028,158,1116,1089,4369.3833,0.021739619,254.25006,51.244133,158.05507,7.4708915,1319.4349,1589.2383,66232.977,5875672,0.55079371,1.2805533,0.36095458,1.2835301,12.177223,1.3345618,0.94854563,1.74663,3265,2.0491073
4391029,158,1118,1045,4218.7944,0.032678638,257.37482,50.87215,159.94112,7.6112757,1001.8016,1273.7,62296,5452696,0.56551909,1.2597504,0.34660032,1.2736919,11.951629,1.3098377,0.94627661,1.760723,3265,2.0701163
4391030,158,1120,964,3928.3003,0.029005302,261.6944,49.127213,161.8316,8.0389118,1023.4792,1304.5736,54948.164,4706516,0.59714842,1.2456828,0.31462142,1.1837982,11.851396,1.2988527,0.94525826,1.7671568,3265,2.156225
4391031,158,1122,903,3630.7849,0.039984372,265.47122,48.860035,163.7263,7.5336552,786.07733,1068.2184,50374.133,4311884,0.64098483,1.2054663,0.31041595,1.3030872,10.906245,1.1952691,0.93532491,1.8336397,3265,2.1058507
4391032,158,1124,881,3555.4644,0.025303066,265.89944,51.60788,165.62495,7.5104365,1068.2916,1328.8212,50746.645,4504220,0.64818645,1.1535956,0.28790849,1.1571325,11.453452,1.2552401,0.94115067,1.7938113,3265,2.2034624
4391033,158,1126,872,3494.5571,0.029374367,266.41064,50.419441,167.52737,7.9731283,950.3277,1222.691,49370.648,4393748,0.6374014,1.3610812,0.29965636,1.2910376,10.787312,1.1822345,0.93402994,1.8428309,3265,2.1242681
4391034,158,1128,870,3496.3877,0.034414303,266.36371,52.317539,169.43332,7.6705465,849.10205,1129.9136,50409.367,4561548,0.63736624,1.3596951,0.29907185,1.2910631,10.77556,1.1809467,0.93390137,1.84375,3265,2.1250157
4391035,158,1130,851,3439.1726,0.033725053,266.96399,54.418522,171.29817,7.0946102,877.10107,1132.0239,50594.578,4678792,0.65257484,1.2960688,0.29274166,1.2853407,10.694016,1.1720098,0.93300658,1.8501838,3265,2.1354947
4391036,158,1132,821,3318.5903,0.041322932,268.49887,58.088257,173.16664,6.1262116,763.61041,1004.5839,50515.027,4795108,0.69295919,1.114938,0.29248309,1.3639364,10.176918,1.1153386,0.92721039,1.8933823,3265,2.1014984
4391037,158,1134,808,3257.8877,0.033061933,269.07297,61.17754,175.04031,5.4661579,883.42938,1112.7788,51428.883,4973760,0.71222413,1.0090343,0.28785181,1.358799,10.131749,1.1103883,0.92669374,1.8973652,3265,2.1092744
4391038,158,1136,798,3220.8125,0.033377245,269.37769,63.026047,176.91888,5.2063303,871.09937,1101.1903,51852.652,5097544,0.71301216,1.0403218,0.28428927,1.3547589,10.097276,1.1066101,0.9262982,1.9004289,3265,2.1153359
4391039,158,1138,769,3111.6777,0.035233121,270.08823,64.909706,178.80208,5.410676,826.8382,1053.481,51380.648,5180688,0.74050105,0.98126352,0.27395797,1.3426026,9.9986162,1.0957975,0.92516071,1.9093137,3265,2.1333141
4391040,158,1140,740,2996.7483,0.034018423,270.77316,66.819038,180.68962,6.0208039,831.62366,1052.1387,50337.777,5170356,0.76506966,0.96354067,0.26362664,1.3297803,9.901866,1.0851942,0.92403698,1.9181986,3265,2.1518986
4391041,158,1142,732,2927.4963,0.037016798,271.10098,68.723923,182.5813,6.8866258,779.84735,996.90485,50790.156,5299288,0.77504057,0.94473225,0.26096258,1.327486,9.8689365,1.0815853,0.92365265,1.9212623,3265,2.1564207
4391042,158,1144,726,2927.5171,0.037996203,270.95941,70.784843,184.47667,6.095058,771.36365,983.97614,51708.52,5475912,0.78065544,0.93332893,0.2590082,1.3260719,9.8427505,1.0787154,0.92334628,1.9237132,3265,2.1596625
4391043,158,1146,721,2929.6892,0.043932542,270.84277,72.807732,186.3756,4.095058,704.99304,915.4245,52716.773,5645972,0.78371477,0.91886717,0.25704101,1.3223776,9.8329668,1.0776432,0.92323172,1.9246323,3265,2.1636913
4391044,158,1148,724,2939.8481,0.032669254,270.70309,74.889839,188.27805,2.095058,850.81384,1063.4027,54070.145,5845908,0.77824903,0.92545569,0.25811052,1.3237807,9.8427505,1.0787154,0.92334628,1.9237132,3265,2.1616993
4391045,158,1150,717,2918.6709,0.036185063,270.73392,77.054497,190.18382,0.095058069,797.70087,1006.776,55397.75,6076724,0.78234494,0.90870345,0.25552389,1.3198116,9.8232021,1.076573,0.92311722,1.9255514,3265,2.1667185
4456493,160,974,349,1401.2512,0.27107319,14.799399,18.709988,56.771538,0.13737063,90.145065,254.87053,8390.2412,235768,0.8390969,0.78287071,0.25271541,1.5786408,5.9770179,0.65505075,0.86922544,2.5211396,3265,2.3833561
4456494,160,976,346,1392.7855,0.31284383,7.1163778,18.406536,47.118866,0.32004321,71.361259,236.52837,8154.3647,226620,0.84614223,0.7833398,0.2739509,1.5672702,5.8131037,0.63708663,0.86639446,2.5640318,3265,2.4244199
4456495,160,978,345,1387.8573,0.31587899,359.84772,18.402287,49.024612,0.50271583,69.392906,234.97246,8036.8652,223328,0.84812945,0.78407425,0.2733756,1.5665354,5.8108273,0.63683712,0.86635476,2.5646446,3265,2.4254205
4456496,160,980,343,1380.7616,0.31417337,352.6008,18.68961,51.106049,0.68538839,68.790901,235.00635,7970.3755,223388,0.84977752,0.78520966,0.27287191,1.5641446,5.8028731,0.63596541,0.86621577,2.5667892,3265,2.4289308
4456497,160,982,339,1372.0465,0.30760464,345.54938,19.249081,53.460064,0.86806095,70.016418,236.75159,7937.604,227512,0.86027473,0.77936542,0.29224136,1.6890838,5.5036893,0.60317641,0.86087954,2.6519608,3265,2.374001
4456498,160,984,341,1373.3481,0.23046763,338.97836,19.844749,69.850555,1.0507336,102.43946,273.64676,8126.459,239956,0.85181993,0.80306208,0.30017605,1.7268503,5.4202547,0.59403235,0.85935181,2.6773896,3265,2.3577302
4456499,160,986,388,1554.0698,0.20395583,336.91144,15.672691,72.493164,1.2334062,89.342087,309.43692,9608.1895,297148,0.76284665,1.0365326,0.30336201,1.7761134,5.6332374,0.61737418,0.86321676,2.6139705,3265,2.2749436
4456500,160,988,381,1536.2892,0.20851605,329.27634,17.030602,74.949707,1.8412502,90.617104,304.27878,9705.1152,309500,0.76463598,1.0196793,0.29788896,1.7735045,5.625762,0.61655492,0.86308306,2.6161151,3265,2.2779775
4456501,160,990,372,1495.2333,0.20747717,322.37418,18.776098,77.409889,2.7958851,98.877419,300.93607,9940.2461,333600,0.76093382,1.001703,0.29107982,1.7697806,5.6151171,0.61538827,0.86289239,2.619179,3265,2.2824309
4456502,160,992,295,1201.2681,0.20150295,307.92749,20.846851,81.171074,1.3794546,102.85596,273.70593,8371.8633,304492,0.84040123,0.73795992,0.23082942,1.7343203,5.534482,0.60655111,0.86143887,2.6427696,3265,2.3223588
4456504,160,996,710,2832.7104,0.12061431,77.613052,43.20985,154.25296,0.47317463,335.35138,543.25861,42674.723,3829152,0.60214543,1.1070429,0.25257915,1.3130401,9.8167028,1.0758607,0.92304099,1.9261643,3265,2.1732459
4456505,160,998,753,3014.458,0.11787461,74.693253,37.447086,152.26833,1.2598588,344.1759,566.89081,44650.75,3901228,0.59561044,1.1937838,0.26759061,1.3308371,9.9683886,1.0924847,0.92481047,1.9120711,3265,2.1459842
4456506,160,1000,769,3085.5632,0.11912943,73.578903,34.825157,150.2863,1.9084482,344.21661,570.50916,45093.871,3869172,0.60015035,1.2146939,0.27327648,1.3378524,10.022254,1.0983881,0.92543399,1.9071691,3265,2.1357744
4456507,160,1002,781,3123.0647,0.11411048,72.886497,32.877956,148.3075,2.4743102,357.90909,586.45227,45667.293,3868380,0.60622805,1.2327989,0.27695036,1.3388766,10.083552,1.1051061,0.92614049,1.9016544,3265,2.1303718
4456508,160,1004,781,3150.7996,0.11379038,72.262413,31.127922,146.33275,3.0190814,360.37183,589.87848,45637.016,3841468,0.61911094,1.1936579,0.27744228,1.3422997,10.06645,1.1032317,0.92594367,1.9031863,3265,2.1285911
4456509,160,1006,791,3175.9321,0.11265162,71.756195,29.571024,144.3632,3.5621681,365.36856,595.21222,46526.113,3901292,0.62246156,1.1971737,0.28039703,1.3423908,10.121383,1.1092521,0.92657489,1.8982843,3265,2.1245096
4456510,160,1008,799,3211.4944,0.10421487,70.964905,27.885845,142.40034,3.3483021,391.14932,622.2912,47370.562,3969604,0.62656957,1.1991574,0.28163552,1.3345746,10.204915,1.1184069,0.92752981,1.8909314,3265,2.1254158
4456511,160,1010,807,3264.9624,0.10156152,69.907417,26.097609,140.42043,2.4448225,401.07837,635.59344,48091.656,4018092,0.62733954,1.2089351,0.28445542,1.3378593,10.233067,1.1214921,0.92785031,1.8884804,3265,2.1204967
4456512,160,1012,823,3317.3579,0.10282271,68.09642,23.924644,138.42522,2.3617539,395.56113,636.73181,48781.871,4048992,0.61308843,1.3336574,0.28999296,1.3435811,10.293407,1.1281052,0.92853504,1.8832721,3265,2.1111596
4456513,160,1014,835,3365.2642,0.10368854,65.769173,21.870461,140.01642,3.2192252,393.53998,638.62976,49602.824,4105828,0.60767388,1.3929175,0.29422128,1.3482735,10.336432,1.1328204,0.92902148,1.8795956,3265,2.1039925
4456514,160,1016,843,3397.8879,0.10423016,63.724155,20.236004,142.03188,4.6302357,390.37762,640.04834,49851.359,4096060,0.60334516,1.4368477,0.29704016,1.3513417,10.365314,1.1359857,0.92934716,1.8771446,3265,2.0992687
4456515,160,1018,845,3409.6331,0.10543662,62.378971,18.980352,143.96408,4.0385814,385.30948,637.47479,49603.738,4044268,0.60138255,1.4522383,0.2977449,1.3521012,10.37256,1.1367798,0.92942876,1.8765318,3265,2.0980945
4456516,160,1020,846,3424.8975,0.10540925,60.751938,17.712391,145.88629,2.9054759,387.46613,638.98309,49465.352,4002000,0.60430849,1.4324856,0.29809725,1.3524799,10.376186,1.1371773,0.92946959,1.8762255,3265,2.0975084
4456517,160,1022,900,3676.7664,0.074001633,70.900063,16.800228,147.79955,2.3128142,534.29309,790.16406,52516.176,4176032,0.55704117,1.4682686,0.30821916,1.3053685,10.910255,1.1957085,0.93536836,1.8333334,3265,2.1035335
4456518,160,1024,900,3621.9797,0.049111962,67.723419,15.359633,149.70587,2.3861716,697.62073,962.68524,51706.316,4112544,0.55103201,1.4851952,0.29173419,1.1393847,11.64674,1.2764236,0.94315881,1.7806373,3265,2.2084126
4456519,160,1026,875,3526.6553,0.057829369,60.458904,14.337634,151.60567,3.0798094,611.53375,875.41144,49349,3916428,0.57252961,1.5116498,0.30626532,1.3497955,10.553305,1.1565886,0.93145049,1.8615196,3265,2.0877357
4456520,160,1028,879,3551.636,0.089547195,60.905342,13.360268,153.5007,4.2359462,434.29071,705.98126,48609.434,3809588,0.56502652,1.5804456,0.30766538,1.3512344,10.568338,1.1582361,0.9316175,1.8602941,3265,2.0854526
4456521,160,1030,874,3525.4124,0.089940205,60.64296,13.007113,155.3909,3.6522558,432.13663,701.83167,47714.066,3712728,0.57067215,1.5749305,0.3059153,1.349434,10.549553,1.1561774,0.93140882,1.8618259,3265,2.0883081
4456522,160,1032,832,3363.01,0.086910658,68.994255,16.205423,157.27821,2.4386971,440.77328,697.32062,43336.535,3167700,0.61665452,1.2946769,0.29121456,1.3335854,10.394359,1.1391689,0.92967397,1.8746936,3265,2.1129489
4456523,160,1034,798,3239.7805,0.12156308,73.765976,19.064869,119.16715,1.7860253,329.42813,578.71118,39664.773,2708148,0.66409749,1.1430326,0.28510183,1.3600641,10.069865,1.1036061,0.92598301,1.90288,3265,2.1126599
4456524,160,1036,793,3220.4358,0.085877821,74.786873,19.226458,117.67119,1.9349602,441.55472,686.47028,38485.008,2555732,0.67909551,1.0918283,0.28402579,1.3626107,10.029028,1.0991305,0.92551219,1.9065564,3265,2.1134131
4456525,160,1038,795,3212.4636,0.086363524,75.407608,18.698528,112.50336,2.6352403,442.80371,683.68945,37821.855,2460540,0.68805349,1.0580795,0.28556034,1.3685933,10.008733,1.0969063,0.92527771,1.9083946,3265,2.1096485
4456526,160,1040,813,3282.875,0.082021177,76.864822,18.189751,110.51094,2.9164686,461.59937,709.20062,38380.301,2467372,0.682163,1.0616727,0.29192102,1.3751221,10.073283,1.1039807,0.92602235,1.9025736,3265,2.0991809
4456527,160,1042,828,3336.8281,0.069962792,77.485191,17.105495,108.51879,2.6547999,516.98975,774.17346,38251.129,2411848,0.67480969,1.0974758,0.2974138,1.3815417,10.121383,1.1092521,0.92657489,1.8982843,3265,2.0900633
4456528,160,1044,843,3389.1558,0.072162956,78.104401,16.013365,106.52694,3.6843047,502.71271,768.23407,38431.961,2385320,0.67131299,1.0947746,0.30280173,1.3871526,10.173429,1.1149561,0.92717057,1.8936887,3265,2.0814102
4456529,160,1046,849,3437.8894,0.068424307,78.569221,14.740479,104.53542,5.2261181,519.51428,794.59473,38072,2321292,0.67165589,1.082478,0.30278173,1.3765306,10.264923,1.1249834,0.92821223,1.885723,3265,2.0841775
4456530,160,1048,866,3507.8867,0.060858369,79.672264,13.454058,102.54423,4.498107,568.08533,851.07446,38164.527,2282616,0.66593069,1.0886561,0.30873442,1.3820369,10.329235,1.1320317,0.92894024,1.8802084,3265,2.0748384
4456531,160,1050,888,3601.5361,0.057390627,81.776543,12.076392,100.5534,3.4506929,598.65277,888.03143,38302.262,2243192,0.65660137,1.0988754,0.31623933,1.3877506,10.419907,1.1419688,0.92996091,1.8725491,3265,2.0635579
4456532,160,1052,930,3743.9834,0.066782303,86.541756,10.789988,99.219467,2.9927568,548.77448,839.34631,39379.996,2260980,0.63956386,1.1302321,0.33084312,1.3994958,10.58719,1.1603023,0.93182665,1.8587623,3265,2.0419831
4456533,160,1054,989,3951.7007,0.063660853,97.216782,9.7836304,100.83742,3.2169087,581.34534,883.20337,41092.121,2296976,0.61467844,1.161343,0.34689581,1.3843811,10.991072,1.2045656,0.93624204,1.8272059,3265,2.0289266
4456534,160,1056,1132,4527.0044,0.045247585,131.28664,12.263058,102.50446,3.9517145,795.90118,1121.2764,49187.051,2805648,0.55360967,1.2508471,0.37126926,1.245261,12.628039,1.3839689,0.95298797,1.7199755,3265,2.0595024
4456535,160,1058,1405,5527.478,0.044289816,160.45735,21.431326,133.03424,5.0085874,905.51807,1252.3235,68962.961,4436568,0.51234806,1.4462243,0.44265911,1.1465678,15.218407,1.66786,0.97645998,1.5974264,3265,2.0370409
4456536,160,1060,1607,6421.8418,0.043153297,172.75595,28.978308,135.65788,6.2789764,1002.8425,1367.5013,85481.594,5962188,0.51260477,1.6083214,0.50582308,1.1518523,17.006243,1.8637978,0.99099004,1.53462,3265,1.9724656
4456537,160,1062,1669,6658.5132,0.035271123,177.9505,30.175665,135.75456,7.0627513,1173.1071,1540.2241,89195.93,6226880,0.51332521,1.6532673,0.52484274,1.146335,17.664223,1.935909,0.99605548,1.5147059,3265,1.9581556
4456538,160,1064,1683,6725.8374,0.032311462,182.34445,31.596626,135.88063,7.0005164,1247.5165,1617.3344,91040.164,6406124,0.5154016,1.6548015,0.52841443,1.1392527,17.866282,1.9580537,0.99758333,1.5088848,3265,1.9588467
4456539,160,1066,1676,6714.9199,0.031925853,186.13231,32.633514,136.03598,7.0160918,1254.96,1625.7512,90931.344,6421860,0.52324086,1.6211637,0.52621663,1.1395931,17.791304,1.9498364,0.99701786,1.5110294,3265,1.9606304
4456540,160,1068,1666,6676.5889,0.032726929,189.7843,33.424603,136.22054,7.0316672,1235.974,1601.1411,91109.008,6480764,0.52950191,1.5961001,0.52307695,1.1400322,17.685276,1.9382164,0.99621528,1.5140932,3265,1.9632183
4456541,160,1070,1671,6697.46,0.030312235,193.42714,34.65012,136.43414,7.0472426,1301.6906,1666.2916,92336.531,6640424,0.53029811,1.5991274,0.52464676,1.1398196,17.738131,1.9440091,0.99661583,1.5125613,3265,1.9619185
4456542,160,1072,1668,6712.4492,0.030855889,196.7957,35.772762,136.6767,7.0628185,1291.5032,1653.3942,93413.656,6805872,0.53221083,1.5890286,0.52370489,1.1399488,17.706381,1.9405293,0.99637532,1.5134804,3265,1.962697
4456543,160,1074,1673,6740.0146,0.035761748,199.97092,37.044662,136.94803,7.0783939,1181.0068,1538.9553,94818.938,7003212,0.52902704,1.6040384,0.52510983,1.1384289,17.769997,1.9475013,0.99685687,1.5116421,3265,1.9622736
4456544,160,1076,1703,6785.3525,0.032959793,202.52953,37.950768,137.24799,7.0939693,1228.549,1608.418,97329.344,7241676,0.52706325,1.6246817,0.53435832,1.1355379,18.106098,1.9843363,0.99938035,1.5021446,3265,1.9556029
4456545,160,1078,1655,6591.1812,0.032185506,206.12611,37.881481,137.57634,7.1413469,1239.4668,1604.1921,94581.156,7088992,0.51614362,1.6068566,0.51913428,1.1365122,17.60136,1.9290197,0.99557757,1.5165441,3265,1.9687718
4456546,160,1080,1474,5863.9648,0.020810811,214.80659,33.023815,137.51654,7.6100621,1511.1139,1881.7249,78787.984,5558740,0.52731162,1.4391584,0.46366781,1.1457031,15.818707,1.7336498,0.98147219,1.574755,3265,2.0164235
4456547,160,1082,1525,6107.335,0.021299114,213.49652,36.724491,138.31265,7.9788938,1524.644,1898.2352,85382.688,6368828,0.51466978,1.492209,0.47835633,1.1362597,16.341351,1.7909291,0.9857235,1.5563725,3265,2.0074744
4456548,160,1084,1430,5760.3965,0.015581635,219.05496,34.763294,139.39459,7.7868257,1809.308,2155.3838,77370.211,5607396,0.52197784,1.4049417,0.44883868,1.1328864,15.512752,1.7001188,0.97893542,1.5860907,3265,2.0388317
4456549,160,1086,1469,5919.6436,0.020568453,219.72597,37.524475,138.47771,7.594758,1574.6573,1901.7433,81982.031,6121004,0.52574646,1.429067,0.46107972,1.1359907,15.835588,1.7355001,0.98161113,1.5741421,3265,2.0246758
4456550,160,1088,1416,5738.1611,0.020787895,222.37601,38.230667,141.43776,7.4026904,1541.434,1862.4562,79708.586,6092328,0.52479386,1.4034176,0.44416562,1.1288042,15.416049,1.6895206,0.97812599,1.5897671,3265,2.0460339
4456551,160,1090,1351,5458.0537,0.021937722,227.45886,36.451679,139.03119,7.2099919,1431.3718,1768.1865,73099.422,5352804,0.53421497,1.3406569,0.42578003,1.1415792,14.800944,1.6221083,0.97288787,1.614277,3265,2.0573497
4456552,160,1092,1403,5642.5317,0.019174932,226.54503,41.158798,143.56673,7.0159278,1576.9934,1922.9812,81567.945,6461344,0.52157235,1.3983204,0.44008783,1.1274713,15.312638,1.6781874,0.97725624,1.59375,3265,2.0510085
4456553,160,1094,1325,5310.0293,0.020755189,231.22733,40.569355,140.24139,6.8218632,1481.1344,1793.0403,76122.242,6023312,0.52863365,1.33662,0.41575149,1.1188741,14.712887,1.6124576,0.97212493,1.6179534,3265,2.0815556
4456554,160,1096,1233,4967.0288,0.026421787,238.14044,39.299603,138.08995,6.6398439,1230.1296,1536.994,68381.086,5255536,0.53746933,1.2563155,0.40746862,1.3052149,12.992949,1.423961,0.95649827,1.699755,3265,1.9887818
4456555,160,1098,1209,4865.6284,0.027647816,239.91606,38.905163,146.76646,6.538887,1165.1381,1487.113,66085.141,5033352,0.54359412,1.2504772,0.38126773,1.1197305,13.809164,1.5134143,0.96409339,1.6583946,3265,2.1180353
4456556,160,1100,1173,4716.6162,0.017674768,243.18362,39.069359,141.81732,6.5252213,1519.802,1831.2318,63074.5,4777468,0.55485481,1.224939,0.38725653,1.2913994,12.676588,1.3892896,0.95345926,1.7172182,3265,2.0164003
4456557,160,1102,1164,4661.7622,0.035626922,243.9724,41.656914,143.69048,6.5855393,979.67853,1282.3036,65078.633,5155512,0.55712062,1.2274904,0.3847934,1.2932955,12.606582,1.3816173,0.95277923,1.7212009,3265,2.0182121
4456558,160,1104,1126,4493.3638,0.028898519,246.99438,42.44968,145.56938,6.7131329,1107.1467,1397.8254,63125.324,5081544,0.55872428,1.2123256,0.3721084,1.2840335,12.411499,1.3602372,0.95086914,1.7325368,3265,2.0363791
4456559,160,1106,1170,4700.5762,0.028008562,245.29633,44.230762,147.45366,6.8832021,1164.9507,1452.2289,66664.062,5334268,0.55732054,1.2389785,0.38677686,1.2945274,12.638796,1.3851478,0.95309252,1.7193627,3265,2.0155051
4456560,160,1108,1204,4817.3945,0.024501881,245.14632,46.751446,149.34294,7.0736666,1277.1644,1571.8508,71229.297,5916064,0.54743952,1.2887379,0.39801654,1.3010905,12.8245,1.4055001,0.95488709,1.7089461,3265,2.000531
4456561,160,1110,1184,4772.4282,0.024257455,245.92352,49.110989,151.18532,7.2641315,1279.4442,1572.3601,71415.922,6064592,0.55195361,1.2741127,0.39192322,1.3010057,12.692855,1.3910724,0.95361692,1.7162991,3265,2.0070713
4456562,160,1112,1088,4367.3403,0.027540304,251.32448,48.600353,153.02791,7.3540044,1127.2667,1411.6567,64309.035,5483968,0.56492168,1.1967566,0.36038423,1.281409,12.182222,1.3351097,0.94859558,1.7463236,3265,2.050735
4456563,160,1114,1096,4415.1548,0.021184795,251.22881,49.362324,154.87805,7.2965961,1332.4553,1618.3251,64766.395,5502900,0.55560112,1.270452,0.36279377,1.2815421,12.232437,1.340613,0.9490962,1.7432598,3265,2.0479522
4456564,160,1116,1150,4607.7764,0.02616068,249.73778,52.800274,156.7352,7.0839419,1209.0002,1487.7368,71679.742,6349716,0.53808606,1.3518727,0.3807947,1.2949821,12.505644,1.370555,0.95179367,1.7270221,3265,2.0218129
4456565,160,1118,1105,4424.7773,0.028959017,252.1888,53.286758,158.59889,6.8576465,1104.6993,1385.6665,68535.297,6115424,0.54758018,1.323517,0.36625788,1.287485,12.257701,1.3433818,0.9493475,1.7417279,3265,2.0413172
4456566,160,1120,1051,4218.3169,0.028308956,255.10738,52.77269,160.46867,6.6971755,1095.1814,1368.3986,64051.434,5662768,0.55805176,1.3059993,0.34290376,1.2102009,12.283069,1.3461618,0.9495995,1.7401961,3265,2.1088114
4456567,160,1122,1016,4080.5562,0.026450217,257.18552,52.841454,162.34378,6.7075496,1102.4467,1392.355,61340.625,5406428,0.56557542,1.3113018,0.33159268,1.2007866,12.10273,1.3263977,0.94779986,1.7512255,3265,2.1269686
4456568,160,1124,914,3655.6753,0.029259812,262.79025,51.292747,164.22418,6.9149013,978.71362,1253.0055,52463.379,4534136,0.63173562,1.1981784,0.30055901,1.2054857,11.466728,1.2566952,0.94128942,1.7928921,3265,2.1593263
4456569,160,1126,934,3722.7588,0.032171343,262.20892,51.269798,166.10959,7.226881,921.98541,1205.8763,53862.922,4663088,0.60246128,1.4088527,0.31575388,1.2744861,11.236612,1.2314756,0.93886751,1.80913,3265,2.1105757
4456570,160,1128,910,3640.5669,0.029974798,262.84833,52.975716,167.99973,6.8293447,954.3443,1235.4105,53553.281,4768864,0.61153543,1.3823234,0.29777488,1.1726012,11.565041,1.2674696,0.94231308,1.786152,3265,2.1827958
4456571,160,1130,879,3524.1243,0.028474486,264.11673,54.536652,169.89429,5.4781561,991.50623,1247.1038,52644.598,4773168,0.63441837,1.3291273,0.30216569,1.29442,10.81089,1.1848186,0.93428749,1.8409927,3265,2.1197193
4456572,160,1132,856,3424.001,0.027981145,265.0806,57.125931,171.79303,4.3439412,980.91309,1240.0498,52677.562,4901292,0.65735638,1.2393014,0.2943604,1.2865028,10.717188,1.1745493,0.93326139,1.8483456,3265,2.1329224
4456573,160,1134,813,3239.8491,0.034068841,266.91562,60.313854,173.69569,3.5383904,852.65363,1093.1724,51702.938,4957276,0.70922023,1.0354877,0.28963307,1.3607903,10.149075,1.1122869,0.9268921,1.8958334,3265,2.1062696
4456574,160,1136,796,3198.1951,0.039607629,267.32367,62.274113,175.60205,3.2065794,774.46454,1007.3212,51859.391,5064156,0.72209793,0.99018055,0.28357679,1.3539416,10.090409,1.1058576,0.92621928,1.9010416,3265,2.1165566
4456575,160,1138,810,3216.9785,0.040866368,267.33203,64.123558,177.51192,3.4696393,766.08313,994.59436,53881.492,5316496,0.70639259,1.0456616,0.28856429,1.3595978,10.138672,1.1111469,0.92677301,1.8967525,3265,2.1080706
4456576,160,1140,793,3192.1772,0.040005546,267.58487,66.269569,179.42508,4.1969557,777.55927,1001.3556,54319.699,5471704,0.7186684,1.0063951,0.28250802,1.3527098,10.080127,1.1047307,0.92610109,1.9019607,3265,2.1183932
4456577,160,1142,784,3146.1228,0.039225589,267.90912,68.444763,181.34137,5.1262565,782.76062,1003.9406,54839.605,5602724,0.72433013,1.0005205,0.27930173,1.3489724,10.049405,1.1013638,0.92574733,1.9047182,3265,2.1239405
4456578,160,1144,767,3078.2683,0.033359293,268.31583,70.468719,183.26062,6.095058,859.15118,1076.8365,55253.953,5755812,0.73863447,0.96977186,0.27334285,1.342414,9.9885206,1.094691,0.92504382,1.9102329,3265,2.1342287
4456579,160,1146,750,2994.595,0.031102417,268.77277,72.424667,185.18268,4.095058,885.10199,1099.9601,55111.059,5848108,0.7524842,0.96355504,0.26737967,1.3356326,9.9283686,1.0880988,0.92434561,1.9157475,3265,2.1447172
4456580,160,1148,745,2928.3303,0.025178991,269.09732,74.368126,187.10741,2.095058,995.86902,1208.915,56069.801,6025768,0.75537997,0.9627288,0.26550248,1.3327183,9.9151001,1.0866445,0.92419118,1.916973,3265,2.1482968
4456581,160,1150,735,2903.4661,0.036581334,269.15863,76.36499,189.03465,0.095058069,791.16992,998.69653,56782.734,6193808,0.7652005,0.94293505,0.26193869,1.3281822,9.882082,1.0830261,0.92380619,1.9200368,3265,2.1548088
4522028,162,972,401,1616.1919,0.18580459,44.060829,20.19091,91.646439,0.14575808,157.69543,330.61548,11173.77,422572,0.73805487,0.84313464,0.18277119,1.4361345,7.4844623,0.82025903,0.89282101,2.2147672,3265,2.2869618
4522029,162,974,399,1611.2344,0.18567196,37.993198,18.60631,88.674782,1.595422,155.48808,330.22589,10740.057,392324,0.7397514,0.84381878,0.18185961,1.4348083,7.480689,0.8198455,0.89276665,2.21538,3265,2.2885561
4522030,162,976,398,1602.6882,0.18200934,30.613747,17.214666,86.724426,2.3116834,154.51151,332.64624,10423.238,371336,0.73844033,0.84963244,0.18140383,1.4341432,7.4788036,0.81963891,0.89273947,2.2156863,3265,2.2893553
4522031,162,978,394,1590.038,0.17555059,21.566774,16.084358,84.771904,2.4943559,152.44263,337.37082,9882.2197,329932,0.74627042,0.85642648,0.18023787,1.4333855,7.4562545,0.81716764,0.89241427,2.2193627,3265,2.292733
4522032,162,980,388,1574.5023,0.16379642,10.539913,15.29701,82.816948,2.6770287,156.62657,347.55566,9384.7568,296764,0.76095527,0.85438216,0.17765568,1.4298204,7.4412971,0.81552839,0.89219815,2.2218137,3265,2.2976162
4522033,162,982,389,1585.5973,0.11279109,358.21671,14.456605,80.859734,2.8597012,218.30267,420.30444,8971.9307,260752,0.76871705,0.9092105,0.22420749,1.6393491,6.4936309,0.71166897,0.87777615,2.4001226,3265,2.2427881
4522034,162,984,419,1688.3202,0.15784658,350.56851,12.154085,70.038544,3.0423737,123.15057,366.6188,9828.9697,286816,0.72735268,1.0741851,0.27859041,1.6344819,6.2187538,0.68154383,0.873294,2.4620099,3265,2.2960315
4522035,162,986,411,1651.8706,0.17655343,337.22684,13.346354,72.535309,3.2250464,104.71439,342.89005,9725.6289,291236,0.73886418,1.0675499,0.29252669,1.6319188,6.0587778,0.66401124,0.87061536,2.5006127,3265,2.3262064
4522036,162,988,398,1609.1063,0.18161596,326.8757,15.074983,75.25486,3.1011736,105.23501,333.67239,9663.2764,302404,0.75462955,1.0382239,0.30289194,1.7556179,5.7311497,0.62810487,0.86495608,2.5863972,3265,2.274816
4522037,162,990,383,1546.2832,0.19099523,318.45041,17.439398,84.021355,1.3838917,105.7104,318.96146,9868.2969,330620,0.75861549,1.018446,0.29945269,1.7742581,5.6278958,0.61678874,0.86312121,2.6155024,3265,2.2771027
4522039,162,994,808,3257.4902,0.12743446,81.030479,44.223434,156.52263,1.1845467,330.00632,566.76501,50771.207,4750896,0.61088312,1.2599928,0.28713575,1.3541083,10.156021,1.1130483,0.92697161,1.8952206,3265,2.1116555
4522040,162,996,827,3324.6482,0.12823576,80.377518,41.216679,154.52826,2.250823,331.30643,570.78589,50924.215,4664812,0.6181156,1.2887025,0.2938877,1.3616029,10.222492,1.1203332,0.92773002,1.8893995,3265,2.1002913
4522041,162,998,835,3359.1216,0.12651384,79.818382,38.87447,152.53403,3.1175532,337.2576,577.62872,51025.941,4596468,0.62010658,1.296189,0.29662523,1.3640076,10.254283,1.1238172,0.92809141,1.8866421,3265,2.0959172
4522042,162,1000,836,3386.1323,0.12146875,79.116966,36.541523,150.53996,3.8150661,351.47025,591.86768,50700.367,4501620,0.62581724,1.2847939,0.29698047,1.3643886,10.257827,1.1242057,0.92813164,1.8863357,3265,2.095331
4522043,162,1002,839,3391.2268,0.11070469,78.633003,34.484985,148.54607,4.3986864,381.66071,620.4408,50672.496,4437356,0.62827098,1.2761285,0.29741228,1.3614924,10.289838,1.127714,0.92849463,1.8835784,3265,2.0956159
4522044,162,1004,842,3397.9631,0.10983613,77.910255,32.247326,146.55234,4.9434576,385.9436,623.50745,51144.141,4445856,0.62917691,1.2754542,0.29679239,1.3516574,10.358078,1.1351928,0.92926562,1.8777573,3265,2.0994945
4522045,162,1006,842,3401.1897,0.10871498,77.174164,30.086248,144.55878,5.4882288,391.19061,627.01172,51222.086,4418400,0.63302368,1.2586118,0.29679239,1.3516574,10.358078,1.1351928,0.92926562,1.8777573,3265,2.0994945
4522046,162,1008,846,3413.5605,0.10935175,76.258255,27.906115,142.5654,5.0585389,390.43069,626.3194,51638.855,4427736,0.63228559,1.2678485,0.29820234,1.3531756,10.37256,1.1367798,0.92942876,1.8765318,3265,2.0971472
4522047,162,1010,851,3436.2139,0.11103528,75.088081,25.672287,140.57222,4.3879209,386.93723,623.61212,51752.516,4399144,0.62812191,1.3090202,0.29996476,1.3550566,10.390719,1.13877,0.92963308,1.875,3265,2.0942285
4522048,162,1012,856,3452.1987,0.10758172,74.377045,23.950727,138.57924,4.3299961,391.77008,635.0144,51843.242,4367832,0.62462151,1.3408269,0.30172718,1.3569192,10.408942,1.1407671,0.92983782,1.8734682,3265,2.0913262
4522049,162,1014,857,3462.0239,0.10711156,73.677101,22.402882,139.54347,4.9315238,388.97614,637.31158,51487.133,4288964,0.62507498,1.3729867,0.30197322,1.3565962,10.416249,1.1415679,0.92991984,1.8728554,3265,2.0911057
4522050,162,1016,857,3466.2524,0.10701916,72.952141,20.979513,141.46323,6.0296273,387.5463,637.97589,51073.832,4213404,0.62392992,1.4032741,0.30197322,1.3565962,10.416249,1.1415679,0.92991984,1.8728554,3265,2.0911057
4522051,162,1018,861,3476.4717,0.10612474,72.023277,19.553356,143.37422,5.6365724,389.64905,641.60242,51073.469,4188036,0.6190719,1.4372823,0.30338266,1.358071,10.430894,1.143173,0.93008411,1.87163,3265,2.0887976
4522052,162,1020,902,3674.2749,0.073655128,80.931183,19.410566,145.27789,4.7453413,536.20593,791.75214,53245.301,4294440,0.57779849,1.4829472,0.30890411,1.3060813,10.918283,1.1965884,0.93545538,1.8327206,3265,2.1023853
4522053,162,1022,899,3602.2129,0.045278534,79.410835,18.121752,147.17484,4.2995658,742.07886,999.86981,52128.125,4185736,0.57522959,1.488538,0.30557445,1.2754405,11.023735,1.2081453,0.93659383,1.824755,3265,2.1229596
4522054,162,1024,883,3566.3523,0.045994394,80.785973,17.663212,149.06705,4.3552003,732.6748,987.10785,50511.805,4034620,0.58414292,1.4505285,0.28447166,1.10738,11.665052,1.2784305,0.94334781,1.7794118,3265,2.2366271
4522055,162,1026,846,3414.5925,0.061847053,81.485107,19.248941,150.95444,4.8906617,575.9682,832.9422,45799.504,3506516,0.61325276,1.4470198,0.2961148,1.3390133,10.44558,1.1447825,0.93024868,1.8704044,3265,2.1046045
4522056,162,1028,820,3309.4187,0.056412719,87.616013,23.071396,122.6438,5.8266015,595.37378,858.60272,41715.582,2977316,0.64179099,1.3745048,0.29181495,1.3615508,10.183903,1.116104,0.92729014,1.8927696,3265,2.1030955
4522057,162,1030,816,3286.709,0.05423009,88.886238,24.034296,120.65309,5.2021208,608.953,872.70087,40563.055,2817948,0.6514405,1.350933,0.29039145,1.3599782,10.169943,1.1145741,0.92713076,1.893995,3265,2.1054819
4522058,162,1032,814,3276.2129,0.061992399,88.449867,24.376402,118.6627,4.2415352,562.57794,814.93274,40180.047,2752536,0.66844672,1.2224535,0.29040313,1.3638343,10.138672,1.1111469,0.92677301,1.8967525,3265,2.1043425
4522059,162,1034,817,3291.7527,0.065743864,87.134193,23.815367,116.67266,3.7753794,552.42273,793.21503,40027.344,2697476,0.6763956,1.1418817,0.29147342,1.3650149,10.149075,1.1122869,0.9268921,1.8958334,3265,2.1025536
4522060,162,1036,830,3339.6055,0.059997808,86.486221,22.946003,114.68297,3.8881896,593.03113,836.34375,39949.941,2635888,0.67335594,1.1247663,0.29738444,1.3778372,10.152547,1.1126676,0.92693186,1.895527,3265,2.0910544
4522061,162,1038,837,3365.7473,0.061589777,86.74337,21.717312,112.69364,4.4649305,579.73212,828.6886,39659.238,2570896,0.67759657,1.0793154,0.29989251,1.3804773,10.176918,1.1153386,0.92721039,1.8933823,3265,2.086992
4522062,162,1040,834,3383.6301,0.063113406,86.986725,20.228586,110.70472,4.7766314,565.26752,820.79663,38588.691,2451060,0.68289477,1.0719259,0.29956895,1.3838065,10.142138,1.1115267,0.92681271,1.8964461,3265,2.0865836
4522063,162,1042,854,3441.0127,0.056301743,88.054939,18.982307,109.36713,4.6215129,615.43518,876.36926,38933.488,2435388,0.67023128,1.0907474,0.30445632,1.3777111,10.286272,1.1273232,0.92845422,1.8838848,3265,2.0816374
4522064,162,1044,862,3489.8027,0.061467942,89.062698,17.61816,107.41299,5.2820978,575.82117,844.65826,38553.949,2362020,0.66938567,1.087574,0.30730838,1.3806068,10.314875,1.1304578,0.92877793,1.8814338,3265,2.0770938
4522065,162,1046,879,3525.4851,0.054187175,89.971848,16.151621,105.45203,6.5126381,624.26501,904.20337,38820.785,2340872,0.66262656,1.0992782,0.31336898,1.3866032,10.376186,1.1371773,0.92946959,1.8762255,3265,2.0675812
4522066,162,1048,897,3618.1704,0.051238049,92.646904,14.972421,103.27571,6.1458077,654.57239,942.00482,38938.867,2301664,0.65418208,1.1088576,0.31933072,1.3901391,10.456622,1.1459926,0.9303723,1.8694853,3265,2.0589554
4522067,162,1050,924,3732.7537,0.050158184,96.439316,13.854593,101.31635,5.3288202,673.75818,967.04944,39468.273,2287200,0.64347625,1.1265653,0.32870865,1.3976164,10.564576,1.1578238,0.93157572,1.8606005,3265,2.045131
4522068,162,1052,957,3872.4846,0.048628043,102.11179,12.801118,99.359718,4.9907532,699.43219,1000.3602,40145.75,2276008,0.62885457,1.1467569,0.33792374,1.3925067,10.77556,1.1809467,0.93390137,1.84375,3265,2.0356207
4522069,162,1054,1033,4146.4023,0.045537118,115.26257,12.704696,99.171112,5.1635704,753.53625,1069.6898,43428.191,2429132,0.59190696,1.2078373,0.35892981,1.3652864,11.318037,1.2403994,0.93972868,1.8033088,3265,2.025687
4522070,162,1056,1177,4707.1147,0.0400705,139.26822,16.050554,100.92452,5.7641072,880.29437,1214.9822,52067.062,3009644,0.53983665,1.3152574,0.38590163,1.254143,12.880162,1.4116004,0.95542121,1.7058823,3265,2.039099
4522071,162,1058,1405,5537.332,0.041469947,160.15906,23.62188,134.91425,6.4882932,945.78906,1295.354,69485.922,4516116,0.51043993,1.4753723,0.44265911,1.1465678,15.218407,1.66786,0.97645998,1.5974264,3265,2.0370409
4522072,162,1060,1586,6327.7554,0.044004425,171.53603,30.623526,137.65622,5.6037264,981.00525,1344.2548,84937.406,5989596,0.51259959,1.6046301,0.4992131,1.1519516,16.804016,1.8416349,0.98940444,1.5410539,3265,1.9785689
4522073,162,1062,1645,6597.8262,0.03401231,177.02438,32.267296,137.75151,5.0840058,1196.9468,1561.3033,89195.898,6317704,0.51762992,1.6284873,0.5172956,1.1472365,17.41543,1.9086426,0.99415666,1.5220588,3265,1.9644778
4522074,162,1064,1656,6624.0083,0.033495754,181.082,33.71402,137.87575,5.000577,1214.8403,1576.4148,90648.898,6454432,0.51991403,1.6276782,0.51993722,1.1404155,17.580505,1.9267341,0.99541879,1.5171568,3265,1.9658529
4522075,162,1066,1651,6624.0869,0.032047484,184.70634,34.974438,138.02885,5.0161524,1250.2716,1611.6509,91348.93,6551220,0.52671915,1.5961632,0.51836735,1.1405864,17.528585,1.9210438,0.99502271,1.5186887,3265,1.9671875
4522076,162,1068,1648,6595.0522,0.031474568,187.86548,35.525764,138.21074,5.0317278,1263.8463,1622.6848,91682.391,6603348,0.53081656,1.5866461,0.51726305,1.1393732,17.507902,1.9187771,0.99486476,1.5193014,3265,1.9688752
4522077,162,1070,1659,6619.0728,0.030715374,191.10963,36.466103,138.42128,5.0473037,1291.8472,1645.605,93044.906,6765760,0.53183532,1.5908091,0.52071565,1.1390005,17.622265,1.9313107,0.99573666,1.5159314,3265,1.9659345
4522078,162,1072,1650,6641.4873,0.031982243,194.47789,37.620735,138.66035,5.0628791,1260.5743,1615.4114,93652.734,6893312,0.53404784,1.5794733,0.51789075,1.1393105,17.528585,1.9210438,0.99502271,1.5186887,3265,1.9683363
4522079,162,1074,1653,6653.3159,0.036795527,197.48445,38.643616,138.92783,5.0784545,1154.344,1507.3931,94532.57,7017532,0.53566265,1.5781068,0.51883239,1.1392121,17.5597,1.924454,0.99526018,1.5177696,3265,1.9675316
4522080,162,1076,1687,6757.3638,0.033652324,200.09717,39.890907,139.2235,5.0940304,1207.4529,1588.4957,98211.516,7393420,0.52903473,1.6136483,0.52933794,1.1364448,17.931053,1.9651524,0.99807042,1.5070466,3265,1.9595761
4522081,162,1078,1645,6570.0449,0.034050368,203.49486,39.863605,139.54723,5.1558208,1201.7257,1557.142,95460.414,7223892,0.52216184,1.5888311,0.51599747,1.1368258,17.49758,1.9176457,0.99478585,1.5196079,3265,1.971469
4522082,162,1080,1476,5909.6694,0.020916613,210.79974,35.83699,139.34679,5.7835469,1518.2267,1884.2601,81091.008,5852184,0.52845347,1.4413338,0.4634223,1.1378138,15.886453,1.7410744,0.98202902,1.5723039,3265,2.0212681
4522083,162,1082,1513,6055.9663,0.022973306,211.10602,38.396248,140.21043,5.9881372,1457.3026,1820.0566,85847.844,6450048,0.52204263,1.4691321,0.47489014,1.1384734,16.216335,1.777228,0.98471576,1.5606618,3265,2.0095675
4522084,162,1084,1459,5862.7393,0.018443685,214.88806,37.412636,141.1859,5.7960696,1664.9891,1998.6252,81322.352,6018368,0.52171046,1.4333867,0.4576537,1.1325377,15.768275,1.7281228,0.98105657,1.5765932,3265,2.0301521
4522085,162,1086,1428,5748.21,0.019119006,218.03822,37.23304,140.48741,5.604002,1613.6864,1943.7419,78648,5754476,0.52680397,1.4166175,0.44807029,1.1313303,15.504646,1.6992304,0.97886771,1.5863971,3265,2.0405424
4522086,162,1088,1471,5920.7842,0.020304805,218.55676,41.14756,142.32199,5.4119344,1591.7579,1914.2345,85664.359,6668448,0.52133906,1.4594486,0.46170747,1.1361271,15.852508,1.7373543,0.98175025,1.5735294,3265,2.0239692
4522087,162,1090,1397,5588.8315,0.019099634,222.73694,38.960205,144.2386,5.2194295,1596.649,1917.5775,78323.172,5905772,0.52663815,1.3994246,0.43820578,1.126824,15.265377,1.6730077,0.97685736,1.5955882,3265,2.0533316
4522088,162,1092,1352,5454.7227,0.016755126,225.00406,40.385227,145.2991,5.0253654,1691.1401,2022.6345,76981.789,5965552,0.5225693,1.3703405,0.42409033,1.1213218,14.920007,1.6351569,0.97391415,1.609375,3265,2.0713065
4522089,162,1094,1321,5300.855,0.024445951,229.77354,41.160316,137.76509,4.8313007,1315.198,1650.7239,74885.789,5769204,0.53686833,1.326599,0.435112,1.3083687,13.575432,1.4877983,0.96195316,1.6697304,3265,1.9593624
4522090,162,1096,1213,4861.0645,0.017239397,234.88971,39.588284,146.29742,4.6438379,1570.8163,1882.3899,67344.039,5219528,0.54313689,1.2582988,0.3827706,1.1232548,13.822028,1.514824,0.96421039,1.6577818,3265,2.1142411
4522091,162,1098,1227,4956.2676,0.02738522,236.13367,41.436817,140.29539,4.5404,1201.7769,1508.0793,68957.094,5348044,0.54080498,1.2596747,0.40561983,1.30513,12.953249,1.4196103,0.95611995,1.7018995,3265,1.9907497
4522092,162,1100,1177,4771.9292,0.024031525,239.18513,40.516941,140.18794,4.5252881,1268.5913,1579.6514,64524.824,4914516,0.54921716,1.2242693,0.38755351,1.2846334,12.741903,1.3964479,0.95409131,1.7135416,3265,2.0191844
4522093,162,1102,1166,4736.7119,0.016949901,240.51006,41.581345,142.89894,4.5878801,1564.0962,1873.9579,64062.539,4932420,0.55412066,1.2262774,0.38469151,1.2880818,12.649571,1.3863287,0.95319718,1.71875,3265,2.0206957
4522094,162,1104,1122,4544.6372,0.024153182,243.2908,42.840244,144.22546,4.7182584,1224.248,1537.6849,62679.145,4974260,0.56587493,1.1979935,0.37029704,1.279312,12.411499,1.3602372,0.95086914,1.7325368,3265,2.0405922
4522095,162,1106,1141,4561.7588,0.040656228,243.72025,44.728676,145.76874,4.892292,896.66461,1187.4287,65546.742,5328740,0.55715513,1.223928,0.37706542,1.2874286,12.489854,1.3688246,0.951639,1.7279412,3265,2.0293353
4522096,162,1108,1174,4737.1348,0.032709077,242.80914,46.841576,147.64305,5.0827565,1061.5255,1349.0519,68703.18,5594980,0.55492914,1.248913,0.38822752,1.2962645,12.654965,1.3869199,0.95324951,1.7184436,3265,2.0131567
4522097,162,1110,1184,4752.8335,0.020357575,243.43913,48.746941,149.52354,5.2715201,1420.3016,1712.8456,71186.562,5969700,0.5529089,1.2629535,0.39166391,1.299165,12.703722,1.3922633,0.95372212,1.7156863,3265,2.0081637
4522098,162,1112,1186,4752.7021,0.023045816,244.09198,50.98806,151.40976,5.3540974,1317.0278,1609.827,72701.703,6235556,0.54402775,1.3099766,0.39245534,1.3004736,12.709162,1.3928596,0.95377475,1.71538,3265,2.0067353
4522099,162,1114,1092,4362.8599,0.022438861,248.83376,49.82756,153.30128,5.3018928,1271.0099,1563.1123,65378.477,5621756,0.55392438,1.2755973,0.3615894,1.2814807,12.207278,1.3378557,0.94884557,1.7447916,3265,2.0493393
4522100,162,1116,1112,4458.9106,0.021403002,248.79608,51.521572,155.19778,5.0967855,1331.7949,1618.0129,67023.062,5716856,0.55117887,1.3051558,0.36809003,1.2854409,12.313649,1.3495133,0.94990271,1.7383579,3265,2.0402043
4522101,162,1118,1128,4522.0596,0.023543539,248.67354,53.929295,157.09892,4.8704901,1271.2205,1553.5928,70838.281,6288804,0.54317307,1.3388805,0.37350994,1.290109,12.39077,1.3579654,0.95066488,1.7337623,3265,2.0320365
4522102,162,1120,1112,4461.7358,0.024210958,249.89868,55.423737,159.00438,4.6984286,1237.1149,1521.7765,70745.812,6380512,0.54244828,1.3586823,0.36256927,1.2245104,12.611939,1.3822045,0.95283133,1.7208946,3265,2.0789273
4522103,162,1122,1068,4211.9268,0.022844316,252.89812,54.649197,160.91388,4.710218,1231.3241,1522.1458,66767.789,5953560,0.54956317,1.345431,0.34822303,1.2129399,12.380431,1.3568324,0.95056289,1.734375,3265,2.1012304
4522104,162,1124,1030,4112.7158,0.028237026,254.59058,56.042416,162.82716,4.9395022,1082.5789,1352.8816,64685.859,5825084,0.56328797,1.2830158,0.33770493,1.2351382,12.048677,1.3204739,0.94725662,1.7545956,3265,2.0994933
4522105,162,1126,975,3867.6304,0.029713172,257.75198,53.067223,164.74403,5.2464261,998.59595,1278.948,58132.367,5053092,0.57226133,1.4270604,0.3182115,1.1875411,11.903687,1.3045837,0.94579035,1.7637868,3265,2.1499043
4522106,162,1128,912,3677.3892,0.043635413,260.09958,52.944691,166.66423,5.29707,741.64172,1029.0944,53722.824,4683612,0.61124754,1.3759302,0.31340206,1.3054639,10.946475,1.1996781,0.9357605,1.8305759,3265,2.1011672
4522107,162,1130,921,3692.0315,0.029988529,260.20551,55.641743,168.58759,4.0009246,979.48651,1243.8271,56383.52,5033248,0.60589385,1.3502072,0.3010788,1.1736177,11.628485,1.2744229,0.94297022,1.7818627,3265,2.1781816
4522108,162,1132,885,3521.6763,0.029188273,261.9187,56.916828,170.51366,2.6698818,978.45819,1231.3328,54757.91,4984420,0.62952936,1.2875201,0.29092702,1.1772537,11.391898,1.2484941,0.9405058,1.7981005,3265,2.1888049
4522109,162,1134,841,3347.4324,0.034358386,263.95306,60.124168,172.44252,1.6593219,866.70862,1106.4823,53453.891,5000724,0.67918295,1.0879669,0.29896906,1.3676165,10.268476,1.1253728,0.92825252,1.8854166,3265,2.091742
4522110,162,1136,830,3306.4829,0.027366351,264.43753,62.3978,174.37404,1.2069836,993.30511,1232.1954,54256.559,5183136,0.69042975,1.0327324,0.29505867,1.3634301,10.229539,1.1211056,0.92781019,1.8887868,3265,2.0981822
4522111,162,1138,806,3242.0024,0.028524442,265.00247,64.071922,176.30806,1.5656818,965.83075,1195.0967,53522.898,5200880,0.70730698,1.0075847,0.2871393,1.3579971,10.124836,1.1096306,0.92661446,1.8979779,3265,2.110481
4522112,162,1140,798,3182.0928,0.033299144,265.47937,65.814453,178.24446,2.4156477,873.4483,1095.8341,54373.559,5377724,0.70900273,1.0168483,0.28428927,1.3547589,10.097276,1.1066101,0.9262982,1.9004289,3265,2.1153359
4522113,162,1142,793,3142.2148,0.032845363,265.78571,67.900742,180.18312,3.3830299,882.90759,1096.4424,55158.219,5521788,0.71033794,1.0093776,0.28250802,1.3527098,10.080127,1.1047307,0.92610109,1.9019607,3265,2.1183932
4522114,162,1144,781,3117.158,0.038921762,265.93466,70.194244,182.1239,4.3726301,808.9823,1003.2014,56205.379,5734708,0.71780097,0.97414905,0.27833214,1.3483838,10.035811,1.0998739,0.92559052,1.9059436,3265,2.125459
4522115,162,1146,770,3074.9268,0.038945943,266.18866,72.436134,184.0667,4.095058,811.49817,996.07306,56897.934,5897784,0.71737289,0.97356063,0.27441198,1.3437064,9.9986162,1.0957975,0.92516071,1.9093137,3265,2.1323376
4522116,162,1148,760,3038.0896,0.03804921,266.40128,74.59375,186.01143,2.095058,820.69415,1001.6879,57190.703,6013440,0.7200194,0.97201556,0.27084818,1.339371,9.9650412,1.0921179,0.92477167,1.9123775,3265,2.1386666
4522117,162,1150,745,2983.4861,0.037136327,266.70273,76.639687,187.95798,0.095058069,832.13208,1004.7719,57603.934,6158908,0.72830701,0.95271468,0.26550248,1.3327183,9.9151001,1.0866445,0.92419118,1.916973,3265,2.1482968
4587563,164,970,648,2603.28,0.12398963,82.794159,55.741917,180.28714,0.073945455,301.04764,513.65637,40931.543,4356800,0.60219055,1.0682317,0.231594,1.2907481,9.5790491,1.0498151,0.92022693,1.9491421,3265,2.2116826
4587564,164,972,668,2679.1587,0.12510638,82.975365,55.127213,178.32726,1.5236094,301.47183,518.75751,42274.148,4505272,0.60120392,1.1002913,0.23874196,1.3011698,9.6412907,1.0566365,0.92096895,1.9430147,3265,2.1974347
4587565,164,974,687,2770.4194,0.12611158,83.290382,54.793949,176.38208,2.9732735,302.11893,525.41223,43518.094,4624964,0.60195804,1.1255388,0.24553253,1.3107482,9.7011747,1.0631994,0.9216795,1.9371936,3265,2.1841958
4587566,164,976,717,2885.3782,0.12654226,83.780144,54.79023,174.45988,4.3033237,305.00665,535.28925,46171.164,4933228,0.60368311,1.1632408,0.25625446,1.3252474,9.7972574,1.0737296,0.92281264,1.9280025,3265,2.1638656
4587567,164,978,758,3040.9724,0.12459224,84.527672,55.149231,172.57578,4.4859962,311.42474,553.81622,49456.551,5297092,0.60189682,1.2328345,0.27071428,1.3425257,9.938343,1.0891919,0.9244616,1.9148284,3265,2.1378646
4587568,164,980,816,3292.3435,0.10874893,85.778793,55.165485,170.63541,4.6686687,360.28601,616.8009,53521.496,5664392,0.58977807,1.3725626,0.28833923,1.3463759,10.240129,1.1222661,0.92793059,1.8878677,3265,2.1124609
4587569,164,982,867,3511.5759,0.11287995,86.724998,53.223595,168.64192,4.8513412,322.51523,625.24115,55760.547,5749980,0.57487661,1.504846,0.30636042,1.3657526,10.423567,1.1423699,0.93000197,1.8722427,3265,2.08255
4587570,164,984,884,3557.7175,0.11334921,86.564095,50.953373,166.64859,5.0340137,315.71732,628.03149,55835.844,5641544,0.57101202,1.5486933,0.3123675,1.3717833,10.486181,1.1492321,0.93070275,1.8670343,3265,2.0729663
4587571,164,986,894,3608.1982,0.1102685,86.42601,48.636459,164.65543,5.0179381,324.43243,641.24561,55332.121,5478876,0.5727796,1.5634274,0.31590107,1.3752325,10.523367,1.1533074,0.93111742,1.8639706,3265,2.0674171
4587572,164,988,908,3665.7732,0.10981361,86.239868,46.137123,162.66243,3.0795951,327.93707,647.67877,55179.375,5352548,0.57419533,1.5784152,0.32073471,1.3792673,10.579641,1.159475,0.93174291,1.859375,3265,2.0600917
4587573,164,990,918,3700.9016,0.10973249,85.949501,43.772644,160.6696,1.3372017,341.10797,651.01514,54818.426,5222132,0.57767707,1.5843213,0.32403812,1.3812015,10.625096,1.1644565,0.93224639,1.8556986,3265,2.0553606
4587574,164,992,866,3490.0278,0.13177037,84.173019,43.749485,158.67697,1.4401956,310.34027,576.91321,53387.336,5074320,0.62300926,1.356697,0.30774698,1.3761342,10.361694,1.1355891,0.92930639,1.8774509,3265,2.0777352
4587575,164,994,868,3490.3479,0.12959638,83.801094,41.790741,156.68452,2.7695186,321.14188,581.75867,53236.867,4967368,0.62199223,1.3563935,0.3084577,1.3768489,10.368936,1.1363827,0.92938793,1.8768382,3265,2.076606
4587576,164,996,867,3499.8586,0.12358924,83.303703,39.625854,154.69228,3.9659545,344.25449,596.54041,52820.297,4846592,0.62283206,1.3525476,0.30799291,1.3758301,10.368936,1.1363827,0.92938793,1.8768382,3265,2.0774977
4587577,164,998,867,3513.9624,0.11280973,82.714455,37.337936,152.70023,4.9445553,377.36459,625.64825,52782.383,4778436,0.62382561,1.3463624,0.30560452,1.3609518,10.449258,1.1451856,0.93028986,1.870098,3265,2.085
4587578,164,1000,872,3528.6462,0.11208487,81.946732,34.815903,150.7084,5.7066264,385.48135,628.97803,53152.926,4751284,0.61969,1.3599042,0.30736694,1.3627553,10.467688,1.1472054,0.9304961,1.8685662,3265,2.0821512
4587579,164,1002,873,3522.7058,0.11152705,81.42112,32.55489,148.7168,6.3230629,390.03284,630.01807,53457.922,4730256,0.62091333,1.348563,0.30771941,1.3631139,10.471381,1.1476102,0.93053734,1.8682598,3265,2.0815835
4587580,164,1004,872,3511.8057,0.11089277,80.979362,30.427052,146.72542,6.5502934,394.81979,630.83905,53785.16,4728648,0.62412709,1.3277186,0.30736694,1.3627553,10.467688,1.1472054,0.9304961,1.8685662,3265,2.0821512
4587581,164,1006,864,3493.5762,0.11210158,80.80954,28.667767,144.7343,6.6935568,391.32513,625.79803,53360.582,4651764,0.63289666,1.2936447,0.30454707,1.3598608,10.438232,1.1439772,0.93016636,1.8710171,3265,2.0867176
4587582,164,1008,862,3480.5579,0.094991334,80.728661,27.100082,142.74342,6.8824453,444.42572,678.55865,53092.008,4584936,0.63458019,1.2978423,0.3038421,1.3591299,10.430894,1.143173,0.93008411,1.87163,3265,2.0878658
4587583,164,1010,859,3478.5662,0.095218606,80.535965,25.472971,140.75281,6.3585696,441.14273,677.55438,52595.848,4487052,0.63651288,1.2997216,0.30278462,1.3580278,10.419907,1.1419688,0.92996091,1.8725491,3265,2.0895929
4587584,164,1012,854,3466.8564,0.079436928,80.674126,24.168598,138.76247,6.3147097,504.39178,740.56238,52171.641,4418672,0.63995379,1.3010049,0.3010222,1.3561764,10.401645,1.1399674,0.92975587,1.8740809,3265,2.0924852
4587585,164,1014,855,3454.8479,0.078566261,80.743416,22.878725,138.9485,6.4136548,505.79443,743.36371,52146.215,4390988,0.63928401,1.3065101,0.3013747,1.3565482,10.405293,1.1403672,0.92979681,1.8737745,3265,2.0919054
4587586,164,1016,852,3424.9785,0.064274959,81.41555,22.149294,140.84888,5.6642776,576.3653,818.30078,51686.898,4327928,0.63818598,1.349438,0.30021143,1.3547363,10.398001,1.139568,0.92971492,1.8743873,3265,2.0940061
4587587,164,1018,878,3584.7649,0.04317617,89.014397,22.955133,142.74217,5.1361279,774.9115,1021.4408,52890.301,4363208,0.60630953,1.3844495,0.30068493,1.2973392,10.822719,1.1861149,0.93441653,1.8400736,3265,2.116334
4587588,164,1020,865,3486.4211,0.030539107,89.340988,23.39419,144.63074,4.9163394,953.69598,1197.7515,50538.324,4103124,0.60835207,1.4128724,0.29431778,1.2753905,10.850418,1.1891507,0.93471837,1.8379289,3265,2.1341269
4587589,164,1022,842,3386.7288,0.034965672,96.846291,30.900925,128.81535,5.093091,855.31708,1103.2506,46597.113,3579880,0.62846518,1.3110497,0.27543342,1.1422036,11.275036,1.2356867,0.93927443,1.8063725,3265,2.2278032
4587590,164,1024,797,3204.4912,0.048202787,93.451591,31.24202,126.82695,5.6993027,672.40668,914.00464,42150.469,3145932,0.68648136,1.2430743,0.28373086,1.3530117,10.100713,1.1069868,0.92633766,1.9001225,3265,2.116627
4587591,164,1026,805,3250.5095,0.05365891,94.840363,30.263863,124.83892,6.6791687,623.83191,872.48853,41740.809,3047780,0.67541176,1.3176672,0.28719229,1.3602512,10.107594,1.1077409,0.9264167,1.8995098,3265,2.1097467
4587592,164,1028,813,3284.2458,0.04809897,95.795967,29.113943,123.49973,6.0301003,665.09125,926.30682,41456.953,2960968,0.66986895,1.3470174,0.29004636,1.3634392,10.13521,1.1107675,0.92673337,1.8970588,3265,2.1049402
4587593,164,1030,816,3291.3826,0.049051322,96.09761,28.130661,121.54096,5.2755332,658.76605,918.26654,41041.273,2872304,0.67228138,1.3331082,0.29111665,1.3646221,10.145605,1.1119068,0.92685241,1.8961397,3265,2.1031494
4587594,164,1032,812,3275.259,0.049329951,95.663925,27.25449,119.58455,4.9571443,665.23376,913.42401,40216.566,2758944,0.6859712,1.2156876,0.28979301,1.3637029,10.128291,1.1100093,0.9266541,1.8976716,3265,2.1052086
4587595,164,1034,813,3273.9255,0.046560023,94.718048,26.283148,117.61745,5.12361,698.71368,940.01062,39638.25,2668520,0.69143355,1.125272,0.2901499,1.3640984,10.131749,1.1103883,0.92669374,1.8973652,3265,2.1046107
4587596,164,1036,829,3347.1821,0.04451998,93.744827,25.071489,115.4482,5.412539,723.57501,972.00189,39873.828,2634332,0.68453932,1.0652146,0.29491284,1.3643795,10.218971,1.1199473,0.92768991,1.8897059,3265,2.0981002
4587597,164,1038,849,3417.4199,0.050938535,94.093903,23.82765,113.48726,4.9825091,665.59131,918.18646,39739.449,2556808,0.67373937,1.0723101,0.30213523,1.3725908,10.286272,1.1273232,0.92845422,1.8838848,3265,2.0861218
4587598,164,1040,856,3464.5657,0.053185496,94.982994,22.485624,111.52854,5.1838369,647.92316,904.75861,39261.293,2477732,0.67351204,1.0697249,0.30462635,1.3751611,10.311291,1.130065,0.9287374,1.8817402,3265,2.0821102
4587599,164,1042,865,3493.2507,0.046583772,95.847786,21.016291,109.57223,6.0760956,709.77881,970.73901,39031.199,2426044,0.66910726,1.089325,0.30826801,1.3810294,10.329235,1.1320317,0.92894024,1.8802084,3265,2.0757189
4587600,164,1044,878,3552.4548,0.047831252,97.442215,19.739054,107.61854,7.0859704,699.59558,966.08057,38912.781,2371176,0.66222084,1.1006559,0.31256676,1.3836563,10.387082,1.1383715,0.92959219,1.8753064,3265,2.069397
4587601,164,1046,901,3633.1714,0.049269184,99.73378,18.564041,105.66771,8.0469341,685.81781,962.63177,39541.613,2371392,0.6511358,1.1209053,0.32086894,1.392117,10.467688,1.1472054,0.9304961,1.8685662,3265,2.0564771
4587602,164,1048,920,3721.6619,0.052415259,102.65212,17.363569,103.72,7.9189682,662.26105,944.59259,39778.84,2342104,0.64290816,1.1373681,0.32740214,1.3969939,10.545804,1.1557666,0.93136716,1.8621323,3265,2.0469353
4587603,164,1050,946,3811.0212,0.048449833,106.2745,16.071306,101.77571,7.2574525,701.12244,994.21307,40321.539,2328956,0.63124716,1.1582958,0.3351045,1.3951273,10.697871,1.1724323,0.93304902,1.8498775,3265,2.0384333
4587604,164,1052,990,3963.2649,0.048767135,112.73734,15.128574,99.835167,6.9896526,707.50775,1010.5734,41659.008,2354792,0.61302406,1.1858716,0.34724659,1.3846601,10.995144,1.205012,0.93628597,1.8268995,3265,2.0284283
4587605,164,1054,1062,4280.2388,0.042609073,126.54364,15.831233,97.89875,7.1297193,806.58179,1123.5383,45273.055,2552028,0.57754916,1.2323169,0.34876847,1.2313639,12.242531,1.3417192,0.9491967,1.7426471,3265,2.0918891
4587606,164,1056,1191,4792.4961,0.041455619,144.35156,19.193012,100.87187,6.2780123,879.23975,1205.2971,53720.465,3163412,0.53831893,1.3188306,0.39049181,1.2569547,12.958905,1.4202302,0.9561739,1.7015932,3265,2.0327861
4587607,164,1058,1404,5514.4419,0.043931354,160.51665,25.781588,136.83318,4.8583965,917.99707,1255.9386,70045.281,4595492,0.51100713,1.4846656,0.44234404,1.1464659,15.210607,1.6670052,0.97639388,1.5977329,3265,2.0374215
4587608,164,1060,1573,6278.7407,0.04467345,171.07346,32.721634,139.65462,3.7675149,980.69104,1328.9739,85423.844,6113056,0.51240557,1.6027322,0.49512118,1.15189,16.681221,1.8281771,0.98843479,1.5450368,3265,1.9824507
4587609,164,1062,1622,6482.6904,0.036215015,175.79236,34.268215,139.74854,3.1169932,1156.9425,1499.8169,89197.125,6409560,0.51750642,1.6220649,0.51054454,1.1516309,17.153696,1.8799579,0.99213755,1.5300245,3265,1.9682328
4587610,164,1064,1623,6515.4785,0.034008078,179.54306,36.033764,139.871,3.0006375,1215.4519,1551.626,90667.734,6551364,0.52571428,1.5924666,0.50941622,1.1399702,17.253426,1.8908879,0.99290955,1.5269607,3265,1.9757686
4587611,164,1066,1626,6528.8101,0.033325177,183.0461,37.28772,140.02193,3.0162129,1230.3779,1569.0461,91985.953,6700368,0.53022158,1.5767561,0.5103578,1.1399168,17.283573,1.8941917,0.99314225,1.5260416,3265,1.974926
4587612,164,1068,1624,6508.8477,0.032107349,186.10201,37.874142,140.20123,3.0317886,1255.4059,1596.0804,92351.633,6755548,0.5352385,1.5643108,0.50973004,1.1399529,17.263464,1.8919879,0.99298704,1.5266544,3265,1.9754872
4587613,164,1070,1634,6507.0513,0.030798614,189.04663,38.589417,140.40878,3.0473642,1296.0446,1629.4141,93570.656,6897280,0.5371623,1.5676305,0.51286882,1.1397502,17.364479,1.9030586,0.99376535,1.5235907,3265,1.9726995
4587614,164,1072,1621,6518.0645,0.036062319,192.24358,39.605602,140.64449,3.0629396,1174.6959,1507.0839,93710.516,6983412,0.54115582,1.5446841,0.50878847,1.1400028,17.233387,1.8886917,0.9927547,1.5275736,3265,1.9763325
4587615,164,1074,1623,6541.9434,0.038953457,195.27664,40.696781,140.90817,3.0785153,1113.8596,1452.7313,94587.547,7122836,0.53976554,1.551419,0.50941622,1.1399702,17.253426,1.8908879,0.99290955,1.5269607,3265,1.9757686
4587616,164,1076,1657,6647.0825,0.03409224,197.8262,41.891037,141.19971,3.0940909,1196.1147,1565.2823,97970.32,7450836,0.53739226,1.5688071,0.5200879,1.1390734,17.60136,1.9290197,0.99557757,1.5165441,3265,1.9664651
4587617,164,1078,1626,6513.4268,0.034333643,201.05974,42.122288,141.51891,3.1884389,1197.5836,1544.0088,95992.906,7345096,0.52927393,1.5613315,0.5101977,1.1385957,17.293644,1.8952955,0.99321997,1.5257353,3265,1.9758211
4587618,164,1080,1493,5942.5884,0.02355063,206.80104,38.657246,141.18672,3.9155858,1423.67,1780.703,84461,6239036,0.52999967,1.4538932,0.46846566,1.1361214,16.0497,1.7589655,0.98336369,1.5664829,3265,2.0172648
4587619,164,1082,1496,5959.7544,0.021364864,208.4617,39.439175,142.23955,3.9961629,1513.6525,1872.2725,85327.961,6378604,0.52518111,1.4697595,0.46940696,1.1362855,16.075783,1.761824,0.983576,1.5655637,3265,2.0162387
4587620,164,1084,1480,5904.521,0.019311864,211.13356,39.96896,142.98518,3.8053136,1635.0464,1960.1313,84698.406,6386552,0.52308446,1.4604235,0.46424091,1.1339853,15.946208,1.7476234,0.98251873,1.5701593,3265,2.0227141
4587621,164,1086,1408,5646.7715,0.017536804,215.21866,38.4543,143.94989,3.613246,1676.7054,2011.5453,78184.75,5726576,0.52910465,1.3950677,0.44193345,1.1307591,15.336379,1.6807892,0.97745633,1.5928309,3265,2.0471358
4587622,164,1088,1464,5872.6304,0.023933649,215.62614,42.602741,142.30296,3.4211781,1439.6593,1755.9689,85767.797,6667088,0.52786773,1.4419481,0.45936617,1.1342756,15.80186,1.7318035,0.98133349,1.5753677,3265,2.0274034
4587623,164,1090,1443,5783.1206,0.022020308,218.13548,42.857159,145.98714,3.2288671,1502.194,1816.663,84612.148,6624100,0.5202263,1.4427917,0.45263487,1.1312695,15.635349,1.7135549,0.97995633,1.581495,3265,2.0359592
4587624,164,1092,1309,5300.5435,0.017781885,222.84482,39.851742,143.6106,3.0348027,1627.8486,1935.4244,72975.625,5496904,0.53602678,1.3143024,0.41073111,1.1163986,14.597095,1.5997674,0.9711166,1.6228554,3265,2.088387
4587625,164,1094,1300,5235.1152,0.018549819,225.98059,41.711292,148.0939,2.8407383,1564.3816,1883.2078,74471.531,5773268,0.52963227,1.3215102,0.40777916,1.1135306,14.539879,1.5934969,0.97061616,1.6253064,3265,2.0932977
4587626,164,1096,1302,5269.6108,0.019432452,227.49884,43.981018,145.34399,2.6478546,1515.4349,1845.9945,76209.352,6073364,0.53231412,1.3183463,0.40853468,1.1152694,14.547007,1.594278,0.97067857,1.625,3265,2.0914154
4587627,164,1098,1196,4794.5713,0.029125823,233.18945,41.472092,141.8364,2.5420942,1134.2743,1438.271,67509.578,5269924,0.54638052,1.2420112,0.39458925,1.2940261,12.813426,1.4042864,0.95478058,1.7095588,3265,2.0073297
4587628,164,1100,1238,4974.4292,0.028561348,233.32977,44.013412,151.26151,2.5253544,1184.0919,1479.4054,71475.109,5650292,0.53690267,1.2838043,0.394142,1.1637431,13.802741,1.5127103,0.96403491,1.6587009,3265,2.0780993
4587629,164,1102,1184,4734.6074,0.020518217,237.25189,42.4986,140.33577,2.5902214,1400.0875,1702.8528,65914.812,5050172,0.54405457,1.255891,0.39037257,1.2898297,12.758338,1.398249,0.95424992,1.7126225,3265,2.0137537
4587630,164,1104,1166,4693.9819,0.019520164,238.68433,43.91732,145.72249,2.7233839,1431.3578,1738.3368,65528.844,5111664,0.55129087,1.2502176,0.38481849,1.2890251,12.644181,1.385738,0.95314479,1.7190564,3265,2.0201256
4587631,164,1106,1116,4490.2729,0.020299831,241.87067,44.7453,147.05086,2.9013817,1353.4307,1667.2283,63157.168,5040924,0.55699247,1.2284601,0.36904761,1.2835779,12.349519,1.3534445,0.95025766,1.7362132,3265,2.0399957
4587632,164,1108,1150,4617.7676,0.039460376,240.94801,47.436462,147.65334,3.0918465,917.26074,1212.6636,67634.578,5555384,0.55359596,1.2391611,0.38016528,1.2903345,12.53205,1.373449,0.95205206,1.7254902,3265,2.0246034
4587633,164,1110,1172,4737,0.032116853,240.819,49.483471,147.99501,3.2758093,1072.498,1361.4137,70129.922,5772716,0.55611724,1.2373749,0.38743803,1.2949331,12.649571,1.3863287,0.95319718,1.71875,3265,2.0146072
4587634,164,1112,1190,4759.0054,0.023657555,241.40671,50.693558,151.71495,3.3541906,1297.2949,1589.9303,72798.328,6161620,0.54276669,1.3252895,0.39364868,1.3003203,12.736435,1.3958485,0.95403844,1.713848,3265,2.0055251
4587635,164,1114,1148,4623.9395,0.020824522,243.07634,52.024883,154.00771,3.3049295,1384.843,1670.4116,70402.805,6029904,0.54314393,1.3249863,0.37988088,1.292698,12.505644,1.370555,0.95179367,1.7270221,3265,2.0238426
4587636,164,1116,1087,4343.6841,0.019400343,246.54362,51.765667,155.43788,3.1096292,1384.4939,1677.3718,66030.422,5707296,0.54907572,1.3029506,0.35981464,1.2792778,12.187225,1.335658,0.94864553,1.7460171,3265,2.0523729
4587637,164,1118,1104,4412.2954,0.023359912,246.79413,53.578701,155.71376,2.8833337,1245.9594,1540.6416,68109.102,5884080,0.55081332,1.3144733,0.36544192,1.2835116,12.272909,1.3450484,0.94949859,1.7408088,3265,2.0440605
4587638,164,1120,1101,4430.4316,0.022102401,247.33311,55.268562,158.32332,2.7002137,1305.567,1587.1144,69713.727,6184576,0.54280573,1.3435096,0.35886571,1.2207094,12.558567,1.3763552,0.95231116,1.7239584,3265,2.0850537
4587639,164,1122,1130,4504.9102,0.021571806,247.79259,57.854561,159.78406,2.7133639,1327.4556,1619.9618,73926.281,6731276,0.52649617,1.4134803,0.36843821,1.2288946,12.709162,1.3928596,0.95377475,1.71538,3265,2.0701087
4587640,164,1124,1049,4177.5171,0.025862712,251.02554,57.119049,161.53308,2.9641032,1162.0267,1424.7118,66927.586,6028984,0.55500877,1.3115419,0.34202805,1.2075647,12.283069,1.3461618,0.9495995,1.7401961,3265,2.1111934
4587641,164,1126,1058,4197.271,0.028311731,251.44649,57.955353,163.47771,3.261456,1109.8264,1364.9138,68033.289,6153404,0.53415972,1.4448918,0.3451876,1.212196,12.31876,1.3500736,0.94995332,1.7380514,3265,2.1051295
4587642,164,1128,985,3950.5872,0.030498857,254.33578,56.547466,165.4245,3.3119459,1012.3929,1275.8334,61542.281,5469892,0.5577442,1.4248741,0.32147521,1.1908739,11.951629,1.3098377,0.94627661,1.760723,3265,2.1442199
4587643,164,1130,922,3667.5452,0.033357017,257.60547,55.873669,167.36696,2.5972204,934.14117,1175.4362,56595.602,4958436,0.59875268,1.3406258,0.30328947,1.1933353,11.54704,1.265497,0.9421261,1.7873775,3265,2.1650124
4587644,164,1132,884,3550.6716,0.04326722,258.80588,57.660858,169.23062,1.1725045,778.30524,1015.5018,55189.363,4920768,0.61917669,1.2827609,0.30378008,1.2954857,10.834573,1.1874141,0.93454576,1.8391544,3265,2.1172299
4587648,164,1140,342,1368.8828,0.020893553,243.99413,37.796822,110.83475,0.65793276,790.59729,907.36475,13793.906,863464,0.55203992,0.55897218,0.14261885,1.3768049,7.6900477,0.84279013,0.89575064,2.1822917,3265,2.3145938
4587649,164,1142,400,1598.0443,0.020646285,248.84021,41.058819,109.1066,1.6445355,860.68213,986.23041,17297.5,1093764,0.62285715,0.62397736,0.16715419,1.4223709,7.7971344,0.85452628,0.89725322,2.166054,3265,2.2621212
4587650,164,1144,413,1663.3801,0.021471202,251.39212,43.059555,111.0993,2.707854,858.5022,986.67133,18347.5,1166912,0.65716165,0.62625551,0.17258671,1.4314846,7.8238583,0.85745507,0.89762574,2.162071,3265,2.2511308
4587651,164,1146,420,1684.225,0.025243701,253.16734,44.810604,113.09291,4.0705996,786.68359,915.64777,19279.002,1244772,0.68337309,0.60670567,0.17551191,1.436301,7.8383236,0.85904044,0.89782697,2.1599264,3265,2.2452996
4587652,164,1148,437,1724.4408,0.024538146,254.48891,47.209957,115.08736,2.095058,807.7934,939.74103,20993.062,1385868,0.68622595,0.62326914,0.18246347,1.4469501,7.8778586,0.86337328,0.89837557,2.1541054,3265,2.2316256
4587653,164,1150,436,1748.1442,0.028393449,255.70216,49.498146,117.08258,0.095058069,747.27899,879.59851,21781.289,1470748,0.69736367,0.62098777,0.18068793,1.439039,7.9135718,0.86728722,0.89886934,2.1488972,3265,2.23475
4653098,166,968,809,3254.3679,0.14972834,88.540451,70.54425,182.76006,0.0021328332,304.26273,522.62024,61147.297,7151248,0.63846087,1.2366766,0.28892857,1.3638281,10.111037,1.1081183,0.92645621,1.8992034,3265,2.106349
4653099,166,970,815,3287.5925,0.14799261,88.484138,68.262123,180.76752,1.4517968,305.29596,528.35266,60164.059,6936056,0.63561898,1.2529607,0.29107141,1.3662013,10.131749,1.1103883,0.92669374,1.8973652,3265,2.1027622
4653100,166,972,821,3324.271,0.145338,88.451057,65.979538,178.77515,2.9014609,306.72882,536.12189,59398.027,6752860,0.6370191,1.2600096,0.29321429,1.368547,10.152547,1.1126676,0.92693186,1.895527,3265,2.0992
4653101,166,974,832,3364.3777,0.14088084,88.44416,63.648979,176.78296,4.3511248,308.5401,547.81177,58620.438,6551136,0.63050771,1.2950583,0.29714286,1.3727763,10.190898,1.1168705,0.92736995,1.8921568,3265,2.0927343
4653102,166,976,842,3418.8105,0.12510265,88.532211,61.172634,174.79095,5.8007889,334.70389,586.01562,57939.191,6366808,0.62482172,1.3275763,0.30071428,1.3765417,10.226014,1.1207192,0.92777008,1.8890932,3265,2.0869281
4653103,166,978,874,3529.3032,0.11536677,88.90136,58.111588,172.79913,6.4776363,360.50888,620.02478,58218.957,6227672,0.59946108,1.4620746,0.30883393,1.3682613,10.449258,1.1451856,0.93028986,1.870098,3265,2.0785806
4653104,166,980,900,3638.5984,0.11612751,89.323677,55.102196,170.8075,6.6603088,322.69083,627.48657,58206.137,6076096,0.58211595,1.5602095,0.31802121,1.3772672,10.545804,1.1557666,0.93136716,1.8621323,3265,2.0641189
4653105,166,982,904,3668.5146,0.11550517,89.221123,52.78315,168.81607,6.8429818,325.99545,631.75592,57550.594,5916360,0.58297318,1.5588094,0.31932178,1.3779358,10.564576,1.1578238,0.93157572,1.8606005,3265,2.0622685
4653106,166,984,918,3702.9375,0.11088325,89.089119,50.338875,166.82486,7.0256543,333.55457,647.80627,57333.871,5783452,0.5774371,1.6013452,0.32426703,1.3825459,10.617494,1.1636233,0.93216228,1.8563113,3265,2.0546949
4653107,166,986,927,3732.2791,0.11044794,88.942528,47.920181,164.83385,5.7485938,328.27112,651.64819,56934.586,5638084,0.57565337,1.6196104,0.32721496,1.3840955,10.659445,1.168221,0.93262571,1.8529412,3265,2.0505528
4653108,166,988,929,3749.7144,0.10976378,88.767372,45.627117,162.84308,4.1653972,350.99673,655.20093,56386.719,5489072,0.57520831,1.6161383,0.32792094,1.3847308,10.667108,1.1690608,0.93271023,1.8523284,3265,2.0494914
4653109,166,990,890,3567.4255,0.12333965,87.113258,45.026989,160.85252,3.1072071,331.88583,602.88019,55111.074,5347484,0.61312169,1.4119755,0.31616342,1.3838605,10.452939,1.145589,0.93033105,1.8697916,3265,2.0646799
4653110,166,992,886,3561.5808,0.12288339,86.715599,42.916634,158.86221,3.1557786,335.2916,603.50342,54666.711,5218564,0.61694914,1.394261,0.31474245,1.3824917,10.438232,1.1439772,0.93016636,1.8710171,3265,2.066884
4653111,166,994,891,3577.4795,0.11353264,86.259766,40.407925,156.87216,4.266387,363.78165,629.26434,54870.371,5151244,0.61246419,1.4137039,0.31406415,1.3694426,10.538315,1.1549457,0.93128383,1.862745,3265,2.071475
4653112,166,996,897,3602.9597,0.09450952,85.627052,37.639946,154.88237,5.58325,433.79239,692.14465,55113.406,5098564,0.60953921,1.4187312,0.31617907,1.3714999,10.560816,1.1574118,0.93153399,1.8609068,3265,2.0681524
4653113,166,998,903,3625.3506,0.094883174,84.967636,34.952961,152.89285,5.982522,441.74545,692.92358,55523.055,5066224,0.60502928,1.4372826,0.31829396,1.3735313,10.583414,1.1598884,0.93178481,1.8590686,3265,2.0648534
4653114,166,1000,904,3629.8779,0.079495959,84.501854,32.549412,150.90361,5.221137,514.49823,757.49261,55905.32,5045048,0.60440862,1.4369216,0.31864646,1.3738674,10.58719,1.1603023,0.93182665,1.8587623,3265,2.0643058
4653115,166,1002,897,3594.7712,0.068255231,84.883026,31.216677,148.91466,4.7291789,573.25311,813.52814,55702.047,4983384,0.61150509,1.3924263,0.31617907,1.3714999,10.560816,1.1574118,0.93153399,1.8609068,3265,2.0681524
4653116,166,1004,883,3546.8462,0.068693243,85.42778,30.056274,146.92603,4.5502949,570.72064,805.50659,54980.82,4872744,0.62405527,1.3336443,0.31124428,1.3666589,10.508461,1.1516739,0.93095136,1.8651961,3265,2.0759413
4653117,166,1006,876,3517.126,0.06987635,85.762009,28.736225,144.9377,4.718719,567.01465,795.30511,54522.281,4780520,0.63108152,1.312991,0.30877689,1.3641851,10.482477,1.1488262,0.93066138,1.8673407,3265,2.0798841
4653118,166,1008,870,3497.6218,0.061374553,86.033493,27.359253,142.94971,5.1895652,622.5437,846.24707,54043.945,4691140,0.63485044,1.314788,0.30666196,1.3620361,10.460308,1.1463966,0.93041354,1.8691789,3265,2.0832889
4653119,166,1010,861,3472.6165,0.053868376,86.806274,26.573603,140.96205,5.7738395,679.96844,900.0495,53594.227,4620996,0.64051533,1.2968913,0.3034896,1.3587632,10.427229,1.1427714,0.93004304,1.8719363,3265,2.0884409
4653120,166,1012,855,3432.2756,0.05037079,88.165535,26.575571,138.97478,5.516398,706.5144,925.35126,53495.121,4608544,0.64353234,1.2941115,0.3013747,1.3565482,10.405293,1.1403672,0.92979681,1.8737745,3265,2.0919054
4653121,166,1014,840,3387.5059,0.037933491,90.676872,27.850609,138.30696,4.6152396,842.71014,1059.3356,52466.535,4504012,0.65319824,1.2451792,0.29035604,1.3083776,10.560816,1.1574118,0.93153399,1.8609068,3265,2.1239283
4653122,166,1016,808,3296.0105,0.037277486,98.210304,37.258911,135.673,3.7869632,834.73621,1054.0857,47906.152,3901136,0.68643492,1.0856839,0.28133705,1.3068659,10.376186,1.1371773,0.92946959,1.8762255,3265,2.1378961
4653123,166,1018,786,3163.938,0.032427177,98.367683,38.883087,133.71284,3.1812737,888.6283,1107.2976,45047.992,3595832,0.71092528,1.0481457,0.27263269,1.2876545,10.340033,1.1332151,0.92906213,1.8792893,3265,2.1575537
4653124,166,1020,810,3261.8467,0.033349164,101.14324,38.560593,131.75464,2.916585,876.76111,1108.6494,46036.824,3627956,0.67622882,1.1625377,0.26574802,1.1375655,11.102093,1.216733,0.93743449,1.8189338,3265,2.2427161
4653125,166,1022,777,3123.1162,0.041843321,97.632561,36.469776,129.77849,3.1437068,735.72021,968.46942,42424.129,3263240,0.71818322,1.1728774,0.27720299,1.3487027,10.01211,1.0972763,0.92531675,1.9080882,3265,2.1269233
4653126,166,1024,784,3151.2742,0.044570349,98.348701,35.193516,127.61906,3.9166906,703.33868,942.59473,41959.91,3169644,0.70751232,1.2128085,0.27980015,1.3523127,10.032418,1.0995021,0.92555135,1.90625,3265,2.1222389
4653127,166,1026,803,3201.5681,0.044294357,99.584633,33.638844,125.65688,5.104723,712.51544,953.04211,41844.746,3061192,0.6848259,1.3489895,0.28658101,1.3601079,10.097276,1.1066101,0.9262982,1.9004289,3265,2.1106226
4653128,166,1028,800,3226.9316,0.044028495,100.56548,32.146263,123.69654,4.3145628,710.4469,959.69427,41114.805,2951412,0.68759698,1.3345454,0.28551036,1.3588957,10.08698,1.1054817,0.92617989,1.901348,3265,2.1124399
4653129,166,1030,797,3224.4565,0.044209905,101.0545,30.972685,121.7382,3.37761,708.38989,957.3559,40395.605,2841064,0.69585067,1.2911263,0.28443968,1.3576765,10.076704,1.1043556,0.92606169,1.9022671,3265,2.1142635
4653130,166,1032,802,3222.1562,0.044764973,101.20497,30.214487,119.78198,2.9585102,715.34802,951.0625,40421.309,2803636,0.69684714,1.2072487,0.28530771,1.3537059,10.124836,1.1096306,0.92661446,1.8979779,3265,2.1142635
4653131,166,1034,805,3228.0574,0.044552542,101.08437,29.617579,117.82808,3.1612573,725.84674,954.19977,40314.043,2751108,0.70615554,1.0581417,0.28617135,1.3535743,10.142138,1.1115267,0.92681271,1.8964461,3265,2.1131282
4653132,166,1036,821,3320.9617,0.046490971,100.78629,28.329807,115.87666,3.4140782,716.77759,947.44183,39865.531,2642308,0.69500017,1.0330215,0.29185924,1.3599368,10.197902,1.1176382,0.92744988,1.8915441,3265,2.1035132
4653133,166,1038,858,3444.9705,0.050340913,99.892601,26.323408,113.92792,2.9985502,686.2915,927.336,40300.961,2610132,0.667382,1.0929981,0.30533808,1.3758888,10.31846,1.1308509,0.92881846,1.8811275,3265,2.08097
4653134,166,1040,875,3496.5149,0.045181308,100.8475,24.8029,111.98209,3.3223596,736.55359,986.15057,40482.867,2580808,0.66082251,1.1056024,0.3113879,1.3819548,10.379816,1.137575,0.92951041,1.8759191,3265,2.0713866
4653135,166,1042,887,3555.3079,0.050542805,102.44084,23.467731,110.03941,4.5918236,684.37939,940.18622,40198.168,2506076,0.65282571,1.1267834,0.31532171,1.3841482,10.434562,1.143575,0.93012524,1.8713236,3265,2.0656905
4653136,166,1044,896,3617.0896,0.051887523,104.40555,22.098356,108.10014,6.2555265,675.11151,935.95099,39907.504,2440056,0.65100759,1.1257883,0.31897473,1.3898045,10.452939,1.145589,0.93033105,1.8697916,3265,2.059499
4653137,166,1046,912,3684.2195,0.050523199,106.83377,20.696819,106.1646,8.0733128,684.1355,957.2652,39908.48,2385952,0.64556491,1.1262629,0.32455516,1.3944271,10.515908,1.1524901,0.93103433,1.8645834,3265,2.0511863
4653138,166,1048,930,3746.5444,0.049007948,109.63819,19.253698,104.20486,9.7641182,702.03302,980.13776,40088.371,2350540,0.63820505,1.1383567,0.33037299,1.3969142,10.60232,1.1619604,0.93199432,1.8575368,3265,2.0432093
4653139,166,1050,959,3859.5527,0.049117241,114.27696,18.264854,102.24614,9.2106533,706.42047,993.70264,40828.973,2343312,0.62401903,1.1572264,0.33815232,1.3904426,10.799088,1.1835252,0.93415862,1.8419118,3265,2.0358839
4653140,166,1052,1003,4028.0081,0.048791286,121.22686,17.82876,100.28905,8.9071331,717.53748,1018.5421,42497.184,2399596,0.6010989,1.1926614,0.34984306,1.3772869,11.114567,1.2181001,0.93756795,1.8180147,3265,2.0273781
4653141,166,1054,1076,4344.0322,0.043562498,133.0799,19.06418,98.271988,7.0110793,809.7381,1119.4252,46478.055,2642588,0.56932306,1.238669,0.35325018,1.2341888,12.31876,1.3500736,0.94995332,1.7380514,3265,2.0853267
4653142,166,1056,1206,4826.0688,0.044559143,146.90974,22.479586,104.18709,5.1761093,848.42981,1166.6304,55317.75,3302040,0.53527385,1.3266861,0.39489195,1.2560009,13.067325,1.4321123,0.95720476,1.6957721,3265,2.0284548
4653143,166,1058,1390,5471.5952,0.044879708,160.00368,28.305506,138.77274,3.4684949,912.59314,1237.7612,70228.602,4670672,0.51193601,1.4804562,0.43779528,1.1436629,15.109925,1.6559711,0.97553873,1.6017157,3265,2.0437102
4653144,166,1060,1546,6168.1499,0.047045443,169.56009,34.717525,141.65305,2.0496106,952.39655,1283.582,84591.609,6110400,0.51019734,1.6134571,0.48677582,1.1527492,16.422741,1.799849,0.98637652,1.5536152,3265,1.9898968
4653145,166,1062,1580,6288.2388,0.041596714,173.98517,36.951481,141.74565,1.1737875,1061.0001,1378.2878,88613.25,6461636,0.51914608,1.5997248,0.49716803,1.1506513,16.756575,1.8364354,0.98903048,1.5425857,3265,1.9812131
4653146,166,1064,1573,6315.8809,0.03501156,177.56342,39.045708,141.86639,1.0006981,1199.1285,1505.6227,89885.812,6581324,0.53623325,1.5306816,0.49449858,1.1467158,16.718813,1.832297,0.98873222,1.5438113,3265,1.9859425
4653147,166,1066,1579,6320.6035,0.032466937,180.76845,40.33894,142.0152,1.0162737,1256.6311,1564.0966,91654.539,6784576,0.54092813,1.5197239,0.49560577,1.1401777,16.823069,1.8437228,0.98955446,1.5404412,3265,1.9886093
4653148,166,1068,1576,6324.1978,0.032027293,183.78435,40.927635,142.19199,1.0318493,1261.5887,1575.2429,91814.641,6825256,0.54692852,1.5003523,0.49466416,1.1401528,16.794506,1.8405926,0.98932958,1.5413603,3265,1.9895177
4653149,166,1070,1577,6320.8516,0.031565811,186.72794,41.332752,142.39664,1.0474248,1281.9452,1586.296,92271.898,6892668,0.54890734,1.4979903,0.49497804,1.1401616,16.804016,1.8416349,0.98940444,1.5410539,3265,1.9892144
4653150,166,1072,1573,6332.5171,0.036882892,189.96031,42.053799,142.62906,1.0630003,1169.5121,1468.8607,92506.109,6968396,0.55033898,1.4961618,0.49372253,1.1401228,16.766041,1.8374729,0.98910517,1.5422794,3265,1.9904304
4653151,166,1074,1581,6392.1514,0.04049813,192.99265,43.035267,142.88908,1.078576,1094.6932,1408.3512,93711.578,7133244,0.5476529,1.5059872,0.49638933,1.1415195,16.832611,1.8447686,0.98962951,1.5401348,3265,1.9871
4653152,166,1076,1635,6514.9702,0.034403939,195.34961,43.977982,143.17659,1.0941515,1203.1069,1542.6133,98057.188,7512252,0.54105383,1.558174,0.51334381,1.1410396,17.364479,1.9030586,0.99376535,1.5235907,3265,1.9715374
4653153,166,1078,1611,6440.9272,0.033268772,198.49057,44.342693,143.49138,1.3116772,1238.635,1559.7706,96940.109,7501684,0.53202862,1.5557312,0.50549108,1.138808,17.143785,1.8788718,0.99206066,1.5303309,3265,1.9800817
4653154,166,1080,1495,5951.9946,0.023154603,203.20605,41.615211,143.03627,1.9634173,1464.3042,1797.2874,87176.281,6596804,0.53155321,1.4603273,0.46894604,1.1348686,16.075783,1.761824,0.983576,1.5655637,3265,2.0175285
4653155,166,1082,1456,5817.7534,0.022369031,205.99265,40.583294,144.20216,2.0017762,1472.6106,1807.8358,83041.914,6143464,0.53350985,1.4225658,0.45685598,1.1336837,15.734832,1.7244576,0.98078042,1.5778186,3265,2.0302701
4653156,166,1084,1476,5904.936,0.019320281,207.85574,42.774158,144.79224,1.8145574,1658.432,1959.7732,86557.227,6652484,0.52485049,1.4542023,0.4629862,1.1337285,15.912007,1.7438751,0.98223865,1.5713848,3265,2.0241148
4653157,166,1086,1382,5568.667,0.019739419,211.99818,40.329296,145.73773,1.6224898,1584.578,1882.8398,77721.344,5737152,0.53450328,1.3611175,0.43377274,1.1278938,15.133041,1.6585044,0.97573543,1.6007966,3265,2.0572481
4653158,166,1088,1405,5640.9512,0.020399433,212.98248,42.727188,144.63324,1.4304221,1559.2626,1864.1123,81600.352,6271328,0.53571594,1.3793925,0.44085348,1.1290683,15.320544,1.6790538,0.97732294,1.5934436,3265,2.0492592
4653159,166,1090,1434,5733.7651,0.0222289,214.59177,44.810436,147.74026,1.2383046,1503.0831,1800.3871,85354.062,6742232,0.52628565,1.4257301,0.44981179,1.1304932,15.56156,1.7054678,0.97934258,1.5842525,3265,2.0392787
4653160,166,1092,1334,5356.2212,0.022912214,218.2854,42.412495,148.78099,1.0442401,1429.5739,1713.96,76579.547,5857240,0.53536057,1.3298188,0.41844416,1.1187994,14.786195,1.6204919,0.97276032,1.6148897,3265,2.0787697
4653161,166,1094,1283,5195.7822,0.015007233,219.74792,43.418423,149.82916,0.85017574,1791.5753,2085.8357,74143.727,5797984,0.53129059,1.3023757,0.40244669,1.1106477,14.419773,1.5803338,0.96956092,1.6305147,3265,2.1007743
4653162,166,1096,1316,5267.7676,0.019885823,222.42046,45.36729,146.01552,0.65611136,1519.7284,1824.5107,77402.273,6097524,0.5264172,1.3498385,0.41292751,1.1174996,14.647529,1.6052947,0.97155648,1.6207107,3265,2.0853829
4653163,166,1098,1192,4790.7368,0.019674316,228.4106,42.884312,143.39005,0.54378849,1434.3148,1749.2677,67192.898,5176460,0.54402989,1.2430692,0.39313984,1.2923261,12.796849,1.4024696,0.95462108,1.7104779,3265,2.0096481
4653164,166,1100,1199,4759.2812,0.023113966,229.18982,44.015842,152.1429,0.52542084,1320.2006,1608.5641,68918.148,5429752,0.53968596,1.2670194,0.37728131,1.1080244,13.789913,1.5113044,0.96391815,1.6593137,3265,2.129637
4653165,166,1102,1173,4697.6299,0.028975353,231.69417,44.348976,145.9335,0.59256244,1143.5686,1427.3484,66836.164,5225936,0.53977722,1.2552693,0.38610929,1.2828628,12.725512,1.3946514,0.95393288,1.7144607,3265,2.02157
4653166,166,1104,1137,4579.0356,0.019212762,234.19919,43.59771,139.24745,0.72850937,1458.9344,1730.6013,63040.414,4769484,0.54564148,1.2238784,0.37524754,1.2827585,12.489854,1.3688246,0.951639,1.7279412,3265,2.0334966
4653167,166,1106,1121,4496.1313,0.020724259,236.11697,45.157314,148.54623,0.91047156,1369.571,1651.1439,63102.312,4911328,0.55197525,1.2183269,0.3705785,1.2838136,12.380431,1.3568324,0.95056289,1.734375,3265,2.0381808
4653168,166,1108,1104,4446.3838,0.023360455,237.71097,46.917213,149.87636,1.1009363,1264.4708,1546.5635,63696.199,5107304,0.55262655,1.195118,0.36483806,1.2787995,12.29834,1.3478355,0.94975096,1.739277,3265,2.0469332
4653169,166,1110,1136,4538.9917,0.040426161,237.35217,49.026299,150.26611,1.2800982,914.90387,1187.8275,67282.023,5507712,0.54901344,1.2426928,0.37553719,1.2872518,12.458394,1.3653766,0.9513303,1.7297794,3265,2.0311007
4653170,166,1112,1161,4657.0894,0.036160246,237.27197,50.849316,146.8606,1.3542837,1012.634,1272.1741,70157.188,5793996,0.54492265,1.2932392,0.38380164,1.2926712,12.590536,1.3798587,0.95262295,1.72212,3265,2.0195727
4653171,166,1114,1164,4632.1377,0.022844261,238.32709,52.164951,154.58775,1.3079661,1338.7061,1596.2727,71988.617,6122844,0.53749341,1.3316808,0.38504797,1.2951543,12.595881,1.3804444,0.95267498,1.7218137,3265,2.0170984
4653172,166,1116,1108,4434.6787,0.02145705,240.57901,52.897598,156.8358,1.1224728,1358.4692,1611.5768,68180.133,5830316,0.53829098,1.3200089,0.36664462,1.2835442,12.29834,1.3478355,0.94975096,1.739277,3265,2.042697
4653173,166,1118,1053,4207.3252,0.016754935,243.26974,52.711628,158.26613,0.89617729,1495.1016,1776.3831,64275.684,5530568,0.54344279,1.291566,0.34867549,1.2712054,12.014532,1.3167317,0.94691247,1.7567402,3265,2.0688984
4653174,166,1120,1062,4245.9941,0.02358615,243.62714,54.499989,154.5851,0.70354277,1231.4275,1504.0632,65889.688,5687180,0.54671091,1.2936579,0.34615386,1.2102362,12.35466,1.354008,0.95030844,1.7359068,3265,2.1050169
4653175,166,1122,1075,4274.7061,0.020486055,244.25987,56.093307,161.15057,0.71958178,1359.6292,1619.3058,68325.719,6026604,0.53103632,1.3717465,0.35039112,1.213834,12.421889,1.3613759,0.95097142,1.7319241,3265,2.098269
4653176,166,1124,1076,4292.9536,0.020613633,245.46471,58.673061,162.6105,0.9887042,1371.316,1617.7289,70337.141,6354932,0.53180081,1.3434284,0.35083142,1.2151344,12.421889,1.3613759,0.95097142,1.7319241,3265,2.0970957
4653177,166,1126,1035,4134.439,0.022435553,247.27368,57.923763,160.42543,1.274402,1282.0492,1521.7554,66363.633,5887944,0.53368843,1.3785915,0.33746332,1.2034563,12.212302,1.3384062,0.94889563,1.7444853,3265,2.1186643
4653178,166,1128,1013,4016.1379,0.029429011,248.67311,58.199825,162.37891,1.3193152,1067.1155,1309.548,65190.383,5807516,0.52916431,1.4321448,0.3305057,1.1988205,12.092866,1.3253167,0.94770086,1.7518382,3265,2.1292832
4653179,166,1130,957,3829.385,0.026808081,250.78148,59.036713,164.33522,0.88628322,1132.099,1339.7896,61752.934,5492864,0.54337126,1.3445969,0.3123368,1.1813743,11.818357,1.2952318,0.94492114,1.7693014,3265,2.1602845
4653186,166,1144,245,974.75165,0.041141011,236.81947,33.064602,115.13328,1.2511845,439.78735,545.65039,8595.5352,511584,0.5823018,0.48827553,0.10233918,1.2939222,7.4939127,0.82129472,0.89295697,2.2132354,3265,2.4118769
4653187,166,1146,275,1092.4119,0.022525523,241.42482,36.657875,112.99886,2.914973,668.60052,780.65778,10424.114,627276,0.57404113,0.51302224,0.11506276,1.3235497,7.5434403,0.82672268,0.89366764,2.2052696,3265,2.3792422
4653188,166,1148,312,1232.3827,0.016047569,246.00264,42.28801,115.35614,2.095058,866.02679,982.36554,13443.132,883448,0.56548357,0.53410769,0.13043478,1.3548676,7.6189713,0.83500057,0.89474458,2.193321,3265,2.3423178
4653189,166,1150,332,1319.1908,0.01710698,248.49576,45.300625,117.34425,0.095058069,863.55566,984.40106,15271.806,1026144,0.59441996,0.5448969,0.13891214,1.3721447,7.6543446,0.83887726,0.89524615,2.1878064,3265,2.3227932
4718634,168,968,833,3337.6355,0.11560361,90.480576,70.228905,182.94275,1.3799841,395.49463,602.33582,62697.504,7330324,0.64259166,1.2633579,0.29750001,1.3731562,10.194398,1.1172543,0.92740989,1.8918505,3265,2.0921504
4718635,168,970,841,3372.3831,0.11326315,90.498619,67.855362,180.95226,2.8296483,398.33447,611.68671,61681.727,7106344,0.63769323,1.2896963,0.30035713,1.3761686,10.222492,1.1203332,0.92773002,1.8893995,3265,2.0875058
4718636,168,972,850,3414.3345,0.10952927,90.566505,65.436859,178.96198,4.2793121,403.28644,625.88257,60923.781,6911960,0.63274997,1.3150572,0.30357143,1.3795,10.254283,1.1238172,0.92809141,1.8866421,3265,2.0823321
4718637,168,974,866,3479.1697,0.093416952,90.784615,62.806568,176.97192,5.7289762,451.72144,684.11621,60344.602,6714980,0.61915123,1.3845471,0.30633181,1.3674301,10.408942,1.1407671,0.92983782,1.8734682,3265,2.082087
4718638,168,976,890,3572.5146,0.093924358,91.131248,59.832378,174.98209,7.1786399,452.01599,691.35773,60495.559,6592468,0.60186297,1.4698954,0.31437653,1.3731847,10.512183,1.1520818,0.93099284,1.8648897,3265,2.0699685
4718639,168,978,918,3663.2722,0.09431535,91.523544,56.92701,172.99251,8.4692764,413.79819,698.63177,60590.406,6452716,0.58182049,1.5880786,0.32426703,1.3825459,10.617494,1.1636233,0.93216228,1.8563113,3265,2.0546949
4718640,168,980,924,3693.1362,0.090950504,91.476845,54.474751,171.00316,8.6519489,424.29001,714.33191,59829.023,6267992,0.58110434,1.5994883,0.32638642,1.3844789,10.640335,1.1661266,0.93241477,1.854473,3265,2.0514874
4718641,168,982,929,3722.863,0.07670866,91.388596,51.950657,169.01408,8.8346214,484.69608,780.94647,59158.055,6093056,0.5790686,1.6062192,0.3281526,1.3860703,10.659445,1.168221,0.93262571,1.8529412,3265,2.0488324
4718642,168,984,940,3747.8423,0.076480359,91.30661,49.504902,167.02525,8.5210772,481.51828,784.73065,58861.777,5951072,0.57331926,1.6387233,0.33180374,1.3881745,10.709453,1.1737016,0.9331764,1.8489584,3265,2.0436988
4718643,168,986,943,3765.991,0.064475447,91.231895,47.142464,165.03671,6.9937801,574.55463,856.73676,58258.41,5787992,0.57170618,1.6418349,0.33286268,1.3890989,10.72106,1.1749737,0.93330389,1.8480393,3265,2.0421324
4718644,168,988,907,3627.5386,0.064650536,89.779587,45.777668,163.04845,5.763433,579.14923,839.70142,56508.918,5598380,0.60330129,1.4701712,0.32174531,1.3869258,10.530835,1.154126,0.93120056,1.8633579,3265,2.0567017
4718645,168,990,908,3614.7854,0.049213164,89.281418,43.618954,161.06049,5.0518675,714.14563,960.73932,56909.109,5561488,0.60417747,1.4605124,0.31994364,1.3745227,10.60611,1.1623757,0.93203628,1.8572304,3265,2.0624642
4718646,168,992,910,3633.5315,0.049943794,88.808189,40.812073,159.07281,5.0818863,713.56134,956.15576,56898.391,5472924,0.60327375,1.4549224,0.32076135,1.3758686,10.609901,1.1627913,0.93207824,1.8569241,3265,2.0610335
4718647,168,994,921,3658.0479,0.050606575,88.356636,37.994156,157.08548,5.8420687,713.40045,953.073,57649.266,5464292,0.59570646,1.4861579,0.32463869,1.3794707,10.651793,1.1673824,0.93254125,1.8535539,3265,2.0550947
4718648,168,996,923,3676.0854,0.04542923,88.059853,35.518036,155.09846,5.328619,773.13776,1008.3935,57409.305,5346888,0.59339184,1.4982129,0.32534367,1.3801165,10.659445,1.168221,0.93262571,1.8529412,3265,2.0540233
4718649,168,998,922,3674.2974,0.041195419,88.097214,33.672352,153.1118,4.2168293,825.01074,1058.6871,56999.285,5220772,0.59572381,1.4855473,0.3249912,1.379794,10.655617,1.1678015,0.93258351,1.8532475,3265,2.0545588
4718650,168,1000,914,3644.3606,0.041124638,88.668236,32.431271,151.1255,3.3416193,829.83044,1055.2723,56898.633,5166716,0.60104352,1.4480363,0.3221713,1.3771884,10.625096,1.1644565,0.93224639,1.8556986,3265,2.0588651
4718651,168,1002,900,3588.8872,0.035347685,89.688232,31.722008,149.80757,2.7642925,913.93506,1129.5471,56428.75,5084028,0.61309111,1.3843364,0.31723651,1.3725189,10.572104,1.1586487,0.93165928,1.8599877,3265,2.0664999
4718652,168,1004,891,3555.012,0.03588865,90.609726,31.069635,147.84468,2.5502985,911.73407,1115.6986,56436.715,5046404,0.62098891,1.3505405,0.31395349,1.368757,10.542058,1.155356,0.9313255,1.8624387,3265,2.0718226
4718653,168,1006,873,3514.0513,0.034232363,91.589874,30.61618,145.88338,2.7517707,938.53412,1135.7704,55471.168,4911576,0.63341111,1.3062531,0.30761099,1.3624243,10.475078,1.1480153,0.93057871,1.8679534,3265,2.0819366
4718654,168,1008,854,3415.8308,0.031122018,93.003395,31.161583,143.92258,3.2768126,986.04742,1174.4086,54616.344,4825788,0.64222705,1.2813745,0.30091614,1.3554826,10.405293,1.1403672,0.92979681,1.8737745,3265,2.092844
4718655,168,1010,778,3120.1404,0.028505862,96.724861,39.857445,141.87804,3.8602974,994.47095,1172.8025,48344.078,4198064,0.71108639,1.0730842,0.27413672,1.3250065,10.13521,1.1107675,0.92673337,1.8970588,3265,2.1389225
4718656,168,1012,741,2986.491,0.027922753,98.97834,45.40871,139.78882,3.6893497,990.94617,1159.3282,45029.984,3843332,0.75936097,0.94824535,0.25945377,1.2939354,10.073283,1.1039807,0.92602235,1.9025736,3265,2.1711137
4718657,168,1014,752,3073.085,0.027571226,101.50185,45.729183,137.82561,2.8297668,1009.7262,1183.4889,45640.715,3834860,0.74287474,0.94487202,0.26256984,1.2884679,10.149075,1.1122869,0.9268921,1.8958334,3265,2.1704412
4718658,168,1016,740,3009.9734,0.023820909,101.29556,44.646366,135.864,1.943409,1082.3866,1260.1061,43493.676,3560596,0.75191092,0.94308388,0.25766018,1.2769009,10.13521,1.1107675,0.92673337,1.8970588,3265,2.1818016
4718659,168,1018,756,3059.2349,0.025396302,103.2055,43.975105,133.90405,1.2460078,1040.1387,1230.3427,44311.797,3591288,0.72252709,0.97823298,0.24827586,1.1153466,10.870291,1.1913286,0.9349345,1.8363971,3265,2.277802
4718660,168,1020,740,2980.7896,0.026064342,101.88258,42.014404,131.94592,0.91751397,1004.3637,1198.8013,42018.367,3333516,0.74693704,0.98430043,0.25676614,1.2676568,10.173429,1.1149561,0.92717057,1.8936887,3265,2.1873157
4718661,168,1022,744,2997.5732,0.035115387,101.51367,39.88485,129.98969,1.2373676,840.80499,1035.7169,40927.414,3175588,0.73393971,1.1203424,0.26552463,1.3349727,9.8985634,1.0848323,0.92399848,1.918505,3265,2.1475396
4718662,168,1024,758,3027.0469,0.034896813,102.27395,38.156296,128.03551,2.2822092,845.03955,1044.0508,40756.066,3101012,0.7108779,1.208238,0.27052104,1.3411868,9.9450045,1.089922,0.92453903,1.9142157,3265,2.1385522
4718663,168,1026,763,3079.9214,0.031735078,103.63242,36.469158,126.08352,3.7378919,903.5116,1104.3455,39943.793,2944536,0.69640493,1.3327596,0.27143365,1.3372926,9.9918833,1.0950596,0.92508274,1.9099264,3265,2.138515
4718664,168,1028,773,3117.6726,0.032278795,104.92142,35.102459,124.13387,2.7567558,890.07025,1101.6954,40189.535,2912228,0.6871016,1.3158735,0.27489331,1.3409359,10.029028,1.0991305,0.92551219,1.9065564,3265,2.1325445
4718665,168,1030,768,3108.5298,0.03282176,105.78114,34.452278,122.18674,1.5598172,880.66095,1090.9417,39544.742,2812312,0.6898495,1.2761767,0.27301812,1.3381023,10.015489,1.0976467,0.92535579,1.9077818,3265,2.1360519
4718666,168,1032,754,3057.8245,0.032957047,106.28827,34.329742,120.24232,0.96174341,887.73938,1079.7844,38899.352,2725732,0.71271765,1.0702597,0.26813656,1.3326514,9.9650412,1.0921179,0.92477167,1.9123775,3265,2.1446233
4718667,168,1034,752,3009.1511,0.034144171,106.32262,33.761444,118.3008,1.2034957,874.38275,1052.3705,38531.57,2668320,0.71943438,0.98191547,0.26733026,1.3310779,9.9616966,1.0917513,0.92473286,1.9126838,3265,2.1462686
4718668,168,1036,755,3036.0889,0.03368726,106.72523,32.396614,116.3624,1.4144771,886.4729,1064.2148,37707.824,2544960,0.71657735,0.95881289,0.26849216,1.3330946,9.9683886,1.0924847,0.92481047,1.9120711,3265,2.143981
4718669,168,1038,816,3282.1853,0.035056312,105.46896,29.576073,114.40282,1.0644745,883.30054,1084.6843,38444.277,2499592,0.65753639,1.0507089,0.29018492,1.3586403,10.176918,1.1153386,0.92721039,1.8933823,3265,2.1061585
4718670,168,1040,833,3380.1445,0.037152275,106.39703,27.554707,112.44387,1.7899666,848.51953,1069.2515,37741.883,2387816,0.64861423,1.0653632,0.29612514,1.3645809,10.240129,1.1222661,0.92793059,1.8878677,3265,2.0964177
4718671,168,1042,848,3417.8538,0.036061902,108.2628,26.031488,110.4864,3.6401579,864.69495,1091.3331,37719.855,2334988,0.6391927,1.0860431,0.30145752,1.3702334,10.293407,1.1281052,0.92853504,1.8832721,3265,2.0876863
4718672,168,1044,864,3458.0908,0.034548938,110.58146,24.460003,108.53047,5.5944185,893.23541,1121.5168,37813.98,2295344,0.62707072,1.1054757,0.30703625,1.3754165,10.354464,1.1347966,0.92922491,1.8780637,3265,2.078867
4718673,168,1046,861,3481.8054,0.035290658,113.33781,22.670095,106.32677,7.5726013,876.05676,1113.4669,36607.457,2155100,0.6282689,1.0812837,0.30618778,1.3756571,10.336432,1.1328204,0.92902148,1.8795956,3265,2.079915
4718674,168,1048,878,3542.4102,0.035506506,117.60284,21.172619,104.39086,9.5598669,876.38147,1119.6967,36680.238,2102660,0.6121121,1.0921738,0.310357,1.3688676,10.463996,1.1468009,0.93045479,1.8688725,3265,2.0770397
4718675,168,1050,905,3622.6553,0.035674371,123.36388,19.917852,102.45862,10.507423,879.88287,1129.6405,37321.703,2093672,0.59466827,1.1145875,0.31754386,1.3591557,10.655617,1.1678015,0.93258351,1.8532475,3265,2.0726407
4718676,168,1052,938,3770.5039,0.033979416,132.47122,19.605574,100.53034,8.5158691,917.44592,1180.8553,38725.062,2143888,0.56747139,1.1308953,0.32592079,1.3378979,10.922301,1.1970288,0.93549889,1.8324143,3265,2.074111
4718677,168,1054,1012,4038.2749,0.030248595,145.71844,21.554056,99.69062,6.5284982,1027.4757,1295.24,43242.145,2448388,0.52776575,1.1912311,0.3319121,1.2128047,12.014532,1.3167317,0.94691247,1.7567402,3265,2.1209023
4718678,168,1056,1086,4358.8916,0.042050608,159.41484,25.365643,107.23444,4.5492811,869.51801,1141.3185,48792.301,2901032,0.50867939,1.2297436,0.3553665,1.2248005,12.427092,1.361946,0.95102262,1.7316177,3265,2.0881338
4718679,168,1058,1198,4713.5039,0.041441604,173.17918,32.415012,140.72591,2.5898564,921.552,1195.5248,59399.309,3986320,0.50330615,1.2973367,0.37732282,1.1119223,13.764329,1.5085006,0.96368492,1.6605393,3265,2.127167
4718680,168,1060,1231,4938.9844,0.058013976,184.26624,42.128693,143.65152,0.70398587,779.08899,1034.3259,67406.078,5070148,0.53545862,1.2690613,0.38808322,1.1229507,13.958558,1.5297869,0.96544731,1.651348,3265,2.1086402
4718691,168,1082,1226,4865.2075,0.021371562,191.64197,46.096249,146.1658,0.007389646,1418.2278,1691.3656,69598.125,5200412,0.59453875,1.1632835,0.41363022,1.3320386,12.687428,1.3904777,0.95356435,1.7166054,3265,1.980372
4718722,168,1144,101,384.71637,0.19922392,194.21989,13.792117,47.280415,0.24330904,93.498436,155.77742,1564.7782,32512,0.8267327,0.29690289,0.089618459,1.5149614,5.2421646,0.57451457,0.85602945,2.734375,3265,2.564137
4718723,168,1146,163,640.17542,0.10812198,220.09074,19.315525,51.215271,2.1217904,180.43916,272.77054,3345.1411,89636,0.78307962,0.41257516,0.14063849,1.5788848,5.3306794,0.5842154,0.85769141,2.7055759,3265,2.4920728
4718724,168,1148,226,902.26715,0.038501993,236.77942,35.964909,119.41175,2.095058,436.54401,542.66388,8326.9834,507148,0.58218288,0.47040552,0.094442122,1.2757579,7.4562545,0.81716764,0.89241427,2.2193627,3265,2.4328451
4718725,168,1150,248,990.50891,0.029140372,240.37178,39.631878,117.6194,0.095058069,544.77686,653.56165,9994.3193,629544,0.58482432,0.46184483,0.1038526,1.2993907,7.4882398,0.82067299,0.89287537,2.2141545,3265,2.4075747
4784169,170,966,831,3311.4375,0.090027481,92.323212,71.557182,185.13588,1.3081716,478.009,679.86969,62572.504,7342708,0.64221364,1.2674663,0.29667976,1.3717428,10.190898,1.1168705,0.92736995,1.8921568,3265,2.0936406
4784170,170,968,837,3343.5693,0.088014536,92.391769,69.110397,183.14742,2.7578356,479.57098,690.92816,61475.453,7116288,0.63737261,1.291325,0.29882184,1.374017,10.211939,1.1191766,0.92760986,1.8903186,3265,2.090143
4784171,170,970,844,3383.998,0.069473006,92.52729,66.629692,181.15921,4.2074995,560.47943,782.36957,60427.66,6892068,0.63138026,1.3173285,0.30132097,1.3766359,10.236597,1.121879,0.92789048,1.8881741,3265,2.0860929
4784172,170,972,864,3455.5742,0.065203466,92.827454,63.830093,179.17126,5.6571636,587.70685,816.07428,60205.84,6733480,0.61612433,1.4017013,0.3051925,1.3639836,10.416249,1.1415679,0.92991984,1.8728554,3265,2.0846083
4784173,170,974,883,3539.5613,0.065747306,93.18882,60.853188,177.18359,7.1068273,587.4024,822.50903,59752.906,6544260,0.60002875,1.4795249,0.31190392,1.370756,10.486181,1.1492321,0.93070275,1.8670343,3265,2.0738664
4784174,170,976,904,3619.6052,0.057654757,93.594238,57.967628,175.1962,8.5564919,604.39844,888.21472,59455.27,6368344,0.58312756,1.5726227,0.31932178,1.3779358,10.564576,1.1578238,0.93157572,1.8606005,3265,2.0622685
4784175,170,978,914,3655.0938,0.048944347,93.600243,55.466187,173.20911,10.006155,676.5625,968.73041,59165.348,6251168,0.57648939,1.6042181,0.3228541,1.3812431,10.60232,1.1619604,0.93199432,1.8575368,3265,2.0568459
4784176,170,980,921,3682.6628,0.04892043,93.584991,52.86544,171.22232,10.643589,678.01599,972.61456,58549.469,6088572,0.5729689,1.6212195,0.32509708,1.3821726,10.636521,1.1657087,0.93237263,1.8547794,3265,2.0537524
4784177,170,982,927,3706.6543,0.043286353,93.580963,50.313839,169.23586,10.826262,737.72046,1037.3385,58061.43,5935608,0.56947678,1.6309546,0.32721496,1.3840955,10.659445,1.168221,0.93262571,1.8529412,3265,2.0505528
4784178,170,984,930,3732.3359,0.042282425,93.529488,47.62656,167.24971,9.8221884,771.03168,1053.2109,57291.793,5754552,0.56705213,1.6450579,0.32815808,1.384376,10.674782,1.1699018,0.93279481,1.8517157,3265,2.0492926
4784179,170,986,912,3642.6985,0.039701205,92.338463,45.400394,165.26392,8.5310955,799.46808,1073.7784,56395.758,5626244,0.5809598,1.5592383,0.31966352,1.3654801,10.678623,1.1703228,0.93283713,1.8514093,3265,2.0655594
4784180,170,988,903,3610.2302,0.042405542,91.54261,42.794353,163.27846,7.5553813,783.13879,1034.3347,56107.637,5539772,0.59051496,1.4949368,0.31818181,1.3728485,10.58719,1.1603023,0.93182665,1.8587623,3265,2.0651975
4784181,170,990,912,3626.9529,0.035720248,91.224045,40.112705,161.97888,7.0276589,888.10779,1129.5844,57240.551,5603860,0.5834561,1.5180465,0.32135308,1.3758492,10.621293,1.1640397,0.93220431,1.856005,3265,2.0602894
4784182,170,992,914,3632.5417,0.033080772,91.304581,38.164265,160.01523,6.8140073,934.56036,1174.6877,57003.988,5481636,0.583157,1.5168771,0.3221713,1.3771884,10.625096,1.1644565,0.93224639,1.8556986,3265,2.0588651
4784183,170,994,912,3641.4211,0.03120015,91.610336,36.608856,158.05295,5.2413759,974.07428,1211.0499,56537.805,5349816,0.5841518,1.5062752,0.32146633,1.3765299,10.617494,1.1636233,0.93216228,1.8563113,3265,2.059948
4784184,170,996,915,3651.2173,0.040390514,91.989662,35.059799,156.08792,3.79813,836.62946,1065.8206,56525.074,5273328,0.58202583,1.509894,0.32241014,1.3768365,10.63271,1.165291,0.93233055,1.8550857,3265,2.058665
4784185,170,998,904,3629.7156,0.040422134,92.410133,33.084763,153.99049,2.5320387,843.64667,1062.262,56000.906,5165496,0.58228719,1.4868357,0.31853417,1.3731848,10.590968,1.1607163,0.93186855,1.8584559,3265,2.0646496
4784186,170,1000,877,3513.1606,0.038784802,93.607491,31.52289,151.95776,1.5103859,861.08661,1066.8986,54485.324,4959908,0.59404206,1.4065022,0.30902043,1.3638519,10.489888,1.1496384,0.93074411,1.8667279,3265,2.0796707
4784187,170,1002,843,3369.5784,0.038722061,95.00486,30.175694,149.99373,0.81561083,854.9621,1045.7153,52587.105,4716352,0.60672635,1.3131267,0.29704016,1.3513417,10.365314,1.1359857,0.92934716,1.8771446,3265,2.0992687
4784188,170,1004,760,3057.0317,0.035910159,97.615219,32.36055,148.03107,0.55032629,861.45135,1034.2993,48137.301,4321072,0.64401567,1.1517769,0.26779422,1.3171359,10.073283,1.1039807,0.92602235,1.9025736,3265,2.1504278
4784189,170,1006,617,2472.7141,0.040113684,101.50588,48.667843,146.06985,0.79748952,734.60095,880.12756,37131.164,3272008,0.77942598,0.79334265,0.2217032,1.2841897,9.4388971,1.0344552,0.91854268,1.9632353,3265,2.2288425
4784190,170,1008,564,2296.0344,0.040403008,102.71638,47.538368,144.11018,1.3640596,702.71729,845.05951,32722.178,2800160,0.78415406,0.72571272,0.20273185,1.2541502,9.2795162,1.0169878,0.9166044,1.9797794,3265,2.2690294
4784191,170,1010,544,2178.6218,0.028922278,105.54066,43.866611,142.15215,1.9117149,829.54437,972.92554,30181.801,2467072,0.71423733,0.7348749,0.19054291,1.1821418,9.4479122,1.0354432,0.91865158,1.9623162,3265,2.3202693
4784192,170,1012,489,2030.4811,0.026755095,111.58746,37.656109,140.19583,1.7961737,831.54504,976.56506,24455.725,1799708,0.65561199,0.6642909,0.17085955,1.1398904,9.3057051,1.019858,0.9169246,1.9770221,3265,2.3705573
4784193,170,1014,404,1623.2791,0.026561741,121.1358,24.835657,126.88442,1.0442938,738.6629,876.34125,16419.637,986004,0.58952659,0.58642209,0.14071752,1.0690696,9.0890942,0.99611855,0.9142555,2.0003064,3265,2.4540453
4784194,170,1016,257,1053.3767,0.04819398,196.27632,13.028796,118.93989,0.14313529,409.25122,524.08337,7032.3208,302076,0.62718874,0.45586109,0.087504253,0.86525232,8.8876591,0.9740423,0.91173005,2.0229778,3265,2.6609621
4784198,170,1024,499,2004.4624,0.033853795,107.3653,45.617256,128.50092,0.94424051,709.8313,862.58167,24868.582,1806280,0.61218017,0.9519881,0.18112522,1.2311814,9.0200281,0.98854929,0.91339439,2.0079658,3265,2.3120444
4784199,170,1026,458,1842.0398,0.031608701,113.70316,34.94817,126.56024,2.699712,697.90204,855.7583,19214.156,1194068,0.54151338,1.0467288,0.16618288,1.2022396,8.9116802,0.9766748,0.9120335,2.0202205,3265,2.3479035
4784200,170,1028,377,1522.7899,0.053035084,129.75034,22.264778,105.12996,1.4866829,443.1792,600.68018,12775.921,639012,0.47219086,0.94171107,0.13421147,1.102137,8.8373718,0.96853101,0.91109288,2.0287991,3265,2.4461343
4784206,170,1040,605,2443.9656,0.044713553,107.33366,39.666767,112.64635,1.5123552,653.74261,828.76782,25986.896,1599156,0.64620984,0.77921367,0.22995059,1.3685752,8.9709473,0.98317021,0.91277945,2.0134804,3265,2.1936011
4784207,170,1042,643,2613.3372,0.047755145,111.07163,33.789093,110.71388,3.5119777,636.35822,829.26355,25603.285,1480692,0.61897355,0.86074847,0.23553114,1.3323823,9.3585281,1.0256472,0.91756839,1.9715073,3265,2.1924243
4784208,170,1044,669,2700.3159,0.048016038,114.99532,29.320702,108.78497,5.5118742,637.10657,840.65747,25421.365,1389704,0.60994601,0.87755954,0.24424973,1.3400861,9.4629765,1.0370941,0.91883337,1.9607843,3265,2.1770394
4784209,170,1046,684,2757.1975,0.045687713,120.02139,25.844139,106.85987,7.511826,654.42474,870.84161,24812.756,1273516,0.59663677,0.89237332,0.24872728,1.3390787,9.5451574,1.0461007,0.91982132,1.9525123,3265,2.1713219
4784210,170,1048,701,2823.5024,0.042537298,127.79092,22.738455,104.9389,9.5117979,690.56635,913.30127,24729.277,1201336,0.57724881,0.90739805,0.24866974,1.3016038,9.8167028,1.0758607,0.92304099,1.9261643,3265,2.1834393
4784211,170,1050,719,2895.3792,0.04318044,138.31604,20.558779,103.02242,10.504692,689.03705,917.93964,24929.027,1164604,0.56360388,0.90634203,0.25060996,1.2691909,10.05281,1.1017368,0.92578655,1.9044118,3265,2.1947343
4784212,170,1052,755,3023.636,0.047406714,152.47484,20.957125,99.06575,8.5126467,660.83752,895.26117,26962.311,1291720,0.54468352,0.92186886,0.24942186,1.1332132,10.795159,1.1830946,0.93411571,1.8422182,3265,2.2663326
4784213,170,1054,805,3230.7542,0.048069056,164.97177,24.456329,103.59181,6.5245876,684.46039,919.01813,30983.258,1625292,0.5322209,0.94430178,0.26419428,1.1363462,11.077228,1.2140079,0.93716824,1.8207721,3265,2.245388
4784214,170,1056,863,3463.2876,0.06519825,175.14893,30.065863,110.0828,4.544416,583.42609,817.01727,36613.16,2143764,0.54386979,0.9477281,0.28891864,1.2166373,11.073094,1.2135549,0.93712389,1.8210784,3265,2.1727214
4784215,170,1058,977,3795.7561,0.076426543,181.61208,38.871387,142.68858,2.5840364,565.01819,790.00885,49213.488,3457892,0.54695708,1.0348229,0.3149581,1.1401732,12.11261,1.3274804,0.94789898,1.7506127,3265,2.1815968
4784216,170,1060,967,3841.9595,0.10681786,187.90105,50.664299,145.65005,0.70384216,478.00574,672.29419,58220.977,4744828,0.54499948,1.0312325,0.31173438,1.1367077,12.063372,1.3220842,0.94740444,1.7536764,3265,2.1874392
4784259,170,1146,111,422.31879,0.14176877,202.38313,16.994965,49.596306,1.619203,122.3852,193.47946,2018.2791,47576,0.81277639,0.31760776,0.097797357,1.5269388,5.2588859,0.57634717,0.85634506,2.7288604,3265,2.5503964
4784260,170,1148,144,562.0257,0.13030037,216.73924,20.600903,49.533691,2.095058,148.73219,232.81459,3061.9661,82564,0.80341882,0.37060571,0.12467533,1.5621332,5.3087468,0.58181167,0.85728157,2.7126226,3265,2.5103703
4784261,170,1150,165,648.47089,0.073241062,225.50136,23.914368,83.081398,0.095058069,239.05116,333.55914,4093.0952,133568,0.76297116,0.41189662,0.078236133,1.3114821,6.8598924,0.7518093,0.88352877,2.3253677,3265,2.475956
4849704,172,964,796,3198.167,0.092518419,94.122238,71.664101,187.3463,1.236359,462.91425,659.08496,59502.672,7014288,0.644436,1.2256886,0.28418422,1.3579304,10.069865,1.1036061,0.92598301,1.90288,3265,2.1145394
4849705,172,966,804,3225.2305,0.075257644,94.281342,68.953896,185.35999,2.686023,527.74457,733.85455,58583.586,6808660,0.63845158,1.2519963,0.28704035,1.3611704,10.097276,1.1066101,0.9262982,1.9004289,3265,2.1096873
4849706,172,968,813,3260.7537,0.070559159,94.554787,66.072693,183.37399,4.1356869,545.80914,762.05658,57531.719,6577148,0.6249311,1.2993292,0.28829786,1.3520453,10.194398,1.1172543,0.92740989,1.8918505,3265,2.1107183
4849707,172,970,824,3316.3396,0.05726989,94.892563,62.797741,181.38829,5.585351,627.41779,853.04364,56084.352,6248596,0.60858625,1.376912,0.29106322,1.348853,10.27203,1.1257622,0.92829281,1.8851103,3265,2.1080112
4849708,172,972,841,3376.5818,0.057737995,95.314499,59.44622,179.40292,7.0350146,623.93262,857.26031,55337.355,6015192,0.59173888,1.4503073,0.29706818,1.3554295,10.332832,1.1324259,0.92898083,1.879902,3265,2.0979331
4849709,172,974,852,3433.9336,0.056393087,95.764244,56.028358,177.41789,8.4846792,591.72968,874.75806,54272.625,5761016,0.57745099,1.5177652,0.30095372,1.3595697,10.37256,1.1367798,0.92942876,1.8765318,3265,2.0915163
4849710,172,976,860,3444.8789,0.0495698,95.832436,52.782063,176.1147,9.9343424,646.03577,934.50861,53137.602,5504436,0.5683732,1.5590593,0.30356511,1.3611532,10.408942,1.1407671,0.92983782,1.8734682,3265,2.0876009
4849711,172,978,863,3451.437,0.046332814,95.920937,49.522049,174.14922,11.384007,676.11102,967.52136,52187.129,5303768,0.56097949,1.5763161,0.30462408,1.3622503,10.419907,1.1419688,0.92996091,1.8725491,3265,2.0858791
4849712,172,980,857,3464.353,0.040336963,95.995056,46.130642,172.18492,12.63523,742.74652,1038.8777,50344.781,4989940,0.55750334,1.57859,0.30176055,1.3552059,10.423567,1.1423699,0.93000197,1.8722427,3265,2.091825
4849713,172,982,861,3483.3826,0.035444427,95.960297,42.269249,170.22183,12.650605,836.48138,1111.3005,49825.07,4823828,0.54938281,1.5994714,0.30147058,1.3453848,10.49731,1.1504518,0.93082696,1.8661152,3265,2.0954292
4849714,172,984,848,3414.5059,0.033231847,94.95034,38.640831,168.2533,11.328814,865.46466,1136.2964,48454.598,4610608,0.55282795,1.5535144,0.29691878,1.340497,10.449258,1.1451856,0.93028986,1.870098,3265,2.1030388
4849715,172,986,828,3337.124,0.033868667,94.038963,35.426098,166.1124,10.229673,860.26416,1112.7357,47152.766,4425688,0.5595336,1.4843074,0.2915493,1.3441463,10.31846,1.1308509,0.92881846,1.8811275,3265,2.1088979
4849716,172,988,820,3278.5471,0.034550223,94.158875,32.822258,164.12613,9.3645344,847.11133,1091.9939,46585.52,4317780,0.55950743,1.4592175,0.2888341,1.3416884,10.286272,1.1273232,0.92845422,1.8838848,3265,2.1133366
4849717,172,990,792,3183.7639,0.034338124,94.370918,28.938126,162.16139,7.5303636,843.84277,1079.4116,43564.922,3890120,0.56292701,1.404629,0.27906978,1.3309525,10.183903,1.116104,0.92729014,1.8927696,3265,2.1301334
4849718,172,992,748,2979.1172,0.03276379,94.222305,21.66897,160.19786,5.7451224,842.11798,1068.9358,38359.609,3191064,0.56008345,1.361593,0.2635659,1.311746,10.032418,1.0995021,0.92555135,1.90625,3265,2.1582282
4849719,172,994,671,2694.9714,0.032514714,91.852753,10.958355,158.2356,4.0313683,804.19794,1020.5682,30434.596,2229664,0.56840539,1.2742785,0.2364341,1.2743568,9.7778893,1.071607,0.92258489,1.9298407,3265,2.2108412
4849720,172,996,593,2360.4995,0.047664199,310.98483,2.3764164,138.65616,2.4227188,592.03186,788.87964,23789.85,1550220,0.59109658,1.1935819,0.20991151,1.2451936,9.4841461,1.0394143,0.91908848,1.9586397,3265,2.2603564
4849721,172,998,472,1886.9247,0.13609396,284.39362,21.627903,121.22282,0.97202373,254.17714,417.40994,15512.479,818044,0.72800386,1.0398389,0.30749187,1.6573806,6.3342357,0.69420004,0.87519509,2.4353554,3265,2.2607048
4849734,172,1024,206,825.1734,0.092786171,127.03969,25.903158,82.931381,0.17436272,239.91333,334.29962,5881.8564,258676,0.48287946,0.66090912,0.079169869,1.0813154,7.9389763,0.87007147,0.89921957,2.1452205,3265,2.5547001
4849735,172,1026,173,694.65149,0.17579706,173.0905,13.110662,45.242153,2.1528494,112.20708,222.83459,2998.7312,68644,0.58549535,0.75617641,0.09994223,1.4784405,6.1979728,0.67926633,0.87294906,2.4669118,3265,2.4239216
4849736,172,1028,158,656.49493,0.16457064,197.17862,14.39462,45.068676,0.7898674,112.33022,223.89502,2799.8176,65836,0.61630249,0.70023286,0.090804599,1.4629819,6.1902156,0.67841619,0.87282008,2.46875,3265,2.4387536
4849741,172,1038,498,2034.2394,0.049049702,110.1787,40.445911,115.11214,1.2673246,582.9339,721.91785,21065.736,1220252,0.66876763,0.63594079,0.2035145,1.4556338,8.1393013,0.89202607,0.90195185,2.1170342,3265,2.1963456
4849742,172,1040,506,2088.7349,0.050290432,112.94873,36.73111,113.18973,2.5428927,569.19446,722.44354,19690.85,1066120,0.67773646,0.63687634,0.20103298,1.3672357,8.428257,0.92369413,0.90580481,2.0787377,3265,2.2454679
4849743,172,1042,534,2158.6768,0.051967248,116.82712,32.570908,111.27127,4.0636282,553.90417,722.49335,19181.131,970072,0.65028,0.7006188,0.20288754,1.3276612,8.7850485,0.96279669,0.91042703,2.0349264,3265,2.2465611
4849744,172,1044,550,2210.791,0.052096024,121.66238,28.810928,104.53326,5.8787618,552.77008,730.2583,18654.648,890976,0.6323365,0.7397449,0.20461309,1.3056638,8.9763746,0.98376501,0.91284758,2.0128677,3265,2.2489121
4849745,172,1046,564,2269.7151,0.058211051,127.93848,25.967735,93.923256,7.7850246,510.18802,699.98358,18308.492,826032,0.62459219,0.74733698,0.20857988,1.3028322,9.0613413,0.99307698,0.91391009,2.00337,3265,2.2439833
4849746,172,1048,579,2328.0112,0.065062582,135.83853,23.678043,87.584511,9.7289972,474.95706,670.55103,18216.629,785520,0.61978352,0.74397308,0.21054545,1.2779771,9.2419472,1.0128704,0.91614389,1.9837623,3265,2.2507505
4849747,172,1050,609,2427.8982,0.064482488,146.50352,23.228474,88.259171,10.830238,480.24695,687.85876,19610.119,863216,0.60379934,0.76103151,0.21781115,1.2628225,9.4690151,1.037756,0.91890621,1.9601716,3265,2.2455499
4849748,172,1052,641,2563.8237,0.071775578,158.05779,25.041204,101.71992,8.9013596,458.92395,669.97821,21930.76,1045096,0.59613395,0.76356685,0.22126338,1.1902587,9.9151001,1.0866445,0.92419118,1.916973,3265,2.2762499
4849749,172,1054,704,2794.8008,0.081838772,166.65805,29.585152,106.68834,7.0063519,442.54102,655.08978,27243.213,1493152,0.57925045,0.80328882,0.24234079,1.2171928,10.156021,1.1130483,0.92697161,1.8952206,3265,2.2340648
4849750,172,1056,765,3040.0125,0.091687351,173.62315,35.358398,112.78753,5.1753931,434.71902,645.48761,33546.316,2078732,0.58476543,0.84268361,0.26288658,1.2400098,10.394359,1.1391689,0.92967397,1.8746936,3265,2.196624
4849751,172,1058,854,3292.4966,0.096636444,179.89455,44.188644,144.65855,3.4788654,451.14072,654.33044,44987.855,3331756,0.58444506,0.91570765,0.28203434,1.1715997,11.211143,1.2286842,0.93859714,1.8109682,3265,2.2049978
4849752,172,1060,748,2980.7932,0.15417582,188.20366,54.020805,147.64861,2.0386109,333.6022,492.90445,46027.145,4011996,0.53124082,0.84536195,0.24710935,1.1246817,10.77556,1.1809467,0.93390137,1.84375,3265,2.2754896
4849753,172,1062,275,1107.2888,0.31324732,260.4707,24.461981,71.45015,0.26480749,108.32196,210.76172,7322.3823,264940,0.76076972,0.46055701,0.1313276,1.3648185,7.080862,0.77602649,0.88688719,2.2840073,3265,2.3997619
4849795,172,1146,81,302.18857,0.28015316,188.74504,15.500246,30.733324,1.1775762,55.853802,116.42499,1322.7141,26052,0.93086421,0.2293919,0.078109935,1.5529276,5.0486379,0.55330503,0.8523193,2.8008578,3265,2.5703957
4849796,172,1148,113,431.1738,0.14350514,206.12077,19.792433,52.018948,1.1775762,122.01981,194.31099,2351.5698,61860,0.80499369,0.32661313,0.098603837,1.5315382,5.271029,0.57767802,0.85657376,2.7248774,3265,2.5438499
4849797,172,1150,132,517.32916,0.12730104,215.53116,22.370705,52.135239,0.095058069,145.87836,225.98128,2983.0623,82572,0.82107335,0.34724998,0.11438475,1.5513036,5.2964292,0.58046174,0.85705084,2.7166054,3265,2.5219014
4915239,174,962,731,2943.0493,0.062020488,96.068474,67.951767,189.57336,1.1645464,580.01788,772.21124,51515.293,5853176,0.64356953,1.1494263,0.26097822,1.3297365,9.8525543,1.0797899,0.92346108,1.9227941,3265,2.1556625
4915240,174,964,728,2958.5027,0.047523409,96.315865,64.868362,188.28476,2.6142104,682.68433,884.47815,49352.809,5496536,0.63747221,1.1650839,0.25990719,1.3283533,9.8427505,1.0787154,0.92334628,1.9237132,3265,2.1576355
4915241,174,966,741,2990.5142,0.04446134,96.734192,61.678825,186.31883,4.0638742,707.75378,919.36212,48670.867,5307388,0.62104172,1.2251569,0.26276594,1.3212856,9.9483385,1.0902873,0.92457777,1.9139093,3265,2.155966
4915242,174,968,756,3038.1782,0.040851831,97.138008,57.987957,184.35396,5.5135384,745.3006,966.73132,47789.938,5079108,0.60116333,1.3047915,0.26704344,1.3203317,10.035811,1.0998739,0.92559052,1.9059436,3265,2.150332
4915243,174,970,760,3082.5093,0.03527607,97.686531,54.261749,182.39017,6.963202,815.14777,1047.8932,45776.5,4685280,0.58706051,1.3598447,0.26845637,1.3221096,10.049405,1.1013638,0.92574733,1.9047182,3265,2.1477516
4915244,174,972,768,3103.9451,0.034899481,98.306541,49.653679,180.41869,8.4128666,775.74939,1057.1886,43969.895,4320296,0.56565762,1.4409333,0.27109072,1.324216,10.083552,1.1051061,0.92614049,1.9016544,3265,2.1433794
4915245,174,974,759,3074.4614,0.032614589,98.58725,45.021202,178.26042,9.8625298,802.48328,1088.3875,41128.34,3866520,0.55829257,1.4526035,0.26791388,1.3202512,10.05281,1.1017368,0.92578655,1.9044118,3265,2.1491549
4915246,174,976,758,3041.5381,0.031200172,98.875542,39.839451,176.29404,11.312194,815.2561,1106.8099,39487.477,3588052,0.54481131,1.4885192,0.2669014,1.3148121,10.073283,1.1039807,0.92602235,1.9025736,3265,2.1524973
4915247,174,978,746,3007.9778,0.029214438,99.03743,33.503738,174.32869,12.513784,842.84583,1137.4792,36649.871,3128792,0.53150403,1.5192112,0.26120448,1.2977024,10.08698,1.1054817,0.92617989,1.901348,3265,2.1667666
4915248,174,980,732,2954.7954,0.029249158,99.213524,26.487612,172.36444,12.303854,857.96039,1126.7095,33997.355,2727020,0.52647394,1.5280496,0.25630254,1.2911927,10.039207,1.100246,0.92562968,1.9056373,3265,2.1760917
4915249,174,982,693,2790.2734,0.031592567,98.152382,19.902092,170.40131,12.377741,789.77594,1053.5032,30165.342,2249620,0.54078776,1.4374316,0.24324325,1.2816751,9.8755054,1.0823052,0.92372936,1.9206495,3265,2.1969199
4915250,174,984,645,2585.9465,0.039435554,95.386833,13.41281,158.87013,12.606242,656.18066,907.75934,25858.844,1789532,0.56653184,1.3327582,0.22759351,1.267817,9.6727161,1.0600805,0.92134225,1.9399509,3265,2.2249639
4915251,174,986,609,2415.9131,0.04531236,90.862152,6.8713408,147.96425,10.658124,585.23541,818.53497,23313.285,1558996,0.58400851,1.2594483,0.21549894,1.2537106,9.5359554,1.0450922,0.91971105,1.9534314,3265,2.2484984
4915252,174,988,562,2251.9858,0.065542214,349.25262,1.1202549,144.52664,8.7223053,436.27405,657.09357,19670.822,1194696,0.61891258,1.1855612,0.19900849,1.2273203,9.388135,1.0288918,0.91792804,1.9684436,3265,2.2843518
4915253,174,990,511,2039.3518,0.087433241,286.91199,10.922389,116.9724,6.8035936,338.84897,541.39313,15679.743,800972,0.6842255,1.121923,0.18954006,1.2842996,8.8796806,0.9731679,0.9116292,2.0238972,3265,2.2766943
4915254,174,992,485,1924.6453,0.132975,284.35535,16.420027,114.89899,4.9114561,236.83699,426.47668,14439.142,717620,0.72210103,1.096608,0.31657964,1.6613895,6.3477845,0.69568497,0.8754164,2.4322917,3265,2.2561529
4915255,174,994,459,1831.9286,0.15273908,282.82895,19.943579,116.78815,3.0608761,210.49623,388.22556,13765.292,691420,0.74144477,1.0588926,0.31076506,1.6417401,6.239675,0.68383664,0.87364042,2.4571078,3265,2.2901244
4915256,174,996,434,1725.4575,0.15064603,282.0069,23.669907,118.68096,1.2778262,216.37613,379.3833,13400.188,692096,0.74711847,1.0222086,0.35602954,1.7832583,5.6013389,0.61387831,0.86264515,2.6231618,3265,2.2808437
4915270,174,1024,113,450.31537,0.19428612,151.72522,15.425423,47.480694,0.48337501,92.006081,170.6642,1995.7577,48044,0.64664984,0.55365765,0.06840194,1.4182761,6.0231161,0.6601029,0.87001091,2.5094976,3265,2.5056243
4915271,174,1026,131,546.63684,0.17566618,177.37119,15.368476,47.230808,2.31515,104.02441,197.74718,2333.9138,58164,0.63722843,0.72844625,0.07797619,1.4375991,6.0798798,0.66632396,0.8709718,2.4954045,3265,2.4790537
4915272,174,1028,132,540.97266,0.21307746,192.26178,16.45443,47.064663,1.036612,76.464722,178.61743,2453.5051,62676,0.62988663,0.7391836,0.078291818,1.4384583,6.0886116,0.66728091,0.87111896,2.4932599,3265,2.4768605
4915277,174,1038,460,1869.4757,0.068502627,116.00972,36.995388,104.40011,1.8860192,454.6272,585.61371,17973.348,944944,0.68994033,0.58348423,0.18729642,1.4280292,8.0750732,0.884987,0.90108138,2.1259191,3265,2.227247
4915278,174,1040,466,1896.9856,0.08021801,119.15027,33.960304,95.607925,3.8768985,407.29916,545.13116,16888.48,834332,0.69800174,0.58648175,0.18470076,1.3392136,8.3476496,0.91485995,0.90474015,2.0891545,3265,2.2782023
4915279,174,1042,481,1943.7723,0.064423837,123.22872,30.903719,93.846405,5.3565063,465.26102,615.74988,16381.082,771520,0.67436767,0.63550061,0.18212798,1.2891238,8.6720905,0.95041704,0.90897924,2.0484068,3265,2.2914388
4915280,174,1044,492,1994.7607,0.078456677,128.12729,28.595232,92.068275,6.8365874,404.55252,565.24323,15971.02,722960,0.6677264,0.64243478,0.18594104,1.2919105,8.7153873,0.95516217,0.90953583,2.0431986,3265,2.284914
4915281,174,1046,499,2031.4478,0.092089832,134.5206,26.650661,90.303055,8.5314531,350.12415,526.50427,15541.272,672664,0.67429638,0.63370651,0.18745305,1.287376,8.7746582,0.96165794,0.91029441,2.0361519,3265,2.2834918
4915282,174,1048,521,2080.3035,0.095003106,143.45148,24.788198,83.366699,9.8367767,341.34381,524.56506,16015.587,677516,0.66117674,0.66223586,0.19742326,1.3108298,8.7772532,0.96194237,0.91032755,2.0358455,3265,2.2623396
4915283,174,1050,546,2186.2375,0.099068508,151.66878,25.479267,90.990311,11.096374,335.30569,526.60602,17429.277,775828,0.6498034,0.67384595,0.20534036,1.3017209,8.9143572,0.97696817,0.91206723,2.0199142,3265,2.2583239
4915284,174,1052,596,2378.6096,0.078563772,160.02863,29.102095,105.35007,9.6474648,421.39529,616.81561,21253.299,1086272,0.61720151,0.7150749,0.20904946,1.2002662,9.6225338,1.0545808,0.92074573,1.9448529,3265,2.2898145
4915285,174,1054,651,2588.9734,0.086626567,167.50024,33.879074,109.63503,7.9073138,415.06018,612.83447,26408.68,1548368,0.60624367,0.75303513,0.22619875,1.2107571,9.8853741,1.0833868,0.92384458,1.9197304,3265,2.2599461
4915286,174,1056,704,2788.0964,0.097187743,173.8678,39.447021,115.38474,6.291369,404.34354,600.41711,32321.934,2117560,0.6096397,0.78918731,0.24267495,1.2179575,10.145605,1.1119068,0.92685241,1.8961397,3265,2.2341917
4915287,174,1058,788,3028.7795,0.095670216,179.29181,47.965775,146.63454,4.4172711,441.85522,630.73999,43339.938,3352224,0.59411824,0.85809118,0.26066822,1.1476964,10.918283,1.1965884,0.93545538,1.8327206,3265,2.2451894
4915288,174,1060,642,2558.814,0.13905266,188.52031,55.103985,149.6472,2.4710801,332.65753,480.87769,39402.145,3564548,0.51862597,0.76404953,0.21237181,1.0720001,10.361694,1.1355891,0.92930639,1.8774509,3265,2.3519068
4915289,174,1062,260,1049.1481,0.3043344,254.2515,22.145964,68.042427,0.62935126,103.07871,208.13629,6372.2163,210564,0.79426789,0.45008478,0.12380952,1.3508139,7.0656891,0.77436358,0.88665915,2.2867646,3265,2.4140859
4980774,176,960,644,2598.0588,0.036201824,98.186951,60.785828,192.58411,1.0927337,761.54242,949.65137,40585.941,4218244,0.64586133,1.0472801,0.22991788,1.2865462,9.5759583,1.0494763,0.92018998,1.9494486,3265,2.2156932
4980775,176,962,634,2586.1785,0.034009803,98.685852,56.593998,190.42841,2.5423977,780.70642,977.53455,37378.016,3707596,0.63611263,1.0641166,0.22530206,1.2720175,9.5852365,1.0504932,0.92030084,1.9485294,3265,2.2279971
4980776,176,964,638,2580.9712,0.030140039,99.328102,52.028358,188.46159,3.9920616,829.97278,1037.3483,35558.941,3393424,0.61545843,1.1312922,0.22544169,1.2626699,9.6475601,1.0573235,0.92104346,1.942402,3265,2.2314816
4980777,176,966,641,2590.4585,0.030570839,100.04252,47.177536,186.49574,5.4417257,816.65118,1031.9047,33550.934,3048820,0.59785002,1.1837298,0.22658183,1.2650307,9.6538363,1.0580114,0.92111808,1.9417893,3265,2.2288635
4980778,176,968,647,2607.8303,0.031077078,100.89088,42.187798,184.53085,6.8913898,799.64905,1026.8914,31727.396,2716968,0.58135909,1.2566302,0.22878359,1.2689959,9.6695642,1.0597352,0.92130482,1.9402573,3265,2.2240632
4980779,176,970,651,2625.7434,0.033428036,101.90121,37.121941,182.56699,8.341054,718.6004,993.51776,29695.953,2360496,0.5664658,1.3324095,0.23036094,1.2768859,9.6664152,1.0593899,0.92126745,1.9405637,3265,2.2172976
4980780,176,972,646,2608.0427,0.035703722,102.38863,31.601976,178.87329,9.7907171,673.0838,958.08826,27885.299,2101504,0.56090432,1.3536199,0.22802682,1.2690926,9.6727161,1.0600805,0.92134225,1.9399509,3265,2.2238154
4980781,176,974,644,2604.5945,0.038239695,102.71944,24.930277,168.93172,11.240381,634.35413,925.16199,26305.924,1862684,0.55468351,1.4044977,0.2261236,1.2568307,9.7138767,1.0645915,0.92182976,1.9359682,3265,2.2316592
4980782,176,976,646,2585.7129,0.043551076,103.37082,18.06951,157.89742,11.107833,577.57904,863.76508,25542.543,1745584,0.54972517,1.4408131,0.22682585,1.2579161,9.7202406,1.0652889,0.92190498,1.9353554,3265,2.2301862
4980783,176,978,623,2509.9688,0.05735584,105.64166,12.770661,154.70537,10.549532,479.83487,741.56677,22582.037,1394220,0.565359,1.4359335,0.21913472,1.2489985,9.6319027,1.0556077,0.92085725,1.9439338,3265,2.245137
4980784,176,980,595,2372.0164,0.068352237,106.98509,7.0994444,152.77336,10.305212,407.2998,660.37012,20320.195,1194448,0.58555299,1.3717468,0.20928596,1.2329175,9.5451574,1.0461007,0.91982132,1.9525123,3265,2.2665606
4980785,176,982,544,2174.5999,0.076241538,280.83981,1.1263218,124.8701,10.391216,358.95959,598.68555,16393.268,817296,0.64460784,1.2373104,0.19861263,1.2780068,9.0863113,0.99581355,0.91422093,2.0006127,3265,2.2641039
4980786,176,984,509,2041.3447,0.11932067,283.40213,7.1252651,106.68353,10.799695,242.15533,463.66602,14133.749,639544,0.69691998,1.1689842,0.33094928,1.6702908,6.388782,0.70017809,0.87608385,2.4231005,3265,2.2436819
4980787,176,986,494,1966.9125,0.12419248,281.71155,10.446398,108.57524,10.285043,236.85541,446.11804,13756.422,640880,0.71168834,1.1400601,0.32224396,1.6645765,6.361392,0.69717622,0.87563831,2.4292278,3265,2.2519085
4980788,176,988,476,1894.3002,0.13660027,280.31039,13.440838,110.46393,8.3055754,219.13742,417.44913,13202.422,619216,0.72985405,1.098245,0.31502315,1.6544213,6.3073101,0.69124913,0.87475425,2.4414828,3265,2.268548
4980789,176,990,460,1828.056,0.14744496,278.95319,15.817142,112.35647,6.3315263,209.86554,394.716,12880.601,612764,0.73706543,1.0724823,0.31228784,1.6412529,6.2357416,0.68340558,0.87357533,2.4580269,3265,2.2913847
4980790,176,992,439,1752.4596,0.14736694,278.15872,18.510948,114.253,4.3651743,211.07051,386.57068,12265.167,577244,0.74732941,1.0302763,0.30613667,1.6252165,6.158102,0.67489666,0.87228471,2.4764092,3265,2.3175654
4980791,176,994,419,1670.6256,0.1623711,277.74216,21.387527,116.15346,2.4119906,195.85551,359.57553,11994.115,574248,0.75453061,0.99607635,0.34400657,1.7788407,5.5844736,0.61202997,0.86234188,2.6280637,3265,2.2863314
4980792,176,996,387,1539.7041,0.17937593,278.59033,25.577049,118.05721,0.48100388,184.384,328.42899,11458.36,552772,0.77796519,0.92248702,0.32741117,1.7575341,5.5139155,0.6042971,0.86106557,2.6488972,3265,2.3160748
4980805,176,1022,53,215.12959,0.26669681,126.20314,13.636107,36.394482,0.52747744,55.620518,100.68066,804.36206,17164,0.62119013,0.34931964,0.047321428,1.5041828,5.1449189,0.56385702,0.85417855,2.7671568,3265,2.592535
4980806,176,1024,95,389.79788,0.17628159,160.00945,16.635639,49.460217,1.9074607,94.889557,166.69447,1711.8065,44388,0.7292273,0.52455288,0.05792683,1.397112,5.9866638,0.65610796,0.86939019,2.5186887,3265,2.5306573
4980807,176,1026,117,461.24185,0.20223725,177.3768,17.470266,49.220383,3.2840624,89.938751,169.29289,2234.1328,60620,0.65841436,0.69385618,0.069934249,1.4222182,6.053834,0.66346943,0.87053174,2.5018382,3265,2.4970222
4980808,176,1028,119,486.78467,0.22665167,189.06006,18.642498,49.060974,2.2089136,72.922943,164.28349,2399.6372,66840,0.63637656,0.72109371,0.07151442,1.4247986,6.0452013,0.66252333,0.87038559,2.5039828,3265,2.4961469
4980809,176,1030,66,273.07431,0.31505683,221.40033,13.507901,31.449633,1.1690059,46.719761,104.36405,983.38397,19928,0.75804198,0.43765786,0.05065234,1.3365583,5.5750318,0.61099511,0.86217183,2.630821,3265,2.6588035
4980810,176,1032,21,88.393242,0.61821264,284.80823,5.2770338,12.59481,0.31420937,7.9618306,42.388252,133.11124,988,0.98571426,0.2562612,0.086065575,1.1381224,4.2878041,0.46992156,0.83657444,3.1204045,3265,3.1354101
4980813,176,1038,436,1767.7191,0.091434933,121.09615,35.833183,98.328896,1.6071161,370.56583,492.89621,16551.961,835908,0.7082358,0.54986668,0.17730784,1.410798,8.029192,0.87995863,0.90045643,2.1323528,3265,2.2472796
4980814,176,1040,436,1765.967,0.08269117,124.50167,32.747879,96.550934,3.420074,386.60544,518.04401,15294.637,725520,0.7206791,0.54675174,0.17474949,1.3317252,8.2136431,0.9001736,0.90295285,2.1069241,3265,2.298419
4980815,176,1042,439,1800.7902,0.10042074,128.52904,30.808588,94.78511,4.908144,334.69199,474.70605,14554.168,660152,0.71955776,0.55780101,0.17297085,1.3122756,8.3218994,0.91203791,0.90439838,2.0925245,3265,2.3047628
4980816,176,1044,455,1843.9171,0.11670981,135.03989,28.207291,75.433502,5.9719677,291.7276,445.57617,14285.131,613628,0.70920271,0.58037961,0.17780383,1.3147606,8.4067688,0.92133915,0.90552175,2.081495,3265,2.294059
4980817,176,1046,478,1892.0796,0.1245998,140.75316,27.061165,78.027199,7.045301,271.09692,436.83353,15007.275,648612,0.701464,0.59599406,0.18527132,1.3144134,8.5202103,0.93377179,0.90700996,2.0670955,3265,2.2833931
4980818,176,1048,497,1981.6649,0.12139908,147.39159,27.612535,90.052055,8.273632,278.64847,452.91046,16037.04,727032,0.68195462,0.61175174,0.19100691,1.3136662,8.6242065,0.94516915,0.9083612,2.0542278,3265,2.2741446
4980819,176,1050,522,2098.217,0.089872353,155.1823,29.335268,105.28142,9.6653366,360.51352,541.64795,17820.354,877720,0.65692264,0.64450622,0.18543518,1.1808619,9.2911377,1.0182614,0.91674662,1.9785539,3265,2.334451
4980820,176,1052,566,2265.0317,0.085605398,162.47568,32.785606,107.93634,8.7432938,390.74121,576.62238,21450.9,1184480,0.63345319,0.69118017,0.19894552,1.1867194,9.5115042,1.0424125,0.91941756,1.9558823,3265,2.310976
4980821,176,1054,615,2447.2173,0.095600508,168.6519,37.576683,112.46054,7.0093317,379.38852,567.16718,26340.535,1643104,0.62674189,0.71723938,0.21616872,1.2157313,9.6632671,1.059045,0.92123008,1.94087,3265,2.2726161
4980822,176,1056,665,2644.1475,0.10858937,173.76826,43.004299,117.89538,5.3128562,367.30811,553.16425,31944.922,2190208,0.63030165,0.75127423,0.23308797,1.2346966,9.8525543,1.0797899,0.92346108,1.9227941,3265,2.2409296
4980823,176,1058,731,2806.4255,0.1000136,179.1266,51.128052,148.61426,3.6566474,423.22736,593.81635,41783.414,3368824,0.60182524,0.81210041,0.24554922,1.1638668,10.519636,1.1528987,0.93107587,1.864277,3265,2.2569144
4980824,176,1060,582,2319.4268,0.13230583,188.09166,56.549068,151.64584,2.0495319,329.34982,469.35965,36066.586,3372468,0.51723832,0.71839821,0.19393535,1.0576377,10.073283,1.1039807,0.92602235,1.9025736,3265,2.3858128
4980825,176,1062,246,988.75262,0.30677378,247.63902,20.863464,63.712151,0.4984895,100.26896,201.25174,5730.1313,175084,0.81781983,0.43304303,0.11742243,1.3395925,7.0338693,0.77087629,0.88617969,2.2925858,3265,2.4282122
5046309,178,958,557,2260.2507,0.034815468,100.65967,52.138855,194.73265,1.0209211,719.04968,903.22748,30008.465,2679420,0.65665889,0.95488322,0.19942714,1.2466447,9.2824192,1.017306,0.91663992,1.979473,3265,2.2756295
5046310,178,960,558,2261.9844,0.039082073,101.44271,48.276237,191.12732,2.4705851,659.27539,852.82697,28353.951,2430832,0.64595276,0.98589641,0.19836473,1.2329351,9.3437948,1.0240325,0.91738909,1.9730393,3265,2.2829218
5046311,178,962,564,2273.0139,0.04211729,102.28709,43.979244,181.28397,3.920249,622.61884,823.52307,26925.838,2207552,0.62849098,1.0639455,0.19978745,1.2292888,9.3911057,1.0292175,0.9179641,1.9681373,3265,2.2823243
5046312,178,964,568,2290.6414,0.047081761,103.25584,39.177647,171.45869,5.3699131,571.17926,781.91064,25355.486,1951616,0.61825275,1.115204,0.20120439,1.2317336,9.4030085,1.0305219,0.9181084,1.9669118,3265,2.2791338
5046313,178,966,582,2317.7034,0.046505339,104.43222,34.11549,167.97569,6.8195772,572.67517,791.37524,24751.238,1826016,0.59931034,1.196977,0.2060177,1.238694,9.4509211,1.0357729,0.91868794,1.9620098,3265,2.2689247
5046314,178,968,584,2355.1484,0.050856002,105.88512,28.829456,164.8868,8.2692413,494.52396,762.85669,23185.447,1589792,0.5923835,1.2661027,0.2062147,1.234689,9.4780884,1.0387503,0.91901553,1.9592525,3265,2.2703476
5046315,178,970,592,2379.9966,0.05561851,106.75748,21.628717,162.95247,9.7189045,457.23889,733.30292,22340.65,1423480,0.58541411,1.3412726,0.20823075,1.2311513,9.5359554,1.0450922,0.91971105,1.9534314,3265,2.2688959
5046316,178,972,590,2373.0864,0.068933703,108.67037,15.747337,161.02002,9.9015074,374.48825,657.72736,21275.463,1289120,0.58816147,1.3629047,0.20752726,1.2299691,9.5298309,1.0444211,0.91963756,1.9540441,3265,2.2704575
5046317,178,974,567,2294.9028,0.078061223,114.36255,9.4807892,133.33449,10.226867,322.43097,607.81219,18014.898,892196,0.62060565,1.3488233,0.20678337,1.2899822,9.1592264,1.0038047,0.91512489,1.9926471,3265,2.2470682
5046318,178,976,554,2229.1292,0.11051527,131.50014,4.5490766,98.437614,9.2592068,225.35088,503.45587,16274.658,718964,0.64296484,1.3542351,0.33821735,1.6999406,6.5946431,0.72273934,0.87938684,2.3786764,3265,2.1870379
5046319,178,978,541,2162.0701,0.1087642,180.37364,2.0835435,100.35515,8.5993233,255.68469,499.80066,15436.923,675504,0.6544739,1.3209097,0.3304826,1.6958576,6.5741901,0.72049779,0.87906224,2.3829658,3265,2.1926785
5046320,178,980,519,2069.0427,0.10536804,256.75897,3.8172605,102.25144,8.3072243,262.90692,496.74698,14303.653,626496,0.67858446,1.2534832,0.3193846,1.6872078,6.5250425,0.71511149,0.87827903,2.3933823,3265,2.2062819
5046321,178,982,493,1978.6566,0.12202486,270.47568,7.0260029,104.13974,8.4099865,237.79015,451.4046,13321.74,590292,0.70988965,1.1617783,0.32562748,1.6606476,6.3342357,0.69420004,0.87519509,2.4353554,3265,2.260108
5046322,178,984,478,1903.4639,0.13613306,271.58865,9.327775,106.03199,8.8949394,216.54301,419.17508,12769.848,572064,0.71918285,1.1356504,0.32341,1.6483866,6.2660251,0.68672448,0.87407541,2.4509804,3265,2.281575
5046323,178,986,458,1835.9108,0.14035618,271.38565,11.44565,107.92846,9.7159653,210.2621,405.42911,11921.568,518084,0.73850727,1.0694572,0.312628,1.6388499,6.2226658,0.68197256,0.87335885,2.4610908,3265,2.2956831
5046324,178,988,445,1767.4138,0.14184615,271.37662,13.708011,109.82909,8.1222906,207.63411,395.69931,11603.266,505840,0.74386072,1.0496157,0.30881333,1.6289643,6.1747594,0.67672223,0.87256265,2.4724264,3265,2.3118207
5046325,178,990,423,1696.921,0.15594637,271.57693,16.084709,111.7332,6.1234975,191.38486,369.784,10964.901,472568,0.75596339,1.007785,0.34729064,1.7799668,5.5886807,0.61249101,0.86241758,2.6268382,3265,2.2849708
5046326,178,992,410,1630.5961,0.157684,271.58145,18.346004,113.6406,4.1247687,193.33731,360.4826,10786.975,462040,0.766128,0.9767794,0.33661741,1.7762125,5.5750318,0.61099511,0.86217183,2.630821,3265,2.289484
5046327,178,994,383,1529.0554,0.17462438,272.9053,21.603722,115.54973,2.1274004,177.67043,331.71423,10293.765,443864,0.79165584,0.90653163,0.32293424,1.7575554,5.5139155,0.6042971,0.86106557,2.6488972,3265,2.3155451
5046328,178,996,353,1400.7307,0.18273824,274.40198,25.305466,117.4099,0.13054278,176.12006,310.36127,10160.199,451492,0.79732168,0.85532701,0.30068144,1.7438611,5.470211,0.59950733,0.86026865,2.662071,3265,2.3333097
5046341,178,1022,48,215.97166,0.24250938,138.34593,12.691119,37.961552,1.5331461,59.706059,105.78864,603.47687,10140,0.76595747,0.32606253,0.041630529,1.5042212,5.1700163,0.56660753,0.85465878,2.7585785,3265,2.5872815
5046342,178,1024,92,359.04419,0.21662505,164.61029,18.44067,51.441322,2.5338006,77.681976,144.31935,1780.373,49128,0.74868608,0.52153963,0.056200366,1.3934628,5.9794264,0.65531474,0.86926663,2.5205269,3265,2.5351508
5046343,178,1026,101,408.54825,0.19960259,176.06639,19.462465,51.21077,2.5338006,89.107002,160.37753,2069.7273,61208,0.70990098,0.62119114,0.060953531,1.4039636,6.0145712,0.6591664,0.86986566,2.5116422,3265,2.5198522
5046344,178,1028,110,452.13757,0.21567321,187.10745,20.743784,51.057575,2.5338006,79.543831,162.30882,2374.842,70724,0.64620519,0.69878471,0.066105768,1.4144369,6.0341387,0.66131091,0.87019801,2.5067401,3265,2.5072253
5046345,178,1030,70,273.1745,0.36753622,213.17062,14.360425,33.174583,2.6944845,41.197498,96.644012,1094.9487,23152,0.78509319,0.45289466,0.052316889,1.3471882,5.6161799,0.61550474,0.8629114,2.6188726,3265,2.6414206
5046346,178,1032,49,197.63322,0.25200909,227.99377,13.813707,33.948959,1.368396,49.871796,99.272003,743.42096,15628,0.69727892,0.35211372,0.038043477,1.3109547,5.5417171,0.60734403,0.86156994,2.640625,3265,2.6881456
5046349,178,1038,404,1651.1738,0.11045244,125.99748,34.871773,99.266212,0.6379056,317.89523,433.42471,14761.749,705252,0.74336046,0.49959406,0.16462918,1.3906888,7.9496098,0.87123686,0.8993659,2.1436887,3265,2.2735643
5046350,178,1040,410,1673.4375,0.13299876,129.8754,32.31572,79.021149,2.0965295,272.21213,397.63617,13951.642,630176,0.75334245,0.50272912,0.16963178,1.3478588,7.9816818,0.87475181,0.89980638,2.1390932,3265,2.3084774
5046351,178,1042,423,1711.4784,0.13952157,134.09039,30.883327,76.173592,3.2263451,259.50427,392.61777,14020.824,627420,0.74091625,0.52864063,0.17160243,1.3357275,8.1170387,0.88958621,0.90165073,2.1200981,3265,2.3048885
5046352,178,1044,441,1773.5801,0.12875955,139.56987,29.785053,80.488197,4.2700257,269.69305,416.04529,14519.582,654608,0.72189242,0.55979449,0.17280564,1.303377,8.3641186,0.9166649,0.90495831,2.0870099,3265,2.308553
5046353,178,1046,461,1836.7318,0.12271404,145.12906,29.061996,86.960075,5.454318,271.98544,433.69125,15088.857,685176,0.69899088,0.58407414,0.17785494,1.2969793,8.5079966,0.93243325,0.90685046,2.0686274,3265,2.3001237
5046354,178,1048,479,1911.4751,0.1170266,151.69978,29.888315,95.235779,6.8390851,282.63501,453.05084,16227.163,782480,0.69139856,0.59225219,0.18366565,1.2871372,8.6091948,0.94352394,0.90816689,2.0560663,3265,2.2995594
5046355,178,1050,511,2038.0347,0.11999644,158.00302,32.75922,108.0267,8.3930397,288.71436,461.98358,18889.451,1017912,0.66909945,0.61565596,0.18302292,1.1899414,9.1932755,1.0075363,0.91554517,1.9889706,3265,2.334512
5046356,178,1052,546,2172.4382,0.088207163,163.86,36.29953,111.17934,7.8330183,377.52054,556.32263,22261.42,1336612,0.65339249,0.63913798,0.19527897,1.2096703,9.3057051,1.019858,0.9169246,1.9770221,3265,2.3071375
5046357,178,1054,589,2347.0645,0.10468066,169.62234,40.951805,115.18878,6.0377665,350.40692,530.80402,26644.977,1756428,0.64572144,0.6899938,0.20768689,1.2072741,9.5543766,1.0471112,0.91993177,1.9515932,3265,2.2889118
5046358,178,1056,633,2519.2476,0.10721344,174.3299,46.064507,120.33456,4.277101,363.87363,543.39514,31907.301,2290576,0.63259643,0.73557693,0.22202736,1.2188972,9.7425785,1.0677371,0.92216879,1.9332107,3265,2.2636275
5046359,178,1058,679,2614.2791,0.11053288,179.44279,53.553581,150.59691,2.552984,390.38535,545.17401,40064.504,3349252,0.60038406,0.76910824,0.22869653,1.1442631,10.300553,1.1288882,0.92861599,1.8826593,3265,2.2900217
5046360,178,1060,538,2156.8958,0.13287038,187.6516,57.97398,153.64452,0.87271804,319.62878,451.65356,33513.23,3201444,0.52147067,0.67745966,0.18120579,1.0596727,9.819952,1.0762168,0.92307907,1.9258579,3265,2.4029403
5111844,180,956,513,2043.6479,0.051236928,103.29825,47.548275,178.10545,0.39363033,534.69189,707.9726,25828.969,2135920,0.6671083,0.91368353,0.18262728,1.2070826,9.201827,1.0084735,0.91565055,1.9880514,3265,2.3182762
5111845,180,958,507,2053.4292,0.059221994,104.24339,43.701233,175.0704,2.2093818,472.47516,660.09021,23421.941,1809356,0.67283332,0.93687612,0.18029872,1.2008853,9.1932755,1.0075363,0.91554517,1.9889706,3265,2.3246374
5111846,180,960,509,2070.3555,0.065007858,105.29628,38.617954,173.13408,3.8484364,436.1044,632.62225,21761.203,1573120,0.66637534,0.98863089,0.18062456,1.1977808,9.216116,1.0100394,0.91582644,1.9865196,3265,2.3255234
5111847,180,962,522,2105.3938,0.06610249,106.536,33.32209,171.19948,5.2981005,426.35928,632.6488,20731.385,1384096,0.65201753,1.0767343,0.18510638,1.2048931,9.2592487,1.0147667,0.91635615,1.9819241,3265,2.3154161
5111848,180,964,537,2162.9219,0.067836575,108.10513,27.813786,169.26663,6.7477646,414.5553,632.98492,20413.236,1297848,0.63393927,1.1663753,0.18888497,1.1972322,9.3703489,1.0269426,0.91771209,1.9702818,3265,2.3131402
5111849,180,966,553,2218.9092,0.073517561,111.10341,18.747816,152.61345,8.1974287,352.96982,615.85596,19343.631,1020432,0.62933409,1.2860328,0.20160408,1.2809185,9.1226234,0.99979317,0.91467178,1.99663,3265,2.2583499
5111850,180,968,542,2184.3831,0.075229354,115.48671,13.372953,143.77469,8.0822468,333.31836,604.05389,17560.512,830324,0.64997172,1.2879988,0.20538083,1.3380207,8.8085165,0.96536869,0.91072607,2.0321691,3265,2.2351196
5111851,180,970,539,2171.3176,0.11235487,121.29037,10.267633,92.093208,7.8114204,221.07701,492.79996,16672.654,748504,0.65651661,1.3022405,0.32926086,1.6952319,6.5712786,0.72017872,0.87901598,2.3835785,3265,2.1935077
5111852,180,972,536,2166.137,0.11087845,129.8103,7.8668447,94.024384,7.9205508,219.89363,495.47797,16179.514,718328,0.6592133,1.3011059,0.32802936,1.6938992,6.5625596,0.71922314,0.87887728,2.3854167,3265,2.1958308
5111853,180,974,535,2159.1189,0.10920636,144.63766,5.7672453,95.927071,8.4043131,224.14337,498.44733,15705.479,687596,0.65818894,1.3240644,0.32741737,1.6935821,6.5611086,0.71906412,0.87885422,2.3857231,3265,2.1962495
5111854,180,976,525,2102.2065,0.11472375,176.43288,3.8869886,97.815598,7.4755936,243.9512,479.86157,14928.754,644476,0.66747367,1.3017381,0.32507738,1.6878418,6.5193086,0.71448314,0.87818736,2.3946078,3265,2.2073185
5111855,180,978,506,2017.7946,0.11695343,219.78503,3.975651,99.707512,6.6728759,240.34378,465.62567,13864.161,595544,0.68440497,1.2460873,0.31924289,1.6772549,6.4498792,0.70687395,0.87707251,2.40962,3265,2.2265337
5111856,180,980,481,1925.2125,0.12337568,244.13757,5.4470377,101.60392,6.310102,231.41843,442.8223,12461.304,513064,0.71133053,1.1588924,0.31875414,1.6557312,6.3113341,0.69169015,0.87482023,2.4405637,3265,2.2672191
5111857,180,982,459,1851.4718,0.13075969,252.71951,7.2274303,103.50476,6.4380264,222.1082,421.8194,11547.069,467224,0.73245424,1.085953,0.3135246,1.6389804,6.2226658,0.68197256,0.87335885,2.4610908,3265,2.2956796
5111858,180,984,447,1780.4565,0.13463774,256.78308,9.1507015,105.40926,7.0334105,211.55136,407.64978,11015.677,439640,0.73959935,1.0653864,0.30763936,1.6323568,6.1927991,0.67869931,0.87286305,2.4681373,3265,2.3057003
5111859,180,986,428,1707.3223,0.14747283,259.57101,11.25794,107.31725,8.0157375,191.44113,381.42282,10349.217,406172,0.75725013,1.0168601,0.35081968,1.7819837,5.5960574,0.61329949,0.86255026,2.6246936,3265,2.2822871
5111860,180,988,416,1649.0809,0.15198644,260.78204,13.115859,109.21823,8.1633892,187.08807,369.25256,10109.938,392156,0.76297498,1.0004473,0.34126332,1.7782955,5.5823727,0.61179966,0.86230409,2.6286764,3265,2.2868664
5111861,180,990,399,1588.3369,0.15306021,262.18271,15.149769,111.03973,6.1676826,187.9808,361.11462,9684.6309,367508,0.77931011,0.95259035,0.3275862,1.7728213,5.5635347,0.60973513,0.8619644,2.6341913,3265,2.2935104
5111862,180,992,379,1506.011,0.15156467,264.64093,17.807983,112.76902,4.1740918,194.17209,353.36212,9294.8613,348440,0.80833715,0.88084,0.31956154,1.756235,5.5098205,0.60384834,0.86099106,2.6501226,3265,2.317085
5111863,180,994,360,1427.856,0.17319864,266.00763,20.283913,114.40813,2.1805837,176.41719,321.86584,9022.5645,331980,0.82480657,0.83375955,0.30482641,1.7486566,5.484364,0.60105842,0.86052728,2.6577818,3265,2.3268795
5111864,180,996,329,1307.0265,0.18155849,268.23236,23.513288,115.95956,0.18707579,175.22377,300.77298,8648.7979,315160,0.84402108,0.75925094,0.28910369,1.7229019,5.4103727,0.59294933,0.85916966,2.6804535,3265,2.3619244
5111877,180,1022,58,243.2657,0.21240482,152.44559,16.232388,43.806126,0.53380054,73.036705,119.96738,955.41357,21400,0.71506351,0.36026764,0.036318097,1.3485379,5.8915811,0.64568734,0.86775738,2.5431986,3265,2.5907111
5111878,180,1024,88,342.10693,0.22887459,167.18904,20.610151,53.42384,0.53380054,75.93499,137.05254,1847.7616,54228,0.765674,0.5159831,0.053855568,1.3885037,5.971005,0.65439177,0.86912268,2.5226715,3265,2.541029
5111879,180,1026,94,374.56082,0.19658357,175.63376,21.585247,53.201878,0.53380054,89.684204,154.7364,2090.2175,66016,0.74216425,0.5996961,0.057668712,1.3960857,5.9734087,0.65465522,0.86916375,2.5220587,3265,2.5338023
5111880,180,1028,101,411.71774,0.20282267,185.35548,22.632126,53.054432,0.53380054,84.439102,159.71529,2310.7673,72576,0.65306932,0.66317511,0.060733613,1.403762,6.021894,0.65996897,0.86999011,2.509804,3265,2.5188186
5111881,180,1030,67,267.56622,0.35383481,207.7626,15.74509,34.932117,1.0606812,43.719528,97.481071,1113.5583,24700,0.78742653,0.44828603,0.049925484,1.343896,5.6172428,0.61562127,0.86293048,2.6185663,3265,2.6441438
5111882,180,1032,61,243.90361,0.3479138,216.97375,17.019196,35.907986,1.2895725,43.153973,93.859497,1087.0601,25516,0.77377051,0.42984977,0.047067903,1.3288257,5.5624919,0.60962081,0.86194557,2.6344976,3265,2.6681192
5111886,180,1040,398,1615.9664,0.13994804,134.31264,33.547112,77.409691,0.47432375,263.77756,380.92343,14067.767,652932,0.75673074,0.48318014,0.16405606,1.3340321,7.9773908,0.87428147,0.89974749,2.1397059,3265,2.3212328
5111887,180,1042,417,1677.7264,0.16471949,138.20622,32.402885,80.760376,1.5138443,228.96741,357.76102,14433.873,670272,0.74347442,0.52056861,0.16889429,1.3298301,8.1126003,0.88909984,0.90159059,2.1207108,3265,2.3105841
5111888,180,1044,430,1705.2168,0.15876645,142.7901,31.303553,82.523712,2.6398561,229.11278,367.37988,14754.969,689016,0.73771346,0.53140408,0.17317761,1.3275023,8.1796837,0.89645177,0.90249646,2.1115196,3265,2.3058262
5111889,180,1046,446,1785.6239,0.11749336,148.92624,31.302931,92.781471,4.0148792,279.81412,437.0119,15313.58,736796,0.71014261,0.56221956,0.17233385,1.288774,8.4619026,0.92738158,0.9062469,2.0744486,3265,2.3119476
5111890,180,1048,465,1865.9896,0.11443024,154.60789,32.27169,109.25915,5.612041,286.9982,452.67773,16516.197,835736,0.69748795,0.58057195,0.16726619,1.1667759,9.0310087,0.98975265,0.91353166,2.0067401,3265,2.3696253
5111891,180,1050,500,1984.4991,0.10694379,160.35179,35.322784,109.98744,7.327065,313.26413,482.8949,19415.566,1096888,0.67279357,0.60652792,0.17921147,1.1840016,9.1564007,1.003495,0.91508996,1.9929534,3265,2.3430619
5111892,180,1052,533,2113.5027,0.094849244,165.75421,39.425831,113.96011,7.0469527,356.56625,529.1629,22987.609,1455168,0.66172469,0.62851346,0.19069767,1.2021474,9.2650309,1.0154003,0.91642702,1.9813113,3265,2.3173616
5111893,180,1054,575,2288.6855,0.11237846,170.03088,44.167671,117.83195,5.1919584,331.34601,505.89044,27494.389,1900072,0.65537947,0.65775204,0.20535715,1.224633,9.4030085,1.0305219,0.9181084,1.9669118,3265,2.2855463
5111894,180,1056,611,2428.2522,0.11346262,174.43224,49.04858,122.71945,3.3625994,346.23026,518.59155,32272.641,2415684,0.63968772,0.70396596,0.21438597,1.2072362,9.6695642,1.0597352,0.92130482,1.9402573,3265,2.2798645
5111895,180,1058,634,2431.4404,0.12724669,179.98106,55.274796,152.58188,1.5657963,341.99335,490.01965,38299.527,3297932,0.59721124,0.73354006,0.21397233,1.1246696,10.121383,1.1092521,0.92657489,1.8982843,3265,2.3207879
5177380,182,956,470,1901.7451,0.081478611,107.073,40.212029,177.5132,1.3430105,359.94003,541.57581,20170.863,1406628,0.70666426,0.90985572,0.16678496,1.1708994,9.1058283,0.99795246,0.9144634,1.9984682,3265,2.3594592
5177381,182,958,477,1925.8065,0.08262112,108.56348,32.709236,161.19989,3.0846186,344.30725,541.2099,17849.65,1011564,0.71009284,0.97799587,0.17523879,1.2454532,8.8584757,0.97084391,0.91136062,2.0263481,3265,2.3136241
5177382,182,960,495,1995.7917,0.07560721,110.46574,25.280106,147.76569,4.8653321,365.89423,575.94489,17271.799,866128,0.69677341,1.0890936,0.18546271,1.2900929,8.766881,0.96080565,0.91019511,2.037071,3265,2.2817528
5177383,182,962,520,2090.3657,0.1136349,113.60705,18.493092,93.204201,6.675952,262.08081,480.79529,17768.635,843112,0.67690086,1.2033464,0.31843233,1.688553,6.5379806,0.71652943,0.87848568,2.390625,3265,2.2030187
5177384,182,964,529,2127.9507,0.11464024,117.72044,16.206608,90.500359,8.0225401,222.25829,482.96667,17725.295,829272,0.66625851,1.2588328,0.3231521,1.6920296,6.5567594,0.71858752,0.87878501,2.3866422,3265,2.1977239
5177385,182,966,529,2125.0369,0.11394837,122.12498,13.681108,88.193237,6.9101677,222.354,484.09891,17135.543,782488,0.66489804,1.2778677,0.3237454,1.6916531,6.5524163,0.71811152,0.87871581,2.3875613,3265,2.1987848
5177386,182,968,525,2117.8145,0.1128988,128.36063,11.308339,89.602432,6.1469331,221.35197,485.51675,16406.131,731240,0.66895676,1.2770313,0.32129744,1.6903424,6.5466342,0.71747786,0.87862366,2.3887868,3265,2.2004988
5177387,182,970,521,2108.4907,0.11996023,137.33815,9.2315216,91.491516,5.8137536,204.62276,469.97217,15827.035,696344,0.67114276,1.2825677,0.32260063,1.6865419,6.5135851,0.7138558,0.87809581,2.3958333,3265,2.2090163
5177388,182,972,520,2091.1069,0.11817108,148.83005,7.8578858,93.383049,5.9485416,207.06285,471.56052,15556.11,684692,0.66617757,1.3036379,0.32258064,1.6858019,6.5078716,0.71322966,0.87800437,2.3970587,3265,2.210535
5177389,182,974,503,2020.6501,0.12029779,161.8685,6.7936034,95.279388,6.542428,232.95992,459.43243,14257.458,601272,0.68107688,1.2514542,0.31855604,1.6753316,6.4372873,0.70549393,0.87686938,2.4123774,3265,2.2300897
5177390,182,976,485,1939.1448,0.11493101,178.79001,5.9598508,97.18045,5.8035769,237.79367,460.4595,12978.713,521728,0.69809151,1.192872,0.3091141,1.6675718,6.3984246,0.70123482,0.87624037,2.4209559,3265,2.241797
5177391,182,978,461,1853.9642,0.11689156,200.47867,5.6061015,99.085403,4.7925529,232.9753,446.44095,11598.037,444044,0.72424787,1.1124067,0.29761136,1.6556391,6.338294,0.69464481,0.87526143,2.4344363,3265,2.2603893
5177392,182,980,446,1784.1654,0.12525256,218.5954,6.2207394,100.99403,4.314887,222.16171,423.08652,10744.943,393700,0.74052501,1.0663791,0.30652922,1.6324344,6.1940918,0.67884099,0.87288451,2.4678309,3265,2.3052821
5177393,182,982,427,1718.8024,0.12867343,231.15933,7.4607091,102.87293,4.4838839,217.46481,409.70706,9865.0166,344692,0.76301527,1.0083549,0.34999999,1.7817115,5.5950027,0.61318386,0.8625313,2.625,3265,2.2826185
5177394,182,984,417,1655.9441,0.14440781,238.15279,8.9430151,104.62987,5.2504029,191.30074,379.60544,9442.0391,320848,0.77040672,0.98981065,0.34208366,1.7785848,5.5834231,0.61191481,0.86232299,2.62837,3265,2.2865186
5177395,182,986,400,1597.5823,0.14772455,242.81273,10.525723,106.26202,6.4580383,185.52919,368.64658,8905.6201,287064,0.79268169,0.93000448,0.32813781,1.7734454,5.5656214,0.60996383,0.86200207,2.6335785,3265,2.2926443
5177396,182,988,384,1537.6708,0.14947943,246.87524,12.258602,107.77313,7.8697014,185.43939,359.53891,8405.4561,256096,0.81237763,0.87452918,0.32323232,1.7585301,5.5169907,0.60463417,0.86112142,2.6479778,3265,2.3141508
5177397,182,990,368,1468.4741,0.23001595,251.92036,14.503654,74.405357,6.2954383,120.15845,283.24295,8129.7061,249708,0.83318031,0.82418442,0.3137255,1.748279,5.4853778,0.60116953,0.86054575,2.6574755,3265,2.3279951
5177398,182,992,354,1414.1405,0.27850199,255.79462,16.995325,75.265999,4.297811,104.06874,252.60217,8137.9551,260676,0.84278423,0.79448378,0.30863121,1.7346925,5.445118,0.59675729,0.85980892,2.6697304,3265,2.3469903
5177399,182,994,340,1347.7798,0.29491764,258.96497,19.743296,76.435173,2.2985568,104.34813,239.64261,8219.4082,275152,0.84627795,0.77220249,0.29772329,1.7285093,5.425209,0.59457535,0.85944301,2.6758578,3265,2.355056
5177400,182,996,318,1257.2703,0.31833851,261.93091,22.920918,77.769859,0.29930273,104.9323,222.77921,8190.813,285688,0.853104,0.72750223,0.28067079,1.7167697,5.3946362,0.59122473,0.85887909,2.6853554,3265,2.3694823
5177424,182,1044,415,1671.244,0.14895932,146.35519,33.206993,90.814377,1.1952915,239.85857,375.48364,14684.417,708032,0.74145859,0.51726007,0.16686772,1.3152475,8.1549587,0.89374202,0.90216321,2.1148896,3265,2.3192759
5177425,182,1046,437,1759.1294,0.13000074,151.74214,33.974571,98.639587,2.8770075,257.36661,412.36417,15952.135,818476,0.71718138,0.55224848,0.17184427,1.303134,8.3359251,0.91357505,0.90458465,2.0906863,3265,2.3116345
5177426,182,1048,462,1847.6239,0.11267854,157.22998,35.576347,111.542,4.5433803,293.83984,453.93231,17611.211,960452,0.69174862,0.57584953,0.16763425,1.1809621,8.957408,0.98168641,0.9126094,2.0150123,3265,2.363265
5177427,182,1050,489,1948.9807,0.09299469,162.47038,38.449177,113.74332,5.854538,346.69788,513.19171,20229.076,1216728,0.67407554,0.5972237,0.17508055,1.1744374,9.1338549,1.001024,0.91481096,1.9954044,3265,2.3536887
5177428,182,1052,532,2105.7253,0.10898045,166.75336,42.590694,116.66654,6.4050045,323.78076,492.75549,24378.752,1620592,0.66363651,0.62870443,0.19033989,1.2015082,9.2621393,1.0150834,0.91639155,1.9816177,3265,2.3181841
5177429,182,1054,560,2233.2605,0.11008873,170.95018,46.986156,120.40522,4.4943643,335.2077,504.89746,28081.977,2018924,0.6552645,0.6474176,0.20007145,1.216251,9.3555784,1.0253239,0.9175325,1.9718137,3265,2.2970321
5177430,182,1056,584,2321.2788,0.11971965,175.02737,51.478046,125.0595,2.6013176,333.28922,493.61218,31907.486,2469880,0.64559197,0.66255075,0.20827389,1.2246594,9.4449053,1.0351137,0.91861528,1.9626225,3265,2.2821665
5177431,182,1058,595,2271.803,0.13664474,180.23935,56.950966,154.56876,0.73157859,318.87784,457.08167,36739.035,3251088,0.60149395,0.68031353,0.20383693,1.1400709,9.8427505,1.0787154,0.92334628,1.9237132,3265,2.3275266
5242915,184,954,440,1772.6139,0.13986331,110.35833,34.134438,102.11364,0.83976048,218.61246,399.08011,16239.479,819028,0.7763719,0.90381843,0.27742749,1.6524498,6.3600287,0.69702679,0.87561607,2.4295342,3265,2.2573893
5242916,184,956,485,1951.9877,0.11137789,111.64038,25.835548,99.047791,2.43431,267.57492,469.29288,17590.982,864612,0.71451819,1.0738844,0.3003096,1.67393,6.4625206,0.7082594,0.87727618,2.4068627,3265,2.2251701
5242917,184,958,509,2039.2357,0.11404543,114.35808,21.29352,96.661331,4.094605,258.18359,474.02332,18253.402,888028,0.68889904,1.1683164,0.31169626,1.6847816,6.5221744,0.7147972,0.87823319,2.393995,3265,2.2078905
5242918,184,960,515,2071.5269,0.1146662,117.93454,18.983376,94.46183,5.8055949,258.41821,476.46664,17966.494,854636,0.68055606,1.2140753,0.31614488,1.6863652,6.5250425,0.71511149,0.87827903,2.3933823,3265,2.2066159
5242919,184,962,520,2093.2666,0.11469366,122.39145,17.09461,92.377548,7.5556502,222.8772,478.90295,17788.512,833788,0.67261744,1.2522427,0.31823745,1.6886762,6.5394211,0.71668732,0.87850863,2.3903186,3265,2.2026677
5242920,184,964,514,2080.5088,0.12229589,127.117,14.925368,85.167503,6.5569944,204.07947,462.36377,16947.248,774288,0.67811227,1.2471125,0.31826624,1.6842186,6.5035925,0.71276069,0.87793583,2.3979778,3265,2.2120342
5242921,184,966,511,2065.1677,0.12100915,132.77629,13.175587,87.058601,5.2173448,206.3313,463.09863,16448.299,744064,0.6769042,1.2537476,0.31699753,1.682803,6.4950523,0.71182472,0.87779891,2.3998163,3265,2.2144241
5242922,184,968,505,2035.0786,0.12530561,138.43193,12.256328,88.954857,4.2504792,195.99106,451.7626,15589.449,683796,0.6794908,1.2515419,0.31741044,1.6778145,6.4568958,0.70764297,0.87718564,2.4080882,3265,2.2247262
5242923,184,970,496,2001.751,0.12346151,143.82501,11.775085,90.856178,3.8167768,193.79216,451.38193,14666.627,621836,0.6841805,1.2366307,0.31412286,1.67295,6.4275274,0.70442432,0.87671167,2.4145222,3265,2.2331443
5242924,184,972,482,1934.2173,0.1201093,150.84079,10.714778,92.761642,3.9941037,228.38998,449.85159,13569.697,552204,0.69527525,1.2008265,0.30779055,1.6660386,6.3901582,0.70032883,0.8761062,2.4227941,3265,2.2442791
5242925,184,974,460,1840.8154,0.11574914,159.71178,9.7360821,94.671013,4.7610574,231.5312,447.04492,12184.202,465020,0.7199015,1.1217399,0.29525033,1.656652,6.349143,0.6958338,0.87543857,2.4319854,3265,2.2574916
5242926,184,976,434,1744.7704,0.11248583,170.87584,8.7859802,96.496819,4.3336439,229.65417,441.49438,10705.03,376292,0.75584549,1.0193101,0.28145266,1.6438502,6.2925982,0.68963677,0.87451273,2.4448528,3265,2.2761755
5242927,184,978,421,1677.241,0.11851988,183.47836,8.1519871,98.140564,3.016331,224.72838,421.70337,9751.1641,315848,0.77367944,0.9774242,0.29276773,1.6193575,6.1402636,0.67294168,0.87198645,2.4806986,3265,2.3240974
5242928,184,980,410,1638.2479,0.13518834,195.21172,7.9941759,99.606972,2.3245335,201.41136,390.23401,8963.084,264612,0.79811555,0.92456597,0.33912325,1.7733585,5.5656214,0.60996383,0.86200207,2.6335785,3265,2.2940025
5242929,184,982,398,1594.9227,0.21066242,206.56532,8.4758978,66.11496,2.5724981,123.82004,308.44748,8487.2285,240468,0.80957687,0.88890368,0.33614865,1.7615972,5.5272665,0.60576034,0.86130804,2.6449142,3265,2.3110383
5242930,184,984,386,1545.1345,0.22359505,218.59431,9.5917301,66.82151,3.6316595,112.49975,294.6843,8209.7363,234628,0.81100869,0.87528455,0.32601351,1.7578733,5.5149403,0.60440946,0.86108416,2.6485908,3265,2.3154263
5242931,184,986,375,1495.9059,0.23124163,228.64844,11.110473,67.919083,5.1456022,112.23604,285.11761,8042.7207,233884,0.81517291,0.85180688,0.3169907,1.7539226,5.5026689,0.60306454,0.86086094,2.6522672,3265,2.3201613
5242932,184,988,361,1435.9026,0.23459633,237.11241,12.963976,68.468842,6.7093139,114.81602,277.33636,7753.5034,226372,0.8264389,0.81826043,0.30593219,1.7480606,5.4853778,0.60116953,0.86054575,2.6574755,3265,2.3273234
5242933,184,990,344,1374.5486,0.2902337,241.95905,14.716771,67.3367,5.063798,91.330101,243.95575,7370.9912,212436,0.85198998,0.76457584,0.29991281,1.7310424,5.4351454,0.59566432,0.85962576,2.6727941,3265,2.3511534
5242934,184,992,328,1317.6495,0.29589808,246.02289,16.633451,69.158714,3.4949784,96.430023,236.55592,7200.4268,209744,0.86413813,0.72811538,0.28621292,1.7251432,5.4172864,0.59370703,0.8592971,2.6783087,3265,2.3583159
5242935,184,994,313,1249.489,0.31369382,249.66429,18.871389,70.922234,1.838805,97.104851,223.72688,7137.166,212480,0.87429345,0.69647211,0.27408057,1.717597,5.3985615,0.59165496,0.85895163,2.68413,3265,2.3673146
5242960,184,1044,407,1637.4777,0.16885145,149.25623,35.904518,96.032349,0.31988099,229.16708,349.09225,15347.617,783592,0.73656821,0.50397092,0.16286515,1.3041693,8.1639318,0.8947255,0.90228426,2.1136642,3265,2.3282096
5242961,184,1046,429,1716.6007,0.15800138,153.95302,36.154526,101.67539,1.8970321,218.88786,369.49548,16528.521,888432,0.72862339,0.5303784,0.17084827,1.3004273,8.2570658,0.90493244,0.90353441,2.1011028,3265,2.3224452
5242962,184,1048,457,1821.7048,0.10150982,159.35777,38.726223,114.23536,3.0384276,316.84653,474.8866,18809.961,1111048,0.69303042,0.56972438,0.16504154,1.1686326,8.9790907,0.98406267,0.91288167,2.0125613,3265,2.3725319
5242963,184,1050,487,1934.046,0.10654721,163.89168,41.569954,116.18214,4.7817731,314.3985,477.60327,21556.459,1375828,0.67783779,0.59633523,0.17486535,1.1786519,9.1058283,0.99795246,0.9144634,1.9984682,3265,2.3522902
5242964,184,1052,518,2075.9812,0.1069403,167.82309,45.509823,119.30936,5.917913,328.1561,493.90784,24853.191,1711692,0.66905892,0.61329079,0.18539728,1.1931491,9.2189789,1.0103532,0.91586167,1.9862132,3265,2.329412
5242965,184,1054,551,2191.9155,0.11968986,171.65799,49.705929,122.92137,3.9625373,316.25311,479.72037,28882.203,2150264,0.65630752,0.64171624,0.19699678,1.2120919,9.323247,1.0217805,0.9171387,1.9751838,3265,2.3034816
5242966,184,1056,562,2253.0674,0.13531691,175.54041,53.820225,127.36209,2.0193686,306.75473,457.4209,31833.811,2538752,0.64276427,0.64709514,0.20049946,1.2121445,9.3762693,1.0275915,0.91778404,1.9696691,3265,2.2991042
5242967,184,1058,560,2139.7297,0.15187238,180.80759,58.264797,156.55717,0.087338604,297.33862,420.77023,35211.746,3177812,0.59432662,0.64617521,0.19197805,1.1201133,9.7234249,1.0656379,0.92194265,1.9350491,3265,2.3549576
5308450,186,952,493,1970.8927,0.11384856,112.39404,26.766308,102.88383,0.78758055,265.62189,466.41516,19087.602,974720,0.70471972,1.1182966,0.30583125,1.6764966,6.4695649,0.7090314,0.87738955,2.4053309,3265,2.2224972
5308451,186,954,504,2015.9579,0.11497238,114.95363,23.926596,100.74892,2.1634798,259.53708,469.40628,18884.225,937756,0.69273251,1.1694897,0.31265509,1.6803998,6.4851165,0.7107358,0.87763947,2.4019608,3265,2.2175167
5308452,186,956,510,2036.3766,0.1152145,118.02943,21.7729,98.697548,3.6539629,256.63293,471.28152,18688.156,910972,0.6838091,1.2074786,0.31288344,1.6847684,6.5193086,0.71448314,0.87818736,2.3946078,3265,2.2084844
5308453,186,958,511,2044.8098,0.12381754,121.66872,20.106537,88.096405,5.2277012,236.4935,455.55447,18145.799,862312,0.68262923,1.2293756,0.31739131,1.6825322,6.4922104,0.71151328,0.87775332,2.400429,3265,2.2151465
5308454,186,960,512,2053.4336,0.12364454,125.78681,18.807775,86.012932,6.8622017,237.69673,456.83334,17958.715,852140,0.67505503,1.2582058,0.31761786,1.6831414,6.4964743,0.71198052,0.87782174,2.3995099,3265,2.2139871
5308455,186,962,502,2022.2145,0.1277837,129.75339,17.494385,82.630325,7.0756555,195.61176,445.94452,16973.254,785380,0.68471026,1.2255539,0.31552482,1.6767945,6.4526839,0.70718139,0.87711775,2.4090073,3265,2.2260375
5308456,186,964,489,1972.0151,0.12592785,132.99913,17.291048,84.531944,5.3366756,193.74355,443.60779,15855.46,711100,0.6917513,1.196664,0.30968967,1.6705048,6.4177971,0.70335793,0.87655431,2.4166667,3265,2.2362599
5308457,186,966,479,1926.7437,0.12334821,136.31117,17.036877,86.437996,3.7316363,188.05705,443.0477,14888.466,645180,0.70120806,1.1691803,0.30335656,1.6669002,6.4039478,0.7018401,0.87632996,2.4197304,3265,2.2408173
5308458,186,968,467,1888.4489,0.12089179,139.81232,16.663189,88.342323,2.4431696,188.8026,443.05655,13751.071,563396,0.71547914,1.1352358,0.29821199,1.6605214,6.3695846,0.6980741,0.87577176,2.4273896,3265,2.2512069
5308459,186,970,459,1831.2201,0.11746777,143.96487,15.540781,90.04863,1.8232974,219.65248,442.60452,12796.508,494784,0.72564244,1.1155303,0.29347825,1.6571622,6.3559422,0.69657898,0.8755495,2.4304535,3265,2.2557538
5308460,186,972,435,1739.5447,0.11356536,149.04919,14.516275,91.474068,2.0816031,228.13821,438.73248,11293.418,398872,0.76114202,1.0121529,0.28082633,1.6453147,6.3032908,0.69080865,0.87468833,2.4424019,3265,2.2730956
5308461,186,974,412,1642.1346,0.15896347,156.00836,13.257961,67.903931,3.1537216,154.92642,360.297,10025.524,322524,0.789644,0.92399251,0.27521709,1.6272556,6.204452,0.6799764,0.87305671,2.46538,3265,2.3044281
5308462,186,976,392,1564.632,0.18920319,166.85834,11.769133,58.314365,3.2384214,133.32547,322.3642,9075.7246,273188,0.81282949,0.85806394,0.32026145,1.7614365,5.5802732,0.61156958,0.86226624,2.6292892,3265,2.2993677
5308463,186,978,375,1508.0575,0.20747952,177.2531,11.236301,59.296215,1.5158184,129.77008,302.22214,8425.5127,245220,0.82401425,0.80987704,0.31618887,1.7548872,5.5057316,0.60340023,0.86091667,2.6513481,3265,2.3186517
5308464,186,980,358,1429.2933,0.22688375,183.2318,11.586009,57.133305,0.35315967,129.3876,281.36099,7783.7563,215720,0.84647042,0.74767327,0.30210972,1.7485378,5.4874063,0.60139185,0.86058277,2.6568627,3265,2.326103
5308465,186,982,356,1433.2858,0.23060766,188.67397,10.930517,58.663223,0.81082088,122.18113,279.46951,7364.8491,193632,0.83736348,0.7755518,0.30067569,1.7474838,5.484364,0.60105842,0.86052728,2.6577818,3265,2.3274448
5308466,186,984,328,1313.1653,0.2656866,188.09502,11.6166,49.92017,2.3936126,95.996475,249.21822,6227.0161,146276,0.87392777,0.69901425,0.27796611,1.7351512,5.4521208,0.59752476,0.85993737,2.6675858,3265,2.3419735
5308467,186,986,315,1251.6815,0.31230065,198.72534,11.943201,48.626572,4.2363453,86.551628,224.42198,5852.6763,133184,0.88648266,0.67088753,0.26762956,1.7286302,5.436141,0.5957734,0.85964406,2.6724877,3265,2.3497
5308468,186,988,304,1210.8623,0.40586206,210.05205,12.689978,40.293243,5.7882552,63.247692,193.62573,5609.0068,125160,0.9103483,0.6348328,0.2645779,1.715198,5.3975797,0.59154731,0.85893351,2.6844363,3265,2.3686466
5308469,186,990,296,1178.3628,0.42189118,219.40038,13.861338,41.518532,3.9750555,62.251286,187.34592,5588.8105,127292,0.91807145,0.6219005,0.25896764,1.7103152,5.382894,0.58993781,0.85866183,2.6890318,3265,2.3752494
5308470,186,992,290,1141.0627,0.44786331,227.74535,15.385014,43.108646,2.2690156,64.74839,178.93155,5696.6162,134452,0.92203796,0.61432046,0.25460932,1.7062517,5.3731475,0.58886963,0.85848123,2.6920955,3265,2.3803027
5308471,186,994,276,1088.9797,0.49138844,234.37192,17.424459,44.853378,0.6844784,67.090111,166.87926,5735.103,142016,0.9326219,0.58183086,0.24317181,1.6981839,5.3556929,0.58695674,0.85815716,2.6976104,3265,2.3897326
5308497,186,1046,421,1681.7957,0.1195047,156.20889,38.648499,115.60152,0.408328,285.20123,420.53201,17107.51,962556,0.72755343,0.51988447,0.15656377,1.1938502,8.6746254,0.95069486,0.90901184,2.0481005,3265,2.3775051
5308498,186,1048,449,1784.5437,0.10190701,160.91196,41.304218,116.29266,2.4083281,321.84579,469.10114,19535.27,1207812,0.70457166,0.55224043,0.16477065,1.191911,8.840004,0.9688195,0.91112632,2.0284927,3265,2.3639331
5308499,186,1050,490,1930.3074,0.10530766,164.78639,44.588947,118.131,4.4083281,323.83823,479.94135,23104.199,1546556,0.6781019,0.59346992,0.17594256,1.1807038,9.1142178,0.99887198,0.91456753,1.9975491,3265,2.3496995
5308500,186,1052,514,2045.9393,0.10459413,168.73036,48.323036,121.89635,5.3827639,335.4295,495.78986,26112.498,1879316,0.66458082,0.61361796,0.1844939,1.1960783,9.1847391,1.0066007,0.9154399,1.9898897,3265,2.3296826
5308501,186,1054,537,2155.6321,0.11736397,172.24719,52.300098,125.38838,3.6005189,326.62872,480.42416,29398.328,2265688,0.65677202,0.62710905,0.19185424,1.1993597,9.2911377,1.0182614,0.91674662,1.9785539,3265,2.3177617
5308502,186,1056,536,2152.1719,0.13026807,176.31534,55.409485,129.63306,1.6235416,318.00845,455.6427,30871.793,2506364,0.63771796,0.62747544,0.19129193,1.1966208,9.2969589,1.0188994,0.91681778,1.9779412,3265,2.319751
5373984,188,948,431,1744.1644,0.10384787,110.32164,28.184345,107.04668,0.48597279,288.54782,459.40936,17532.883,934048,0.71843737,1.0061723,0.26870325,1.6506609,6.3723197,0.69837385,0.87581629,2.4267769,3265,2.2560482
5373985,188,950,490,1985.2852,0.11492604,115.40022,26.984221,105.01862,1.2938321,257.43124,465.9155,19362.451,995472,0.70305914,1.1344563,0.30397022,1.6754051,6.4653363,0.70856798,0.87732154,2.40625,3265,2.2238815
5373986,188,952,496,2000.4663,0.1241053,118.02863,24.960724,94.431839,2.3589537,230.92657,450.06516,19126.129,961780,0.69371128,1.1759357,0.31136221,1.6750053,6.4470768,0.70656681,0.87702733,2.4102328,3265,2.2279599
5373987,188,954,495,2006.1279,0.12380926,120.99348,23.460571,92.387993,3.6090827,232.76009,451.24008,18692.637,926416,0.69264305,1.1822523,0.30802739,1.6765676,6.4653363,0.70856798,0.87732154,2.40625,3265,2.2233551
5373988,188,956,494,2004.5764,0.12301144,124.29424,22.304886,90.2202,4.9918175,238.39697,452.52594,18278.775,896256,0.69046819,1.1906679,0.30740511,1.6762096,6.4639282,0.70841366,0.87729883,2.4065564,3265,2.2238104
5373989,188,958,486,1971.9161,0.12747231,127.08653,22.732944,81.808121,5.7631078,229.03487,440.90115,17501.105,845124,0.69151926,1.1848274,0.30546826,1.6711587,6.4303126,0.70472962,0.87675667,2.4139092,3265,2.2332177
5373990,188,960,472,1910.6558,0.12490412,129.21445,23.012808,80.114494,6.8459568,189.51698,438.43759,16331.67,767080,0.70060098,1.1524724,0.29892337,1.6642982,6.3942885,0.70078152,0.87617326,2.421875,3265,2.2440832
5373991,188,962,456,1855.2516,0.1227473,131.39011,23.062597,81.971268,6.1637411,189.53653,435.81317,14897.422,663604,0.72359747,1.0916306,0.28952381,1.6575559,6.3668513,0.69777453,0.87572724,2.4280024,3265,2.2532151
5373992,188,964,443,1805.7008,0.12110776,133.74185,22.889582,83.397934,4.3963923,188.07364,432.8544,13735.567,580256,0.74988508,1.025468,0.28288633,1.65106,6.3369408,0.69449651,0.87523931,2.4347427,3265,2.2628992
5373993,188,966,433,1765.746,0.17149337,136.66469,22.265766,74.401772,2.6039629,119.99454,359.7041,12867.435,518936,0.76485115,0.98584157,0.28319162,1.6414046,6.2739735,0.68759561,0.87420636,2.4491422,3265,2.2815349
5373994,188,968,428,1717.5093,0.17212605,141.19991,20.302872,73.133308,0.91180271,149.1386,354.10428,12282.643,473072,0.76935369,0.97319311,0.28176433,1.6377157,6.2541399,0.68542194,0.87387937,2.4537377,3265,2.2878344
5373996,188,972,335,1343.8846,0.21348612,142.88217,22.480898,70.697929,0.3285723,132.90599,281.25555,8586.7783,292404,0.8274734,0.69900715,0.25417298,1.7621694,5.61937,0.61585438,0.86296856,2.6179535,3265,2.2844899
5373997,188,974,324,1305.9417,0.25143132,148.70033,19.708902,64.33699,1.9707431,107.76081,255.48013,7639.1616,234364,0.85831136,0.65508288,0.2511628,1.7509793,5.5781755,0.61133969,0.86222845,2.6299019,3265,2.3015492
5373998,188,976,310,1255.4551,0.28033972,155.64078,17.972929,56.856339,2.8082445,100.64703,237.2265,7002.9038,202460,0.87913144,0.6092518,0.26182431,1.728417,5.4381332,0.59599179,0.85968065,2.671875,3265,2.3489206
5373999,188,978,257,1039.2731,0.32760713,175.04631,15.40112,48.856396,0.80827242,85.536713,199.66093,5188.6865,128380,0.91354573,0.49811837,0.22367276,1.6917213,5.3518295,0.58653331,0.85808533,2.6988358,3265,2.3943765
5374002,188,984,265,1053.3982,0.34697637,172.71109,15.133117,51.446445,1.8834484,77.305016,195.32205,5086.3936,121380,0.88630646,0.56902391,0.22534014,1.7036523,5.3858247,0.59025902,0.85871607,2.6881127,3265,2.3773451
5374003,188,986,273,1083.166,0.43877125,187.33005,14.344337,39.201962,3.882652,57.525238,176.13,5090.1455,115832,0.91095668,0.57063776,0.23759791,1.7002342,5.3673167,0.58823061,0.85837311,2.6939337,3265,2.3851092
5374004,188,988,272,1088.5226,0.45137638,199.16847,14.557895,37.837746,5.2180576,57.270008,174.08215,5102.4868,116116,0.92069131,0.56891209,0.23776224,1.6982318,5.3614984,0.58759296,0.85826504,2.6957722,3265,2.3880317
5374005,188,990,269,1077.3417,0.46514517,209.76489,15.307931,36.083252,3.2631412,56.803925,170.60329,5163.0459,119516,0.92603892,0.56803137,0.23617208,1.6958336,5.3527946,0.58663911,0.85810328,2.6985295,3265,2.3917148
5374006,188,992,266,1057.9299,0.4911626,218.88161,16.489826,38.232464,1.3394662,56.958351,164.52078,5317.5767,127248,0.9286707,0.56569225,0.2335382,1.6942689,5.3498998,0.58632183,0.85804945,2.6994486,3265,2.3934197
5374033,188,1046,384,1541.3169,0.11433543,156.84819,44.093754,117.82446,0.408328,293.8248,411.58591,17279.363,1045164,0.74859935,0.45847329,0.14843448,1.2950255,8.2273064,0.90167093,0.90313607,2.1050858,3265,2.3301587
5374034,188,1048,445,1780.9373,0.11247166,161.85509,44.366344,119.49946,2.4083281,309.1994,446.0748,20588.955,1327732,0.70893818,0.53838271,0.16475379,1.2040575,8.766881,0.96080565,0.91019511,2.037071,3265,2.3596554
5374035,188,1050,484,1907.2194,0.093496412,165.81909,47.534603,121.68369,3.3827636,358.88007,506.29984,24091.557,1681244,0.67608613,0.59022582,0.17454021,1.1848432,9.0641088,0.99338031,0.9139446,2.0030637,3265,2.3503103
5374036,188,1052,507,2015.3656,0.11352067,169.46629,51.067741,124.43349,3.3827636,325.39581,472.32874,27032.312,2021000,0.66625351,0.60746956,0.18204668,1.1921459,9.1620541,1.0041146,0.91515982,1.9923407,3265,2.3351915
5374037,188,1054,529,2098.4841,0.11392559,172.9304,54.618374,127.81097,3.3827636,337.26669,481.11304,30047.518,2377012,0.65276104,0.62465048,0.18899608,1.1942437,9.2679243,1.0157174,0.91646248,1.981005,3265,2.3243475
5374038,188,1056,515,2077.4553,0.16347416,176.8436,57.300697,131.87711,1.4111747,268.97903,399.61908,30565.984,2541956,0.63959807,0.60425484,0.18379728,1.1830164,9.2361946,1.0122401,0.91607326,1.984375,3265,2.3372068
5439514,190,936,146,597.63556,0.12651925,82.171753,14.671781,61.237381,0.19824348,148.39841,243.63791,3582.1511,124652,0.681436,0.47752631,0.23397435,1.8668406,3.9290206,0.4306007,0.82838786,3.3140318,3265,2.6075077
5439515,190,938,174,695.31042,0.139928,81.675179,12.702464,60.272213,0.77542329,142.34406,249.88603,4642.4546,169576,0.67616767,0.56940943,0.27315542,1.8845434,3.950465,0.43295088,0.82889313,3.3014705,3265,2.5899217
5439516,190,940,204,824.39838,0.076433353,88.833855,13.900508,115.41236,1.1253638,249.32664,368.15613,5996.7432,245284,0.68043077,0.63915795,0.1548975,1.6933631,5.4651737,0.59895527,0.8601765,2.6636028,3265,2.3656621
5439517,190,942,304,1212.766,0.10894036,103.73614,27.1733,113.35074,1.3648014,243.33618,374.02362,12447.584,715480,0.71128625,0.79188311,0.19843341,1.5761114,6.1111808,0.66975433,0.8714987,2.487745,3265,2.3573086
5439518,190,944,380,1528.9233,0.13150999,108.81099,29.361355,111.34042,1.5964178,236.80861,382.2244,16076.544,900456,0.75479794,0.88639235,0.24804178,1.6180328,6.2083459,0.68040317,0.87312138,2.4644608,3265,2.3089399
5439519,190,946,455,1837.8276,0.11772795,114.60361,30.229916,100.76449,1.9060462,270.698,442.91208,19165.02,1037216,0.70685965,1.0893257,0.28652394,1.6588949,6.3832855,0.69957566,0.87599456,2.4243259,3265,2.2490971
5439520,190,948,487,1960.1962,0.12419733,118.00049,28.424706,98.74752,2.3873363,252.3313,445.34702,19962.051,1047916,0.69872653,1.1540005,0.30571249,1.6717987,6.4344954,0.70518804,0.87682426,2.4129901,3265,2.2320349
5439521,190,950,487,1966.4423,0.12421817,120.59624,26.990444,96.644615,3.0879853,241.69984,446.01862,19606,1014944,0.69738299,1.1626005,0.30628932,1.6713806,6.4303126,0.70472962,0.87675667,2.4139092,3265,2.2331228
5439522,190,952,479,1937.4231,0.12778652,123.01591,26.875769,88.627441,3.9486272,237.6853,436.49036,18836.145,961748,0.70236981,1.1449504,0.30201766,1.6678967,6.4136357,0.7029019,0.8764869,2.4175858,3265,2.2382641
5439523,190,954,463,1874.8931,0.12423661,124.61756,28.691515,85.854836,3.1537659,235.72688,435.48019,17404.242,863272,0.71320111,1.1193557,0.29415503,1.6601559,6.3750577,0.6986739,0.87586081,2.4261642,3265,2.2501805
5439524,190,956,454,1826.1958,0.12177368,126.2127,30.048714,83.533653,3.1738081,234.10924,434.11209,16542.424,807996,0.72867131,1.0863644,0.28752375,1.6573054,6.3695846,0.6980741,0.87577176,2.4273896,3265,2.2527699
5439525,190,958,438,1769.8085,0.17141683,127.94398,30.061239,81.382233,4.0439649,120.2299,360.19803,15187.985,712440,0.75832522,1.0039759,0.28441557,1.6451855,6.2952681,0.68992937,0.8745566,2.4442401,3265,2.2749135
5439526,190,960,429,1740.4463,0.17425148,130.70448,28.528778,79.867126,5.3806071,118.8262,354.2803,14281.364,644516,0.76389343,0.98132348,0.28057554,1.639753,6.268672,0.68701458,0.87411904,2.4503677,3265,2.2835448
5439527,190,962,420,1704.4397,0.1754376,133.94556,27.006977,78.524002,5.039288,119.45945,349.40927,13573.904,596436,0.76806456,0.95782667,0.27468935,1.6359526,6.2567773,0.68571097,0.87392294,2.453125,3265,2.2881482
5439528,190,964,407,1653.6577,0.17514376,137.84653,25.554548,77.219666,3.4155569,121.55055,344.45334,12815.04,546272,0.76850921,0.9275921,0.26793945,1.6287184,6.226583,0.68240184,0.87342376,2.4601715,3265,2.2986851
5439529,190,966,365,1468.0254,0.18219283,145.68489,22.559381,75.945602,1.6975932,140.78246,318.20432,10865.699,437668,0.7713232,0.84398717,0.27464259,1.7779953,5.6633387,0.62067312,0.86375397,2.6053922,3265,2.2647531
5439533,190,974,280,1122.5121,0.28602672,150.03819,22.987858,60.429398,1.6104642,101.93868,222.07372,7095.4575,227024,0.86108553,0.55248654,0.22950819,1.7121867,5.4611506,0.59851438,0.86010283,2.6648285,3265,2.3555439
5439534,190,976,241,954.70099,0.33908489,166.37021,18.803986,53.653206,3.2022958,83.067207,188.0981,5234.4277,140584,0.90594745,0.47395557,0.21029669,1.6817975,5.3335538,0.58453041,0.85774499,2.7046568,3265,2.4055612
5439535,190,978,160,641.39093,0.54507595,197.7019,15.516418,37.293667,1.3634435,52.557598,121.60119,2865.6064,61000,0.97216982,0.31932148,0.14324082,1.6193485,5.2292323,0.57309729,0.85578483,2.7386642,3265,2.476701
5439537,190,982,166,663.1532,0.28792825,147.35529,19.623686,54.267483,0.36943525,83.274536,170.12563,3556.8921,98108,0.84914201,0.40666518,0.14151748,1.6372491,5.2879353,0.57953084,0.85689151,2.7193627,3265,2.4488177
5439538,190,984,227,900.15302,0.4364548,168.05089,17.444971,42.200417,2.2313135,57.5821,160.98799,4539.4922,112272,0.90604657,0.49340078,0.19773519,1.6739352,5.3220758,0.58327246,0.85753077,2.7083333,3265,2.4137154
5439539,190,986,244,967.89758,0.45685604,181.05386,16.60644,40.615196,4.1342196,55.721943,163.16611,4778.0137,114908,0.91769546,0.51946861,0.21328671,1.6829711,5.3345127,0.5846355,0.85776287,2.7043505,3265,2.4045961
5439540,190,988,247,991.78937,0.46546358,192.55659,16.494404,39.348274,5.0297751,55.77174,163.63335,4827.3394,114880,0.92916626,0.52259892,0.21628721,1.6847671,5.3345127,0.5846355,0.85776287,2.7043505,3265,2.4032803
5439541,190,990,249,996.00201,0.48276877,202.96217,16.950954,36.931664,3.0297859,54.967602,161.01468,4960.6973,119284,0.93260139,0.52935255,0.21861282,1.6850295,5.3335538,0.58453041,0.85774499,2.7046568,3265,2.4034452
5439542,190,992,251,990.04663,0.50411201,212.03477,17.874039,37.533958,1.0297967,57.922474,157.09749,5191.875,128232,0.93415141,0.53721863,0.22056238,1.6858574,5.3345127,0.5846355,0.85776287,2.7043505,3265,2.4026988
5439569,190,1046,381,1512.3492,0.1363114,157.98814,48.002422,120.38701,0.408328,261.47858,373.39191,18840.529,1236748,0.75992543,0.43246368,0.14475684,1.2668236,8.324234,0.91229373,0.90442938,2.0922182,3265,2.3460052
5439570,190,1048,443,1760.334,0.11181803,162.84001,47.891521,122.07498,1.3827637,316.63034,444.78134,21959.066,1486984,0.70283854,0.52942085,0.16389197,1.2013894,8.766881,0.96080565,0.91019511,2.037071,3265,2.3620689
5439571,190,1050,472,1878.7916,0.092431255,166.54512,50.529881,124.23933,1.3827637,368.04568,505.39954,24704.871,1787892,0.68267119,0.56372929,0.17327459,1.2087322,8.8983192,0.97521055,0.91186482,2.0217524,3265,2.3434179
5439572,190,1052,502,2002.6658,0.10392978,169.91769,53.931454,126.92789,1.3827637,354.10852,492.08392,28069.932,2164280,0.66965669,0.59706903,0.18221416,1.2090459,9.0641088,0.99338031,0.9139446,2.0030637,3265,2.3283968
5439573,190,1054,514,2053.8059,0.12906574,173.43475,57.002865,130.19484,1.3827637,318.06351,447.1767,30251.154,2457200,0.65070045,0.61441779,0.18416338,1.1900645,9.201827,1.0084735,0.91565055,1.9880514,3265,2.3337448
5439574,190,1056,496,1993.0908,0.1575243,177.41905,58.832146,134.09738,1.3827637,275.04269,398.74448,30144.768,2550108,0.6348322,0.59013873,0.17707962,1.1710182,9.1790581,1.0059781,0.91536981,1.9905025,3265,2.3529723
5505045,192,926,59,229.42323,0.23041977,73.330963,12.088911,41.697266,0.56204361,65.201149,111.85715,813.04413,16604,0.74167156,0.23856828,0.1059246,1.7831285,3.8505118,0.4219965,0.82651961,3.3612132,3265,2.6924808
5505046,192,928,71,279.79135,0.23422185,72.269623,11.019712,40.695621,0.19020173,69.387215,122.52039,1038.6703,22568,0.70905435,0.2791414,0.12701252,1.7945635,3.8575189,0.42276448,0.82668757,3.3569241,3265,2.6814909
5505047,192,930,152,618.11725,0.19956695,94.512329,25.602682,68.639786,0.16016315,121.81033,197.2859,4460.3257,192524,0.7368421,0.49053836,0.247557,1.8664689,3.9269412,0.43037277,0.82833874,3.3152573,3265,2.6089747
5505048,192,932,172,692.05658,0.17881416,95.037613,23.149952,68.345253,0.57357258,122.33859,220.53362,4984.0312,208524,0.72929418,0.55937546,0.27697262,1.8780842,3.9410217,0.43191597,0.82867086,3.3069854,3265,2.597647
5505049,192,934,212,840.53009,0.078686692,98.193489,24.464489,121.69824,1.2834538,251.08234,366.3793,7236.5659,375028,0.6567111,0.66458017,0.14919071,1.4985689,5.8659606,0.64287943,0.86731398,2.5499387,3265,2.4646533
5505050,192,936,268,1063.673,0.096970722,103.13181,30.046812,119.66006,2.0510564,244.18279,371.26898,10917.759,651072,0.68170387,0.75702083,0.1760841,1.5516975,6.053834,0.66346943,0.87053174,2.5018382,3265,2.3867435
5505051,192,938,322,1277.5497,0.11392465,106.54594,32.136322,117.66275,2.7176018,241.53499,375.39197,14081.873,853560,0.7316035,0.84127921,0.21018277,1.5869228,6.1339178,0.67224622,0.87188017,2.4822304,3265,2.3449988
5505052,192,940,367,1473.8649,0.14104967,109.63134,32.094509,107.09498,2.3822761,218.06065,362.36624,16126.107,941204,0.75475353,0.90042502,0.24256444,1.6088903,6.1670604,0.67587847,0.87243426,2.4742646,3265,2.3232517
5505053,192,942,409,1641.1415,0.12708306,112.74748,30.899986,105.09786,1.9679263,240.3887,402.8414,17671.059,990440,0.73377198,1.0025929,0.27032387,1.6286439,6.2213612,0.68182957,0.87333721,2.4613972,3265,2.2998729
5505054,192,944,456,1845.1147,0.11874481,117.2345,31.583544,103.03646,2.0302818,273.6777,441.88504,19954.01,1110692,0.70051092,1.1265243,0.28769717,1.6589055,6.3805404,0.69927478,0.87594998,2.4249387,3265,2.2496562
5505055,192,946,474,1905.2745,0.12774545,120.29831,30.733938,95.798775,2.4490309,265.45618,432.92334,20408.143,1107096,0.69817394,1.1604679,0.30114359,1.6643257,6.3901582,0.70032883,0.8761062,2.4227941,3265,2.2449751
5505056,192,948,445,1790.5413,0.12246348,121.53176,34.739494,92.486092,2.8070199,248.87445,428.64108,18584.621,995424,0.72920334,1.0600629,0.28362015,1.6522962,6.3437138,0.69523883,0.87534994,2.4332108,3265,2.2608194
5505057,192,950,423,1705.5396,0.17279907,122.48239,37.607975,90.072891,2.7624226,171.63573,352.18036,17051.785,897960,0.77801305,0.94221455,0.2748538,1.6387649,6.2739735,0.68759561,0.87420636,2.4491422,3265,2.2829032
5505058,192,952,420,1704.5917,0.17934342,124.51212,36.488247,87.871193,2.2119596,165.43463,345.59894,16417.93,843764,0.77681553,0.94338876,0.27290449,1.6374731,6.2699966,0.68715978,0.87414086,2.4500613,3265,2.2844636
5505059,192,954,425,1710.897,0.18261608,126.75168,35.18404,85.78582,1.2465173,160.93813,343.12103,16265.968,826104,0.76231962,0.97961992,0.27759635,1.6383919,6.2660251,0.68672448,0.87407541,2.4509804,3265,2.2848306
5505060,192,956,420,1695.0735,0.18068188,129.04137,33.404205,84.175507,1.2909859,118.35894,343.35382,15362.353,753668,0.76475734,0.97104967,0.27468935,1.6359526,6.2567773,0.68571097,0.87392294,2.453125,3265,2.2881482
5505061,192,958,409,1664.0554,0.17845321,131.68102,31.77383,82.693382,2.5561318,119.77696,342.31555,14445.991,687104,0.7689966,0.94173348,0.2674951,1.6311479,6.2423,0.68412435,0.87368381,2.456495,3265,2.2939279
5505062,192,960,399,1621.6456,0.17601351,134.72653,30.250364,81.346619,4.1699843,121.82163,340.25922,13652.597,631376,0.77216911,0.91611618,0.26267281,1.6251198,6.2161489,0.68125832,0.87325084,2.4626226,3265,2.3029835
5505063,192,962,383,1553.1506,0.17070399,138.57693,28.623684,80.0383,3.6529958,130.74974,338.1348,12709.873,569340,0.77075446,0.88153315,0.25431606,1.6156574,6.178616,0.67714494,0.87262696,2.4715073,3265,2.3166058
5505064,192,964,316,1257.8105,0.18915424,149.96518,23.363262,78.759048,2.2227128,124.99786,289.07101,9322.5586,381872,0.78382558,0.77691436,0.24515128,1.7468455,5.5687547,0.61030722,0.86205864,2.6326592,3265,2.3063319
5505065,192,966,220,884.19751,0.18539737,174.76807,15.671193,77.510292,0.63838279,108.98304,244.80923,5088.147,159856,0.82249898,0.540169,0.17684887,1.6819978,5.4242172,0.59446669,0.85942477,2.6761642,3265,2.3848097
5505068,192,972,204,820.13745,0.23472525,141.18027,30.348335,65.826218,0.23319189,120.79993,209.54068,6320.0034,235652,0.80377668,0.42895362,0.16735029,1.6649601,5.3848472,0.59015191,0.85869801,2.6884191,3265,2.4067795
5505069,192,974,217,846.53784,0.32558134,157.99272,23.194,58.501747,2.1854794,86.922646,180.75835,5376.7739,162356,0.88667005,0.43445891,0.1891892,1.6673574,5.3115973,0.58212405,0.85733491,2.7117035,3265,2.4209146
5505070,192,976,179,716.62628,0.38195661,174.89258,19.690321,53.198185,2.9379976,71.680687,153.54803,3846.0964,100568,0.94651937,0.36770928,0.15868795,1.6367624,5.2570229,0.57614297,0.85630995,2.7294731,3265,2.4566579
5505071,192,978,131,530.49902,0.62189239,197.83284,17.184235,33.712303,1.610111,47.403187,103.53558,2455.3052,54436,0.98073989,0.26268005,0.11738351,1.594752,5.2017341,0.57008362,0.85526317,2.7478554,3265,2.5026112
5505073,192,982,161,655.02496,0.37567365,151.75011,20.541464,45.239307,0.58547312,63.151852,148.02275,3530.21,97620,0.88090062,0.38457549,0.14048865,1.626876,5.2579541,0.57624507,0.85632747,2.7291667,3265,2.4639876
5505074,192,984,207,814.39331,0.42936251,166.2796,19.378956,43.399769,2.5767369,59.240463,154.38673,4400.3716,115796,0.9063834,0.4649283,0.18094406,1.6600037,5.2992668,0.5807727,0.85710406,2.7156863,3265,2.4292259
5505075,192,986,224,886.4458,0.45805788,178.03908,18.623886,42.269798,4.5657296,56.388714,155.94478,4664.4302,119280,0.92148465,0.48833367,0.1959755,1.6713483,5.3134995,0.58233249,0.8573705,2.7110908,3265,2.4175687
5505076,192,988,230,918.02209,0.47733971,188.54619,18.39934,40.467888,4.9868584,54.963394,155.45966,4747.0234,119324,0.93548512,0.49493411,0.20210896,1.6736416,5.3144507,0.5824368,0.85738826,2.7107842,3265,2.4158664
5505077,192,990,235,930.91992,0.49987563,198.11905,18.684908,37.994926,3.1878943,53.470692,152.97839,4942.0952,125252,0.93817055,0.50481462,0.20650263,1.6766438,5.3192139,0.58295882,0.85747731,2.7092524,3265,2.4126394
5505078,192,992,233,927.87451,0.51980889,206.7739,19.48197,37.33593,1.2127045,61.20063,149.771,5049.3643,130276,0.94176412,0.50195491,0.20546737,1.6743078,5.3134995,0.58233249,0.8573705,2.7110908,3265,2.4157536
5570581,194,926,159,645.13812,0.21595916,99.641327,33.493515,75.999229,1.8438245,113.19516,193.75168,5627.9956,279424,0.78966641,0.49522334,0.25980392,1.8690896,3.9295411,0.43065771,0.82840014,3.3137255,3265,2.6068287
5570582,194,928,192,779.26593,0.092026763,101.90034,35.948833,127.99323,2.1781847,228.29158,326.20508,7552.7285,449244,0.69093585,0.58060592,0.13636364,1.4808187,5.8279448,0.63871312,0.86665332,2.5600491,3265,2.4863985
5570583,194,930,242,971.05499,0.089355417,103.77896,35.858376,125.97205,2.1526816,250.90121,369.54422,10362.538,660124,0.67854327,0.69833076,0.15994713,1.5324073,6.0109162,0.65876585,0.86980349,2.5125613,3265,2.4099543
5570584,194,932,285,1139.0857,0.10295025,105.99992,36.320858,123.98546,2.4934852,249.67149,372.88028,13011.398,847200,0.71576476,0.77457809,0.18603133,1.5640608,6.0873628,0.667144,0.87109792,2.4935663,3265,2.3709219
5570585,194,934,324,1294.3341,0.11468556,108.2568,35.898914,122.03303,3.1302853,250.01263,376.59433,14974.586,947152,0.74479228,0.84754354,0.21414408,1.5857531,6.1124396,0.66989231,0.87151986,2.4874387,3265,2.3500001
5570586,194,936,357,1436.3026,0.13776898,110.56777,34.938332,111.44194,3.1589515,230.56326,361.953,16551.646,1021364,0.74766308,0.9051984,0.23595506,1.6037812,6.1542706,0.6744768,0.8722207,2.4773285,3265,2.3292096
5570587,194,938,380,1547.5798,0.13661562,112.87199,33.162128,109.4094,1.640771,232.97235,377.29523,17248.875,1021168,0.74563253,0.95177561,0.25165564,1.6148404,6.179903,0.67728597,0.87264836,2.4712009,3265,2.3168285
5570588,194,940,429,1736.3748,0.11300472,116.65251,33.50531,107.29887,0.52402157,278.34976,439.41855,19734.217,1156148,0.69321179,1.1106905,0.27066246,1.6475946,6.3437138,0.69523883,0.87534994,2.4332108,3265,2.2634864
5570590,194,944,386,1571.0973,0.17854048,119.84582,45.548862,96.625298,0.05555037,200.84859,332.53558,17847.492,1027492,0.81919116,0.81162423,0.25361368,1.6195098,6.203155,0.67983425,0.87303513,2.4656863,3265,2.3090818
5570591,194,946,395,1602.4753,0.18158671,121.72392,43.598282,94.371162,0.50609434,176.29832,333.01099,17763.057,1005528,0.8108077,0.83913344,0.25649351,1.626335,6.2383633,0.68369287,0.87361872,2.4574142,3265,2.2976069
5570592,194,948,393,1606.3855,0.18232498,123.56666,42.120728,92.244194,0.81230623,170.78221,332.74133,17132.824,947924,0.80673259,0.84392232,0.25602606,1.6246963,6.229197,0.6826883,0.87346703,2.4595587,3265,2.3004973
5570593,194,950,394,1604.3251,0.18260379,125.56824,40.799122,90.206352,0.77634394,168.00987,332.2739,16777.715,911400,0.79533976,0.86162156,0.25819135,1.6238689,6.2187538,0.68154383,0.873294,2.4620099,3265,2.3031697
5570594,194,952,390,1591.0635,0.18206714,127.78114,39.713966,88.504776,0.35744172,169.88283,331.38504,16348.496,876756,0.78124052,0.86899078,0.25506866,1.6224264,6.2174511,0.68140101,0.87327242,2.4623163,3265,2.3043182
5570597,194,958,358,1454.1804,0.20395435,133.52164,36.619247,84.169617,1.4503921,108.89513,299.32816,13459.798,666268,0.81687874,0.75806612,0.23787375,1.6031426,6.1453495,0.67349911,0.87207156,2.4794731,3265,2.3314564
5570598,194,960,321,1311.2063,0.20299494,139.03369,32.725895,82.857605,3.0690827,98.472763,284.90353,10986.076,510452,0.82180685,0.70841444,0.24153499,1.7574676,5.6161799,0.61550474,0.8629114,2.6188726,3265,2.2879734
5570599,194,962,280,1118.0768,0.20668423,146.50246,28.315079,81.573532,2.066515,111.36406,260.72763,8715.5117,381812,0.84203792,0.65552914,0.2173913,1.7281687,5.529326,0.60598606,0.86134535,2.6443014,3265,2.3275185
5570600,194,964,233,930.93799,0.23081788,155.44594,24.43347,80.318733,0.82815504,96.137566,225.12856,6599.3208,271600,0.88064229,0.56493282,0.18418972,1.6949122,5.4581375,0.59818411,0.86004764,2.6657476,3265,2.3674791
5570605,194,974,171,671.07251,0.3423371,163.83839,23.798161,57.690533,0.69357836,79.954041,156.95049,4280.9604,128312,0.91861027,0.35667911,0.15079366,1.6323313,5.2551608,0.57593894,0.85627484,2.7300858,3265,2.4604092
5570606,194,976,148,589.84113,0.4826265,178.10466,20.917021,48.694313,1.0078262,60.175488,123.92726,3280.7507,86352,0.96938777,0.30120358,0.13237925,1.6098888,5.2191162,0.57198858,0.85559314,2.7420342,3265,2.4864738
5570607,194,978,118,471.90543,0.62567586,195.30164,19.018362,35.231888,0.19650075,47.098778,97.354881,2375.054,56156,0.9837752,0.23917454,0.10601977,1.5820903,5.1871862,0.56848925,0.85498631,2.7527573,3265,2.516269
5570609,194,982,158,647.42487,0.38421428,154.69832,22.017435,46.191319,0.36135486,62.565651,145.51671,3649.3042,105140,0.88946223,0.3806386,0.13835377,1.6234819,5.251441,0.57553124,0.85620463,2.7313113,3265,2.4681821
5570610,194,984,192,758.56909,0.41904154,166.00949,21.092375,45.048843,2.3539586,61.358135,150.82521,4312.417,119348,0.91104931,0.44160298,0.16783217,1.6497005,5.28511,0.57922119,0.85683846,2.7202818,3265,2.4401836
5570611,194,986,209,826.65948,0.45546877,176.53203,20.491425,43.67857,2.9868586,57.283401,151.02156,4646.1504,126144,0.92353702,0.46661526,0.18285215,1.6617153,5.2992668,0.5807727,0.85710406,2.7156863,3265,2.4278674
5570612,194,988,218,861.41034,0.48408419,185.98857,20.265217,41.524181,2.9868586,54.744118,149.53729,4794.936,127688,0.93857014,0.47713241,0.19156414,1.6661882,5.3030548,0.58118784,0.85717499,2.7144608,3265,2.4238539
5570613,194,990,222,878.27478,0.50915903,194.69621,20.480856,39.918037,2.9868586,58.130005,147.22902,4957.4604,132708,0.94215482,0.48309743,0.19507909,1.6687121,5.306848,0.58160359,0.85724604,2.7132354,3265,2.4211528
5570614,194,992,217,861.64545,0.52971673,203.53502,21.185354,39.353722,1.6220716,64.144951,142.97081,4979.5195,135272,0.94683391,0.47224322,0.19135803,1.6644399,5.2983208,0.58066899,0.8570863,2.7159927,3265,2.426331
5636116,196,924,197,793.11194,0.11963689,105.44373,49.647663,132.28641,0.14467768,212.47368,288.62878,9898.9131,695964,0.7404952,0.5285241,0.13310811,1.4939947,5.9174266,0.64851987,0.86820322,2.5364583,3265,2.4585125
5636117,196,926,254,1017.0002,0.093420334,106.22511,42.8703,130.30855,2.0832198,254.79324,369.86627,12213.708,854688,0.71429461,0.7002393,0.16666667,1.5421497,6.0390506,0.66184926,0.87028134,2.5055146,3265,2.3969963
5636118,196,928,289,1154.0592,0.10439073,107.76499,40.430984,128.36017,4.0443482,252.77876,372.72455,14012.124,956684,0.7498318,0.77484125,0.19101124,1.5645599,6.0686898,0.66509759,0.87078291,2.4981618,3265,2.3740585
5636119,196,930,321,1281.8474,0.125103,109.68867,39.229408,117.78167,4.1482506,236.33434,358.83041,15648.314,1048384,0.74678737,0.86088955,0.21216127,1.5840223,6.108665,0.6694786,0.87145644,2.4883578,3265,2.3519793
5636120,196,932,344,1381.5302,0.13400289,111.68527,37.735611,115.77052,4.3786516,234.73993,359.93826,16797,1097452,0.74457592,0.90546268,0.22781457,1.5964837,6.1339178,0.67224622,0.87188017,2.4822304,3265,2.3382354
5636121,196,934,353,1409.7229,0.13411568,114.2767,35.670399,113.70207,3.3909643,230.02483,363.43942,17003.977,1080168,0.73738086,0.94168675,0.23377484,1.6012692,6.1453495,0.67349911,0.87207156,2.4794731,3265,2.3326938
5636122,196,936,333,1344.4907,0.11727734,118.02548,33.43784,105.94963,2.2127314,242.54376,379.55679,15914.528,998328,0.7104454,0.89842582,0.22364002,1.5874842,6.0936127,0.66782898,0.87120318,2.4920342,3265,2.3525567
5636123,196,938,138,548.41785,0.064463429,251.69901,8.7965727,100.74389,0.41009146,240.9077,326.96707,4514.5415,227860,0.57283401,0.64392084,0.11004785,1.6187676,5.3537602,0.5867449,0.85812128,2.6982231,3265,2.4502728
5636133,196,958,289,1180.2698,0.22058678,139.45522,35.929867,85.677513,1.2417777,90.980652,259.30197,10538.129,506684,0.84270471,0.64370692,0.22179586,1.7355366,5.555203,0.60882199,0.8618139,2.6366422,3265,2.3166068
5636134,196,960,260,1045.9857,0.23867674,144.88657,32.258556,84.388947,1.3056713,98.312492,234.67281,8774.8662,407532,0.86875558,0.60527581,0.20280811,1.7152779,5.5026689,0.60306454,0.86086094,2.6522672,3265,2.3426051
5636135,196,962,225,907.82654,0.25328454,151.17459,28.873857,83.128525,0.36640784,90.486366,212.22769,6966.812,305960,0.90976191,0.53610295,0.17814727,1.6891901,5.4481173,0.59708595,0.85986394,2.6688113,3265,2.373975
5636145,196,982,154,638.66156,0.38758895,157.13643,23.564735,47.825603,0.33143511,62.491909,143.89796,3738.925,111424,0.9051863,0.37241936,0.13485114,1.6202238,5.2477264,0.57512414,0.85613453,2.7325368,3265,2.4716058
5636146,196,984,181,720.35876,0.41819492,166.4465,22.754784,46.653797,0.98685849,61.304691,147.12619,4293.0684,123972,0.92203808,0.42173141,0.15835521,1.6421472,5.272902,0.5778833,0.85660899,2.7242646,3265,2.4486482
5636147,196,986,197,781.38275,0.45337573,175.76688,22.289326,44.88398,0.98685849,58.010193,147.16608,4628.9194,131232,0.93364757,0.44819435,0.17295873,1.6525323,5.2841692,0.57911807,0.85682076,2.7205882,3265,2.4382567
5636148,196,988,207,816.69318,0.48687753,184.27788,22.110603,42.708576,0.98685849,58.42247,145.18593,4871.77,137352,0.94076264,0.46116295,0.18189807,1.6590391,5.2926507,0.58004767,0.85697997,2.7178309,3265,2.4314864
5636149,196,990,212,834.31989,0.51313502,192.22107,22.314909,41.899685,0.98685849,60.325378,142.94054,5030,141644,0.94581062,0.46908247,0.18645558,1.6620529,5.2964292,0.58046174,0.85705084,2.7166054,3265,2.4284246
5636150,196,992,200,797.84552,0.53676057,201.40996,22.863535,41.369465,0.98685849,63.333298,136.67026,4854.5874,138572,0.9548744,0.44219548,0.17730497,1.6516073,5.2766523,0.57829428,0.85667956,2.7230392,3265,2.4409246
5636151,196,994,165,650.87415,0.59840548,213.68304,23.806767,41.378326,0.1900883,58.181782,116.91108,4076.7751,118888,0.94907612,0.37693962,0.1477171,1.6232592,5.2338438,0.57360268,0.85587209,2.7371323,3265,2.4725883
5701639,198,898,34,139.53847,0.43027094,17.494883,8.4296942,21.336901,0.32180858,29.014843,63.838242,318.68347,3664,0.88591802,0.36995193,0.097701147,1.6476861,3.6809592,0.40341443,0.82238168,3.4699755,3265,2.8614678
5701640,198,900,45,180.70009,0.47168991,351.31409,10.060822,24.057728,0.98488665,30.600733,69.383438,497.88986,7092,0.88484848,0.51784408,0.12893982,1.6582752,3.6864464,0.40401578,0.82251793,3.4662991,3265,2.8515208
5701641,198,902,50,198.90904,0.47307178,335.41415,11.444004,25.268105,0.66031122,31.083689,72.688995,620.78528,9816,0.90122449,0.55117577,0.14450867,1.660538,3.6873624,0.40411618,0.82254064,3.4656863,3265,2.8497672
5701651,198,922,253,1015.265,0.094928585,107.65278,48.640324,134.68692,0.22820909,265.57211,366.60312,13467.216,997372,0.75346637,0.64883476,0.16721745,1.5403377,6.0243387,0.66023695,0.87003165,2.5091913,3265,2.4011586
5701652,198,924,294,1172.2594,0.11597911,109.13129,42.843845,124.11835,1.1253124,239.05815,356.39114,14983.48,1074704,0.74609363,0.81409609,0.19431593,1.5677247,6.0749016,0.66577834,0.87088776,2.49663,3265,2.3704886
5701653,198,926,316,1251.2596,0.1229448,111.14728,40.583675,122.12333,2.4183681,236.77971,357.62146,16006.634,1128204,0.72782803,0.9184984,0.20927152,1.5807215,6.0986218,0.66837794,0.87128752,2.4908087,3265,2.3563209
5701654,198,928,321,1279.0103,0.12627363,113.25587,39.10994,120.08437,4.2325616,233.40747,356.76776,16238.408,1129256,0.73494935,0.90705025,0.21258278,1.5836354,6.1048946,0.66906548,0.87139302,2.4892769,3265,2.3529952
5701655,198,930,317,1269.6205,0.13364246,115.60924,37.714527,113.21996,4.1975517,217.17043,345.51718,15841.84,1080648,0.7317614,0.88748717,0.21218206,1.5791695,6.0798798,0.66632396,0.8709718,2.4954045,3265,2.3611345
5701656,198,932,265,1077.517,0.10668501,120.45457,29.164589,108.10146,2.8113554,233.6951,356.25854,11727.674,720344,0.6598056,0.81526822,0.18492673,1.5380515,5.9423094,0.65124691,0.86863101,2.5300245,3265,2.4188623
5701657,198,934,190,770.3385,0.084244393,140.48276,13.396421,93.503464,1.6121541,215.87427,338.9809,6653.0747,331380,0.52180451,0.72913778,0.16239317,1.6554278,5.306848,0.58160359,0.85724604,2.7132354,3265,2.4303679
5701658,198,936,111,437.69363,0.24670775,280.33957,21.413757,54.282257,0.7513712,72.119118,149.31335,2629.1248,91224,0.80802619,0.58710515,0.21722114,1.7998844,3.8400483,0.42084977,0.82626843,3.3676472,3265,2.6866059
5701669,198,958,249,998.18085,0.2501989,143.8425,35.910759,87.2052,0.26871684,97.976616,223.90659,9193.4111,448236,0.87057906,0.58435297,0.19422777,1.7084969,5.491468,0.60183698,0.86065686,2.6556373,3265,2.349982
5701670,198,960,195,778.51868,0.25953853,151.45644,30.144346,85.939545,0.26871684,93.81562,194.15051,6202.5571,269188,0.91208035,0.44445533,0.15537849,1.6663339,5.4103727,0.59294933,0.85916966,2.6804535,3265,2.3997767
5767175,200,898,39,160.47644,0.41104361,19.395971,7.0954366,19.783466,1.6918133,30.829475,70.043304,335.73648,3648,0.85155195,0.42300016,0.11206897,1.6524192,3.6832435,0.40366477,0.82243842,3.4684436,3265,2.8570559
5767176,200,900,53,210.48438,0.44408309,345.90448,8.5778608,22.501442,2.9673097,31.222193,77.176086,546.58051,7372,0.87663281,0.57162011,0.15186246,1.6646744,3.6901135,0.40441769,0.82260889,3.4638481,3265,2.8456314
5767177,200,902,58,229.42773,0.47207537,327.2926,10.191428,23.63006,2.3717132,30.196703,78.148781,656.63928,9648,0.88021779,0.59147847,0.1661891,1.6683483,3.6924093,0.40466928,0.82266575,3.4623163,3265,2.8422747
5767178,200,904,57,228.62903,0.5084095,314.70544,12.213134,24.868547,0.62947911,30.552191,75.173332,732.49176,11892,0.89160401,0.57477826,0.16863905,1.6607761,3.6869044,0.404066,0.82252926,3.4659927,3265,2.8504825
5767185,200,918,276,1103.4883,0.1098346,108.92542,44.528927,130.45291,0.13412713,251.99527,355.31964,14726.199,1120108,0.73204213,0.82109237,0.18241903,1.5561088,6.052599,0.66333413,0.87051082,2.5021446,3265,2.3835568
5767186,200,920,291,1156.6534,0.11668381,110.57645,43.580357,128.47041,1.0212879,236.9258,352.94031,15300.647,1151668,0.72954142,0.87927037,0.19233312,1.5658314,6.0711732,0.66536969,0.87082481,2.4975491,3265,2.3726251
5767187,200,922,299,1191.0636,0.11971419,112.30659,43.008251,126.45324,1.9822735,235.77811,353.58969,15674.431,1169028,0.7328006,0.89729887,0.19801325,1.5704801,6.0773897,0.66605103,0.87092978,2.4960172,3265,2.3679521
5767188,200,924,303,1204.4624,0.11991672,114.14846,41.744869,124.38136,2.875869,231.62036,355.27258,15846.053,1169512,0.72747141,0.89936048,0.20066226,1.572937,6.0823722,0.66659707,0.87101382,2.4947917,3265,2.3651695
5767189,200,926,291,1173.0769,0.12685913,116.35802,39.526817,115.5142,2.7990546,219.35397,340.88455,14802.618,1063532,0.71126908,0.86295223,0.19702099,1.5612041,6.0267859,0.66050512,0.8700732,2.5085785,3265,2.3847117
5767190,200,928,241,970.62512,0.113691,121.44137,28.594776,102.92696,3.037499,205.7892,327.54248,10355.015,644376,0.64100969,0.79577971,0.19802794,1.6999766,5.402493,0.59208578,0.85902423,2.6829045,3265,2.3749754
5767191,200,930,191,774.06757,0.0927293,133.62856,16.523289,90.434021,2.7059481,204.74971,323.88129,6658.791,340212,0.54935247,0.72808284,0.16269165,1.6571093,5.3115973,0.58212405,0.85733491,2.7117035,3265,2.4279554
5767192,200,932,157,639.10803,0.075032301,156.29585,11.543969,107.99775,1.3691716,225.84776,327.16583,5322.686,289524,0.51731175,0.72651035,0.12470215,1.636544,5.3770418,0.58929646,0.85855341,2.69087,3265,2.4307215
5832711,202,898,57,228.82468,0.32611156,17.292889,6.1865153,22.540121,0.96686226,38.5676,93.901657,534.11523,6272,0.80576444,0.59203511,0.1484375,1.6879483,3.7080963,0.40638849,0.82305378,3.4518995,3265,2.8203554
5832712,202,900,69,273.40695,0.35039228,337.0202,6.9200091,20.837887,2.9167087,37.067204,99.022171,689.67804,8780,0.81969309,0.66792905,0.1796875,1.6965761,3.7136645,0.40699875,0.82319123,3.4482231,3265,2.812469
5832713,202,902,69,266.24448,0.42909971,318.74881,8.4832344,22.051813,2.1694739,29.71608,88.301102,720.63855,9828,0.85294116,0.67324382,0.19273743,1.681249,3.7016208,0.40567884,0.8228938,3.4561887,3265,2.8294888
5832714,202,904,61,238.40706,0.51106542,306.17975,10.942729,23.374073,0.34579974,26.974649,76.564285,729.23645,11116,0.88142079,0.61544144,0.179941,1.6641564,3.6891961,0.40431714,0.82258612,3.4644608,3265,2.8472936
5832715,202,906,62,252.73909,0.21954873,48.227253,5.7749767,32.400169,0.19712725,58.038799,120.27509,836.02936,14648,0.76414597,0.40307841,0.13686535,1.7375522,3.7784433,0.41409817,0.82477844,3.40625,3265,2.7538471
5832716,202,908,83,344.56619,0.25323135,337.09872,4.677289,31.012054,1.2189924,59.729385,130.7623,1198.2537,21796,0.87393475,0.51006395,0.18241759,1.753938,3.7895408,0.41531441,0.82504827,3.3992035,3265,2.7384877
5832717,202,910,91,364.323,0.072741479,327.31793,4.2175136,88.922829,1.6042696,174.78276,250.87488,1373.5354,26200,0.87912089,0.55394143,0.19825707,1.7610286,3.7953568,0.41595179,0.82518941,3.3955269,3265,2.7315481
5832718,202,912,169,678.25494,0.068355188,105.55072,28.041822,136.78555,1.6133097,265.65643,353.11459,6511.6284,409184,0.64335024,0.71689588,0.12509252,1.6085366,5.553124,0.60859412,0.86177635,2.637255,3265,2.4214091
5832719,202,914,273,1089.881,0.10856717,110.11243,47.396919,134.81335,1.5499437,245.12691,355.17731,14996.385,1207152,0.72918016,0.86396438,0.18043622,1.5541121,6.0488982,0.66292846,0.87044817,2.5030637,3265,2.3857939
5832720,202,916,279,1120.028,0.1134242,111.55437,47.054314,132.81255,1.5862844,230.4325,352.26257,15299.749,1218064,0.73951161,0.85892767,0.18476821,1.5577472,6.052599,0.66333413,0.87051082,2.5021446,3265,2.3822999
5832721,202,918,285,1139.5105,0.11583745,113.0504,46.413254,130.77058,1.9941257,228.75565,351.5925,15576.042,1228308,0.73802817,0.86106527,0.18874173,1.5616468,6.0600152,0.66414684,0.87063628,2.5003064,3265,2.377918
5832722,202,920,284,1142.6693,0.12362956,114.64683,45.188248,123.21977,2.7988083,219.77695,340.8035,15366.086,1195372,0.72960734,0.85043991,0.19073203,1.5584167,6.0329118,0.6611765,0.87017721,2.5070465,3265,2.385577
5832723,202,922,264,1057.5461,0.11765594,117.24727,39.631962,118.88812,1.8303447,216.59286,336.08386,13168.479,956724,0.68991244,0.83005726,0.18181819,1.5402869,5.9638052,0.65360272,0.86899948,2.5245099,3265,2.4128468
5832724,202,924,227,916.01776,0.11207335,121.4826,30.565735,107.15923,0.93959004,196.38933,320.48352,9756.2617,627336,0.63346457,0.77490807,0.18667763,1.6908762,5.3877802,0.59047335,0.85875231,2.6875,3265,2.3849378
5832725,202,926,188,763.08228,0.097804248,129.60895,20.397566,95.244637,0.8131265,193.81828,313.1207,6703.085,363468,0.56627601,0.71468681,0.16,1.6545187,5.3106465,0.58201987,0.85731715,2.7120099,3265,2.4302375
5832726,202,928,145,597.11456,0.076119296,141.0063,15.77519,98.529343,1.0397505,204.2106,313.96872,4470.1777,217804,0.52653259,0.63577038,0.12641674,1.6145412,5.2430906,0.57461607,0.85604697,2.7340686,3265,2.4770839
5832727,202,930,99,388.49222,0.04742258,160.31068,11.043065,110.65037,0.84772295,240.89487,320.85107,2607.5779,140948,0.54627913,0.49656278,0.079010375,1.5795983,5.315403,0.58254111,0.85740608,2.7104778,3265,2.4914036
5898246,204,896,85,328.20639,0.24226741,58.173874,7.6144733,40.063694,0.11444614,63.351734,130.47609,1114.7865,20028,0.79943979,0.65526772,0.18681319,1.7552487,3.7905087,0.4154205,0.82507175,3.3985908,3265,2.7372873
5898247,204,898,96,387.05273,0.2403795,62.916218,6.0173254,40.332745,1.1692063,55.873741,142.2464,1201.2139,21368,0.75416666,0.8233695,0.21098901,1.7620118,3.7958422,0.41600502,0.82520115,3.3952205,3265,2.7311282
5898248,204,900,105,415.54175,0.24755731,67.846153,5.4455771,39.888424,3.0206845,54.015514,145.23604,1402.4032,26592,0.75274724,0.87511146,0.22975931,1.7680539,3.8011904,0.41659117,0.82533079,3.3918505,3265,2.725431
5898249,204,902,108,424.89273,0.24060211,65.034119,4.0298905,40.049606,2.4757895,52.467449,148.96864,1470.4171,27900,0.76306683,0.86112118,0.23529412,1.7706684,3.8036265,0.41685814,0.8253898,3.3903186,3265,2.7228332
5898250,204,904,132,521.23914,0.092783585,99.008324,13.886231,96.021179,1.1445314,165.13158,265.69772,3129.8401,152456,0.60189682,0.91802859,0.2112,1.8561423,3.9124448,0.42878407,0.82799584,3.3238358,3265,2.62094
5898251,204,906,157,635.91937,0.10789406,104.98269,25.048716,98.955345,1.6454896,176.85014,272.14929,5364.4937,316852,0.6471501,0.78841281,0.25119999,1.869409,3.9253829,0.43020201,0.82830191,3.3161764,3265,2.6087933
5898252,204,908,258,1032.4467,0.099745385,109.7271,51.382748,141.15298,3.0083425,256.84689,360.6553,14849.622,1280188,0.70934755,0.89081228,0.17063493,1.5437524,6.0292349,0.66077352,0.8701148,2.5079658,3265,2.3975546
5898253,204,910,268,1070.1379,0.10522605,110.99937,50.973522,139.16521,2.8740399,247.08923,357.48938,15297.126,1298152,0.731511,0.87501651,0.17748344,1.5504153,6.0390506,0.66184926,0.87028134,2.5055146,3265,2.3905108
5898254,204,912,270,1090.6488,0.10957748,112.29364,50.738476,137.14499,2.4236276,234.77708,353.66064,15394.793,1291712,0.74399006,0.83740449,0.17880794,1.5517662,6.0415092,0.66211873,0.870323,2.5049019,3265,2.3890007
5898255,204,914,274,1099.886,0.11170999,113.62147,49.998547,135.07036,2.2011878,231.28421,351.7489,15552.025,1290176,0.74155772,0.83263654,0.18340027,1.5525581,6.0267859,0.66050512,0.8700732,2.5085785,3265,2.391196
5898256,204,916,265,1069.3319,0.11819945,115.25266,47.323925,125.93541,2.1253834,227.1129,337.17352,14633.789,1182756,0.7264151,0.80201012,0.17941774,1.5444126,5.9951301,0.65703577,0.86953461,2.5165441,3265,2.4035406
5898257,204,918,238,973.67474,0.10979955,117.78606,41.057926,123.33064,1.9238694,226.7482,333.81943,11820.632,875612,0.6848917,0.75930202,0.16608514,1.519593,5.9103551,0.64774489,0.86808139,2.5382965,3265,2.4393346
5898258,204,920,211,859.72668,0.10971529,121.16177,34.24976,111.63027,1.2027841,209.60381,313.79901,9336.7129,627724,0.63863689,0.71362257,0.17351973,1.6801629,5.3721747,0.58876306,0.85846323,2.6924019,3265,2.3964226
5898259,204,922,171,705.73987,0.096013196,126.66677,26.419197,100.02866,0.1666946,206.71115,303.92175,6565.7637,387532,0.58135533,0.62651235,0.14553191,1.6416515,5.2945395,0.58025461,0.85701543,2.7172182,3265,2.4438558
5963780,206,892,97,386.64429,0.24543801,87.081009,13.719873,48.47332,0.16291612,61.778484,140.69861,1636.9117,41724,0.79725087,0.7157948,0.21225382,1.7636083,3.7972991,0.4161647,0.8252365,3.3943014,3265,2.7294412
5963781,206,894,105,410.97333,0.23682112,87.787651,11.623619,48.146061,1.5495757,59.970352,147.67316,1681.3411,40788,0.78333336,0.7980535,0.22875817,1.7690849,3.8021646,0.41669789,0.8253544,3.3912377,3265,2.7242541
5963782,206,896,122,484.75092,0.085623175,97.097542,16.658529,103.82864,2.1140354,172.02832,266.728,2556.8311,111548,0.64449263,0.92641282,0.1952,1.8501105,3.9072933,0.4282195,0.82787377,3.3268995,3265,2.6265166
5963783,206,898,141,562.72797,0.097084939,102.1664,21.96862,102.92399,2.6187503,167.81322,269.88467,3862.238,215700,0.58743668,0.97379786,0.2256,1.8612068,3.9170926,0.42929345,0.82810587,3.3210785,3265,2.6162815
5963784,206,900,164,652.72644,0.1075419,105.52253,27.709204,104.53506,3.9569616,167.05272,276.17328,5437.6216,335928,0.60085291,1.0074168,0.2624,1.8726904,3.9290206,0.4306007,0.82838786,3.3140318,3265,2.6058207
5963785,206,902,226,899.38397,0.084161222,108.97891,46.641243,147.49016,3.6905465,249.06677,366.45569,11523.561,994204,0.61581123,1.1004494,0.15405589,1.5154132,5.9363661,0.65059555,0.86852896,2.5315564,3265,2.4375532
5963786,206,904,264,1064.115,0.099366084,110.71235,53.203346,145.51295,3.1115117,246.63756,366.84293,15285.652,1372400,0.68533242,1.0725484,0.17483443,1.5476894,6.0341387,0.66131091,0.87019801,2.5067401,3265,2.3935547
5963787,206,906,269,1079.2841,0.10184786,111.86509,53.312798,143.50958,2.8454018,247.26682,364.91931,15656.026,1389716,0.7058481,1.0113654,0.17814569,1.5510918,6.0402794,0.66198397,0.87030214,2.5052083,3265,2.3897548
5963788,206,908,271,1081.9384,0.10519854,112.99294,53.691574,141.46552,1.7931206,238.95392,359.50204,15994.582,1412072,0.72362989,0.93260062,0.1794702,1.5524386,6.0427394,0.66225356,0.87034386,2.5045955,3265,2.3882484
5963789,206,910,268,1077.4031,0.114208,114.14574,53.239239,133.70522,0.97428834,226.89906,344.30695,15683.056,1363336,0.72703898,0.87345493,0.17998657,1.5479518,6.0133524,0.65903288,0.86984491,2.5119486,3265,2.3973045
5963790,206,912,247,1004.2844,0.11004813,115.89362,48.678444,129.75903,0.45492676,231.04575,338.64288,13622.6,1124804,0.71067441,0.79541177,0.16894665,1.5300572,5.9554272,0.65268457,0.86885595,2.5266545,3265,2.4223373
5963791,206,914,219,884.40186,0.099525101,117.97167,45.190628,127.79998,0.20313387,237.32248,334.1669,11270.409,868596,0.67479366,0.72016358,0.1799507,1.6858189,5.3809419,0.58972389,0.85862571,2.6896446,3265,2.3902071
5963792,206,916,187,751.15106,0.099914752,119.85842,43.670185,116.1014,0.12682037,217.56097,307.36453,9067.1006,662480,0.65499395,0.63037181,0.15378289,1.6628621,5.3489356,0.58621615,0.85803151,2.699755,3265,2.4148564
6029313,208,886,95,376.47275,0.24821711,94.160484,20.221693,56.332958,1.20079,64.37487,138.05618,2091.7095,65796,0.82082868,0.65170068,0.20697168,1.7634461,3.7972991,0.4161647,0.8252365,3.3943014,3265,2.7293491
6029314,208,888,109,433.49399,0.081558816,97.909676,23.268251,111.93841,1.6598257,177.63281,258.44077,2697.2368,121588,0.70761126,0.75067914,0.1744,1.8415909,3.9006169,0.42748779,0.82771534,3.3308823,3265,2.6344385
6029315,208,890,122,490.32306,0.089377351,100.78404,26.582756,110.50017,1.4082353,171.57391,262.56229,3391.1987,183060,0.65113127,0.81660193,0.1952,1.8501105,3.9072933,0.4282195,0.82787377,3.3268995,3265,2.6265166
6029316,208,892,138,554.89185,0.097279094,103.23882,29.766356,109.65074,1.8455803,172.42252,267.73141,4474.4902,278636,0.61620647,0.86786872,0.2208,1.8595558,3.9155421,0.42912352,0.82806921,3.3219976,3265,2.6177974
6029317,208,894,161,633.7605,0.10479382,105.50062,32.95578,110.56786,2.9850597,173.72299,275.67645,5771.2026,381208,0.60978264,0.98748171,0.25760001,1.8713063,3.9274607,0.43042976,0.82835102,3.3149509,3265,2.6070726
6029318,208,896,203,812.57471,0.075328745,108.26215,46.174534,153.82559,4.1137738,255.73151,368.17664,9968.8867,867408,0.59840024,1.0942307,0.13990352,1.4955639,5.8904114,0.64555919,0.86773717,2.543505,3265,2.4623232
6029319,208,898,255,1023.082,0.094073385,110.15934,56.31287,151.85693,2.9870067,254.1649,369.68069,15086.591,1423732,0.65221554,1.1650064,0.16898608,1.5413305,6.021894,0.65996897,0.86999011,2.509804,3265,2.4008322
6029320,208,900,264,1066.8641,0.098933488,111.29234,56.515099,149.8667,2.1311886,245.34241,368.11865,15796.91,1482384,0.67346466,1.1437273,0.17483443,1.5476894,6.0341387,0.66131091,0.87019801,2.5067401,3265,2.3935547
6029321,208,902,270,1079.4698,0.10068692,112.41833,56.309341,147.84465,1.7024671,247.42737,367.04868,16223.438,1499868,0.68985265,1.0847157,0.17880794,1.5517662,6.0415092,0.66211873,0.870323,2.5049019,3265,2.3890007
6029322,208,904,269,1075.2386,0.10795166,113.57131,56.844616,140.46066,1.568874,238.14519,353.78769,16283.87,1496132,0.702519,1.0168878,0.18065816,1.5486208,6.0145712,0.6591664,0.86986566,2.5116422,3265,2.3965571
6029323,208,906,255,1029.7166,0.10961545,114.88344,54.726326,136.5912,1.1181558,238.31941,343.58002,15124.134,1352932,0.70100355,0.93143523,0.17264725,1.5375938,5.9830432,0.65571111,0.86932838,2.5196078,3265,2.4111335
6029324,208,908,84,372.35593,0.055203766,144.56256,8.9707279,113.56129,0.084079802,214.6041,291.13855,1462.1636,48856,0.66207689,0.57464021,0.091205209,1.5033944,4.9733357,0.54505229,0.85084605,2.828125,3265,2.6317713
6094848,210,884,121,485.59613,0.091101199,102.91108,35.443424,117.12735,0.60761702,183.52202,258.80966,4380.3149,271120,0.65413225,0.73933721,0.1936,1.849483,3.9067791,0.42816314,0.82786155,3.3272059,3265,2.6270983
6094849,210,886,135,539.36847,0.098193653,104.38674,37.394993,116.26812,2.5191414,181.41812,262.72778,5272.0376,356924,0.63582093,0.79850161,0.21600001,1.8578678,3.9139929,0.42895374,0.82803249,3.3229167,3265,2.6193502
6094850,210,888,152,601.59296,0.10407591,105.87212,39.432892,116.73439,3.6173286,179.30066,269.51392,6133.9072,425212,0.64037991,0.88044304,0.2432,1.8669525,3.9227884,0.42991766,0.82824063,3.3177083,3265,2.6110277
6094851,210,890,182,733.76001,0.069930196,107.88116,49.354523,160.15929,3.4079282,262.30286,363.11951,9145.376,791568,0.61696315,0.94527966,0.12638889,1.4768125,5.8532333,0.64148462,0.86709315,2.5533087,3265,2.4847808
6094852,210,892,224,904.10889,0.084305935,109.49972,58.351315,158.19798,3.7146983,260.71783,367.10156,13355.95,1289044,0.64549971,1.0435505,0.15003349,1.5168658,5.965004,0.65373409,0.86901999,2.5242035,3265,2.4309781
6094853,210,894,258,1032.3444,0.095146708,110.74873,61.671253,156.21825,4.4721127,252.34543,369.24985,16321.622,1609140,0.6694417,1.148486,0.17086093,1.5435395,6.0267859,0.66050512,0.8700732,2.5085785,3265,2.39818
6094854,210,896,265,1061.3522,0.097278304,111.71492,60.299984,154.21332,2.806674,248.24423,370.27698,16445.98,1602992,0.66346484,1.2208471,0.17549668,1.5483739,6.0353656,0.66144544,0.87021881,2.5064337,3265,2.3927908
6094855,210,898,270,1078.3087,0.09920419,112.76118,59.420563,152.16745,1.363758,251.6837,369.58255,16776.307,1621740,0.6685667,1.1815192,0.17880794,1.5517662,6.0415092,0.66211873,0.870323,2.5049019,3265,2.3890007
6094856,210,900,263,1058.5178,0.10560644,113.94907,59.439972,143.72881,0.2726635,245.44102,354.90231,16437.777,1566724,0.68763244,1.0537096,0.17686617,1.5443314,6.0048347,0.65809935,0.86969995,2.5140932,3265,2.4017272
6160384,212,884,165,664.38348,0.065410346,107.97868,54.395027,166.49191,0.4068931,279.88892,357.26553,9033.9365,790440,0.64656317,0.80481887,0.12079063,1.6069469,5.5645781,0.60984945,0.86198324,2.6338849,3265,2.4204619
6160385,212,886,201,803.90265,0.078213833,109.22271,62.264935,164.53644,2.1695349,272.57132,359.38907,12634.77,1237252,0.6572637,0.908342,0.13701431,1.4958565,5.906826,0.64735812,0.86802053,2.5392158,3265,2.4589691
6160386,212,888,233,951.47552,0.090919897,110.35408,67.394203,162.56563,2.8684645,269.20929,362.63879,15887.045,1632768,0.69072813,0.97881752,0.15440689,1.5253325,5.9951301,0.65703577,0.86953461,2.5165441,3265,2.4185519
6160387,212,890,250,1011.494,0.094908476,111.23251,66.738991,160.57387,2.6089847,263.61707,365.96042,16944.16,1734876,0.69092369,1.0651827,0.16556291,1.5378904,6.0170102,0.65943372,0.86990714,2.5110295,3265,2.40446
6160388,212,892,258,1037.2892,0.096009694,112.11091,65.170204,158.5508,3.5684941,260.67191,368.46591,17113.652,1741044,0.67830968,1.1289641,0.17086093,1.5435395,6.0267859,0.66050512,0.8700732,2.5085785,3265,2.39818
6160389,212,894,264,1052.0513,0.10269948,113.07053,64.034073,150.92722,3.732131,251.40083,358.78912,17261.033,1731932,0.67026728,1.1534872,0.1773002,1.5452561,6.008482,0.65849912,0.86976206,2.5131741,3265,2.4003139
6160390,212,896,177,709.48413,0.079341948,115.88824,48.249123,138.29692,1.8112059,234.32845,335.21606,8830.3535,796772,0.56779659,1.009534,0.14555921,1.6551875,5.3393116,0.58516139,0.85785234,2.7028186,3265,2.4229946
6160391,212,898,58,229.55318,0.47689307,226.44083,5.0020366,15.268565,0.012933368,26.416534,77.774292,498.51535,4928,0.87295824,0.61010849,0.17159763,1.6614751,3.6873624,0.40411618,0.82254064,3.4656863,3265,2.8498473
6225921,214,886,237,960.89288,0.094808467,111.80794,73.841835,164.92261,0.5904026,274.2486,356.87726,17755.008,1883204,0.74469,0.83217615,0.15695365,1.5284196,6.0011916,0.65770012,0.86963791,2.5150123,3265,2.4149485
6225922,214,888,243,982.21307,0.10088135,112.5882,72.074608,157.68661,0.88455778,267.47067,349.78592,17645.674,1848012,0.72727275,0.91748571,0.16319677,1.5305595,5.9830432,0.65571111,0.86932838,2.5196078,3265,2.416642
6225923,214,890,246,978.10327,0.098043635,113.47634,68.947113,154.17441,0.74187702,263.32272,354.06873,17055.635,1772072,0.68179858,1.0501863,0.16655383,1.531278,5.9722066,0.65452349,0.86914319,2.5223651,3265,2.4181414
6225924,214,892,111,447.67151,0.052607048,119.41654,28.265884,141.04208,2.5451386,239.87436,327.01123,3267.6736,227912,0.54578215,0.84049803,0.092346087,1.5938755,5.2635498,0.57685828,0.85643291,2.7273285,3265,2.4896157
6225925,214,894,71,285.46313,0.36332542,155.67725,6.1542435,25.742285,3.6292889,29.799294,99.364677,649.81586,7796,0.83661973,0.72316754,0.21005917,1.6697642,3.6933284,0.40477002,0.82268852,3.4617035,3265,2.8423841
6225926,214,896,63,252.26601,0.41382611,191.90668,5.1856527,18.718239,1.6580945,24.734993,87.523636,539.5224,5692,0.83512545,0.71848935,0.18639053,1.6648339,3.6896548,0.40436742,0.8225975,3.4641545,3265,2.8468068
6291459,216,890,66,254.59543,0.28683686,133.66927,11.469525,36.604572,0.74993968,44.00148,105.61188,830.32538,13892,0.8261072,0.68324393,0.19354838,1.6686809,3.6924093,0.40466928,0.82266575,3.4623163,3265,2.8429592
6291460,216,892,65,262.72229,0.37593022,150.25186,8.6341372,26.551306,2.5540278,33.251396,93.71299,668.90277,9104,0.85000002,0.69410628,0.1923077,1.6661164,3.6905725,0.404468,0.82262021,3.4635417,3265,2.8456516
6291461,216,894,61,247.1636,0.40843731,171.24846,7.1827583,21.720825,3.0243366,28.515142,87.203621,565.95276,6796,0.85355192,0.68433785,0.18047337,1.6635171,3.6887376,0.40426689,0.82257473,3.4647672,3265,2.8479965
6291462,216,896,54,223.52194,0.48115078,196.34322,6.9212632,19.652966,2.4878492,25.731283,76.405464,493.1691,5640,0.84206849,0.61926919,0.15976331,1.658623,3.6855307,0.40391544,0.82249522,3.4669118,3265,2.8524439
6291463,216,898,39,157.33496,0.63183117,237.93143,7.4800506,15.936613,0.4878493,15.537853,55.939301,333.26199,3340,0.93387312,0.39147744,0.11538462,1.6464474,3.6786778,0.40316439,0.82232505,3.4715073,3265,2.863656
6356994,218,888,50,201.10825,0.35020903,131.23712,14.772266,32.380295,0.016219111,41.296124,84.948601,753.6546,13860,0.83183676,0.56062031,0.14836796,1.6549907,3.6832435,0.40366477,0.82243842,3.4684436,3265,2.8558831
6356995,218,890,57,224.17584,0.39080566,142.54547,11.989274,28.521112,1.0243366,33.321442,84.902191,722.53693,11624,0.86090225,0.63685274,0.16913946,1.6601412,3.6864464,0.40401578,0.82251793,3.4662991,3265,2.8511806
6356996,218,892,55,228.0042,0.40391836,157.48819,9.9894562,24.615507,1.0243366,30.84609,84.222778,599.82123,8460,0.87946129,0.6260857,0.16272189,1.6593503,3.6859884,0.40396562,0.82250655,3.4666054,3265,2.8517807
6356997,218,894,56,223.56883,0.49406403,174.83183,8.9892111,22.202574,1.0243366,25.24539,75.408264,586.6637,7788,0.87857145,0.64401847,0.16568047,1.6600679,3.6864464,0.40401578,0.82251793,3.4662991,3265,2.8511267
6356998,218,896,49,200.13925,0.45790726,196.55194,8.5075111,21.575298,1.0243366,27.869244,74.110939,495.45779,6228,0.84438777,0.569372,0.14497042,1.6548371,3.6832435,0.40366477,0.82243842,3.4684436,3265,2.8559096
6356999,218,898,38,157.23055,0.62296289,224.95653,8.6339102,16.970078,0.4878493,16.12447,56.31736,361.91599,4016,0.94167852,0.38668746,0.11242604,1.6455421,3.6782217,0.40311441,0.82231367,3.4718137,3265,2.8644967
