Ref,x,y,Connectivity,Isovist Area,Isovist Compactness,Isovist Drift Angle,Isovist Drift Magnitude,Isovist Max Radial,Isovist Min Radial,Isovist Occlusivity,Isovist Perimeter,Point First Moment,Point Second Moment,Visual Clustering Coefficient,Visual Control,Visual Controllability,Visual Entropy,Visual Integration [HH],Visual Integration [P-value],Visual Integration [Tekl],Visual Mean Depth,Visual Node Count,Visual Relativised Entropy
196645,-54000,20000,23,79732624,0.23769219,13.334571,7308.1509,22588.629,503.75677,2471.8848,64925.527,200155.69,2.464e+09,0.57707512,1.721972,0.88461536,2.7902112,1.2470233,0.27059218,0.67446268,4.4736843,115,2.7630537
196646,-54000,22000,15,49135656,0.41505921,20.730915,2495.9651,10769.687,503.75677,6472.3018,38569.883,64590.328,3.2e+08,0.8952381,0.99948251,0.625,2.9782689,0.99761868,0.21647376,0.65020597,5.3421054,115,2.9633174
196647,-54000,24000,14,45452328,0.57452404,337.01694,2128.4932,8414.5518,503.75677,3148.321,31530.357,52859.105,2.2e+08,1,0.91138726,0.58333331,2.9850326,0.99560738,0.21603732,0.64999455,5.3508773,115,2.9492409
196648,-54000,26000,14,44540284,0.62340796,304.45209,3338.7502,9209.7891,503.75677,2501.6699,29963.688,58265.773,2.8e+08,1,0.91138726,0.58333331,2.9850326,0.99560738,0.21603732,0.64999455,5.3508773,115,2.9492409
196649,-54000,28000,14,44126868,0.64519107,291.5206,5070.1992,10653.922,65.921059,2271.5273,29316.514,74155.695,4.6e+08,1,0.91138726,0.58333331,2.9850326,0.99560738,0.21603732,0.64999455,5.3508773,115,2.9492409
262181,-52000,20000,23,79744112,0.23765589,18.24296,5383.833,20592.262,1299.079,2472.2188,64935.164,175742.66,1.936e+09,0.57707512,1.721972,0.88461536,2.7902112,1.2470233,0.27059218,0.67446268,4.4736843,115,2.7630537
262182,-52000,22000,14,46149568,0.53883731,88.973778,1111.5699,6562.3315,2090.7893,3721.127,32806.5,50907.09,2.2e+08,1,0.91138726,0.58333331,2.9850326,0.99560738,0.21603732,0.64999455,5.3508773,115,2.9492409
262183,-52000,24000,14,44267028,0.63790929,259.85162,740.73932,6264.2412,2090.7893,2343.7781,29530.15,45202.254,1.6e+08,1,0.91138726,0.58333331,2.9850326,0.99560738,0.21603732,0.64999455,5.3508773,115,2.9492409
262184,-52000,26000,14,43800888,0.66145873,266.56418,2692.3884,7843.2383,2065.9211,2130.4717,28846.625,50907.09,2.2e+08,1,0.91138726,0.58333331,2.9850326,0.99560738,0.21603732,0.64999455,5.3508773,115,2.9492409
262185,-52000,28000,14,43589592,0.67130995,267.85995,4671.6572,9671.3223,65.921059,2062.0269,28565.037,67742.656,4e+08,1,0.91138726,0.58333331,2.9850326,0.99560738,0.21603732,0.64999455,5.3508773,115,2.9492409
327717,-50000,20000,23,79758464,0.23761022,28.406927,3542.3938,18596.672,689.58447,2472.6848,64947.25,164155.69,1.6e+09,0.57707512,1.721972,0.88461536,2.7902112,1.2470233,0.27059218,0.67446268,4.4736843,115,2.7630537
327718,-50000,22000,14,43163476,0.68886518,148.06328,2591.375,7555.0791,90.789413,1987.3704,28060.541,58265.773,2.8e+08,1,0.91138726,0.58333331,2.9850326,0.99560738,0.21603732,0.64999455,5.3508773,115,2.9492409
327719,-50000,24000,14,43081732,0.69181567,195.75299,2289.5864,6954.4277,90.789413,1983.4034,27974.111,52859.105,2.2e+08,1,0.91138726,0.58333331,2.9850326,0.99560738,0.21603732,0.64999455,5.3508773,115,2.9492409
327720,-50000,26000,14,43061488,0.69252366,229.91689,3423.9644,8576.7344,90.789413,1982.9498,27953.24,58265.773,2.8e+08,1,0.91138726,0.58333331,2.9850326,0.99560738,0.21603732,0.64999455,5.3508773,115,2.9492409
327721,-50000,28000,14,43052316,0.69284159,244.47882,5118.2661,10332.313,65.921059,1982.8134,27943.848,74155.695,4.6e+08,1,0.91138726,0.58333331,2.9850326,0.99560738,0.21603732,0.64999455,5.3508773,115,2.9492409
393253,-48000,20000,12,49637520,0.2295429,357.50082,4298.7388,16602.146,683.58179,7353.5317,52128.836,90324.555,9.12e+08,0.87878788,0.89640224,0.46153846,2.9210591,1.21332,0.2632789,0.67138726,4.5701756,115,2.5750878
458789,-46000,20000,11,47728596,0.22976258,354.55005,2688.071,14609.116,683.58179,7138.668,51092.199,76000,6.8e+08,1,0.82215977,0.42307693,2.919029,1.2103462,0.26263359,0.67111319,4.5789475,115,2.5717788
524325,-44000,20000,11,47138172,0.22944203,341.42026,856.44684,12618.293,683.58179,7101.3135,50810.656,72000,5.84e+08,1,0.82215977,0.42307693,2.919029,1.2103462,0.26263359,0.67111319,4.5789475,115,2.5717788
589861,-42000,20000,11,46880632,0.22911914,194.13725,1146.5527,12571.06,683.58179,7090.9521,50707.359,72000,5.84e+08,1,0.82215977,0.42307693,2.919029,1.2103462,0.26263359,0.67111319,4.5789475,115,2.5717788
655397,-40000,20000,11,46781416,0.22873241,185.29025,3066.408,14561.818,683.58179,7091.4805,50696.473,76000,6.8e+08,1,0.82215977,0.42307693,2.919029,1.2103462,0.26263359,0.67111319,4.5789475,115,2.5717788
720933,-38000,20000,11,46827264,0.2280705,183.22913,4996.6704,16554.807,683.58179,7106.9839,50794.859,84000,8.72e+08,1,0.82215977,0.42307693,2.919029,1.2103462,0.26263359,0.67111319,4.5789475,115,2.5717788
786469,-36000,20000,11,47231480,0.2259877,182.24805,6864.127,18549.303,683.58179,7200.4429,51248.164,96000,1.16e+09,1,0.82215977,0.42307693,2.919029,1.2103462,0.26263359,0.67111319,4.5789475,115,2.5717788
852005,-34000,20000,13,58370496,0.19397397,176.26974,6844.6523,20544.869,683.58179,12070.248,61493.598,119300.56,1.572e+09,0.74358976,1.2603883,0.38235295,2.7507169,1.5577958,0.33802685,0.70052254,3.7807016,115,2.2957499
917541,-32000,20000,13,58510424,0.2017487,177.17638,8867.3926,22541.223,551.24323,6688.3335,60369.305,138000,2.044e+09,0.74358976,1.2603883,0.38235295,2.7507169,1.5577958,0.33802685,0.70052254,3.7807016,115,2.2957499
917542,-32000,22000,3,20608194,0.45045626,188.99327,944.78003,5832.4526,551.24323,5705.0195,23977.207,6828.4272,16000000,1,0.24475525,0.13636364,2.5634584,1.4566998,0.31608999,0.69245464,3.9736843,115,2.455312
917543,-32000,24000,11,55626492,0.2316467,356.73318,6127.8804,17775.354,743.60535,11014.111,54932.922,82472.133,8.56e+08,0.56363636,1.1639403,0.23913044,2.4187987,1.9752851,0.42861804,0.73064733,3.1929824,115,2.1781878
983079,-30000,24000,8,44283684,0.27458912,3.9973545,6117.1953,15784.111,499.07895,11345.065,45017.891,58000,5.64e+08,1,0.64266986,0.22222222,2.4549868,1.7957137,0.38965276,0.71824908,3.4122808,115,2.2256334
1048615,-28000,24000,8,44757228,0.28176981,5.3371444,4408.874,13795.405,499.07895,11249.535,44677.543,48000,3.84e+08,1,0.64266986,0.22222222,2.4549868,1.7957137,0.38965276,0.71824908,3.4122808,115,2.2256334
1114151,-26000,24000,8,47124344,0.29000291,6.6709156,2785.4451,11867.527,499.07895,11310.798,45188.344,42000,2.76e+08,1,0.64266986,0.22222222,2.4549868,1.7957137,0.38965276,0.71824908,3.4122808,115,2.2256334
1179687,-24000,24000,11,62722700,0.23886885,348.91129,2562.3254,15258.454,499.07895,19013.953,57443.059,59042.902,3.68e+08,0.78181821,0.87318933,0.30555555,2.4926107,1.8155193,0.3939504,0.7196545,3.3859649,115,2.1927516
1245212,-22000,2000,19,99465160,0.50126857,47.974861,5771.1099,17588.957,1003.7568,9550.4932,49935.016,121008.73,9.44e+08,0.9649123,0.76250762,0.57575756,2.5379777,1.5726792,0.34125641,0.70168114,3.7543859,115,2.4717524
1245213,-22000,4000,18,95166808,0.55462307,26.980183,4208.6108,14288.429,1003.7568,7989.4761,46435.352,90286.711,5.44e+08,0.98692811,0.72386938,0.54545456,2.5419664,1.5676866,0.34017304,0.70129329,3.7631578,115,2.46491
1245214,-22000,6000,18,90837000,0.62821907,353.08441,3651.7913,11011.955,1003.7568,6272.041,42626.609,85943.57,4.76e+08,0.98692811,0.72386938,0.54545456,2.5419664,1.5676866,0.34017304,0.70129329,3.7631578,115,2.46491
1245215,-22000,8000,16,86521112,0.70379853,321.73022,4440.9756,10816.285,1003.7568,4902.9399,39304.457,83310.703,4.88e+08,1,0.65133345,0.4848485,2.5451386,1.5577958,0.33802685,0.70052254,3.7807016,115,2.4559426
1245222,-22000,22000,7,41516312,0.61987793,21.572697,3566.6858,8491.2881,830.11261,6590.4741,29010.9,27625.119,1.28e+08,1,0.40728024,0.21212122,2.4406097,1.6406022,0.35599506,0.70687973,3.6403508,115,2.3677135
1245223,-22000,24000,13,70171704,0.26220274,312.46326,994.66388,12607.741,1120.985,11548.196,57991.902,64836.223,4e+08,0.69230771,1.0586039,0.28260869,2.1889148,2.244642,0.48706594,0.74796426,2.9298246,115,2.1505249
1310748,-20000,2000,23,1.187703e+08,0.3428106,70.106033,6656.2456,24246.936,1744.079,18548.898,65982.945,173665.66,1.928e+09,0.84189725,0.91986269,0.53488374,2.5595572,1.8993125,0.41213274,0.72549391,3.2807016,115,2.1793125
1310749,-20000,4000,21,1.1010751e+08,0.36664918,57.741051,3947.791,20215.637,3003.7568,16506.383,61431.066,113846.48,9.32e+08,0.87619048,0.85143614,0.51219511,2.5619714,1.870535,0.40588829,0.72350746,3.3157895,115,2.1793821
1310750,-20000,6000,19,1.0039406e+08,0.48494399,11.070985,1919.042,13526.053,3003.7568,9808.5352,51005.047,77143.469,3.76e+08,0.9649123,0.7625075,0.57575756,2.5379777,1.5726792,0.34125641,0.70168114,3.7543859,115,2.4717524
1310751,-20000,8000,18,91069496,0.61996365,303.92099,2920.0444,9528.2246,1776.3989,6128.5435,42964.355,77547.75,3.8e+08,0.98692811,0.72386926,0.54545456,2.5419664,1.5676866,0.34017304,0.70129329,3.7631578,115,2.46491
1310758,-20000,22000,8,50293960,0.3045868,30.5774,1841.1436,11609.873,830.11261,16841.164,45551.988,24601.127,84000000,0.96428573,0.51604652,0.24242425,2.4555991,1.6460708,0.3571817,0.70729214,3.6315789,115,2.3551571
1310759,-20000,24000,14,76483536,0.24216048,233.16028,1482.7131,14007.018,1565.921,13883.468,62999.523,72996.945,5.08e+08,0.64835167,1.0998127,0.30434781,2.19964,2.2548916,0.48929,0.74859655,2.9210527,115,2.1394813
1376284,-18000,2000,31,1.4600491e+08,0.38654789,87.518448,8518.1328,23855.584,1744.079,6721.4355,68894.891,305768,4.288e+09,0.78924733,1.2091403,0.62,2.2718766,2.244642,0.48706594,0.74796426,2.9298246,115,2.2229097
1376285,-18000,4000,31,1.460749e+08,0.38569251,86.752174,6524.6934,21882.074,3706.2432,6605.666,68987.773,260270.61,3.264e+09,0.78924733,1.2091403,0.62,2.2718766,2.244642,0.48706594,0.74796426,2.9298246,115,2.2229097
1376286,-18000,6000,32,1.4616264e+08,0.38443637,85.309792,4534.6973,19913.852,3706.2432,6512.3389,69121.141,243203.22,2.708e+09,0.76612902,1.2556028,0.63999999,2.264437,2.2548916,0.48929,0.74859655,2.9210527,115,2.230031
1376287,-18000,8000,32,1.4627779e+08,0.38245627,81.615494,2553.9934,17952.654,1801.6178,6463.46,69327.133,223740.98,2.144e+09,0.76612902,1.2556028,0.63999999,2.264437,2.2548916,0.48929,0.74859655,2.9210527,115,2.230031
1376288,-18000,10000,31,1.3829086e+08,0.38804787,47.419193,883.95813,16001.066,300.38889,12210.062,66920.477,212702.25,1.824e+09,0.78494626,1.1920948,0.62,2.2718766,2.244642,0.48706594,0.74796426,2.9298246,115,2.2229097
1376289,-18000,12000,24,1.0812038e+08,0.35895559,15.683999,1626.1973,14063.088,300.38889,16094.195,61523.121,159248.53,1.296e+09,0.95652175,0.81965917,0.47999999,2.2938347,2.1754241,0.47204629,0.74364567,2.9912281,115,2.2021265
1376290,-18000,14000,24,1.0564265e+08,0.35080293,322.05038,2082.0649,14195.458,300.38889,16330.744,61516.691,157515.36,1.268e+09,0.95652175,0.81965917,0.47999999,2.2938347,2.1754241,0.47204629,0.74364567,2.9912281,115,2.2021265
1376291,-18000,16000,24,1.0566034e+08,0.33174145,298.46469,3542.3813,16139.62,300.38889,17213.674,63264.645,163905.22,1.44e+09,0.95652175,0.81965917,0.47999999,2.2938347,2.1754241,0.47204629,0.74364567,2.9912281,115,2.2021265
1376292,-18000,18000,30,1.1517516e+08,0.19351584,297.34607,5041.4653,18095.957,300.38889,28838.957,86482.07,245799.78,2.632e+09,0.68735629,1.3431441,0.58823532,2.2744541,2.244642,0.48706594,0.74796426,2.9298246,115,2.2166915
1376293,-18000,20000,32,1.3735888e+08,0.18265939,307.69382,6955.8423,21764.332,300.38889,21759.117,97210.305,305912.88,3.904e+09,0.63709676,1.481591,0.51612902,2.2488704,2.7587779,0.59862852,0.77770203,2.5701754,115,1.9526281
1376294,-18000,22000,28,1.3304248e+08,0.22401263,275.02911,6793.2935,22032.166,882.79126,21658.525,86390.078,249165.61,3.224e+09,0.74074072,1.2872748,0.56,2.2876146,2.2144451,0.48051348,0.74609071,2.9561403,115,2.2079003
1376295,-18000,24000,32,1.4685686e+08,0.2127721,264.29343,7864.8208,24008.178,1565.921,15650.132,93131.094,332103.34,4.6840003e+09,0.60887098,1.7576479,0.60377359,2.2278719,2.5454705,0.55234283,0.76582181,2.7017543,115,2.0651422
1441820,-16000,2000,31,1.4682115e+08,0.38586184,100.8163,8748.917,23734.99,1706.2433,7064.8281,69148.594,318163.81,4.416e+09,0.78924733,1.2091403,0.62,2.2718766,2.244642,0.48706594,0.74796426,2.9298246,115,2.2229097
1441821,-16000,4000,31,1.4699296e+08,0.3850528,103.95818,6807.8877,21758.615,1706.2433,6849.792,69261.688,274001.84,3.392e+09,0.78924733,1.2091403,0.62,2.2718766,2.244642,0.48706594,0.74796426,2.9298246,115,2.2229097
1441822,-16000,6000,31,1.4720611e+08,0.3839114,109.5581,4906.9238,19789.604,1706.2433,6651.6587,69414.844,242374.22,2.624e+09,0.78924733,1.2091403,0.62,2.2718766,2.244642,0.48706594,0.74796426,2.9298246,115,2.2229097
1441823,-16000,8000,31,1.4748011e+08,0.38211492,121.84451,3114.7871,17831.873,1706.2433,6493.5298,69642.547,223487.69,2.112e+09,0.78924733,1.2091403,0.62,2.2718766,2.244642,0.48706594,0.74796426,2.9298246,115,2.2229097
1441824,-16000,10000,31,1.4687291e+08,0.37925282,157.17159,1759.1301,15892.597,1659.328,11674.926,69760.781,216553.66,1.856e+09,0.78924733,1.2091403,0.62,2.2718766,2.244642,0.48706594,0.74796426,2.9298246,115,2.2229097
1441825,-16000,12000,30,1.3773219e+08,0.38319206,218.77055,1740.1606,13986.276,1706.2433,13120.564,67206.984,213034,1.804e+09,0.8091954,1.145565,0.60000002,2.2782047,2.2344854,0.48486203,0.74733585,2.9385965,115,2.2168624
1441826,-16000,14000,28,1.2892482e+08,0.36068738,247.83371,2805.3433,15355.949,1706.2433,16735.021,67020.508,202408.94,1.792e+09,0.84656084,1.0219718,0.56,2.2876146,2.2144451,0.48051348,0.74609071,2.9561403,115,2.2079003
1441827,-16000,16000,26,1.2280843e+08,0.34694344,258.34024,4036.9265,16785.148,1706.2433,17652.549,66694.445,189929.83,1.8e+09,0.90153849,0.91396147,0.51999998,2.2928009,2.194761,0.47624227,0.74486077,2.9736843,115,2.2030118
1441828,-16000,18000,28,1.2566734e+08,0.26616216,263.27341,5197.8838,18425.232,1551.2433,22829.002,77027,211455.31,2.184e+09,0.7751323,1.1071849,0.56,2.2876146,2.2144451,0.48051348,0.74609071,2.9561403,115,2.2079003
1441829,-16000,20000,35,1.6275179e+08,0.16308342,282.88321,5261.3159,20237.715,1707.1594,27490.971,111985.8,319219.94,3.932e+09,0.57310927,1.6760995,0.56451613,2.2413714,2.8058026,0.60883242,0.78024429,2.5438597,115,1.9540612
1441830,-16000,22000,28,1.4156298e+08,0.21870266,256.26633,7444.6401,22125.777,1706.2433,23891.242,90188.828,258583.39,3.316e+09,0.74074072,1.2872748,0.56,2.2876146,2.2144451,0.48051348,0.74609071,2.9561403,115,2.2079003
1441831,-16000,24000,32,1.5230426e+08,0.22055683,251.40689,8831.876,24052.607,1565.921,16406.355,93153.828,349599.47,4.968e+09,0.60887098,1.7576479,0.60377359,2.2278719,2.5454705,0.55234283,0.76582181,2.7017543,115,2.0651422
1507365,-14000,20000,22,83105072,0.14241681,281.63477,5610.8545,21419.664,55.921062,39615.984,85632.391,191950.81,2.228e+09,0.56709957,1.1654154,0.40000001,2.4596579,2.2344854,0.48486203,0.74733585,2.9385965,115,2.0489092
1572901,-12000,20000,12,44213844,0.20947735,345.28308,3957.7378,15786.426,55.921062,14601.853,51500.984,78796.688,6.76e+08,0.87878788,0.74250537,0.24489796,2.3849823,2.0836339,0.45212874,0.73778278,3.0789473,115,2.1448562
1638437,-10000,20000,12,42056388,0.21216775,338.5498,2497.7166,13798.054,55.921062,13919.736,49909.273,76570.766,5.92e+08,0.87878788,0.74250537,0.24489796,2.3849823,2.0836339,0.45212874,0.73778278,3.0789473,115,2.1448562
1703973,-8000,20000,11,41343672,0.20964567,301.79431,1045.8915,11924.201,55.921062,13946.149,49781.332,70198.039,5.44e+08,0.96363634,0.69921535,0.22448979,2.3703623,2.0748792,0.45022902,0.7372151,3.0877192,115,2.1591294
1769509,-6000,20000,11,41118468,0.20897475,214.35344,1563.8213,12516.065,55.921062,13779.335,49725.195,74165.523,6.32e+08,0.96363634,0.69921535,0.22448979,2.3703623,2.0748792,0.45022902,0.7372151,3.0877192,115,2.1591294
1835045,-4000,20000,12,41216120,0.20803183,195.81427,3256.3491,14464.822,55.921062,13854.28,49896.902,88466.688,8.56e+08,0.84848487,0.77345777,0.24489796,2.3849823,2.0836339,0.45212874,0.73778278,3.0789473,115,2.1448562
1900581,-2000,20000,12,41894476,0.20514858,190.6387,4965.4688,16432.654,55.921062,14272.712,50658.117,98596.648,1.116e+09,0.84848487,0.77345777,0.24489796,2.3849823,2.0836339,0.45212874,0.73778278,3.0789473,115,2.1448562
1966117,0,20000,11,46169140,0.18402626,191.29947,6039.4624,18410.734,55.921062,16795.207,56148.859,94828.43,1.152e+09,0.87272727,0.73254871,0.22448979,2.3703623,2.0748792,0.45022902,0.7372151,3.0877192,115,2.1591294
2031648,2000,10000,21,89675920,0.21368173,76.368553,8491.9512,23308.85,744.07892,7034.7197,72620.484,194069.38,2.484e+09,0.54761904,1.5544374,0.41999999,2.5844164,1.936554,0.42021376,0.72803622,3.2368422,115,2.2320094
2031649,2000,12000,21,89389040,0.21504949,72.65361,6579.6211,21314.719,1003.7568,6215.4185,72273.297,174069.38,2.004e+09,0.54761904,1.5544374,0.41999999,2.5844164,1.936554,0.42021376,0.72803622,3.2368422,115,2.2320094
2031650,2000,14000,12,68028680,0.25672591,86.257088,6694.9077,19321.799,1003.7568,7540.6812,57705.352,100472.13,1.18e+09,0.92424244,0.79902595,0.29268292,2.5097127,1.8088691,0.39250737,0.71918368,3.3947368,115,2.3167021
2031651,2000,16000,12,66767976,0.26359656,85.728539,4945.9746,17330.514,1003.7568,6641.0386,56418.191,90324.555,9.12e+08,0.92424244,0.79902595,0.29268292,2.5097127,1.8088691,0.39250737,0.71918368,3.3947368,115,2.3167021
2031652,2000,18000,15,71889416,0.19807972,89.187981,2898.9102,15341.493,1003.7568,11654.019,67533.211,97871.328,8.16e+08,0.63809526,1.0732683,0.35714287,2.5395644,1.8357668,0.39834389,0.72108108,3.3596492,115,2.2892048
2031653,2000,20000,22,99907464,0.14248647,173.14124,3496.8792,20394.902,1005.3133,12693.597,93867.891,192198.03,2.228e+09,0.47186148,1.5482415,0.3283582,2.2420292,2.4815137,0.5384649,0.76214027,2.7456141,115,2.1430972
2031654,2000,22000,12,65943436,0.27012685,290.29428,973.80524,12838.143,1003.7568,5746.9858,55386.871,84165.523,7.32e+08,0.92424244,0.79902601,0.29268292,2.5097127,1.8088691,0.39250737,0.71918368,3.3947368,115,2.3167021
2031655,2000,24000,12,65423068,0.27514201,276.86975,2901.3699,14825.458,1003.7568,5570.7051,54662.809,84246.211,7.48e+08,0.89393938,0.80795461,0.2857143,2.5124924,1.8155193,0.3939504,0.7196545,3.3859649,115,2.3118298
2031656,2000,26000,12,65215716,0.27647558,274.1033,4874.3291,16815.783,1003.7568,5563.0317,54444.332,90324.555,9.12e+08,0.89393938,0.80795461,0.2857143,2.5124924,1.8155193,0.3939504,0.7196545,3.3859649,115,2.3118298
2031657,2000,28000,12,65081752,0.27724627,272.91595,6858.4473,18808.158,1003.7568,5731.938,54312.738,100472.13,1.18e+09,0.89393938,0.80795461,0.2857143,2.5124924,1.8155193,0.3939504,0.7196545,3.3859649,115,2.3118298
2031658,2000,30000,16,64970056,0.27816769,272.2558,8848.499,20802,1003.7568,6086.4419,54176.156,141112.8,1.736e+09,0.60833335,1.1577923,0.35555556,2.5547726,1.8634764,0.40435663,0.72301722,3.3245614,115,2.2685406
2031659,2000,32000,20,64881928,0.2787677,271.83734,10840.71,22796.918,1003.7568,6508.5225,54081.105,191240.94,2.476e+09,0.52105266,1.4564396,0.39215687,2.5788887,1.936554,0.42021376,0.72803622,3.2368422,115,2.2338963
2097184,4000,10000,16,58398040,0.17297867,79.923851,4057.1174,20780.547,589.07892,23010.453,65134.008,90106.227,6.52e+08,0.625,1.1770563,0.37209302,2.5496917,1.8495178,0.40132776,0.72204423,3.3421052,115,2.2782362
2097185,4000,12000,11,32280688,0.47211891,334.44656,3142.8101,9083.0615,10.921061,4934.4497,29312.35,48699.758,2.72e+08,1,0.78652596,0.33333334,2.8270836,1.427229,0.30969512,0.69003385,4.0350876,115,2.4373882
2097195,4000,32000,14,46875652,0.69772208,16.649343,4498.6763,9503.7773,293.75677,2175.6589,29056.104,67742.656,4e+08,0.63736266,1.0887628,0.42424244,2.8440204,1.4397122,0.31240383,0.69106317,4.0087719,115,2.431581
2097196,4000,34000,9,46708404,0.69365406,350.67889,4479.6768,9677.7998,3.7567706,4750.1714,29089.146,43871.328,2.6e+08,1,0.68658012,0.34615386,3.0112863,1.1510985,0.24977741,0.66555625,4.7631578,115,2.6690123
2162720,6000,10000,11,36078120,0.40799081,58.648312,1016.3017,7271.8296,744.07892,6337.7739,33335.094,40925.68,1.76e+08,1,0.78652596,0.33333334,2.8270836,1.427229,0.30969512,0.69003385,4.0350876,115,2.4373882
2162721,6000,12000,11,32154300,0.47490293,302.14108,1606.6898,7188.6738,10.921061,4833.3813,29169.033,40925.68,1.76e+08,1,0.78652596,0.33333334,2.8270836,1.427229,0.30969512,0.69003385,4.0350876,115,2.4373882
2162731,6000,32000,11,47025904,0.69265586,28.874468,2650.7761,7713.418,1299.079,2133.6741,29208.869,40925.68,1.76e+08,0.89090908,0.81928211,0.33333334,2.8270836,1.427229,0.30969512,0.69003385,4.0350876,115,2.4373882
2162732,6000,34000,12,47764124,0.66003132,342.07852,2504.5693,8139.5474,1965.921,2631.981,30155.988,49793.637,2.44e+08,0.81818181,0.88935786,0.36363637,2.8344021,1.431366,0.31059277,0.69037563,4.0263157,115,2.4338071
2228256,8000,10000,11,35084828,0.41835943,145.99214,1426.8824,7733.8052,744.07892,6525.8867,32463.088,40925.68,1.76e+08,1,0.78652596,0.33333334,2.8270836,1.427229,0.30969512,0.69003385,4.0350876,115,2.4373882
2228257,8000,12000,11,32139848,0.47559682,229.97321,1776.4259,7522.1392,10.921061,4928.1763,29141.195,40925.68,1.76e+08,1,0.78652596,0.33333334,2.8270836,1.427229,0.30969512,0.69003385,4.0350876,115,2.4373882
2228267,8000,32000,10,47383656,0.6751315,74.496284,1304.7826,6055.728,1299.079,2371.2773,29697.852,34601.125,1.36e+08,0.97777778,0.74769121,0.30303031,2.8180103,1.423116,0.30880263,0.68969339,4.0438595,115,2.4426966
2228268,8000,34000,12,48670192,0.60581249,298.21051,952.3808,7278.7012,1965.921,3250.1472,31773.668,47793.637,2.24e+08,0.81818181,0.88935786,0.36363637,2.8344021,1.431366,0.31059277,0.69037563,4.0263157,115,2.4338071
2293792,10000,10000,12,37792440,0.32554254,158.23605,2852.5715,9452.1738,744.07892,9736.9502,38194.734,53171.895,2.92e+08,0.86363637,0.87102491,0.36363637,2.8344021,1.431366,0.31059277,0.69037563,4.0263157,115,2.4338071
2293793,10000,12000,11,32145494,0.4755224,203.41957,3419.8555,9412.6299,10.921061,5036.2036,29146.037,48699.758,2.72e+08,1,0.78652602,0.33333334,2.8270836,1.427229,0.30969512,0.69003385,4.0350876,115,2.4373882
2293803,10000,32000,11,49515892,0.5559724,143.84142,1847.4619,7111.1333,1299.079,3950.5876,33454.199,43281.973,2.12e+08,0.89090908,0.81928211,0.33333334,2.8270836,1.427229,0.30969512,0.69003385,4.0350876,115,2.4373882
2293804,10000,34000,14,53951776,0.36977735,229.68013,1850.3169,11534.75,1965.921,8897.1436,42819.109,68686.93,4.16e+08,0.67032969,1.0551089,0.42424244,2.8440204,1.4397122,0.31240383,0.69106317,4.0087719,115,2.431581
2359328,12000,10000,22,78649360,0.16092415,105.48577,8843.4121,26009.785,706.24323,17559.049,78368.57,218069.38,3.06e+09,0.52813852,1.6371548,0.53658539,2.8180103,1.5101568,0.32768965,0.69676483,3.8684211,115,2.4835734
2359329,12000,12000,22,78070312,0.16253775,109.05754,6985.6035,24015.52,706.24323,14660.261,77691.008,196069.38,2.488e+09,0.52813852,1.6371548,0.53658539,2.8180103,1.5101568,0.32768965,0.69676483,3.8684211,115,2.4835734
2359330,12000,14000,13,53689360,0.1868597,92.381393,8275.7139,22022.904,706.24323,13522.906,60088.48,120472.13,1.58e+09,0.87179488,0.9024933,0.40625,3.0063651,1.178571,0.25573868,0.66815615,4.6754384,115,2.7094219
2359331,12000,16000,12,52760952,0.19063421,92.686951,6574.0215,20032.744,706.24323,12068.022,58974.031,102000,1.196e+09,1,0.81274974,0.375,3.0014019,1.1757649,0.25512978,0.66789246,4.6842103,115,2.7087579
2359332,12000,18000,12,52640284,0.19185106,93.663788,4708.7583,18046.432,551.24323,11106.605,58719.441,92000,9.36e+08,1,0.81274974,0.375,3.0014019,1.1757649,0.25512978,0.66789246,4.6842103,115,2.7087579
2359333,12000,20000,12,52703800,0.19255967,96.144981,2823.0657,16066.621,706.24323,10808.631,58646.652,86000,7.8e+08,1,0.81274974,0.375,3.0014019,1.1757649,0.25512978,0.66789246,4.6842103,115,2.7087579
2359334,12000,22000,12,52947700,0.19310912,108.54,971.13379,14098.943,706.24323,10807.462,58698.512,84000,7.28e+08,1,0.81274974,0.375,3.0014019,1.1757649,0.25512978,0.66789246,4.6842103,115,2.7087579
2359335,12000,24000,12,53443724,0.19365342,250.87592,985.245,14818.211,706.24323,10836.816,58889.883,86000,7.8e+08,1,0.81274974,0.375,3.0014019,1.1757649,0.25512978,0.66789246,4.6842103,115,2.7087579
2359336,12000,26000,13,54448544,0.19424888,262.5141,2715.2224,16805.955,706.24323,10933.824,59349.738,100246.21,1.004e+09,0.8974359,0.89058858,0.39393941,2.9965174,1.1813905,0.25635049,0.66842067,4.6666665,115,2.7212324
2359337,12000,28000,13,56997040,0.19471975,263.85034,4197.8315,18797.125,706.24323,11764.742,60649.34,108324.55,1.236e+09,0.8974359,0.89058858,0.39393941,2.9965174,1.1813905,0.25635049,0.66842067,4.6666665,115,2.7212324
2359338,12000,30000,16,73016592,0.19573745,250.49362,4133.4233,20790.471,706.24323,14970.804,68466.594,136168.52,1.672e+09,0.68333334,1.1625874,0.4848485,3.0036781,1.1899307,0.25820363,0.66921937,4.6403508,115,2.7307386
2359339,12000,32000,21,87098128,0.21137275,246.77213,5356.5122,22785.283,706.24323,8513.2676,71958.953,185871.33,2.384e+09,0.55238098,1.6009176,0.51219511,2.8199124,1.5055526,0.32669058,0.6963976,3.877193,115,2.4784393
2359340,12000,34000,21,86970704,0.21161531,252.99484,7228.9355,24781.129,706.24323,9632.7744,71865.078,208069.38,2.96e+09,0.55238098,1.6009176,0.51219511,2.8199124,1.5055526,0.32669058,0.6963976,3.877193,115,2.4784393
6684697,144000,-4000,123,4.8252794e+08,0.2683295,80.821465,33438.457,67162.133,313.59778,6003.6484,150325.25,4219327,1.9056801e+11,0.99653471,0.97856814,0.64736843,1.5218451,5.5476198,0.93170309,0.87299323,2.0458715,328,2.1497409
6684698,144000,-2000,123,4.8286381e+08,0.26735803,80.233429,31457.865,65189.781,190.14615,6093.6333,150650.52,3996381.8,1.7454399e+11,0.99653471,0.97856814,0.64736843,1.5218451,5.5476198,0.93170309,0.87299323,2.0458715,328,2.1497409
6684699,144000,0,123,4.8329981e+08,0.2660442,79.563789,29478.293,63219.168,66.694527,6227.8975,151090.22,3787435.8,1.59512e+11,0.99653471,0.97856814,0.64736843,1.5218451,5.5476198,0.93170309,0.87299323,2.0458715,328,2.1497409
6750233,146000,-4000,122,4.8182362e+08,0.27021495,84.244362,33190.527,66864.742,371.24432,5862.3062,149690.52,4157943,1.88108e+11,0.99891615,0.97114855,0.64210528,1.5245404,5.531446,0.92898673,0.87255657,2.0489297,328,2.1487312
6750234,146000,-2000,123,4.8207952e+08,0.26952818,83.871498,31195.168,64883.352,2186.3325,5913.418,149920.91,3947648.8,1.72376e+11,0.99653471,0.97856814,0.64736843,1.5218451,5.5476198,0.93170309,0.87299323,2.0458715,328,2.1497409
6750235,146000,0,123,4.8241219e+08,0.26859835,83.446022,29199.139,62903.141,2062.8809,5991.4595,150231.98,3734565.2,1.5734401e+11,0.99653471,0.97856814,0.64736843,1.5218451,5.5476198,0.93170309,0.87299323,2.0458715,328,2.1497409
6750236,146000,2000,123,4.8286605e+08,0.26726565,82.955139,27201.463,60924.223,1939.4292,6118.4492,150676.91,3535813,1.43304e+11,0.99653471,0.97856814,0.64736843,1.5218451,5.5476198,0.93170309,0.87299323,2.0458715,328,2.1497409
6750237,146000,4000,123,4.8352966e+08,0.26519832,82.380432,25199.961,58946.727,1815.9775,6343.6279,151366.97,3350146,1.30256e+11,0.99653471,0.97856814,0.64736843,1.5218451,5.5476198,0.93170309,0.87299323,2.0458715,328,2.1497409
6750238,146000,6000,124,4.8461008e+08,0.26159835,81.6922,23189.143,56970.801,1692.526,6794.8911,152575.09,3188363.2,1.18328e+11,0.98216629,0.99904186,0.65263158,1.519047,5.5638885,0.93443531,0.87343156,2.0428135,328,2.1508467
6750239,146000,8000,124,4.8673366e+08,0.25406259,80.827789,21151.703,54996.617,1569.0743,7892.3594,155160.17,3026641,1.07236e+11,0.98216629,0.99904186,0.65263158,1.519047,5.5638885,0.93443531,0.87343156,2.0428135,328,2.1508467
6750240,146000,10000,126,4.9311869e+08,0.23145318,79.511543,18999.904,53024.367,1445.6227,11884.091,163624.78,2901654,9.7420001e+10,0.95365077,1.0431312,0.65625,1.519856,5.6299286,0.94552654,0.87520236,2.030581,328,2.1406648
6750241,146000,12000,154,6.0621581e+08,0.14204007,58.49968,15840.018,51054.277,1322.1711,36540.52,231586.42,3618588.5,1.17912e+11,0.69425344,1.3594464,0.46951219,0.9975633,10.966971,1.8418639,0.98844594,1.529052,328,2.1101654
6750242,146000,14000,157,6.1359814e+08,0.14298263,52.562805,14197.574,49086.605,1198.7195,36568.727,232223.05,3622730,1.15028e+11,0.6759758,1.3779001,0.47865853,0.99885964,11.160506,1.8743674,0.99181271,1.5198777,328,2.0999088
6750243,146000,16000,127,5.0190605e+08,0.20463954,73.6707,12907.009,47121.656,1075.2678,17661.838,175558.3,2558446.5,7.3368003e+10,0.94025749,1.0730557,0.66842103,1.5100291,5.6132722,0.94272912,0.87475699,2.0336392,328,2.1547487
6750244,146000,18000,125,4.894568e+08,0.2450085,72.533798,11331.933,45159.785,951.81622,9266.9951,158442.45,2443838.5,6.6931999e+10,0.96787095,1.02473,0.65789473,1.5161456,5.5802531,0.93718368,0.87387162,2.0397553,328,2.1520495
6750245,146000,20000,124,4.8675018e+08,0.25500175,69.285484,9528.4678,43201.414,828.36462,7597.4272,154876.81,2359642,6.1711999e+10,0.98216629,1.0008559,0.65263158,1.519047,5.5638885,0.93443531,0.87343156,2.0428135,328,2.1508467
6750246,146000,22000,124,4.8574211e+08,0.25874227,64.228333,7730.5806,41247.035,704.91302,7020.73,153593.95,2306258.2,5.7723998e+10,0.98465776,0.99530035,0.65263158,1.519047,5.5638885,0.93443531,0.87343156,2.0428135,328,2.1508467
6750247,146000,24000,124,4.854096e+08,0.25999105,56.069069,6017.9775,39297.246,581.46136,6831.8989,153172.19,2262117.5,5.4543999e+10,0.98465776,0.99530035,0.65263158,1.519047,5.5638885,0.93443531,0.87343156,2.0428135,328,2.1508467
6750248,146000,26000,124,4.8551968e+08,0.25963914,41.919113,4518.0938,37352.766,458.00977,6875.9312,153293.34,2233891.8,5.2364001e+10,0.98465776,0.99530035,0.65263158,1.519047,5.5638885,0.93443531,0.87343156,2.0428135,328,2.1508467
6750249,146000,28000,124,4.8610314e+08,0.25756112,17.20919,3527.9524,35414.473,334.55814,7176.8184,154002.94,2221673.2,5.1184001e+10,0.98465776,0.99530035,0.65263158,1.519047,5.5638885,0.93443531,0.87343156,2.0428135,328,2.1508467
6750250,146000,30000,124,4.8748918e+08,0.25249648,344.76224,3512.5508,34710.875,211.10652,7964.2983,155761.38,2225564.5,5.1003998e+10,0.98465776,0.99530035,0.65263158,1.519047,5.5638885,0.93443531,0.87343156,2.0428135,328,2.1508467
6750251,146000,32000,125,4.9102432e+08,0.23965874,320.27814,4477.9102,36692.367,87.654907,10183.884,160457.41,2256460.2,5.194e+10,0.97019356,1.0216806,0.65789473,1.5161456,5.5802531,0.93718368,0.87387162,2.0397553,328,2.1520495
6815769,148000,-4000,122,4.8111021e+08,0.27198282,87.705887,33062.844,66703.75,371.24432,5764.2925,149092.73,4141184.8,1.8695201e+11,0.99891615,0.97114855,0.64210528,1.5245404,5.531446,0.92898673,0.87255657,2.0489297,328,2.1487312
6815770,148000,-2000,122,4.8128365e+08,0.27156061,87.555771,31060.418,64703.754,2371.2444,5785.5347,149235.48,3914029,1.70988e+11,0.99891615,0.97114855,0.64210528,1.5245404,5.531446,0.92898673,0.87255657,2.0489297,328,2.1487312
6815771,148000,0,122,4.8150915e+08,0.27099228,87.384102,29056.73,62703.762,3108.1829,5818.9595,149426.89,3700596,1.5600801e+11,0.99891615,0.97114855,0.64210528,1.5245404,5.531446,0.92898673,0.87255657,2.0489297,328,2.1487312
6815772,148000,2000,123,4.8181715e+08,0.27018049,87.185493,27050.9,60703.773,3231.6345,5875.3677,149699.06,3511752.2,1.4212801e+11,0.99653471,0.97856814,0.64736843,1.5218451,5.5476198,0.93170309,0.87299323,2.0458715,328,2.1497409
6815773,148000,4000,123,4.8226874e+08,0.26891804,86.952049,25041.109,58703.781,3355.0862,5980.3091,150120.34,3323535.8,1.2908e+11,0.99653471,0.97856814,0.64736843,1.5218451,5.5476198,0.93170309,0.87299323,2.0458715,328,2.1497409
6815774,148000,6000,123,4.8300832e+08,0.26668248,86.6707,23022.953,56703.793,3478.5376,6205.6689,150863.78,3148129.8,1.17024e+11,0.99653471,0.97856814,0.64736843,1.5218451,5.5476198,0.93170309,0.87299323,2.0458715,328,2.1497409
6815775,148000,8000,124,4.8448224e+08,0.2617656,86.312515,20982.684,54706.211,3565.2607,6815.5898,152506.23,2993912.8,1.06032e+11,0.98216629,0.99904186,0.65263158,1.519047,5.5638885,0.93443531,0.87343156,2.0428135,328,2.1508467
6815776,148000,10000,125,4.8911046e+08,0.24503076,85.736717,18846.342,52723.102,3441.8091,9446.3438,158379.19,2851825.5,9.6019997e+10,0.96774191,1.0208455,0.65445024,1.5194852,5.596714,0.9399482,0.87431341,2.0366971,328,2.1457353
6815777,148000,12000,154,6.0698477e+08,0.14242941,64.811691,14886.248,50741.312,3318.3574,36492.758,231416.33,3520717.8,1.13332e+11,0.69425344,1.3594464,0.46951219,0.9975633,10.966971,1.8418639,0.98844594,1.529052,328,2.1101654
6815778,148000,14000,157,6.1498566e+08,0.14347644,59.072182,13075.128,48761.016,3194.9058,36523.492,232085.03,3516902.8,1.0998e+11,0.6759758,1.3779001,0.47865853,0.99885964,11.160506,1.8743674,0.99181271,1.5198777,328,2.0999088
6815779,148000,16000,126,4.9347814e+08,0.23016693,83.397507,12729.059,46782.395,3071.4541,12148.633,164141.14,2498344.2,7.1872004e+10,0.95390475,1.0491836,0.66315788,1.5131398,5.596714,0.9399482,0.87431341,2.0366971,328,2.1533499
6815780,148000,18000,124,4.8625088e+08,0.25604728,82.855225,10980.044,44805.668,2948.0024,7551.3716,154480.98,2389027.5,6.5592001e+10,0.98216629,1.0008559,0.65263158,1.519047,5.5638885,0.93443531,0.87343156,2.0428135,328,2.1508467
6815781,148000,20000,123,4.8457773e+08,0.26213288,81.431061,9061.3164,42831.105,2824.551,6656.835,152414.36,2305404.2,6.0408001e+10,0.99653471,0.97856814,0.64736843,1.5218451,5.5476198,0.93170309,0.87299323,2.0458715,328,2.1497409
6815782,148000,22000,123,4.8396102e+08,0.26430777,79.107765,7120.5024,40859.02,2701.0994,6363.8535,151689.38,2246091.8,5.6288002e+10,0.99653471,0.97856814,0.64736843,1.5218451,5.5476198,0.93170309,0.87299323,2.0458715,328,2.1497409
6815783,148000,24000,123,4.8378355e+08,0.26494712,74.982819,5190.541,38889.781,2577.6477,6277.2656,151478.47,2202650.8,5.3160002e+10,0.99653471,0.97856814,0.64736843,1.5218451,5.5476198,0.93170309,0.87299323,2.0458715,328,2.1497409
6815784,148000,26000,124,4.8390896e+08,0.26456848,66.033951,3316.5427,36923.852,2454.196,6317.4268,151606.47,2186764.5,5.1159998e+10,0.98465776,0.99530035,0.65263158,1.519047,5.5638885,0.93443531,0.87343156,2.0428135,328,2.1508467
6815785,148000,28000,124,4.8437613e+08,0.26301357,37.775127,1711.7677,34961.789,2330.7444,6511.0083,152127.31,2173445.5,4.9979998e+10,0.98465776,0.99530035,0.65263158,1.519047,5.5638885,0.93443531,0.87343156,2.0428135,328,2.1508467
6815786,148000,30000,124,4.8544778e+08,0.25925329,325.8392,1651.1171,34643.809,2207.2927,7028.9746,153396,2176120.5,4.9799999e+10,0.98465776,0.99530035,0.65263158,1.519047,5.5638885,0.93443531,0.87343156,2.0428135,328,2.1508467
6815787,148000,32000,124,4.8820246e+08,0.24918807,295.99475,3203.8042,36628.926,2083.8413,8609.8662,156906.62,2194700,5.0619998e+10,0.98465776,0.99530035,0.65263158,1.519047,5.5638885,0.93443531,0.87343156,2.0428135,328,2.1508467
6815788,148000,34000,128,5.0256851e+08,0.20255297,290.07346,4976.1411,38615.582,1960.3895,18216.107,176576.64,2273297.5,5.2960002e+10,0.92814958,1.1084229,0.67368424,1.5068125,5.6299286,0.94552654,0.87520236,2.030581,328,2.1562469
6815789,148000,36000,150,6.0023706e+08,0.14160644,316.84262,8534.5127,45932.512,1836.938,19494.166,230794.17,2953366.5,7.5635999e+10,0.71185684,1.5533457,0.4601227,1.0434076,10.599363,1.7801254,0.98194939,1.5474006,328,2.0845423
6815790,148000,38000,149,5.8448538e+08,0.13821594,305.0011,9788.5576,46219.805,1713.4863,57842.145,230522.17,3023358.8,8.1076003e+10,0.71839291,1.4907103,0.45705521,1.0427002,10.540478,1.7702358,0.98089594,1.5504587,328,2.0881662
6815791,148000,40000,125,4.9158262e+08,0.23669127,277.68091,10934.357,44582.711,1590.0347,10887.254,161551.91,2419731.5,6.3979999e+10,0.97019356,1.0216806,0.65789473,1.5161456,5.5802531,0.93718368,0.87387162,2.0397553,328,2.1520495
6815792,148000,42000,124,4.8653744e+08,0.25479054,276.11868,12972.433,46573.633,1466.5831,7776.7632,154907.12,2497372,6.9719998e+10,0.98465776,0.99530035,0.65263158,1.519047,5.5638885,0.93443531,0.87343156,2.0428135,328,2.1508467
6815793,148000,44000,124,4.8475149e+08,0.26115423,275.20956,14981.985,48565.297,1343.1315,6847.7881,152727.06,2596832,7.6540002e+10,0.98465776,0.99530035,0.65263158,1.519047,5.5638885,0.93443531,0.87343156,2.0428135,328,2.1508467
6815794,148000,46000,124,4.8382768e+08,0.26428285,274.55875,16984.43,50557.621,1219.6798,6443.5171,151675.62,2709422.2,8.4360004e+10,0.98465776,0.99530035,0.65263158,1.519047,5.5638885,0.93443531,0.87343156,2.0428135,328,2.1508467
6815795,148000,48000,124,4.832583e+08,0.26611319,274.05942,18984.455,52550.531,1096.2283,6230.8989,151064.14,2835608.2,9.3180002e+10,0.98465776,0.99530035,0.65263158,1.519047,5.5638885,0.93443531,0.87343156,2.0428135,328,2.1508467
6815796,148000,50000,124,4.8286963e+08,0.26730701,273.66138,20983.551,54543.957,972.77661,6104.8311,150665.81,2975955,1.03e+11,0.98465776,0.99530035,0.65263158,1.519047,5.5638885,0.93443531,0.87343156,2.0428135,328,2.1508467
6815797,148000,52000,124,4.8258602e+08,0.26814565,273.33566,22982.291,56537.848,849.32501,6023.5483,150385.83,3130934.5,1.1382e+11,0.98465776,0.99530035,0.65263158,1.519047,5.5638885,0.93443531,0.87343156,2.0428135,328,2.1508467
6815798,148000,54000,123,4.8236899e+08,0.26876721,273.06378,24980.924,58532.156,725.87341,5967.793,150178.06,3281845,1.2528e+11,0.99653471,0.97856814,0.64736843,1.5218451,5.5476198,0.93170309,0.87299323,2.0458715,328,2.1497409
6815799,148000,56000,123,4.8219709e+08,0.26924676,272.83322,26979.555,60526.836,602.42175,5927.6846,150017.52,3464797,1.3802399e+11,0.99653471,0.97856814,0.64736843,1.5218451,5.5476198,0.93170309,0.87299323,2.0458715,328,2.1497409
6815800,148000,58000,123,4.8205715e+08,0.26962849,272.63513,28978.236,62521.859,478.97015,5897.728,149889.53,3662579.2,1.5175999e+11,0.99653471,0.97856814,0.64736843,1.5218451,5.5476198,0.93170309,0.87299323,2.0458715,328,2.1497409
6815801,148000,60000,123,4.819408e+08,0.2699399,272.46304,30976.99,64517.191,355.51852,5874.6641,149784.97,3874794.8,1.66488e+11,0.99653471,0.97856814,0.64736843,1.5218451,5.5476198,0.93170309,0.87299323,2.0458715,328,2.1497409
6815802,148000,62000,123,4.8184237e+08,0.27019915,272.31216,32975.82,66512.805,232.06691,5856.457,149697.81,4100538,1.82208e+11,0.99653471,0.97856814,0.64736843,1.5218451,5.5476198,0.93170309,0.87299323,2.0458715,328,2.1497409
6881305,150000,-4000,122,4.8038746e+08,0.27360937,91.181076,33056.77,66739.391,371.24432,5715.0679,148537.22,4151710,1.8677999e+11,0.99891615,0.97114855,0.64210528,1.5245404,5.531446,0.92898673,0.87255657,2.0489297,328,2.1487312
6881306,150000,-2000,122,4.8047584e+08,0.27341905,91.256172,31055.238,64740.496,988.54492,5718.502,148602.56,3926005,1.70816e+11,0.99891615,0.97114855,0.64210528,1.5245404,5.531446,0.92898673,0.87255657,2.0489297,328,2.1487312
6881307,150000,0,122,4.8059027e+08,0.27316767,91.341339,29053.021,62741.676,1111.9966,5724.4141,148688.62,3712907.2,1.5583601e+11,0.99891615,0.97114855,0.64210528,1.5245404,5.531446,0.92898673,0.87255657,2.0489297,328,2.1487312
6881308,150000,2000,122,4.8074589e+08,0.27281603,91.438622,27049.656,60742.934,1235.4481,5735.2671,148808.52,3512824.8,1.4184001e+11,0.99891615,0.97114855,0.64210528,1.5245404,5.531446,0.92898673,0.87255657,2.0489297,328,2.1487312
6881309,150000,4000,122,4.809735e+08,0.27228078,91.550545,25044.186,58744.277,1358.8998,5757.2827,148989.97,3325605,1.28828e+11,0.99891615,0.97114855,0.64210528,1.5245404,5.531446,0.92898673,0.87255657,2.0489297,328,2.1487312
6881310,150000,6000,122,4.813465e+08,0.27134791,91.67984,23034.268,56745.715,1482.3514,5809.7358,149303.7,3150969.5,1.168e+11,0.99891615,0.97114855,0.64210528,1.5245404,5.531446,0.92898673,0.87255657,2.0489297,328,2.1487312
6881311,150000,8000,123,4.8209677e+08,0.26926973,91.827408,21012.428,54747.258,1605.803,5975.9414,149995.52,2993191.5,1.05776e+11,0.99653471,0.97856814,0.64736843,1.5218451,5.5476198,0.93170309,0.87299323,2.0458715,328,2.1497409
6881312,150000,10000,124,4.8455645e+08,0.261125,91.96624,18935.506,52748.918,1729.2546,6962.2388,152704.88,2847267.5,9.5735996e+10,0.98216629,0.99904186,0.65263158,1.519047,5.5638885,0.93443531,0.87343156,2.0428135,328,2.1508467
6881313,150000,12000,154,6.0793766e+08,0.14281528,71.844421,14134.536,50750.711,1879.9128,36465.895,231284.81,3462791.8,1.09992e+11,0.69425344,1.3594464,0.46951219,0.9975633,10.966971,1.8418639,0.98844594,1.529052,328,2.1101654
6881314,150000,14000,158,6.1667987e+08,0.1439722,66.600861,12148.978,48752.648,2048.6465,36507.414,232004.02,3489922.2,1.07676e+11,0.6699186,1.3834959,0.4817073,0.9991836,11.226544,1.8854582,0.99295336,1.5168196,328,2.0965805
6881315,150000,16000,124,4.8640253e+08,0.25468245,92.812637,12877.318,46754.75,2099.6094,7882.6616,154918.52,2477652.5,7.1471997e+10,0.98216629,1.0008559,0.65263158,1.519047,5.5638885,0.93443531,0.87343156,2.0428135,328,2.1508467
6881316,150000,18000,123,4.8323382e+08,0.26600298,93.449318,10993.888,44757.043,2223.061,6275.5107,151091.61,2379999.5,6.5336001e+10,0.99653471,0.97856814,0.64736843,1.5218451,5.5476198,0.93170309,0.87299323,2.0458715,328,2.1497409
6881317,150000,20000,123,4.8247091e+08,0.26845711,94.235565,9030.0635,42759.547,2346.5127,5998.9839,150280.64,2303876.8,6.0224e+10,0.99653471,0.97856814,0.64736843,1.5218451,5.5476198,0.93170309,0.87299323,2.0458715,328,2.1497409
6881318,150000,22000,123,4.8220714e+08,0.2692714,95.437973,7053.1421,40762.297,2469.9644,5915.334,150012.22,2243631.8,5.6104002e+10,0.99653471,0.97856814,0.64736843,1.5218451,5.5476198,0.93170309,0.87299323,2.0458715,328,2.1497409
6881319,150000,24000,123,4.8216509e+08,0.26942244,97.563141,5076.5142,38765.332,2593.416,5896.1987,149963.62,2199246.2,5.2976001e+10,0.99653471,0.97856814,0.64736843,1.5218451,5.5476198,0.93170309,0.87299323,2.0458715,328,2.1497409
6881320,150000,26000,123,4.8229018e+08,0.26908922,102.35886,3114.0103,36768.695,2716.8677,5920.8652,150075.92,2170677.2,5.0839998e+10,0.99653471,0.97856814,0.64736843,1.5218451,5.5476198,0.93170309,0.87299323,2.0458715,328,2.1497409
6881321,150000,28000,123,4.8262125e+08,0.26813129,122.20857,1243.6633,34772.449,2840.3191,6008.3711,150395.34,2157840,4.9695998e+10,0.99653471,0.97856814,0.64736843,1.5218451,5.5476198,0.93170309,0.87299323,2.0458715,328,2.1497409
6881322,150000,30000,124,4.833392e+08,0.26588717,234.91798,1139.792,34950.566,2963.7708,6251.0708,151140.98,2167775,4.9595998e+10,0.98465776,0.99530035,0.65263158,1.519047,5.5638885,0.93443531,0.87343156,2.0428135,328,2.1508467
6881323,150000,32000,124,4.8518582e+08,0.25950411,257.68741,2969.8616,36919.195,3087.2224,7096.9697,153280.48,2184146.5,5.0416001e+10,0.98465776,0.99530035,0.65263158,1.519047,5.5638885,0.93443531,0.87343156,2.0428135,328,2.1508467
6881324,150000,34000,126,4.9581526e+08,0.22218196,264.5878,4766.3579,38891.027,3210.6741,13830.049,167459.77,2229960.5,5.2344001e+10,0.95580953,1.0503156,0.66315788,1.5131398,5.596714,0.9399482,0.87431341,2.0366971,328,2.1533499
6881325,150000,36000,151,6.004912e+08,0.14195281,306.20847,7218.2549,43932.816,3519.74,19443.521,230561.22,2926362.5,7.4448003e+10,0.70490068,1.5590396,0.4631902,1.0440603,10.65891,1.7901261,0.98301101,1.5443425,328,2.0809643
6881326,150000,38000,140,5.4314842e+08,0.13080639,280.95535,8503.8711,44260.578,3457.5774,57918.941,228428.2,2685820,6.9295997e+10,0.79075027,1.3694842,0.42944786,1.0338649,10.03855,1.6859388,0.97176576,1.5779817,328,2.1228602
6881327,150000,40000,124,4.8708838e+08,0.25235814,266.80396,10895.243,44821.5,3581.0288,8223.6895,155740,2392947.8,6.3695999e+10,0.98465776,0.99530035,0.65263158,1.519047,5.5638885,0.93443531,0.87343156,2.0428135,328,2.1508467
6881328,150000,42000,124,4.8416502e+08,0.26288167,267.14096,12931.637,46802.262,3462.7693,6663.8945,152132.33,2478452.5,6.9516001e+10,0.98465776,0.99530035,0.65263158,1.519047,5.5638885,0.93443531,0.87343156,2.0428135,328,2.1508467
6881329,150000,44000,124,4.8309498e+08,0.2664443,267.4809,14943.294,48784.598,3339.3179,6225.9058,150944.73,2576694.2,7.6335997e+10,0.98465776,0.99530035,0.65263158,1.519047,5.5638885,0.93443531,0.87343156,2.0428135,328,2.1508467
6881330,150000,46000,124,4.825353e+08,0.26817545,267.7597,16948.48,50768.316,3215.8662,6042.8174,150369.56,2687892.8,8.4155998e+10,0.98465776,0.99530035,0.65263158,1.519047,5.5638885,0.93443531,0.87343156,2.0428135,328,2.1508467
6881331,150000,48000,123,4.821888e+08,0.26918823,267.9863,18951.156,52753.262,3092.4146,5948.5068,150032.55,2800023.8,9.2815999e+10,0.99653471,0.97856814,0.64736843,1.5218451,5.5476198,0.93170309,0.87299323,2.0458715,328,2.1497409
6881332,150000,50000,123,4.8195197e+08,0.26985148,268.17255,20952.648,54739.309,2968.9629,5893.1289,149811.25,2937355.2,1.02584e+11,0.99653471,0.97856814,0.64736843,1.5218451,5.5476198,0.93170309,0.87299323,2.0458715,328,2.1497409
6881333,150000,52000,123,4.817791e+08,0.27031976,268.32791,22953.514,56726.332,2845.5112,5857.5566,149654.58,3089783,1.13344e+11,0.99653471,0.97856814,0.64736843,1.5218451,5.5476198,0.93170309,0.87299323,2.0458715,328,2.1497409
6881334,150000,54000,123,4.8164694e+08,0.27066851,268.45923,24954.021,58714.238,2722.0596,5833.1655,149537.62,3257616,1.25096e+11,0.99653471,0.97856814,0.64736843,1.5218451,5.5476198,0.93170309,0.87299323,2.0458715,328,2.1497409
6881335,150000,56000,123,4.815424e+08,0.27093878,268.57159,26954.312,60702.938,2598.6082,5815.5933,149446.8,3440941.8,1.3784e+11,0.99653471,0.97856814,0.64736843,1.5218451,5.5476198,0.93170309,0.87299323,2.0458715,328,2.1497409
6881336,150000,58000,123,4.8145741e+08,0.2711547,268.66879,28954.469,62692.355,2475.1565,5802.4346,149374.09,3639694.5,1.51576e+11,0.99653471,0.97856814,0.64736843,1.5218451,5.5476198,0.93170309,0.87299323,2.0458715,328,2.1497409
6881337,150000,60000,123,4.8138685e+08,0.2713314,268.75366,30954.537,64682.43,2351.7048,5792.2705,149314.5,3853605.5,1.6630401e+11,0.99653471,0.97856814,0.64736843,1.5218451,5.5476198,0.93170309,0.87299323,2.0458715,328,2.1497409
6881338,150000,62000,123,4.8132723e+08,0.27147889,268.82843,32954.547,66673.094,567.01917,5784.2183,149264.7,4081916.8,1.82024e+11,0.99653471,0.97856814,0.64736843,1.5218451,5.5476198,0.93170309,0.87299323,2.0458715,328,2.1497409
6946849,152000,12000,136,4.9860637e+08,0.12452172,76.092278,12959.575,50876.227,442.12384,98759.703,224316.53,2971236.2,9.1144004e+10,0.67124182,1.2105041,0.41463414,0.97949588,9.9334345,1.668285,0.96981817,1.5840979,328,2.1803427
6946850,152000,14000,151,5.6250374e+08,0.13405988,70.896545,9553.1289,48883.297,416.68988,97638.461,229624.5,3168448,9.2552004e+10,0.65403974,1.3227688,0.46036586,0.99577963,10.780034,1.8104684,0.98515928,1.5382262,328,2.1208301
6946851,152000,16000,123,4.803607e+08,0.27365917,101.61527,13319.563,46890.965,103.42319,5716.1572,148519.56,2512853.2,7.2248001e+10,0.99653471,0.97856814,0.64736843,1.5218451,5.5476198,0.93170309,0.87299323,2.0458715,328,2.1497409
6946852,152000,18000,123,4.8038522e+08,0.27361041,103.6432,11368.376,44899.316,226.87482,5716.0039,148536.59,2420347.2,6.6144002e+10,0.99653471,0.97856814,0.64736843,1.5218451,5.5476198,0.93170309,0.87299323,2.0458715,328,2.1497409
6946853,152000,20000,123,4.8042458e+08,0.27352968,106.50545,9437.2139,42908.449,350.32645,5716.4463,148564.59,2343668,6.1032002e+10,0.99653471,0.97856814,0.64736843,1.5218451,5.5476198,0.93170309,0.87299323,2.0458715,328,2.1497409
6946854,152000,22000,123,4.8047824e+08,0.27341771,110.82103,7541.7378,40918.469,473.77805,5717.5679,148603.3,2282771.5,5.6911999e+10,0.99653471,0.97856814,0.64736843,1.5218451,5.5476198,0.93170309,0.87299323,2.0458715,328,2.1497409
6946855,152000,24000,123,4.8055274e+08,0.27325925,117.95318,5717.4766,38929.512,597.22968,5719.9834,148657.92,2237595.8,5.3783998e+10,0.99653471,0.97856814,0.64736843,1.5218451,5.5476198,0.93170309,0.87299323,2.0458715,328,2.1497409
6946856,152000,26000,123,4.8066186e+08,0.2730211,131.276,4061.1909,36941.754,720.68127,5725.2549,148739.61,2208047.5,5.1648e+10,0.99653471,0.97856814,0.64736843,1.5218451,5.5476198,0.93170309,0.87299323,2.0458715,328,2.1497409
6946857,152000,28000,123,4.8083603e+08,0.27262625,158.49707,2877.877,34955.387,844.13293,5737.877,148874.25,2193980.5,5.0503999e+10,0.99653471,0.97856814,0.64736843,1.5218451,5.5476198,0.93170309,0.87299323,2.0458715,328,2.1497409
6946858,152000,30000,123,4.8115731e+08,0.27185199,199.36583,2835.063,35367.934,967.58453,5774.4653,149135.91,2195154.8,5.0352001e+10,0.99653471,0.97856814,0.64736843,1.5218451,5.5476198,0.93170309,0.87299323,2.0458715,328,2.1497409
6946859,152000,32000,123,4.8194691e+08,0.26971644,227.6685,3960.51,37314.551,1091.0361,5933.3687,149847.95,2211184.2,5.1192001e+10,0.99653471,0.97856814,0.64736843,1.5218451,5.5476198,0.93170309,0.87299323,2.0458715,328,2.1497409
6946860,152000,34000,124,4.8696995e+08,0.25224867,241.76314,5507.1016,39266.531,1214.4878,8321.501,155754.84,2244337.8,5.3032002e+10,0.98465776,0.99530035,0.65263158,1.519047,5.5638885,0.93443531,0.87343156,2.0428135,328,2.1508467
6946861,152000,36000,151,6.0084243e+08,0.14227159,291.66003,6252.1792,41941.816,1831.934,19418.832,230370.11,2899038.5,7.2695996e+10,0.70490068,1.5590396,0.4631902,1.0440603,10.65891,1.7901261,0.98301101,1.5443425,328,2.0809643
6946862,152000,38000,125,4.954969e+08,0.22253616,254.36449,9095.1104,43183.684,1461.391,13866.019,167272.72,2349852.8,5.9691999e+10,0.97019356,1.0216806,0.65789473,1.5161456,5.5802531,0.93718368,0.87387162,2.0397553,328,2.1520495
6946863,152000,40000,124,4.8302826e+08,0.26635787,256.32504,11234.989,45147.707,1584.8427,6286.7168,150958.8,2416810.2,6.4491999e+10,0.98465776,0.99530035,0.65263158,1.519047,5.5638885,0.93443531,0.87343156,2.0428135,328,2.1508467
6946864,152000,42000,123,4.8191197e+08,0.26981696,258.34402,13203.779,47114.758,1708.2942,5924.5005,149814.61,2494625.8,7.0272e+10,0.99653471,0.97856814,0.64736843,1.5218451,5.5476198,0.93170309,0.87299323,2.0458715,328,2.1497409
6946865,152000,44000,123,4.8149405e+08,0.27097923,259.85938,15174.186,49084.473,1831.7458,5830.7896,149428.14,2589329,7.7064004e+10,0.99653471,0.97856814,0.64736843,1.5218451,5.5476198,0.93170309,0.87299323,2.0458715,328,2.1497409
6946866,152000,46000,123,4.812753e+08,0.27155286,261.03094,17149.803,51056.543,1955.1975,5792.2144,149236.31,2696553.2,8.4848001e+10,0.99653471,0.97856814,0.64736843,1.5218451,5.5476198,0.93170309,0.87299323,2.0458715,328,2.1497409
6946867,152000,48000,123,4.811407e+08,0.27189308,261.96207,19129.869,53030.703,2078.6492,5772.2383,149122.06,2817038.8,9.3624001e+10,0.99653471,0.97856814,0.64736843,1.5218451,5.5476198,0.93170309,0.87299323,2.0458715,328,2.1497409
6946868,152000,50000,123,4.8104957e+08,0.27211788,262.71924,21113.404,55006.73,2202.1008,5760.3716,149046.34,2952379.2,1.03392e+11,0.99653471,0.97856814,0.64736843,1.5218451,5.5476198,0.93170309,0.87299323,2.0458715,328,2.1497409
6946869,152000,52000,123,4.8098374e+08,0.2722773,263.34677,23099.627,56984.43,2325.5522,5752.6475,148992.5,3103329,1.14152e+11,0.99653471,0.97856814,0.64736843,1.5218451,5.5476198,0.93170309,0.87299323,2.0458715,328,2.1497409
6946870,152000,54000,123,4.8093395e+08,0.27239621,263.87515,25087.947,58963.637,2449.0039,5747.2832,148952.27,3270025.5,1.25904e+11,0.99653471,0.97856814,0.64736843,1.5218451,5.5476198,0.93170309,0.87299323,2.0458715,328,2.1497409
6946871,152000,56000,123,4.8089501e+08,0.2724883,264.32608,27077.932,60944.199,2572.4556,5743.3716,148921.08,3452439,1.3864799e+11,0.99653471,0.97856814,0.64736843,1.5218451,5.5476198,0.93170309,0.87299323,2.0458715,328,2.1497409
6946872,152000,58000,123,4.8086371e+08,0.27256167,264.71536,29069.254,62925.992,2695.9072,5740.4106,148896.17,3650434.5,1.52384e+11,0.99653471,0.97856814,0.64736843,1.5218451,5.5476198,0.93170309,0.87299323,2.0458715,328,2.1497409
6946873,152000,60000,123,4.8083798e+08,0.27262154,265.05478,31061.666,64908.898,2439.7539,5738.1016,148875.84,3863701.2,1.67112e+11,0.99653471,0.97856814,0.64736843,1.5218451,5.5476198,0.93170309,0.87299323,2.0458715,328,2.1497409
6946874,152000,62000,123,4.8081648e+08,0.27267128,265.35333,33054.977,66892.828,443.56754,5736.2554,148858.94,4091454.2,1.8283201e+11,0.99653471,0.97856814,0.64736843,1.5218451,5.5476198,0.93170309,0.87299323,2.0458715,328,2.1497409
7012385,154000,12000,45,1.8567282e+08,0.17250448,3.1824312,12185.55,38593.512,565.57544,51524.371,116299.78,753401.06,1.9008e+10,0.81313133,0.46506619,0.14563107,0.88501316,6.3032756,1.0586128,0.89252704,1.9204893,328,2.5606329
7012386,154000,14000,49,1.9854426e+08,0.17702922,347.26999,13202.578,38883.684,293.23825,52543.758,118716.51,899325.31,2.4248001e+10,0.78911567,0.4891189,0.15857606,0.91527295,6.3881683,1.0728703,0.89462411,1.9082569,328,2.5224454
7012397,154000,36000,60,2.5322904e+08,0.13588324,358.16348,7015.6606,39960.031,1374.8109,50799.625,153030.75,840928.5,1.7451999e+10,0.56610167,0.82129592,0.19354838,0.97849065,6.6571436,1.1180437,0.90115172,1.8715596,328,2.4334936
7012403,154000,48000,121,4.8011331e+08,0.27418005,256.11469,19514.521,53381.684,82.462814,5710.0967,148340.2,2801613.2,9.2964004e+10,1,0.96445829,0.64021164,1.5239626,5.4993796,0.92360127,0.87168843,2.0550458,328,2.1539295
7012404,154000,50000,121,4.8016205e+08,0.27408051,257.39709,21461.352,55345.18,205.91443,5710.4355,148374.67,2930806.8,1.02444e+11,1,0.96445829,0.64021164,1.5239626,5.4993796,0.92360127,0.87168843,2.0550458,328,2.1539295
7012405,154000,52000,121,4.8019962e+08,0.27400318,258.46558,23417.242,57311.203,329.36606,5710.8467,148401.41,3075861,1.129e+11,1,0.96445829,0.64021164,1.5239626,5.4993796,0.92360127,0.87168843,2.0550458,328,2.1539295
7012406,154000,54000,121,4.8022982e+08,0.27394077,259.36896,25380.07,59279.5,452.81766,5711.2632,148422.98,3236642,1.24332e+11,1,0.96445829,0.64021164,1.5239626,5.4993796,0.92360127,0.87168843,2.0550458,328,2.1539295
7012407,154000,56000,121,4.8025482e+08,0.27388895,260.1424,27348.33,61249.848,576.26929,5711.6611,148440.89,3412965,1.3674e+11,1,0.96445829,0.64021164,1.5239626,5.4993796,0.92360127,0.87168843,2.0550458,328,2.1539295
7012408,154000,58000,121,4.8027594e+08,0.27384499,260.81186,29320.918,63222.059,699.72089,5712.0337,148456.06,3604541.5,1.50124e+11,1,0.96445829,0.64021164,1.5239626,5.4993796,0.92360127,0.87168843,2.0550458,328,2.1539295
7012409,154000,60000,121,4.8029414e+08,0.27380711,261.39679,31297.01,65195.965,823.17255,5712.3794,148469.16,3810868.2,1.6448401e+11,1,0.96445829,0.64021164,1.5239626,5.4993796,0.92360127,0.87168843,2.0550458,328,2.1539295
7012410,154000,62000,121,4.8031002e+08,0.27377397,261.91214,33275.977,67171.414,320.11591,5712.6997,148480.58,4030968,1.7982e+11,1,0.96445829,0.64021164,1.5239626,5.4993796,0.92360127,0.87168843,2.0550458,328,2.1539295
7077921,156000,12000,42,1.7140827e+08,0.18000911,0.86260748,12244.388,36598.742,689.0271,48982.098,109388.98,692939.44,1.6572e+10,0.89314753,0.43928534,0.13592233,0.86111903,6.2410722,1.0481659,0.89097875,1.9296637,328,2.590399
7077922,156000,14000,46,1.8417411e+08,0.18762206,348.34973,13501.782,36987.285,169.78664,49571.43,111065.02,848519.25,2.1952e+10,0.87922704,0.46137786,0.14886731,0.89274532,6.3242865,1.0621415,0.89304775,1.9174312,328,2.5509293
7077933,156000,36000,38,1.7044254e+08,0.17123123,355.61169,11299.893,37982.57,1356.7374,32851.465,111841.37,609439.44,1.3988e+10,0.77382648,0.63197696,0.12258065,0.81570864,6.1800847,1.0379233,0.88945097,1.9388379,328,2.6403494
7143457,158000,12000,41,1.684932e+08,0.18310931,0.049636338,11262.987,34605.168,812.4787,48426.859,107532.79,652374.69,1.4532e+10,0.92439026,0.43070459,0.13268608,0.85291421,6.2206097,1.0447294,0.89046723,1.9327217,328,2.6005473
7143458,158000,14000,45,1.828288e+08,0.19261904,347.25427,12698.2,35131.094,46.335018,48943.758,109213.83,800837.81,1.9371999e+10,0.89393938,0.45334095,0.14563107,0.88501316,6.3032756,1.0586128,0.89252704,1.9204893,328,2.5606329
7143469,158000,36000,35,1.5975762e+08,0.17394318,354.7858,10857.707,36011.004,1233.2859,31588.885,107431.59,549234.31,1.1972e+10,0.86890757,0.60572129,0.11290322,0.78909683,6.1202774,1.0278789,0.88794315,1.9480122,328,2.6727076
7208993,160000,12000,42,1.6924938e+08,0.1859946,359.37451,10012.179,32613.25,935.9303,48248.859,106934.61,680237.88,1.4759999e+10,0.94308943,0.43415961,0.13592233,0.86111903,6.2410722,1.0481659,0.89097875,1.9296637,328,2.590399
7209005,160000,36000,34,1.564336e+08,0.17498158,353.7193,9664.9482,34047.695,1109.8342,31276.096,105992.16,507190.47,1.0356e+10,0.9073084,0.59694451,0.10967742,0.77994639,6.1005979,1.0245738,0.88744497,1.9510703,328,2.6837597
7274529,162000,12000,42,1.7243525e+08,0.18952511,358.50748,8711.1602,30623.697,1059.382,48201.633,106926.31,667394.62,1.3656001e+10,0.96631825,0.43184116,0.13592233,0.86111903,6.2410722,1.0481659,0.89097875,1.9296637,328,2.590399
7274541,162000,36000,35,1.5561664e+08,0.1759834,352.20663,8242.3857,32096.367,986.38263,31169.498,105413.71,501908.78,9.68e+09,0.89075631,0.60384542,0.11290322,0.78909683,6.1202774,1.0278789,0.88794315,1.9480122,328,2.6727076
7340065,164000,12000,43,1.7828398e+08,0.19428205,357.12906,7479.0684,28675.977,1182.8335,48236.984,107385.28,667558.38,1.2807999e+10,0.9545958,0.43807667,0.13915858,0.86920226,6.2616701,1.0516253,0.89149255,1.9266055,328,2.5803657
7340077,164000,36000,34,1.5619792e+08,0.17722002,349.92401,6751.3242,30163.145,862.93097,31140.672,105241.29,458582.66,8.3399997e+09,0.92869878,0.59519261,0.10967742,0.77994639,6.1005979,1.0245738,0.88744497,1.9510703,328,2.6837597
7405601,166000,12000,45,1.8822771e+08,0.20112374,354.67227,6438.7129,26879.037,1306.2852,48381.922,108446.38,692694.5,1.2772e+10,0.92727274,0.45064005,0.14563107,0.88501316,6.3032756,1.0586128,0.89252704,1.9204893,328,2.5606329
7405612,166000,34000,30,1.4318566e+08,0.16856736,19.439304,3519.7292,27961.248,119.33434,31053.107,103316.09,343613.19,5.3080003e+09,0.96321839,0.56842756,0.096774191,0.7418465,6.0231299,1.0115633,0.88547343,1.9633027,328,2.7293968
7405613,166000,36000,33,1.5791832e+08,0.17881767,346.21582,5276.1177,28258.725,739.47937,31159.57,105345.49,418467.25,7.2199997e+09,0.94886363,0.58715844,0.10645162,0.77065015,6.0810447,1.0212899,0.88694888,1.9541284,328,2.6949506
7471137,168000,12000,51,2.0635613e+08,0.21170846,349.99655,5801.6206,25363.137,1425.2632,48793.145,110673.72,769141.94,1.3596e+10,0.85882354,0.49241874,0.16504854,0.92975289,6.431478,1.0801439,0.89568704,1.9021406,328,2.5039592
7471148,168000,34000,30,1.4366325e+08,0.16939501,35.010521,1956.3728,25964.389,242.78596,31005.871,103235.12,333418.56,5.08e+09,0.96321839,0.56842756,0.096774191,0.7418465,6.0231299,1.0115633,0.88547343,1.9633027,328,2.7293968
7471149,168000,36000,35,1.6089891e+08,0.18091784,339.61487,3895.5139,26403.205,616.02777,31227.678,105716.02,440572.09,7.456e+09,0.90084034,0.60108066,0.11290322,0.78909683,6.1202774,1.0278789,0.88794315,1.9480122,328,2.6727076
7536673,170000,12000,60,2.4718589e+08,0.22935358,340.71741,6115.0493,25369.205,1301.8116,50275.398,116376.16,903966.5,1.5792e+10,0.80169493,0.54824913,0.19417475,0.98995191,6.6338673,1.1141344,0.90059364,1.8746177,328,2.4253798
7536684,170000,34000,32,1.4484915e+08,0.17056489,93.975616,1071.3413,24180.982,366.23758,30982.35,103304.23,373375.12,5.992e+09,0.95766127,0.58147979,0.1032258,0.76120424,6.0616164,1.0180269,0.88645494,1.9571866,328,2.7062843
7536685,170000,36000,36,1.6563e+08,0.18373366,326.76678,2737.0747,24638.166,492.57614,31372.418,106433.92,446126.69,7.3639997e+09,0.87777776,0.60793489,0.11612903,0.79810506,6.1400843,1.0312053,0.88844359,1.9449542,328,2.6617908
7602209,172000,12000,90,3.575248e+08,0.2832346,322.88925,7778.4736,27367.26,1178.36,46089.316,125946.14,1352759.8,2.3367999e+10,0.76254684,0.73447573,0.29126215,1.1407872,7.4112735,1.2446971,0.91859102,1.7828746,328,2.2090161
7602220,172000,34000,33,1.4709856e+08,0.17234221,148.90506,1933.1149,26120.068,489.68921,30982.223,103565.08,391213.31,6.36e+09,0.94696969,0.58824074,0.10645162,0.77065015,6.0810447,1.0212899,0.88694888,1.9541284,328,2.6949506
7602221,172000,36000,36,1.7326997e+08,0.18760389,303.15283,2062.9451,26019.91,369.12451,31673.262,107732.23,429816.41,6.76e+09,0.86031747,0.60747349,0.11612903,0.79810506,6.1400843,1.0312053,0.88844359,1.9449542,328,2.6617908
7667737,174000,-4000,151,6.1317722e+08,0.49096024,58.399414,20141.152,49365.734,371.24432,32844.844,125277.99,3169174.2,8.3627999e+10,0.96785873,0.92674404,0.69585252,1.5071738,6.6107526,1.1102524,0.90003818,1.8776759,328,2.0269978
7667738,174000,-2000,149,6.0394054e+08,0.49331725,54.658508,18289.863,47229.992,1675.6906,32682.137,124033.46,2889891.5,7.1776002e+10,0.96970797,0.91405046,0.68663597,1.5144182,6.5650034,1.102569,0.89893514,1.883792,328,2.0238736
7667739,174000,0,147,5.9200384e+08,0.49442661,49.930424,16474.656,45119.953,1552.2389,32612.119,122663.77,2629352.8,6.0508e+10,0.97409374,0.89877683,0.67741936,1.5212808,6.5198832,1.0949912,0.89784241,1.8899083,328,2.0211027
7667740,174000,2000,142,5.7590182e+08,0.4933356,43.756023,14705.333,43038.379,1428.7874,32702.76,121117.79,2347607.2,5.0176e+10,0.97712517,0.86659312,0.65437788,1.5368049,6.40975,1.0764948,0.89515436,1.9051988,328,2.0156829
7667741,174000,4000,137,5.5287974e+08,0.48796493,35.293873,12991.424,40988.582,1305.3357,33102.578,119323.5,2102186.5,4.1356001e+10,0.9801417,0.83515406,0.63133639,1.5500605,6.3032756,1.0586128,0.89252704,1.9204893,328,2.0123546
7667742,174000,6000,128,5.1490461e+08,0.48654956,22.200954,11256.548,37957.25,1181.884,32911.965,115320.04,1816914.9,3.2363999e+10,0.98412895,0.77929872,0.58986175,1.5684063,6.1202774,1.0278789,0.88794315,1.9480122,328,2.0114365
7667743,174000,8000,114,4.5826762e+08,0.56134999,0.87957245,9870.6611,29590.377,1058.4325,26356.723,101285.59,1464895.1,2.2384001e+10,0.99052942,0.692231,0.58163267,1.5570081,5.4993796,0.92360127,0.87168843,2.0550458,328,2.1119993
7667744,174000,10000,103,4.2176714e+08,0.42744651,338.40979,9301.9414,22926.232,934.98083,31752.393,111352.62,1258323.4,1.7935999e+10,0.96554351,0.65348715,0.53367877,1.5628718,5.2849193,0.88758343,0.86579484,2.0978594,328,2.1326716
7667745,174000,12000,109,4.3611462e+08,0.30378485,304.6568,6968.3877,29365.697,1054.9083,29082.98,134314.28,1509211.9,2.4564001e+10,0.77064222,0.86219525,0.35275081,1.2028991,8.0054264,1.3444829,0.93154609,1.7247707,328,2.1019013
7667756,174000,34000,34,1.5138538e+08,0.175308,163.71925,3154.8093,28073.34,613.14081,31026.604,104170.8,410971.09,6.8199997e+09,0.92869878,0.59519261,0.10967742,0.77994639,6.1005979,1.0245738,0.88744497,1.9510703,328,2.6837597
7667757,174000,36000,40,1.8671877e+08,0.19302146,278.91818,2168.0356,28008.957,245.6729,32372.932,110254.45,484634.97,7.5480003e+09,0.7897436,0.63536382,0.12820514,0.80837768,6.2616701,1.0516253,0.89149255,1.9266055,328,2.6373825
7733273,176000,-4000,159,6.4603456e+08,0.48153695,64.895348,19785.58,49418.617,371.24432,33412.902,129842.84,3282713,8.6824002e+10,0.95605445,0.98402971,0.73271888,1.4742377,6.8003082,1.1420876,0.90455669,1.853211,328,2.0431643
7733274,176000,-2000,158,6.4094125e+08,0.48548836,61.948574,17894.109,47185.895,2371.2444,33090.676,128802.6,3002341,7.4515997e+10,0.96073532,0.97408891,0.72811061,1.4787112,6.7760215,1.1380087,0.90398234,1.8562691,328,2.0408123
7733275,176000,0,157,6.344352e+08,0.48868197,58.234848,16034.174,44977.707,3548.4253,32814.965,127727.8,2768890,6.4744002e+10,0.96178347,0.96710414,0.72350228,1.4830809,6.7519073,1.1339589,0.90341073,1.8593272,328,2.0385568
7733276,176000,2000,154,6.2574733e+08,0.49052402,53.417004,14217.8,42796.414,3424.9736,32620.32,126611.83,2508888.2,5.4515999e+10,0.96485865,0.94737434,0.7096774,1.4955766,6.6805844,1.1219804,0.90171242,1.8685015,328,2.0323606
7733277,176000,4000,150,6.1343712e+08,0.48963067,46.922657,12462.907,40644.898,3301.522,32592.146,125474.55,2262512.5,4.5063999e+10,0.97145414,0.91792798,0.69124424,1.5108441,6.5877986,1.1063974,0.89948541,1.880734,328,2.0253911
7733278,176000,6000,148,5.9448058e+08,0.48200762,37.664814,10794.434,38526.684,3178.0703,32994.359,124493.54,2095421.6,3.8487998e+10,0.96727341,0.90993398,0.68202764,1.5178969,6.5423656,1.098767,0.89838749,1.8868501,328,2.0224442
7733279,176000,8000,138,5.6158797e+08,0.45061669,23.065237,9225.1504,36446.074,3054.6187,35081.102,125144.05,1822395.9,3.046e+10,0.97323602,0.84631801,0.63594472,1.5475875,6.3242865,1.0621415,0.89304775,1.9174312,328,2.0128562
7733280,176000,10000,133,5.4432058e+08,0.26655534,350.15469,4718.3809,31616.875,2927.6431,60413.906,160191.19,1680155.6,2.5628e+10,0.81647301,1.0069493,0.42628205,1.2184889,9.0346956,1.517345,0.95261788,1.6422018,328,2.0136697
7733281,176000,12000,114,4.5345827e+08,0.30143395,293.7597,5879.6816,31364.412,931.45673,29868.27,137492.03,1503847.5,2.4092e+10,0.77332711,0.8927291,0.36893204,1.2154001,8.1779566,1.3734589,0.93519294,1.7094802,328,2.0770917
7733292,176000,34000,36,1.6096715e+08,0.1810627,170.71272,3934.6536,30036.492,736.59241,31236.029,105696.12,448993.12,7.6999997e+09,0.88253969,0.60901713,0.11612903,0.79810506,6.1400843,1.0312053,0.88844359,1.9449542,328,2.6617908
7733293,176000,36000,47,2.1527493e+08,0.20010157,275.37393,3113.9727,30000.184,122.22128,34444.074,116272.34,589530.88,9.232e+09,0.71415359,0.68235552,0.15064102,0.86450547,6.40975,1.0764948,0.89515436,1.9051988,328,2.5674057
7798809,178000,-4000,164,6.6717158e+08,0.46415704,71.16584,19418.498,49867.41,371.24432,14349.146,134397.52,3331990.2,8.7895998e+10,0.95039654,1.018488,0.75576037,1.4502674,6.9244013,1.1629287,0.90747088,1.8379205,328,2.0564172
7798810,178000,-2000,164,6.6684954e+08,0.46898371,69.065918,17512.104,47515.492,2371.2444,13948.989,133671.86,3074207,7.6628001e+10,0.95039654,1.018488,0.75576037,1.4502674,6.9244013,1.1629287,0.90747088,1.8379205,328,2.0564172
7798811,178000,0,164,6.6663533e+08,0.4730376,66.463509,15634.633,45188.117,4371.2441,13601.343,133076.47,2845396.5,6.6680001e+10,0.95039654,1.018488,0.75576037,1.4502674,6.9244013,1.1629287,0.90747088,1.8379205,328,2.0564172
7798812,178000,2000,164,6.6660186e+08,0.47569263,63.171421,13796.877,42887.137,5421.1597,13345.22,132701.23,2648222,5.8052002e+10,0.95039654,1.018488,0.75576037,1.4502674,6.9244013,1.1629287,0.90747088,1.8379205,328,2.0564172
7798813,178000,4000,164,6.6692019e+08,0.47544518,58.912617,12014.796,40614.879,5297.7085,13282.026,132767.47,2459410.2,4.9623998e+10,0.94860095,1.0196981,0.75576037,1.4502674,6.9244013,1.1629287,0.90747088,1.8379205,328,2.0564172
7798814,178000,6000,164,6.6810989e+08,0.46774185,53.287102,10309.814,38374.273,5174.2568,13748.448,133975.62,2330240,4.3732001e+10,0.94860095,1.0196981,0.75576037,1.4502674,6.9244013,1.1629287,0.90747088,1.8379205,328,2.0564172
7798815,178000,8000,164,6.728249e+08,0.43128473,45.882404,8679.9736,36168.992,4800.6465,16574.393,140014.8,2209610,3.7959999e+10,0.94373786,1.0275929,0.75576037,1.4502674,6.9244013,1.1629287,0.90747088,1.8379205,328,2.0564172
7798816,178000,10000,182,7.3885088e+08,0.27474767,49.356209,5179.6504,34003.656,2804.1914,42911.73,183829.97,2566220.2,4.5107999e+10,0.79369801,1.322119,0.55487806,0.99074489,13.084731,2.1975341,1.0235127,1.4434251,328,2.0302014
7798817,178000,12000,168,6.8032032e+08,0.26782072,11.67193,3444.4983,33363.34,808.00513,43181.75,178665.03,2309909,3.904e+10,0.79562306,1.2274257,0.51219511,0.99945349,11.932616,2.0040405,1.0049016,1.4862385,328,2.0657737
7798828,178000,34000,44,1.9596202e+08,0.19520403,188.19975,2884.7981,32006.771,860.04407,32968.023,112317.26,558557.38,9.616e+09,0.74524313,0.66366249,0.14102565,0.8411566,6.345438,1.0656939,0.89357084,1.914373,328,2.5967321
7864345,180000,-4000,165,6.6995238e+08,0.43850613,76.937035,18951.77,50921.562,371.24432,16211.651,138560.38,3294360.2,8.6699999e+10,0.94478935,1.0300193,0.76036865,1.4451437,6.9497657,1.1671884,0.90806234,1.8348624,328,2.0593758
7864346,180000,-2000,165,6.6960326e+08,0.44365892,75.441734,16977.287,48410.375,2371.2444,15739.204,137717.5,3028446.8,7.5251999e+10,0.94478935,1.0300193,0.76036865,1.4451437,6.9497657,1.1671884,0.90806234,1.8348624,328,2.0593758
7864347,180000,0,166,6.6941382e+08,0.44767419,73.56427,15017.357,45926.238,4371.2441,15356.136,137079.09,2806205,6.5339998e+10,0.93844467,1.041167,0.76497698,1.4399067,6.975316,1.1714796,0.90865684,1.8318043,328,2.0624399
7864348,180000,2000,165,6.6949146e+08,0.44964045,71.146591,13077.158,43470.316,6371.2441,15129.059,136786.98,2557551.5,5.4707999e+10,0.94397634,1.0296361,0.76036865,1.4451437,6.9497657,1.1671884,0.90806234,1.8348624,328,2.0593758
7864349,180000,4000,165,6.7009229e+08,0.44741151,67.942169,11164.058,41044.203,7293.8945,15226.4,137188.8,2386932.2,4.7364002e+10,0.94397634,1.0296361,0.76036865,1.4451437,6.9497657,1.1671884,0.90806234,1.8348624,328,2.0593758
7864350,180000,6000,165,6.720089e+08,0.43467063,63.58271,9285.167,38650.023,7017.2109,16192.213,139383.8,2251165.8,4.1348002e+10,0.94397634,1.0296361,0.76036865,1.4451437,6.9497657,1.1671884,0.90806234,1.8348624,328,2.0593758
7864351,180000,8000,166,6.7951059e+08,0.38282886,57.94606,7399.2905,36290.578,5105.2729,21012.414,149348.44,2143897.2,3.6008002e+10,0.93106973,1.056046,0.76497698,1.4399067,6.975316,1.1714796,0.90865684,1.8318043,328,2.0624399
7864352,180000,10000,184,7.4699955e+08,0.27014059,71.416115,4332.5073,35540.141,3299.45,23479.562,186410.42,2543282.2,4.5263999e+10,0.79104298,1.3370482,0.56097561,0.98863,13.267735,2.2282689,1.0263771,1.4373089,328,2.0258422
7864353,180000,12000,183,7.4643482e+08,0.27282888,56.615757,2490.2876,35362.43,1925.8584,22994.516,185419.62,2481957,4.2216002e+10,0.79343063,1.3282466,0.55792683,0.9897148,13.175597,2.2127948,1.024938,1.440367,328,2.0279989
7864354,180000,14000,159,6.5223974e+08,0.5310269,3.788996,4395.3003,29463.629,1676.6365,14527.027,124236.81,1981562.5,2.8884001e+10,0.97364861,0.97196841,0.73271888,1.4742377,6.8003082,1.1420876,0.90455669,1.853211,328,2.0431643
7864355,180000,16000,156,6.348528e+08,0.53603786,341.3244,4894.5479,27293.461,1553.1848,19504.48,121995.47,1987684,2.9348e+10,0.98320925,0.94774431,0.718894,1.4873476,6.7279644,1.1299378,0.90284193,1.8623853,328,2.0363972
7864356,180000,18000,153,6.1472224e+08,0.5336383,326.88293,5919.0742,25192.395,1429.7333,25437.396,120315.31,2001707.6,3.0631999e+10,0.98856211,0.9260307,0.70506912,1.4995409,6.6571436,1.1180437,0.90115172,1.8715596,328,2.0304816
7864357,180000,20000,147,6.0043008e+08,0.54730272,316.32904,7161.8184,26940.646,1306.2816,24595.906,117414.66,1972010.8,3.152e+10,0.99534059,0.88625139,0.67741936,1.5212808,6.5198832,1.0949912,0.89784241,1.8899083,328,2.0211027
7864358,180000,22000,145,5.9214598e+08,0.55771297,307.9845,8606.4502,28762.535,1182.83,24035.16,115508.51,2022980.2,3.4452001e+10,0.99837166,0.87262183,0.66820276,1.5277675,6.475379,1.0875169,0.89675975,1.8960245,328,2.0186789
7864359,180000,24000,144,5.8666829e+08,0.56658983,301.7211,10207.043,30606.672,1059.3784,23597.508,114068.8,2116711.5,3.882e+10,0.99893165,0.86620456,0.66359448,1.5308717,6.4533539,1.0838178,0.89622217,1.8990825,328,2.0175958
7864360,180000,26000,142,5.8274342e+08,0.57440305,297.01541,11914.521,32469.268,935.92676,23238.148,112910.74,2199767.8,4.3131998e+10,0.9999001,0.85348827,0.65437788,1.5368049,6.40975,1.0764948,0.89515436,1.9051988,328,2.0156829
7864361,180000,28000,142,5.7980032e+08,0.58110267,293.41779,13693.605,34347.32,812.4751,22947.223,111974.13,2362413,5.0079998e+10,0.9999001,0.85348827,0.65437788,1.5368049,6.40975,1.0764948,0.89515436,1.9051988,328,2.0156829
7864362,180000,30000,142,5.7762125e+08,0.58584446,290.60754,15518.166,36238.422,689.0235,22741.463,111310.3,2549281.8,5.8171998e+10,0.9999001,0.85348827,0.65437788,1.5368049,6.40975,1.0764948,0.89515436,1.9051988,328,2.0156829
7864363,180000,32000,142,5.769351e+08,0.57979977,288.36258,17340.732,38140.637,565.5719,22904.461,111822.55,2759184.2,6.7407999e+10,0.9999001,0.85348827,0.65437788,1.5368049,6.40975,1.0764948,0.89515436,1.9051988,328,2.0156829
7864364,180000,34000,164,6.7119859e+08,0.26965865,277.78967,15727.436,40052.383,1078.3015,33881.641,176857.42,3326735,8.4848001e+10,0.77584916,1.4033539,0.5,0.99999326,11.639791,1.9548616,1,1.4984709,328,2.0775566
7929881,182000,-4000,167,6.7382752e+08,0.40446091,82.909218,18735.645,53017.277,371.24432,19080.209,144690.84,3314293,8.7264002e+10,0.93189526,1.0552875,0.76958525,1.4345549,7.0010552,1.1758024,0.90925425,1.8287462,328,2.0656116
7929882,182000,-2000,167,6.7335891e+08,0.41048077,82.119057,16709.283,50265.016,2371.2444,18462.953,143576,3041143.8,7.5567997e+10,0.93189526,1.0552875,0.76958525,1.4345549,7.0010552,1.1758024,0.90925425,1.8287462,328,2.0656116
7929883,182000,0,166,6.7311104e+08,0.41504541,81.124672,14687.886,47548.277,4371.2441,17982.324,142758.02,2751576,6.3135998e+10,0.93844467,1.041167,0.76497698,1.4399067,6.975316,1.1714796,0.90865684,1.8318043,328,2.0624399
7929884,182000,2000,166,6.7322899e+08,0.4170076,79.842918,12672.062,44867.09,6371.2441,17734.301,142434.22,2541520,5.43e+10,0.93844467,1.041167,0.76497698,1.4399067,6.975316,1.1714796,0.90865684,1.8318043,328,2.0624399
7929885,182000,4000,166,6.7406323e+08,0.41370785,78.153145,10661.807,42221.883,8371.2441,17958.695,143089.7,2365089.8,4.6799999e+10,0.93844467,1.041167,0.76497698,1.4399067,6.975316,1.1714796,0.90865684,1.8318043,328,2.0624399
7929886,182000,6000,167,6.767239e+08,0.39744464,75.944832,8651.7051,39613.574,7762.6577,19429.385,146275.77,2236736,4.0816001e+10,0.93009162,1.0578697,0.76958525,1.4345549,7.0010552,1.1758024,0.90925425,1.8287462,328,2.0656116
7929887,182000,8000,167,6.8754362e+08,0.33387238,74.291069,6578.9307,37043.691,6089.4512,26584.219,160866.2,2107947.8,3.488e+10,0.92662865,1.0659832,0.76958525,1.4345549,7.0010552,1.1758024,0.90925425,1.8287462,328,2.0656116
7929888,182000,10000,185,7.4877894e+08,0.26239711,98.010284,4210.8203,37510.656,4680.1685,24829.248,189366.09,2536550,4.5939999e+10,0.78795534,1.3469785,0.56402439,0.98749036,13.361169,2.2439609,1.0278305,1.4342507,328,2.0237305
7929889,182000,12000,184,7.480809e+08,0.26566273,105.6747,2220.4141,37361.648,3837.5166,24202.531,188110.88,2473466.5,4.3095998e+10,0.79104298,1.3370482,0.56097561,0.98863,13.267735,2.2282689,1.0263771,1.4373089,328,2.0258422
7929890,182000,14000,162,6.5987686e+08,0.47888553,7.9124508,2331.7729,29593.283,3672.8228,17094.588,131589.28,1933442.9,2.7655999e+10,0.96027911,0.99933738,0.74654377,1.4601811,6.8742247,1.1545017,0.90629661,1.8440367,328,2.0508125
7929891,182000,16000,159,6.5099418e+08,0.52133,325.62466,2936.5999,27212.492,3549.3711,15635.862,125267.13,1920681.1,2.7467999e+10,0.97364861,0.97196841,0.73271888,1.4742377,6.8003082,1.1420876,0.90455669,1.853211,328,2.0431643
7929892,182000,18000,157,6.4266982e+08,0.52944505,305.00272,4412.0762,24896.398,3425.9194,17510.346,123506.11,1957708.8,2.9236001e+10,0.98064673,0.95559758,0.72350228,1.4830809,6.7519073,1.1339589,0.90341073,1.8593272,328,2.0385568
7929893,182000,20000,156,6.3381306e+08,0.53420484,295.60205,6136.3379,26277.344,3302.4678,19940.197,122104.49,2026119.4,3.2207999e+10,0.98320925,0.94774431,0.718894,1.4873476,6.7279644,1.1299378,0.90284193,1.8623853,328,2.0363972
7929894,182000,22000,154,6.2436992e+08,0.53651309,290.62628,7915.3804,28142.205,3179.0164,22811.486,120930.48,2101308.2,3.6024001e+10,0.98701298,0.9331153,0.7096774,1.4955766,6.6805844,1.1219804,0.90171242,1.8685015,328,2.0323606
7929895,182000,24000,152,6.1447507e+08,0.54011613,287.66754,9686.7227,29921.314,3055.5647,24867.949,119567.59,2192875.2,4.0691999e+10,0.99050194,0.91894549,0.70046085,1.5034063,6.6338673,1.1141344,0.90059364,1.8746177,328,2.0286942
7929896,182000,26000,148,6.0671968e+08,0.54939479,285.41678,11489.097,31817.049,2932.113,24280.867,117803.1,2260723,4.5212e+10,0.99540359,0.89254439,0.68202764,1.5178969,6.5423656,1.098767,0.89838749,1.8868501,328,2.0224442
7929897,182000,28000,146,6.0122061e+08,0.55453598,283.58478,13325.256,33731.434,2808.6614,23943.248,116723.15,2380972.8,5.1123999e+10,0.99754369,0.87916261,0.67281103,1.5245708,6.4975548,1.0912412,0.89729983,1.8929664,328,2.0198479
7929898,182000,30000,146,5.9785862e+08,0.54951823,282.07755,15163.353,35655.219,2685.2097,24137.057,116926.55,2580408.5,5.9696001e+10,0.99754369,0.87916261,0.67281103,1.5245708,6.4975548,1.0912412,0.89729983,1.8929664,328,2.0198479
7929899,182000,32000,148,6.0189286e+08,0.47559777,280.62213,16793.979,37586.961,2561.7581,28639.836,126108.58,2794165.8,6.8659999e+10,0.96423978,0.94176561,0.68202764,1.5178969,6.5423656,1.098767,0.89838749,1.8868501,328,2.0224442
7929900,182000,34000,168,6.8495712e+08,0.26959127,270.11804,15932.941,39525.492,1748.0527,34094.195,178683.19,3423909.8,8.8472003e+10,0.77865696,1.4279817,0.51219511,0.99945349,11.932616,2.0040405,1.0049016,1.4862385,328,2.0657737
7995417,184000,-4000,168,6.8003034e+08,0.35888472,88.862686,18839.373,56902.359,371.24432,23687.299,154309.12,3356350.2,8.8951996e+10,0.92479324,1.0717165,0.77419353,1.4290866,7.0269852,1.1801572,0.90985465,1.8256881,328,2.0688925
7995418,184000,-2000,168,6.7922106e+08,0.36374226,88.827332,16773.213,54056.086,2371.2444,23084.174,153184.08,3080405.8,7.7059998e+10,0.92479324,1.0717165,0.77419353,1.4290866,7.0269852,1.1801572,0.90985465,1.8256881,328,2.0688925
7995419,184000,0,167,6.7870842e+08,0.36999127,88.79837,14710.211,50922.605,4371.2441,22330.24,151827.62,2786076.5,6.4304001e+10,0.93189526,1.0552875,0.76958525,1.4345549,7.0010552,1.1758024,0.90925425,1.8287462,328,2.0656116
7995420,184000,2000,167,6.7868493e+08,0.37328231,88.797714,12649.808,47848.191,6371.2441,21905.924,151154.23,2572166.2,5.5296e+10,0.93189526,1.0552875,0.76958525,1.4345549,7.0010552,1.1758024,0.90925425,1.8287462,328,2.0656116
7995421,184000,4000,167,6.7960518e+08,0.37063029,88.901199,10590.163,44830.633,7984.6533,22126.48,151796.86,2391261.8,4.7631999e+10,0.93189526,1.0552875,0.76958525,1.4345549,7.0010552,1.1758024,0.90925425,1.8287462,328,2.0656116
7995422,184000,6000,168,6.8294714e+08,0.35344797,89.448257,8526.7324,41868.305,8108.105,24026.129,155824.5,2259628.5,4.1543999e+10,0.92365271,1.0719898,0.77419353,1.4290866,7.0269852,1.1801572,0.90985465,1.8256881,328,2.0688925
7995423,184000,8000,171,6.9769478e+08,0.28360242,93.54464,6454.7036,38960.242,7489.9277,33900.703,175825.84,2199615,3.7296001e+10,0.89480567,1.1438011,0.78082192,1.4196589,7.1595697,1.2024243,0.91290265,1.8103975,328,2.064733
7995424,184000,10000,186,7.5162906e+08,0.25046769,120.71946,4969.4536,39485.434,6396.9976,27119.523,194191.8,2584124.8,4.8407998e+10,0.78413254,1.3585019,0.56707317,0.98629582,13.455929,2.2598755,1.0292983,1.4311926,328,2.0216646
7995425,184000,12000,186,7.5067098e+08,0.25469637,138.90215,3392.3735,39360.969,5808.9707,26241.049,192450.19,2540495.8,4.6116e+10,0.78413254,1.3585019,0.56707317,0.98629582,13.455929,2.2598755,1.0292983,1.4311926,328,2.0216646
7995426,184000,14000,163,6.6677958e+08,0.41833547,57.016136,468.39731,30564.896,5669.0093,21822.139,141525.19,1918144,2.7335999e+10,0.95554042,1.0092763,0.7511521,1.4552795,6.8992219,1.1586999,0.90688229,1.8409786,328,2.0535634
7995427,184000,16000,162,6.5736922e+08,0.49331734,283.52338,1644.8043,27883.246,5545.5576,16203.778,129403.62,1934346.8,2.7855999e+10,0.96043247,1.0004665,0.74654377,1.4601811,6.8742247,1.1545017,0.90629661,1.8440367,328,2.0508125
7995428,184000,18000,160,6.5180422e+08,0.50580519,276.98846,3626.4463,25304.465,5422.106,16682.336,127254.12,1956223.9,2.9195999e+10,0.9697327,0.98077971,0.73732722,1.469659,6.8247695,1.1461959,0.90513384,1.8501529,328,2.0456142
7995429,184000,20000,157,6.4609709e+08,0.51578641,275.14545,5607.3198,27088.76,5298.6543,17546.559,125463.92,1989438.5,3.1516e+10,0.98064673,0.95559758,0.72350228,1.4830809,6.7519073,1.1339589,0.90341073,1.8593272,328,2.0385568
7995430,184000,22000,157,6.4025606e+08,0.52353418,274.31497,7573.6504,28901.312,5175.2026,18721.148,123967.91,2100408,3.6011999e+10,0.98064673,0.95559758,0.72350228,1.4830809,6.7519073,1.1339589,0.90341073,1.8593272,328,2.0385568
7995431,184000,24000,156,6.3431155e+08,0.52883142,273.86737,9519.752,30737.125,5051.751,20185.289,122771.51,2218564,4.1348002e+10,0.98320925,0.94774425,0.718894,1.4873476,6.7279644,1.1299378,0.90284193,1.8623853,328,2.0363972
7995432,184000,26000,153,6.2835104e+08,0.53065962,273.60373,11438.849,32592.268,4928.2993,21980.072,121982.66,2323489,4.7080002e+10,0.98890609,0.92603064,0.70506912,1.4995409,6.6571436,1.1180437,0.90115172,1.8715596,328,2.0304816
7995433,184000,28000,152,6.2264211e+08,0.52593547,273.43335,13317.888,34463.617,4804.8477,24282.004,121971.38,2484824,5.4384001e+10,0.99050194,0.91894543,0.70046085,1.5034063,6.6338673,1.1141344,0.90059364,1.8746177,328,2.0286942
7995434,184000,30000,153,6.1848928e+08,0.50635713,273.25229,15121.223,36242.613,4681.396,26581.367,123891.8,2708342,6.3687999e+10,0.97970414,0.94026506,0.70506912,1.4995409,6.6571436,1.1180437,0.90115172,1.8715596,328,2.0304816
7995435,184000,32000,156,6.2998317e+08,0.37187946,272.04498,16456.906,37968.73,3620.7874,37676.027,145904.38,2933402.8,7.2663998e+10,0.91786599,1.0805107,0.718894,1.4873476,6.7279644,1.1299378,0.90284193,1.8623853,328,2.0363972
7995436,184000,34000,171,6.9876883e+08,0.26894179,262.69904,16401.195,39758.93,1624.6011,34459.34,180693.52,3526104.2,9.2519997e+10,0.77936018,1.4478688,0.52134144,0.99848163,12.162089,2.0425799,1.0086921,1.4770643,328,2.0574083
8060953,186000,-4000,170,6.880265e+08,0.3552283,94.607941,19228.154,56551.258,371.24432,23937.455,156010.47,3493379.2,9.5095996e+10,0.90991992,1.1099683,0.78341013,1.4177938,7.0794253,1.1889644,0.91106457,1.8195719,328,2.075788
8060954,186000,-2000,170,6.8766662e+08,0.35162798,95.24913,17187.146,54577.434,2371.2444,24312.252,156766.11,3215456.2,8.2788e+10,0.90991992,1.1099683,0.78341013,1.4177938,7.0794253,1.1889644,0.91106457,1.8195719,328,2.075788
8060955,186000,0,169,6.8747955e+08,0.3464815,96.09568,15143.15,52605.582,4371.2441,24877.516,157904.61,2914710,6.9284004e+10,0.91744155,1.0899336,0.77880186,1.4235002,7.0531077,1.1845444,0.91045809,1.8226299,328,2.072284
8060956,186000,2000,169,6.8767802e+08,0.33861718,97.270706,13096.907,50635.941,5865.0156,25796.326,159750.78,2696916,5.9908002e+10,0.91744155,1.0899336,0.77880186,1.4235002,7.0531077,1.1845444,0.91045809,1.8226299,328,2.072284
8060957,186000,4000,170,6.8881197e+08,0.32534793,99.03669,11051.371,48668.777,5988.4673,27472.957,163110.25,2528935.2,5.2211999e+10,0.90943265,1.106635,0.78341013,1.4177938,7.0794253,1.1889644,0.91106457,1.8195719,328,2.075788
8060958,186000,6000,170,6.927591e+08,0.29890257,102.14561,9020.2275,46704.398,6111.9189,31248.57,170659.8,2351533.2,4.406e+10,0.90810996,1.108061,0.78341013,1.4177938,7.0794253,1.1889644,0.91106457,1.8195719,328,2.075788
8060959,186000,8000,176,7.1477088e+08,0.21584888,112.33606,7224.4541,43624.332,6235.3701,54748.043,203992.16,2402421.8,4.3812e+10,0.85805196,1.2247317,0.55000001,1.1338148,11.932616,2.0040405,1.0049016,1.4862385,328,1.9415662
8060960,186000,10000,187,7.5707782e+08,0.22954279,134.81122,6313.7871,41463.629,6358.8218,31698.861,203583.86,2683246.8,5.2423999e+10,0.77948362,1.3726151,0.57012194,0.98504627,13.552043,2.2760174,1.0307808,1.4281346,328,2.019644
8060961,186000,12000,187,7.5550643e+08,0.23561412,151.71512,5085.373,41360.375,6482.2734,30259.174,200735.12,2633832.5,4.9999999e+10,0.77948362,1.3726151,0.57012194,0.98504627,13.552043,2.2760174,1.0307808,1.4281346,328,2.019644
8060962,186000,14000,165,6.7494899e+08,0.35753489,162.78665,1854.0552,33367.469,6605.7251,27879.264,154021.44,1972230.9,2.874e+10,0.94478935,1.0300193,0.76036865,1.4451437,6.9497657,1.1671884,0.90806234,1.8348624,328,2.0593758
8060963,186000,16000,163,6.6339578e+08,0.44030833,222.29359,2167.2122,30143.43,6729.1768,19821.074,137598.23,1968574.2,2.8967999e+10,0.95470726,1.0119985,0.7511521,1.4552795,6.8992219,1.1586999,0.90688229,1.8409786,328,2.0535634
8060964,186000,18000,162,6.5854438e+08,0.46573839,245.75912,3826.6631,27013.568,6852.6284,18448.859,133298.86,2003271.2,3.0552001e+10,0.95912892,1.002252,0.74654377,1.4601811,6.8742247,1.1545017,0.90629661,1.8440367,328,2.0508125
8060965,186000,20000,161,6.5389747e+08,0.48038512,254.38869,5720.0151,28019.691,6976.0801,18359.412,130787.12,2057468.8,3.3072001e+10,0.96490681,0.99071944,0.74193549,1.4649738,6.8494077,1.1503338,0.9057138,1.8470948,328,2.0481632
8060966,186000,22000,159,6.4930426e+08,0.49289399,258.67624,7664.1235,29775.629,7099.5317,18569.99,128662.59,2132227.5,3.6956e+10,0.97325051,0.97196841,0.73271888,1.4742377,6.8003082,1.1420876,0.90455669,1.853211,328,2.0431643
8060967,186000,24000,157,6.4482822e+08,0.50256729,261.21628,9616.9365,31560.625,7047.937,19088.332,126978.39,2234308.5,4.2084e+10,0.98064673,0.95559758,0.72350228,1.4830809,6.7519073,1.1339589,0.90341073,1.8593272,328,2.0385568
8060968,186000,26000,156,6.4062285e+08,0.50765103,262.88263,11559.751,33370.016,6924.4858,19999.41,125928.34,2376219.2,4.8563999e+10,0.98320925,0.94774425,0.718894,1.4873476,6.7279644,1.1299378,0.90284193,1.8623853,328,2.0363972
8060969,186000,28000,157,6.371264e+08,0.50335854,264.02615,13472.284,35200.043,6801.0342,21600.875,126118.55,2579924,5.6932e+10,0.97272581,0.96906161,0.72350228,1.4830809,6.7519073,1.1339589,0.90341073,1.8593272,328,2.0385568
8060970,186000,30000,156,6.361383e+08,0.4724161,264.71826,15294.887,37047.645,5493.522,25163.754,130082.34,2754683,6.5092002e+10,0.95657569,0.99516022,0.718894,1.4873476,6.7279644,1.1299378,0.90284193,1.8623853,328,2.0363972
8060971,186000,32000,165,6.6379181e+08,0.25464362,262.0495,16295.243,40237.578,3497.3357,59324.922,180989.95,3168847.2,7.9500001e+10,0.86592758,1.2322555,0.50304878,0.99993926,11.711642,1.9669287,1.0012096,1.4954128,328,2.0745435
8060972,186000,34000,175,7.1259008e+08,0.26837051,255.73517,17113.975,40786,1501.1494,34255.805,182665.88,3689884,9.8612003e+10,0.77944171,1.4742259,0.53353661,0.99642837,12.482144,2.0963318,1.0139076,1.4648318,328,2.0468838
8126489,188000,-4000,171,6.9608077e+08,0.35125077,100.09764,19797.768,56269.102,371.24432,24268.07,157806.94,3603316.8,9.8568004e+10,0.90202957,1.1338123,0.78801841,1.4119654,7.1059399,1.1934174,0.91167414,1.8165138,328,2.0794067
8126490,188000,-2000,171,6.9623686e+08,0.34699991,101.32349,17804.176,54285.016,2371.2444,24728.574,158788.39,3328277.2,8.6096003e+10,0.90202957,1.1338123,0.78801841,1.4119654,7.1059399,1.1934174,0.91167414,1.8165138,328,2.0794067
8126491,188000,0,171,6.966663e+08,0.34095159,102.89198,15817.987,52302.141,3745.3777,25421.25,160240.02,3079740.5,7.4999996e+10,0.90202957,1.1338123,0.78801841,1.4119654,7.1059399,1.1934174,0.91167414,1.8165138,328,2.0794067
8126492,188000,2000,172,6.9763962e+08,0.33175823,104.97886,13844.783,50320.625,3868.8291,26544.867,162558.48,2880603.8,6.5704002e+10,0.89426082,1.1505129,0.79262674,1.4060133,7.1326542,1.197904,0.91228682,1.8134557,328,2.0831418
8126493,188000,4000,172,6.9984966e+08,0.31633523,107.92823,11897.239,48340.629,3992.2808,28597.328,166737.59,2690353,5.7323999e+10,0.89426082,1.1505129,0.79262674,1.4060133,7.1326542,1.197904,0.91228682,1.8134557,328,2.0831418
8126494,188000,6000,172,7.0568864e+08,0.28576747,112.62906,10017.037,46362.352,4115.7324,33271.344,176159.11,2520601.2,4.9723998e+10,0.89371687,1.1463112,0.79262674,1.4060133,7.1326542,1.197904,0.91228682,1.8134557,328,2.0831418
8126495,188000,8000,180,7.343495e+08,0.21326376,124.88868,8670.708,44386.02,4239.1841,55766.941,208016.5,2642378.2,5.1999998e+10,0.83010554,1.2931783,0.5487805,0.99264103,12.906708,2.1676357,1.0207032,1.4495413,328,2.0347419
8126496,188000,10000,190,7.678201e+08,0.21861377,141.92822,7978.1733,43444.605,4362.6357,34381.238,210085.42,2912928.8,6.1135999e+10,0.76357561,1.4272748,0.57926828,0.98096651,13.848803,2.3258574,1.0353191,1.4189602,328,2.0138569
8126497,188000,12000,190,7.6622278e+08,0.2182277,155.72002,6920.7729,43359.852,4486.0874,34448.988,210052.34,2854649,5.8268e+10,0.76357561,1.4272748,0.57926828,0.98096651,13.848803,2.3258574,1.0353191,1.4189602,328,2.0138569
8126498,188000,14000,169,6.8857875e+08,0.29772678,165.08147,3839.7437,38471.707,4609.5391,35719.699,170479.75,2152369.5,3.3931999e+10,0.91744155,1.0899336,0.77880186,1.4235002,7.0531077,1.1845444,0.91045809,1.8226299,328,2.072284
8126499,188000,16000,166,6.7470906e+08,0.35516772,196.77368,3669.3459,36506.484,4732.9907,28000.188,154506.41,2099406.8,3.2532001e+10,0.93588901,1.0513592,0.76497698,1.4399067,6.975316,1.1714796,0.90865684,1.8318043,328,2.0624399
8126500,188000,18000,165,6.6845485e+08,0.38736084,222.11017,4718.0137,32943.531,4856.4424,24681.35,147259.44,2128604.8,3.3940001e+10,0.94057649,1.0425508,0.76036865,1.4451437,6.9497657,1.1671884,0.90806234,1.8348624,328,2.0593758
8126501,188000,20000,163,6.6336115e+08,0.41043109,236.32851,6313.1948,29058.652,4979.8936,23151.506,142514.75,2156401.5,3.5827999e+10,0.95228356,1.0163743,0.7511521,1.4552795,6.8992219,1.1586999,0.90688229,1.8409786,328,2.0535634
8126502,188000,22000,162,6.5857222e+08,0.43157399,244.46893,8113.585,30755.328,5103.3452,22050.727,138477.44,2235248.8,3.9588e+10,0.95912892,1.002252,0.74654377,1.4601811,6.8742247,1.1545017,0.90629661,1.8440367,328,2.0508125
8126503,188000,24000,161,6.5415808e+08,0.44964027,249.54948,9994.0342,32486.539,5226.7969,21398.371,135211.52,2346171,4.4812001e+10,0.96257764,0.99344182,0.74193549,1.4649738,6.8494077,1.1503338,0.9057138,1.8470948,328,2.0481632
8126504,188000,26000,160,6.5031904e+08,0.46216941,252.95303,11899.47,34247.047,5350.2485,21314.834,132974.25,2483476.2,5.1276001e+10,0.96163523,0.99566638,0.73732722,1.469659,6.8247695,1.1461959,0.90513384,1.8501529,328,2.0456142
8126505,188000,28000,159,6.4766291e+08,0.46282491,255.31316,13790.174,36032.555,5473.7002,22219.816,132608.42,2658145.5,5.9315999e+10,0.95971656,0.99968153,0.73271888,1.4742377,6.8003082,1.1420876,0.90455669,1.853211,328,2.0431643
8126506,188000,30000,160,6.488073e+08,0.42937946,256.77307,15583.011,37839.531,5370.0703,25965.539,137797.77,2877697.8,6.8572e+10,0.94103771,1.0446861,0.73732722,1.469659,6.8247695,1.1461959,0.90513384,1.8501529,328,2.0456142
8126507,188000,32000,172,6.9386496e+08,0.25887245,251.82182,16475.928,42204.074,3373.884,56492.535,183526.8,3431429.2,8.8164e+10,0.82177341,1.3683616,0.52439022,0.9980495,12.240555,2.0557578,1.0099784,1.4740061,328,2.0547099
8126508,188000,34000,176,7.225433e+08,0.27059141,249.39476,17922.92,41922.02,1377.6979,30629.984,183180.77,3801189.2,1.03312e+11,0.77915585,1.4813006,0.53658539,0.99577963,12.564808,2.1102149,1.0152414,1.4617738,328,2.0443654
8192025,190000,-4000,172,7.0140749e+08,0.34706438,105.43207,20426.096,56056.918,371.24432,7818.0552,159362.12,3751726.8,1.03556e+11,0.89371687,1.1641493,0.79262674,1.4060133,7.1326542,1.197904,0.91228682,1.8134557,328,2.0831418
8192026,190000,-2000,172,7.0241158e+08,0.34212866,107.13975,18509.082,54065.047,1625.7396,8374.9297,160622.38,3482453.2,9.0911998e+10,0.89371687,1.1641493,0.79262674,1.4060133,7.1326542,1.197904,0.91228682,1.8134557,328,2.0831418
8192027,190000,0,172,7.0383053e+08,0.33514947,109.27135,16613.773,52073.801,1749.1913,9208.5586,162450,3237859.5,7.9652004e+10,0.89371687,1.1641493,0.79262674,1.4060133,7.1326542,1.197904,0.91228682,1.8134557,328,2.0831418
8192028,190000,2000,173,7.0600429e+08,0.32461035,112.01538,14751.151,50083.25,1872.6429,10556.523,165320.78,3042484,7.0275998e+10,0.88607341,1.1808496,0.79723501,1.3999351,7.1595697,1.2024243,0.91290265,1.8103975,328,2.0869951
8192029,190000,4000,173,7.0979334e+08,0.30704302,115.71954,12944.082,48093.48,1996.0945,13021.358,170439.91,2852287,6.1747999e+10,0.88607341,1.1808496,0.79723501,1.3999351,7.1595697,1.2024243,0.91290265,1.8103975,328,2.0869951
8192030,190000,6000,174,7.1819917e+08,0.27242571,121.24483,11263.899,46104.602,2119.5461,18706.322,182013.39,2714965.5,5.5132e+10,0.87801474,1.2004906,0.80184335,1.3937289,7.1866894,1.2069789,0.91352165,1.8073394,328,2.0909693
8192031,190000,8000,185,7.518153e+08,0.21440758,133.29774,10340.233,45739.742,2242.9978,38920.062,209913.53,2964979,6.2840001e+10,0.79559344,1.3839893,0.56402439,0.98749036,13.361169,2.2439609,1.0278305,1.4342507,328,2.0237305
8192032,190000,10000,192,7.7927885e+08,0.21850346,146.46494,9739.0576,45427.875,2366.4495,34436.234,211700.66,3133160.2,6.8536001e+10,0.75163615,1.4814422,0.58536583,0.97796977,14.05397,2.3603144,1.0384231,1.4128441,328,2.0102284
8192033,190000,12000,192,7.7867142e+08,0.218106,157.62077,8792.4541,45359.387,2489.9011,34508.066,211810.88,3068905.5,6.5444e+10,0.75163615,1.4814422,0.58536583,0.97796977,14.05397,2.3603144,1.0384231,1.4128441,328,2.0102284
8192034,190000,14000,171,7.0513229e+08,0.28488988,164.31093,5834.4941,38160.699,2613.3525,37728.285,176360.66,2330365.2,3.8904001e+10,0.90202957,1.1338123,0.78801841,1.4119654,7.1059399,1.1934174,0.91167414,1.8165138,328,2.0794067
8192035,190000,16000,169,6.9161184e+08,0.34358215,184.15321,5376.791,36178.586,2736.8042,29214.906,159045.3,2298933.2,3.8203998e+10,0.91258103,1.1134576,0.77880186,1.4235002,7.0531077,1.1845444,0.91045809,1.8226299,328,2.072284
8192036,190000,18000,168,6.8643629e+08,0.3649599,204.44107,5839.0884,34198.559,2860.2559,26709.035,153738.44,2316998.2,3.9219999e+10,0.91702312,1.1046504,0.77419353,1.4290866,7.0269852,1.1801572,0.90985465,1.8256881,328,2.0688925
8192037,190000,20000,168,6.8278214e+08,0.36726922,220.08394,6937.1553,32220.996,2983.7075,26845.451,152845.89,2379253,4.1799999e+10,0.91702312,1.1046504,0.77419353,1.4290866,7.0269852,1.1801572,0.90985465,1.8256881,328,2.0688925
8192038,190000,22000,166,6.7878842e+08,0.36425486,230.91383,8419.9775,31830.682,3107.1592,27769.088,153027.48,2434431,4.5071999e+10,0.9293173,1.0710604,0.76497698,1.4399067,6.975316,1.1714796,0.90865684,1.8318043,328,2.0624399
8192039,190000,24000,166,6.7423277e+08,0.35905674,238.33253,10140.949,33506.379,3230.6108,28993.262,153613.12,2554942.8,5.0363998e+10,0.9293173,1.0710604,0.76497698,1.4399067,6.975316,1.1714796,0.90865684,1.8318043,328,2.0624399
8192040,190000,26000,166,6.6887514e+08,0.35007229,243.51602,12032.61,35215.938,3354.0623,30723.303,154952.5,2696132.5,5.6696001e+10,0.92771083,1.0723369,0.76497698,1.4399067,6.975316,1.1714796,0.90865684,1.8318043,328,2.0624399
8192041,190000,28000,164,6.6329178e+08,0.36001924,247.13455,14037.157,36954.664,3477.5139,30303.756,152157.86,2816577.2,6.3283999e+10,0.92907375,1.0691249,0.75576037,1.4502674,6.9244013,1.1629287,0.90747088,1.8379205,328,2.0564172
8192042,190000,30000,165,6.6359078e+08,0.35191953,249.27049,15906.399,38718.629,3600.9656,32059.326,153933.59,3043989.2,7.3159999e+10,0.91552109,1.1106329,0.76036865,1.4451437,6.9497657,1.1671884,0.90806234,1.8348624,328,2.0593758
8192043,190000,32000,177,7.1519334e+08,0.24987818,243.55043,17081.457,44174.73,3250.4326,56914.082,189649.84,3682206.2,9.7364001e+10,0.79108888,1.43673,0.53963417,0.99507654,12.648573,2.1242831,1.0165877,1.4587156,328,2.0418918
8192044,190000,34000,178,7.2952083e+08,0.26860788,243.65376,18805.342,43921.992,1254.2462,28877.84,184741.47,3978565,1.10288e+11,0.77801055,1.4959102,0.54268295,0.99431914,12.733463,2.13854,1.0179466,1.4556575,328,2.0394633
8257566,192000,6000,176,7.2203795e+08,0.25882715,129.56268,12485.075,45982.578,123.35987,21235.758,187231.97,2946743.8,6.166e+10,0.86162341,1.2450002,0.80733943,1.3853512,7.2692947,1.2208523,0.91539788,1.7981651,328,2.091337
8257567,192000,8000,185,7.5758131e+08,0.21469547,141.05609,11952.886,47707.148,246.81149,39003.363,210575.64,3157802.8,6.8976001e+10,0.79559344,1.3839893,0.56402439,0.98749036,13.361169,2.2439609,1.0278305,1.4342507,328,2.0237305
8257568,192000,10000,192,7.8009978e+08,0.2178421,151.83917,11465.343,47413.047,370.26309,17711.924,212133.42,3340097,7.5763999e+10,0.75163615,1.4814422,0.58536583,0.97796977,14.05397,2.3603144,1.0384231,1.4128441,328,2.0102284
8257569,192000,12000,191,7.7808666e+08,0.21701451,161.20554,10600.599,47358.969,493.71472,44097.66,212263.11,3240874.8,7.1511998e+10,0.75717831,1.4591928,0.58231705,0.97949588,13.950632,2.3429592,1.036863,1.4159021,328,2.0120199
8257570,192000,14000,173,7.1037094e+08,0.27370057,167.65656,7840.3403,37983.676,617.16632,22773.471,180596.64,2542699.2,4.4492001e+10,0.88607341,1.1808496,0.79723501,1.3999351,7.1595697,1.2024243,0.91290265,1.8103975,328,2.0869951
8257571,192000,16000,170,6.9722202e+08,0.33266827,181.81554,7361.9131,35984.027,740.61798,13675.373,162287.39,2480660.5,4.3059999e+10,0.9040724,1.1437953,0.78341013,1.4177938,7.0794253,1.1889644,0.91106457,1.8195719,328,2.075788
8257572,192000,18000,169,6.9308122e+08,0.3552489,196.73952,7606.8677,33984.418,864.06958,10866.655,156577.97,2491736.8,4.3924001e+10,0.90842491,1.1349887,0.77880186,1.4235002,7.0531077,1.1845444,0.91045809,1.8226299,328,2.072284
8257573,192000,20000,169,6.9133427e+08,0.36313701,209.82021,8363.1699,31984.857,987.52118,10056.215,154672.72,2548419,4.6420001e+10,0.90842491,1.1349887,0.77880186,1.4235002,7.0531077,1.1845444,0.91045809,1.8226299,328,2.072284
8257574,192000,22000,168,6.9017862e+08,0.35946018,220.23082,9478.1387,32992.34,1110.9728,10933.676,155331.77,2612000.2,4.9807999e+10,0.91238952,1.1252447,0.77419353,1.4290866,7.0269852,1.1801572,0.90985465,1.8256881,328,2.0688925
8257575,192000,24000,169,6.8937805e+08,0.35334221,228.18459,10829.944,34611.84,1234.4244,12140.233,156579.86,2743966,5.5372001e+10,0.90335304,1.1465565,0.77880186,1.4235002,7.0531077,1.1845444,0.91045809,1.8226299,328,2.072284
8257576,192000,26000,170,6.8930682e+08,0.34292987,234.18202,12329.734,36269.332,1357.8761,13927.407,158930.98,2898065.5,6.2103998e+10,0.89418727,1.1693187,0.78341013,1.4177938,7.0794253,1.1889644,0.91106457,1.8195719,328,2.075788
8257577,192000,28000,171,6.9104179e+08,0.32331651,238.62059,13904.606,37959.84,1481.3276,17041.812,163886.48,3081367.5,7.0296003e+10,0.88510489,1.194353,0.78801841,1.4119654,7.1059399,1.1934174,0.91167414,1.8165138,328,2.0794067
8257578,192000,30000,173,6.9945478e+08,0.27657995,241.34036,15449.7,39679.145,1604.7793,24892.293,178268.42,3300914,7.9815999e+10,0.85448313,1.2900347,0.79723501,1.3999351,7.1595697,1.2024243,0.91290265,1.8103975,328,2.0869951
8257579,192000,32000,188,7.5998349e+08,0.20538566,235.81952,16842.547,46148.836,1728.231,50072.555,215636.34,4008887.2,1.0782e+11,0.74189329,1.6044793,0.57317072,0.98374158,13.649539,2.2923918,1.0322783,1.4250765,328,2.0176694
8257580,192000,34000,189,7.6973882e+08,0.20699911,237.8653,18481.791,45921.977,1206.0087,24520.705,216168.48,4246134,1.18784e+11,0.73612517,1.6640315,0.5762195,0.9823817,13.748449,2.3090034,1.0337909,1.4220183,328,2.0157402
8257581,192000,36000,101,4.0184749e+08,0.27986842,258.73428,22868.354,43668.859,295.78638,42754.312,134325.55,2540877.8,7.7248004e+10,0.9390099,0.68889636,0.4654378,1.5828383,5.6299286,0.94552654,0.87520236,2.030581,328,2.0459516
8257582,192000,38000,42,1.7544802e+08,0.15326874,267.84119,18287.688,42688.102,172.33476,39821.336,119936.77,902216.44,2.6200001e+10,0.98954701,0.32460421,0.19354838,1.3937289,4.7911263,0.80465263,0.8515963,2.2110093,328,2.3254182
8257583,192000,40000,33,1.3594378e+08,0.12322198,269.85529,17101.119,44485.949,48.883141,39627.941,117744.47,667408.06,1.9332e+10,1,0.26526898,0.15207373,1.3316844,4.6846566,0.78677148,0.84840876,2.2385321,328,2.399334
8323118,194000,38000,142,5.7231846e+08,0.36397162,250.54254,26088.004,47662.105,102.39948,30906.541,140569.16,3913677.2,1.2714e+11,0.93127561,0.95280528,0.65437788,1.5368049,6.40975,1.0764948,0.89515436,1.9051988,328,2.0156829
8323119,194000,40000,114,4.5836477e+08,0.30090576,254.64806,28015.305,49308.828,225.8511,43924.145,138355.14,3388544.8,1.18256e+11,0.9360348,0.77035224,0.52534562,1.5833701,5.8558211,0.98346436,0.88115829,1.9908257,328,2.0224698
8323120,194000,42000,87,3.4774432e+08,0.25612018,258.64502,28238.596,49024.582,349.30273,41787.402,130621.02,2568067,9.0632004e+10,0.9438653,0.60227925,0.40092167,1.5667108,5.4053731,0.90781325,0.86912405,2.0733945,328,2.0855396
8323121,194000,44000,71,2.8714733e+08,0.22491424,260.94574,28882.938,50047.293,472.75433,40895.316,126662.73,2157137.2,7.9104e+10,0.95412475,0.50406975,0.32718894,1.5277675,5.1697164,0.86823553,0.86256361,2.1223242,328,2.1497345
8323122,194000,46000,61,2.4889954e+08,0.2025225,262.45532,29755.232,51538.816,596.20593,40441.941,124274.02,1892802.6,7.1259996e+10,0.96502733,0.44294056,0.281106,1.4915125,5.032589,0.84520543,0.85865468,2.1529052,328,2.2009428
8323123,194000,48000,55,2.2256186e+08,0.18582764,263.53027,30782.658,53239.426,719.65759,40180.996,122680.39,1757051.6,6.8064002e+10,0.97306395,0.40559855,0.25345623,1.4649738,4.9537492,0.83196461,0.85637528,2.1712539,328,2.2361519
8323124,194000,50000,50,2.0332067e+08,0.17295395,264.33923,31927.576,55047.469,843.10919,40017.348,121543.14,1657496.9,6.6212e+10,0.97959185,0.37412244,0.23041475,1.4399067,4.8899121,0.82124341,0.85451192,2.1865444,328,2.2682736
