Ref,x,y,Connectivity,Isovist Area,Isovist Compactness,Isovist Drift Angle,Isovist Drift Magnitude,Isovist Max Radial,Isovist Min Radial,Isovist Occlusivity,Isovist Perimeter,Point First Moment,Point Second Moment,Visual Clustering Coefficient,Visual Control,Visual Controllability,Visual Entropy,Visual Integration [HH],Visual Integration [P-value],Visual Integration [Tekl],Visual Mean Depth,Visual Node Count,Visual Relativised Entropy
851992,56,-164,82,324.06757,0.036058277,5.1314197,16.05689,90.894409,0.19187295,252.20569,336.06265,1578.2968,56380,0.4604035,0.72462308,0.12872842,1.0421613,6.8748636,0.98250532,0.89363343,2.0042253,711,2.4853315
851993,56,-162,97,367.82608,0.041064177,13.404572,21.321901,94.964798,0.58629119,256.03873,335.50162,2379.6165,105916,0.41430414,0.74011445,0.15203762,1.0300848,7.1454487,1.0211754,0.89891571,1.9661971,711,2.4627528
851994,56,-160,104,426.23816,0.064646386,358.70837,32.87479,91.118988,0.65792269,197.74217,287.84518,3214.0444,178524,0.52688575,0.7228151,0.17133443,1.2771254,6.6872821,0.95569754,0.88988614,2.0323944,711,2.296468
851995,56,-158,92,346.42783,0.046515867,355.20047,24.833576,91.902214,0.39764813,217.664,305.92203,2534.8196,136392,0.47611085,0.67532033,0.1503268,1.2041798,6.6690855,0.95309699,0.88951874,2.0352113,711,2.3628807
917526,58,-168,165,649.98657,0.045691747,5.9736061,33.718548,88.697701,0.16289163,315.26031,422.80319,5935.7256,311976,0.56459719,0.86264902,0.27182865,1.4335951,7.294312,1.0424498,0.90176272,1.9464788,711,2.0890749
917527,58,-166,100,428.92841,0.026755933,4.3490992,22.289433,77.110764,1.2784795,354.14243,448.8356,2084.0974,71440,0.48767677,0.7556169,0.16528925,1.2715275,6.6329875,0.94793814,0.88878781,2.0408452,711,2.3079572
917528,58,-164,69,271.73978,0.114481,16.711252,8.0667686,36.479305,2.0997632,98.625664,172.70894,773.27942,11752,0.57502133,0.6710034,0.11519199,1.1790006,6.3167238,0.90274006,0.88226235,2.0929577,711,2.4320035
917529,58,-162,100,394.00342,0.052564092,14.920799,23.140377,87.695435,2.5693276,227.06932,306.90952,2576.418,126452,0.41959596,0.7505998,0.15503876,1.0112591,7.2511506,1.0362815,0.90094143,1.9521127,711,2.4688284
917530,58,-160,115,469.20923,0.056272101,2.0296681,31.348619,89.150414,2.6550515,231.88521,323.69922,3598.6135,197076,0.52051866,0.76081944,0.18760195,1.2748809,6.8942022,0.98526907,0.89401573,2.0014083,711,2.2722654
917531,58,-158,78,295.4136,0.056520406,350.97086,23.570429,89.909767,2.340688,178.73204,256.28168,1925.8469,103448,0.47619048,0.6228236,0.12913907,1.2084961,6.3908443,0.91333282,0.88381183,2.0802817,711,2.3981354
917532,58,-156,79,297.04391,0.13987409,6.5902939,10.477607,38.928307,1.621884,84.205147,163.36034,1166.7507,24692,0.5527426,0.62166601,0.12993421,1.1712588,6.5183215,0.93155092,0.88644755,2.059155,711,2.4113407
917533,58,-154,98,379.0062,0.13128659,7.4032693,17.679365,62.755802,0.54124272,95.918671,190.4662,1968.5671,56640,0.55396593,0.64457798,0.15730338,1.0911326,7.0025396,1.0007519,0.89614356,1.9859155,711,2.4223506
983061,60,-170,172,699.96271,0.046283878,8.5791712,35.745178,87.715202,0.13037424,340.59311,435.9408,6524.0615,350748,0.60580713,0.78282088,0.28382838,1.4555079,7.3379908,1.0486921,0.90259045,1.940845,711,2.0662949
983062,60,-168,158,627.07507,0.046779454,5.414084,31.739504,86.229195,1.2078372,305.48251,410.42816,5328.3179,265736,0.57873094,0.80902779,0.26072606,1.4275984,7.1873574,1.0271647,0.89972132,1.9605634,711,2.1064489
983063,60,-166,91,419.67282,0.028871277,4.9909515,19.363302,75.102463,1.345987,339.16742,427.39294,1583.7406,44780,0.50818074,0.68203604,0.1514143,1.2774477,6.4327793,0.91932583,0.88468289,2.0732393,711,2.3323905
983064,60,-164,65,265.09491,0.17293075,22.853308,5.7368202,29.767662,3.0029266,68.372307,138.79362,634.03003,8276,0.6076923,0.62331533,0.10887772,1.1693952,6.2682581,0.8958137,0.88124233,2.1014085,711,2.4471428
983065,60,-162,65,269.02405,0.054088205,22.536371,9.9519682,67.809792,3.2674823,182.51009,250.00528,861.1662,24684,0.55240387,0.6279245,0.10366827,0.94860435,6.7239752,0.96094143,0.89062482,2.0267606,711,2.5862482
983066,60,-160,115,467.93509,0.061406385,2.0155456,30.453278,87.187096,3.4295552,217.98018,309.45035,3651.6287,205016,0.54797864,0.75175613,0.18760195,1.2748809,6.8942022,0.98526907,0.89401573,2.0014083,711,2.2722654
983067,60,-158,77,294.84933,0.043146458,353.53168,21.171486,87.917747,2.0459976,218.79401,293.04373,1840.1713,94204,0.45659605,0.63441533,0.12622951,1.1673667,6.4838328,0.92662209,0.88573802,2.0647888,711,2.421263
983068,60,-156,45,161.42001,0.21700777,285.94629,4.7979107,17.840828,0.85242015,41.5284,96.682076,344.69278,3340,0.71818179,0.44714135,0.076660991,1.1253414,5.9997282,0.85743731,0.87548828,2.1507041,711,2.5267231
983069,60,-154,83,326.07785,0.14592166,8.4025688,12.840131,52.384102,1.4203801,85.366463,167.57364,1393.7888,33748,0.58595359,0.59045935,0.13539967,1.1676334,6.5972781,0.94283485,0.88806206,2.046479,711,2.4051049
983070,60,-152,112,458.7431,0.058030032,5.5723777,22.21113,83.977859,0.61124533,207.41125,315.18338,2635.6426,92180,0.57609397,0.73843813,0.17554858,1.0797427,7.3051829,1.0440034,0.90196908,1.9450704,711,2.4000528
1048597,62,-170,185,746.28052,0.02988019,8.4652348,37.8815,85.717659,1.2156482,464.68567,560.22736,7403.999,402452,0.68049353,0.71345657,0.30528054,1.4785212,7.4836302,1.0695058,0.90532589,1.9225352,711,2.0316527
1048598,62,-168,141,555.30127,0.024943141,3.632288,32.098808,85.599808,0.74211073,432.15616,528.9245,4929.1128,250920,0.64772034,0.63187152,0.23344371,1.3961816,6.9925504,0.99932426,0.89594829,1.987324,711,2.1551952
1048599,62,-166,84,383.90695,0.040518932,2.2547503,16.328318,73.093681,0.93046862,259.18362,345.05545,1280.6924,33536,0.55938035,0.61086416,0.13884297,1.220675,6.4752679,0.92539799,0.88556141,2.0661972,711,2.3747499
1048600,62,-164,54,215.16965,0.24415071,43.065163,2.069834,19.057066,1.2544498,50.422253,105.23651,420.11038,4004,0.67645001,0.51298249,0.092307694,1.1830837,6.0292468,0.86165595,0.87612951,2.1450703,711,2.4705482
1048601,62,-162,52,197.66264,0.27513456,77.966629,3.092622,20.326706,1.267525,40.541306,95.015541,391.90869,3660,0.74057317,0.55655128,0.088737205,1.1550351,6.0665565,0.866988,0.87693685,2.1380281,711,2.4883597
1048602,62,-160,123,492.91223,0.040089518,2.5054119,31.528219,85.228065,1.6328037,303.00085,393.07401,4083.3484,228948,0.55577767,0.76425844,0.1983871,1.1795344,7.2297606,1.0332246,0.90053314,1.9549296,711,2.3169103
1048603,62,-158,70,276.38281,0.043954849,359.69812,11.733386,85.888458,1.5086666,200.17261,281.09753,1151.5525,45096,0.5043478,0.61922866,0.11437909,1.120073,6.4752679,0.92539799,0.88556141,2.0661972,711,2.4639943
1048605,62,-154,60,225.32986,0.17658362,23.142504,12.548709,39.953476,0.68620259,64.923363,126.63072,865.81799,18820,0.69999999,0.45186478,0.1025641,1.1723603,6.1735234,0.88227493,0.87923241,2.11831,711,2.4545856
1048606,62,-152,99,400.68454,0.1330692,10.497077,21.60228,69.379753,1.8361754,94.927536,194.52144,2168.9858,70108,0.67058337,0.59900838,0.15916398,1.0981351,7.0025396,1.0007519,0.89614356,1.9859155,711,2.4159327
1048607,62,-150,197,784.92487,0.032462981,359.62814,37.362999,86.645218,0.070653833,430.17148,551.21979,7740.0405,415664,0.59955454,0.8919875,0.29848486,1.1894978,8.6910954,1.2420679,0.92670214,1.7943662,711,2.1745768
1114132,64,-172,227,905.62708,0.058141775,13.940145,40.448849,83.856178,0.15756655,350.62982,442.42075,9417.0059,512888,0.68617207,0.86402428,0.36495176,1.3841472,8.5545864,1.222559,0.92439204,1.8070422,711,2.0125132
1114133,64,-170,203,820.44623,0.037210327,9.6188326,37.332638,83.72036,2.0500941,429.5809,526.37866,7930.6294,419024,0.68297321,0.80087495,0.33665007,1.5320311,7.5644717,1.0810591,0.90682846,1.9126761,711,1.9818349
1114134,64,-168,139,538.19446,0.028004516,3.163456,28.027906,83.579773,2.4497442,392.25946,491.42871,4380.7769,211664,0.62673342,0.68249577,0.23089701,1.4148465,6.8748636,0.98250532,0.89363343,2.0042253,711,2.1559415
1114135,64,-166,79,360.38904,0.027889701,357.57751,18.653145,83.228729,1.3266878,332.38443,402.96637,1385.1611,43784,0.62869197,0.48951632,0.13122924,1.2296004,6.341239,0.90624356,0.88277626,2.0887325,711,2.3878291
1114138,64,-160,140,551.94147,0.043151606,5.4207211,34.703781,86.715324,0.64032274,318.44827,400.91559,5148.4297,286052,0.57358682,0.76105016,0.21705426,1.1314235,7.7071977,1.1014564,0.90945435,1.8957746,711,2.3125541
1114139,64,-158,52,194.94963,0.18543108,115.65865,0.70131522,18.949099,2.3957729,48.242142,114.94098,370.5585,3184,0.70060331,0.57025045,0.087542087,1.121538,6.1425786,0.8778525,0.87857121,2.1239436,711,2.5081544
1114140,64,-156,57,216.3968,0.16551583,24.592024,2.0740747,31.704668,1.3901554,66.779137,128.17714,525.03003,7048,0.63283211,0.56688362,0.095158599,1.1115823,6.2602525,0.89466959,0.8810733,2.1028168,711,2.4993196
1114141,64,-154,66,249.87061,0.17456706,14.382512,5.8555255,30.505356,1.8502165,72.405968,134.11624,793.96094,13768,0.58321679,0.55767035,0.10945274,1.1369157,6.3659453,0.90977442,0.88329273,2.084507,711,2.4621463
1114142,64,-152,105,415.0257,0.11340179,9.9046812,18.492357,66.48996,2.650471,115.81486,214.45317,2104.8108,63200,0.6018315,0.68742007,0.16693164,1.0923034,7.1350479,1.019689,0.89871526,1.9676056,711,2.4066529
1114143,64,-150,224,912.49316,0.033564713,357.18655,38.121605,85.094635,0.7690087,466.3595,584.49158,8904.7012,479728,0.62019539,0.9610545,0.34250763,1.2563851,9.027215,1.2901037,0.93228626,1.7647887,711,2.0889118
1179668,66,-172,233,951.99115,0.059579007,15.36458,39.988014,82.042915,0.59375006,355.79086,448.09982,9683.0039,525168,0.68813825,0.85893106,0.36180124,1.3063651,9.0106211,1.2877321,0.93201393,1.7661972,711,2.0458546
1179669,66,-170,216,849.284,0.060174957,10.153894,36.813362,81.723328,2.5736911,324.69742,421.13712,8436.4395,438444,0.70413435,0.80025774,0.34782609,1.3740507,8.3791075,1.1974808,0.92138511,1.8239436,711,2.0354412
1179670,66,-168,114,442.93826,0.042366225,359.31494,23.873991,81.551125,2.5029874,270.57306,362.46548,3085.981,129624,0.70982766,0.53806973,0.18936877,1.347612,6.6419754,0.94922262,0.88897008,2.0394366,711,2.2432225
1179671,66,-166,86,371.68863,0.02892912,355.81348,23.120108,81.200508,0.52725136,331.8082,401.81577,2139.4268,94392,0.66210669,0.41741252,0.14309484,1.2596226,6.3908443,0.91333282,0.88381183,2.0802817,711,2.3539526
1179674,66,-160,167,673.47955,0.039447259,8.1792555,36.909504,81.330627,0.63690341,381.39853,463.18951,6512.415,349704,0.62903112,0.73941314,0.25851393,1.1911867,8.0621347,1.1521814,0.91584218,1.856338,711,2.2254965
1179675,66,-158,44,162.01477,0.28152627,157.03214,3.1152883,13.084029,2.1806839,37.56517,85.039902,297.67929,2348,0.76321352,0.50860757,0.077192985,1.1612527,5.9057565,0.84400761,0.87343198,2.169014,711,2.5042388
1179676,66,-156,45,172.94759,0.32111508,193.46596,2.8373485,14.99971,1.1473106,30.764288,82.268166,317.78391,2736,0.79292929,0.49882877,0.078534029,1.1570822,5.9343557,0.84809476,0.87406021,2.1633804,711,2.504009
1179677,66,-154,56,221.84793,0.20028818,20.225288,1.3928074,28.897408,1.8999718,61.733879,117.97906,564.11786,8164,0.64480519,0.54587871,0.093489148,1.1069897,6.2522674,0.89352846,0.88090456,2.1042254,711,2.5046334
1179678,66,-152,97,397.186,0.13534687,11.781046,14.221272,60.09837,2.9919691,101.4954,192.03386,1708.9885,43608,0.619201,0.6304549,0.15495208,1.0767035,7.0226045,1.0036193,0.8965351,1.9830986,711,2.4333467
1179679,66,-150,267,1072.8392,0.039140277,354.578,37.168861,83.134171,1.4569888,455.31573,586.8949,10373.664,533592,0.64216721,1.080052,0.41395348,1.3341253,9.6302118,1.3762796,0.94195867,1.7169014,711,1.9788306
1245204,68,-172,237,964.21375,0.044558506,16.406141,38.995537,80.061211,0.67127681,429.28223,521.46631,9708.6943,516180,0.70946866,0.80863088,0.36801243,1.3108492,9.0773659,1.2972709,0.9331072,1.7605634,711,2.0370517
1245205,68,-170,221,881.71088,0.059742898,10.747486,36.192822,79.726585,2.6684163,334.50555,430.65045,8539.4502,434032,0.73364872,0.76394218,0.35587761,1.3802323,8.4513407,1.207804,0.92262805,1.8169014,711,2.0241845
1245206,68,-168,116,444.13129,0.028291661,358.81546,23.263241,79.510162,3.2687564,355.58514,444.15176,3027.4094,120976,0.72608697,0.52302635,0.19269103,1.3534694,6.6600242,0.95180202,0.88933551,2.0366197,711,2.2357941
1245207,68,-166,105,442.48294,0.028880231,355.16037,28.197643,79.165825,1.3232141,357.13095,438.7861,3210.4741,150072,0.66318679,0.45121917,0.16853933,1.1856098,6.9528761,0.99365431,0.89517099,1.9929577,711,2.3445024
1245210,68,-160,196,799.3645,0.038117103,10.977275,31.954702,79.394958,0.63690341,418.07721,513.35455,6681.1934,318060,0.66980636,0.78333944,0.30914825,1.2911589,8.2940407,1.1853237,0.91991186,1.8323944,711,2.1157343
1245211,68,-158,30,119.03764,0.39838332,175.55502,6.1102285,13.866467,0.52033347,29.14764,61.276859,227.9847,2076,0.83678162,0.35362768,0.070588239,1.3790023,4.931366,0.70475483,0.85061312,2.4000001,711,2.4673781
1245213,68,-154,38,151.07935,0.34743163,202.89714,5.5674706,17.509205,0.22439966,34.115753,73.921844,307.51505,3128,0.85490751,0.4185811,0.068345323,1.1708699,5.7667975,0.8241486,0.87034881,2.1971831,711,2.5157237
1245214,68,-152,70,269.05154,0.19551268,18.09186,3.3494401,30.845415,1.3163968,69.292191,131.50287,868.62567,14040,0.64389235,0.53655231,0.11570248,1.1463934,6.4159393,0.91691923,0.88433355,2.0760562,711,2.4470358
1245215,68,-150,329,1304.9951,0.036226902,350.01801,34.922562,81.175636,2.1808658,520.32306,672.81207,12336.561,600648,0.64348727,1.2399027,0.48740742,1.2382908,11.754863,1.6799191,0.97308546,1.5873239,711,1.9455594
1245216,68,-148,315,1246.1849,0.020514335,348.24002,34.777191,81.566391,0.31646189,707.13184,873.71033,11576.249,563372,0.60784554,1.2444335,0.47155687,1.2670275,11.191274,1.5993751,0.96522474,1.6169014,711,1.9476824
1310740,70,-172,245,980.87103,0.040626097,17.996714,37.515797,78.07901,0.44412237,457.10651,550.8183,9703.2041,497052,0.70866513,0.82352149,0.38102645,1.3227698,9.1965809,1.3143083,0.93504632,1.7507042,711,2.0180948
1310741,70,-170,241,954.93378,0.060513079,12.206278,36.034752,77.729126,2.4209862,346.49304,445.31461,9225.0273,458308,0.7327801,0.80691761,0.3748056,1.3187391,9.1280775,1.3045182,0.93393415,1.756338,711,2.02649
1310742,70,-168,174,668.80505,0.066364326,4.5779562,30.865685,75.77742,2.0154748,261.16852,355.86673,5806.2881,268152,0.70819217,0.63824606,0.28903654,1.4892174,7.2297606,1.0332246,0.90053314,1.9549296,711,2.0520027
1310743,70,-166,115,492.98898,0.035501022,355.76651,28.659298,77.125175,1.3234828,330.62042,417.73715,3507.9187,161792,0.66788709,0.47026402,0.18518518,1.2245164,7.0326796,1.0050592,0.89673144,1.9816902,711,2.3000705
1310746,70,-160,210,842.70355,0.05022081,11.907837,29.736403,77.471519,0.63690341,356.79108,459.19855,6836.4443,310812,0.67942584,0.80813533,0.33492824,1.3360003,8.3934555,1.1995313,0.92163259,1.8225352,711,2.0679343
1310747,70,-158,180,729.03094,0.040265612,14.818256,32.217201,80.398392,0.35148686,385.91315,476.99164,5948.7368,256276,0.72700185,0.48976326,0.28481013,1.2702782,8.0488958,1.1502895,0.91560739,1.8577465,711,2.1555636
1310751,70,-150,308,1237.8077,0.033053029,349.03238,30.289629,79.217415,1.2476991,515.26721,686.00281,10215.12,450436,0.62794536,1.1971382,0.46315789,1.277851,10.941468,1.5636748,0.96165556,1.6309859,711,1.951084
1310752,70,-148,304,1220.1951,0.023785703,349.90729,32.695312,79.668892,1.0403389,641.19843,802.90021,10626.438,503268,0.64920968,1.1340153,0.47278383,1.3578517,10.341304,1.4779036,0.95285034,1.6676056,711,1.9155517
1376276,72,-172,250,1019.355,0.049029365,20.34236,36.155495,76.099693,0.14079203,415.58264,511.13959,9585.7354,471172,0.70322889,0.83260697,0.3888025,1.3275064,9.2836704,1.3267543,0.93645209,1.743662,711,2.0078657
1376277,72,-170,253,1019.2245,0.065757513,13.865469,35.212376,75.731987,2.117656,337.90518,441.3338,9550.3047,461440,0.7447142,0.81920326,0.39285713,1.3266271,9.354538,1.3368822,0.93758941,1.7380282,711,2.003737
1376278,72,-168,202,797.75525,0.075471357,7.1579943,31.533983,73.487282,0.53282309,258.83414,364.45901,6854.7222,311904,0.74336237,0.68562418,0.32580644,1.3579382,8.1696301,1.1675438,0.91773844,1.8450705,711,2.0671294
1376279,72,-166,136,567.75995,0.041804519,356.92813,29.161501,75.075073,0.78955138,317.37546,413.11951,4300.1353,198440,0.64803922,0.55995899,0.21900161,1.2830757,7.2511506,1.0362815,0.90094143,1.9521127,711,2.2234972
1376282,72,-160,201,810.32751,0.075464234,9.9110336,30.666035,75.562302,0.63690341,274.957,367.33698,6692.1953,306728,0.72900498,0.66911107,0.32736155,1.4579331,7.855413,1.1226383,0.91214591,1.8788732,711,2.011549
1376283,72,-158,181,726.43561,0.03951811,17.855019,28.041407,78.465141,2.0239613,382.34262,480.62393,5192.8325,202072,0.70276242,0.52681798,0.2810559,1.2274384,8.2244596,1.1753796,0.91869909,1.8394367,711,2.1785984
1376284,72,-156,312,1284.2384,0.048322015,2.0008261,36.239414,77.68087,0.92722565,461.47305,577.90338,11576.96,544616,0.81960589,0.79196149,0.4777948,1.3251945,10.749513,1.5362419,0.95887548,1.6422535,711,1.9206059
1376286,72,-152,325,1282.5227,0.11429137,350.44012,37.581989,76.859383,0.45207927,261.20569,375.51797,12508.705,612740,0.81046534,0.86554998,0.50154322,1.343478,10.941468,1.5636748,0.96165556,1.6309859,711,1.8953946
1376287,72,-150,257,1025.1757,0.035605598,350.71826,27.852182,76.579147,2.1136301,447.10843,601.51288,7934.2695,331384,0.68427771,0.84375739,0.37628111,1.1577851,10.190806,1.4563956,0.95058846,1.6774648,711,2.1005466
1376288,72,-148,319,1288.0343,0.028744694,349.72354,31.42075,77.729134,1.6732025,582.1131,750.39478,10759.164,491168,0.65682852,1.1704932,0.49688473,1.3628048,10.656038,1.5228833,0.95750964,1.6478873,711,1.8943093
1441813,74,-170,267,1069.9753,0.059206352,15.701894,33.601219,73.735229,1.8470095,368.71121,476.54913,9712.3848,450168,0.732252,0.85114866,0.41395348,1.3341253,9.6302118,1.3762796,0.94195867,1.7169014,711,1.9788306
1441814,74,-168,212,852.72137,0.073135443,8.69347,30.955523,71.127609,1.6258091,275.43961,382.77588,7065.5142,309156,0.76790667,0.67821753,0.34193549,1.3719258,8.3080978,1.1873327,0.92015606,1.8309859,711,2.0431869
1441815,74,-166,149,616.34711,0.040878061,358.3956,29.859663,73.011635,1.3240203,326.88672,435.28375,4792.5737,219368,0.64438599,0.59225833,0.23993559,1.3150263,7.3933301,1.0566007,0.90363425,1.9338028,711,2.1800714
1441818,74,-160,194,776.22302,0.076251335,7.8562942,31.599667,73.669205,0.63690341,273.14209,357.66339,6639.6069,307076,0.7478233,0.63061601,0.30891719,1.3085456,8.1832685,1.169493,0.91797781,1.843662,711,2.1098189
1441819,74,-158,166,636.53943,0.044379514,24.299009,22.712828,71.677353,1.6435801,325.40848,424.54752,4216.2402,150228,0.69696969,0.5012033,0.25978091,1.2166066,7.9574313,1.137218,0.91397828,1.8676057,711,2.2119222
1441820,74,-156,333,1355.3323,0.034229077,1.7275435,34.064949,76.026321,2.5997,558.922,705.39148,11661.896,530640,0.78618979,0.87998247,0.50531107,1.3045597,11.426056,1.6329284,0.96853089,1.6042254,711,1.9040358
1441821,74,-154,372,1501.0537,0.065130986,355.89404,34.394558,74.535637,1.5029644,382.61179,538.15729,13228.597,602676,0.79256874,0.96511203,0.55439645,1.2480747,12.967666,1.8532442,0.98918498,1.5323944,711,1.8862811
1441822,74,-152,355,1420.0421,0.042204428,350.4006,35.344673,74.896599,1.6133358,495.80408,650.24426,13059.145,618364,0.76934826,0.96914238,0.52827382,1.2497455,12.44106,1.7779856,0.98232323,1.5549296,711,1.9056283
1441823,74,-150,177,723.80988,0.053701203,2.1572108,21.239111,74.842384,1.76217,288.27054,411.55243,4332.6528,159176,0.69132,0.58482546,0.26737159,1.1426375,8.4222984,1.2036535,0.92212921,1.8197184,711,2.2388091
1441824,74,-148,363,1466.9111,0.0368216,346.59906,32.075459,75.792511,2.1523418,519.90448,707.54736,12398.596,556836,0.69384962,1.1521132,0.54668677,1.2792808,12.44106,1.7779856,0.98232323,1.5549296,711,1.8807695
1441825,74,-146,401,1580.4084,0.035628576,341.29547,31.162027,76.322861,0.2048912,554.60236,746.60413,13784.646,610224,0.67643392,1.3313321,0.58970588,1.1924125,14.416993,2.0603714,1.0071647,1.4788733,711,1.8834466
1507349,76,-170,286,1147.4309,0.063997351,18.345306,32.075237,71.738922,1.6204764,356.92151,474.66498,9978.7861,439764,0.73264629,0.88715702,0.44548288,1.3552582,9.9427538,1.4209459,0.94681066,1.6943662,711,1.9410927
1507350,76,-168,243,965.22528,0.07874544,11.701506,31.60696,71.265221,3.3242891,273.96396,392.47009,8212.2402,357184,0.77318639,0.74183619,0.37909517,1.3279029,9.1280775,1.3045182,0.93393415,1.756338,711,2.0184953
1507351,76,-166,162,674.93945,0.043077923,359.90161,29.421764,70.930573,1.3242891,328.89651,443.72098,5243.7637,236048,0.6535542,0.6110509,0.26086956,1.34394,7.5411968,1.0777328,0.90639699,1.915493,711,2.1394324
1507354,76,-160,239,986.8927,0.057476245,8.9196033,33.905689,71.775993,0.63690341,368.47006,464.51068,8573.9697,385656,0.78042263,0.69169319,0.37460816,1.3342936,9.0106211,1.2877321,0.93201393,1.7661972,711,2.0214336
1507356,76,-156,353,1434.3396,0.041542854,2.1125014,31.513445,74.0849,1.6743522,505.33478,658.69257,11606.141,505852,0.77594644,0.93203676,0.53975534,1.318514,11.840043,1.6920925,0.97425139,1.5830986,711,1.8737234
1507357,76,-154,382,1531.3049,0.068487093,355.75842,31.837387,72.564117,2.6438613,365.54132,530.06781,12837.253,566828,0.77169478,1.0237103,0.57014924,1.2469348,13.283951,1.8984452,0.99321777,1.5197183,711,1.8756444
1507358,76,-152,378,1518.4961,0.049344648,350.38379,33.127193,72.936234,0.67885131,446.86023,621.85876,13080.128,584780,0.77431124,0.99988532,0.57186079,1.2828387,12.831879,1.8338385,0.98743367,1.5380281,711,1.8628079
1507359,76,-150,70,276.44861,0.16818139,35.007061,8.8162584,42.432972,0.038319912,63.233414,143.72197,873.39435,14480,0.83602482,0.24200109,0.11844332,1.0920866,6.4497075,0.92174512,0.88503337,2.0704226,711,2.4878397
1507360,76,-148,386,1542.4897,0.035729922,344.08679,29.030727,73.859261,1.9538929,532.34369,736.54626,12041.699,498304,0.71876723,1.1449577,0.58573598,1.2844905,13.036643,1.8631018,0.99006999,1.5295775,711,1.8541462
1507361,76,-146,406,1608.3927,0.040381826,340.94598,29.306784,74.403389,0.96369833,499.21207,707.46997,13189.02,563816,0.69168645,1.2614042,0.59705883,1.1885356,14.632173,2.0911233,1.0097311,1.471831,711,1.8801129
1572885,78,-170,307,1226.9308,0.050746948,20.375637,30.323959,69.742729,1.4024928,425.94565,551.20105,10183.56,426580,0.73515576,0.92912066,0.47819313,1.3616632,10.385122,1.4841659,0.95350468,1.6647887,711,1.9099349
1572886,78,-168,271,1095.9855,0.071890414,14.92944,30.338589,69.261414,2.6896787,302.62927,437.69528,8937.6777,372836,0.76345497,0.8003068,0.42146191,1.3437921,9.6682005,1.3817086,0.94255406,1.7140845,711,1.9680616
1572887,78,-166,186,765.38275,0.036705766,2.7228034,28.89834,68.82296,0.69431221,394.12433,511.89056,5952.5479,258296,0.69689041,0.64183229,0.30194804,1.4069357,7.7682691,1.1101843,0.9105677,1.8887324,711,2.0617678
1572890,78,-160,289,1161.256,0.065873682,11.947099,28.112074,69.811966,0.63690341,355.20752,470.66614,8938.7568,367464,0.7538687,0.83974534,0.45583597,1.3819131,9.842927,1.4066793,0.94527233,1.7014085,711,1.9248977
1572891,78,-158,300,1191.1818,0.051088654,9.9543972,26.67527,70.011139,0.76448697,408.68851,541.29218,8712.0762,334696,0.7827425,0.77656609,0.46801871,1.3633817,10.212037,1.4594297,0.95090896,1.6760564,711,1.9183192
1572892,78,-156,387,1527.8252,0.055247348,1.8316187,29.144299,72.147026,2.0743728,419.29306,589.50305,12050.115,499200,0.78017431,1.0087346,0.58814591,1.2871041,13.036643,1.8631018,0.99006999,1.5295775,711,1.8521171
1572893,78,-154,399,1589.8529,0.060312275,354.85376,29.442141,70.594818,2.9805713,389.34976,575.54669,12617.972,532412,0.76500297,1.0722054,0.59641254,1.2390577,13.886056,1.9844937,1.0007228,1.4971831,711,1.8617531
1572894,78,-152,410,1623.1451,0.057868663,350.49255,29.944786,71.253296,1.360606,399.83603,593.69293,13202.157,569536,0.75099289,1.1129533,0.6002928,1.1716996,14.944445,2.135751,1.0134118,1.4619719,711,1.8850185
1572895,78,-150,431,1718.7404,0.077655807,348.29651,30.705103,71.422699,0.99538189,329.42972,527.37933,14363.618,623300,0.74432635,1.1622987,0.63103956,1.1514233,15.966702,2.2818446,1.0251204,1.4323944,711,1.8741871
1572896,78,-148,373,1504.5507,0.03710318,342.95831,26.658749,71.177856,2.3665178,511.62674,713.84308,10890.669,427692,0.73210526,1.0849805,0.55014747,1.2176106,13.248048,1.8933144,0.99276322,1.5211267,711,1.901673
1572897,78,-146,400,1576.4391,0.040270712,340.11978,27.674582,72.488281,2.2504041,482.3118,701.37274,12384.914,508240,0.71302003,1.1747762,0.59084195,1.206226,14.249354,2.0364137,1.0051478,1.4845071,711,1.8771204
1572898,78,-144,395,1574.9885,0.03721213,337.08847,27.475386,71.702751,1.2069255,538.17047,729.29187,12235.79,497484,0.66831589,1.3036873,0.57496363,1.1632346,14.459521,2.0664492,1.0076739,1.4774648,711,1.9070941
1572899,78,-142,341,1397.5326,0.035957027,332.78061,30.053276,73.755676,0.72580099,576.31879,698.86615,11020.762,459200,0.74845612,0.96050465,0.50443786,1.2340283,12.133113,1.733976,0.9782207,1.5690141,711,1.9322692
1572900,78,-140,320,1278.793,0.042187557,326.19116,31.469282,74.461899,0.21158814,498.01776,617.18146,10531.82,441528,0.80926722,0.82856673,0.50713152,1.395098,10.429315,1.4904815,0.95416278,1.6619718,711,1.8805335
1638421,80,-170,320,1297.3633,0.050579891,22.284594,28.2747,67.746124,1.1845093,429.86792,567.73645,10120.622,405088,0.7317006,0.97165298,0.49844238,1.3628174,10.679255,1.5262011,0.95784962,1.6464789,711,1.8930783
1638422,80,-168,311,1237.3271,0.068695076,18.485256,28.214079,67.257103,3.1770785,324.09763,475.75613,9659.5625,377920,0.74772328,0.93245846,0.46626687,1.2702957,11.064961,1.5813235,0.96342677,1.6239437,711,1.9512564
1638423,80,-166,231,950.49323,0.039805781,9.5267162,28.894955,66.886398,1.3248266,419.87543,547.78027,7520.4302,319928,0.73642009,0.73329186,0.34323922,1.1798453,9.4811945,1.3549832,0.93960756,1.728169,711,2.1257617
1638426,80,-160,332,1350.1493,0.089624137,12.999637,27.415762,67.819122,0.63690341,303.97818,435.09424,10266.467,413248,0.75485021,0.92967981,0.52037615,1.3738819,10.868687,1.5532733,0.96060538,1.6352112,711,1.8745433
1638427,80,-158,273,1106.406,0.040996548,12.866921,21.67894,62.435852,2.6369033,437.85361,582.35602,6841.9351,226416,0.76300907,0.72229254,0.42391303,1.3415881,9.72575,1.3899331,0.94345301,1.7098591,711,1.9662613
1638428,80,-156,401,1602.51,0.050409727,0.51925766,27.950891,70.213997,3.3500865,459.61011,632.04517,12279.817,500484,0.74894017,1.098996,0.58797652,1.1833491,14.502301,2.0725629,1.0081851,1.4760563,711,1.8884624
1638429,80,-154,409,1636.088,0.062895134,353.72446,27.198183,68.627289,4.1848512,377.26706,571.74152,12211.313,491388,0.76928425,1.08872,0.61875945,1.2582715,13.965178,1.9958014,1.001693,1.4943662,711,1.8443875
1638430,80,-152,422,1675.203,0.076173395,349.89642,27.936674,69.290657,3.1118507,321.87537,525.69879,12921.902,532720,0.75532192,1.1329107,0.62426037,1.1906525,15.175782,2.168812,1.0161062,1.4549296,711,1.8628299
1638431,80,-150,430,1729.0497,0.078633592,347.19641,28.182261,69.483002,2.9259963,317.06168,525.65961,13337.88,550680,0.74725431,1.1520393,0.63235295,1.1655576,15.761343,2.252496,1.0228084,1.4380282,711,1.867799
1638432,80,-148,378,1527.5562,0.04301573,341.44333,24.826082,70.004021,3.7394753,469.34723,668.02063,10637.811,412576,0.73240423,1.0704374,0.55588233,1.2062848,13.50352,1.9298245,0.99598014,1.5112677,711,1.9021233
1638433,80,-146,381,1515.5974,0.044824105,339.48694,24.790995,70.577881,3.8665879,445.42624,651.84009,10736.844,406860,0.72228211,1.1090316,0.5729323,1.2666305,13.071407,1.8680701,0.99051487,1.528169,711,1.8671291
1638434,80,-144,385,1571.0177,0.039259795,335.112,25.599508,70.47802,3.1373429,497.93918,709.1228,11402.494,448408,0.68482143,1.2298661,0.56040758,1.168839,14.045209,2.0072386,1.0026705,1.4915493,711,1.9157854
1638435,80,-142,366,1484.5826,0.035431687,329.27139,27.21583,71.878967,2.6705689,588.37085,725.62329,11287.46,451212,0.71219403,1.1303241,0.53744495,1.2062333,13.106358,1.873065,0.99096131,1.5267606,711,1.9168018
1638436,80,-140,325,1267.9187,0.043874472,322.77509,29.029776,72.603447,1.86066,483.76785,602.62158,10204.149,417220,0.80649573,0.8439523,0.52931595,1.5177797,9.882616,1.4123514,0.94588518,1.6985916,711,1.8129456
1703957,82,-170,337,1365,0.049695741,24.108547,26.740555,65.750137,1.1572052,437.78625,587.50513,10304.661,399264,0.71949625,1.0157191,0.52410573,1.3580608,11.115143,1.588495,0.96414274,1.6211268,711,1.8750231
1703958,82,-168,310,1277.6387,0.037084654,21.934601,25.071417,65.644089,3.1451113,493.89874,657.9787,8832.8193,318332,0.7229147,0.93875015,0.46686748,1.2825367,10.965946,1.5671729,0.9620077,1.6295775,711,1.9457437
1703959,82,-166,303,1241.4386,0.057027668,16.90336,26.893824,64.866241,1.3250953,373.3493,523.02777,9165.7861,353812,0.75199443,0.89953405,0.46904024,1.3476735,10.385122,1.4841659,0.95350468,1.6647887,711,1.9215863
1703962,82,-160,361,1464.4688,0.09595111,12.465687,25.952393,65.827026,0.63690341,291.22461,437.94543,10778.415,413408,0.77179134,0.98414516,0.56583071,1.363487,11.615587,1.6600149,0.97116679,1.5943662,711,1.8484368
1703963,82,-158,191,752.11182,0.079476029,31.364697,14.24719,59.246586,0.69487894,222.98918,344.84827,3570.2314,91844,0.75293469,0.5223822,0.2979719,1.2571888,8.3222036,1.1893486,0.92040074,1.8295774,711,2.1436059
1703964,82,-156,432,1715.6554,0.062404312,358.8027,25.508526,68.285873,2.0038021,391.69278,587.7771,12499.814,483420,0.74374837,1.1804522,0.63716817,1.1716009,15.761343,2.252496,1.0228084,1.4380282,711,1.8629248
1703965,82,-154,425,1678.4579,0.059261203,352.92917,25.095364,67.416016,3.8919611,396.79755,596.58856,12087.853,467020,0.7608546,1.1372682,0.62408221,1.1666366,15.561199,2.2238929,1.0205362,1.4436619,711,1.8720964
1703966,82,-152,420,1680.5311,0.074357644,348.67844,25.776886,67.070419,4.5686107,328.18311,532.92413,12211.323,481536,0.76614386,1.114545,0.62968516,1.2265249,14.675982,2.0973842,1.0102506,1.4704225,711,1.8482747
1703967,82,-150,417,1693.8062,0.078224584,345.77399,25.641928,67.546829,4.2318573,313.53687,521.63312,12106.566,475524,0.74846661,1.1157509,0.61323529,1.178908,15.128943,2.1621182,1.0155629,1.456338,711,1.8737056
1703968,82,-148,382,1525.8365,0.044686168,339.91959,23.155708,68.082657,4.738802,452.65146,655.04688,10322.751,390108,0.72148246,1.0848521,0.56425405,1.2177947,13.540823,1.9351555,0.99644649,1.5098592,711,1.890973
1703969,82,-146,389,1557.6854,0.044708807,336.80225,23.110336,68.639297,5.6575098,446.61954,661.68042,10649.09,391368,0.70353538,1.147109,0.57459378,1.21377,13.807825,1.9733135,0.99975997,1.5,711,1.885185
1703970,82,-144,397,1564.8094,0.041371804,332.78708,23.867516,69.160759,5.0821109,478.76779,689.41931,11258.956,425488,0.70125693,1.2202888,0.58296621,1.190768,14.290897,2.0423508,1.0056491,1.4830986,711,1.8888096
1703971,82,-142,382,1501.2144,0.03623572,327.03989,25.149857,69.967285,4.2106175,573.59631,721.53571,11297.59,437968,0.69919336,1.2015488,0.56093979,1.199708,13.692117,1.9567773,0.99832928,1.5042254,711,1.9011257
1703972,82,-140,326,1288.7388,0.048713114,317.84778,26.324207,70.752708,2.2486033,446.83765,576.58649,9600.75,369540,0.7675696,0.94056422,0.52580643,1.5018235,10.024085,1.4325691,0.94805634,1.6887324,711,1.8172624
1703973,82,-138,275,1061.3501,0.091584556,309.76266,25.929207,65.521271,0.28658915,275.86331,381.61298,7764.8672,278552,0.80894494,0.74602658,0.44715446,1.5105916,8.9940872,1.2853694,0.93174225,1.7676057,711,1.8741878
1769492,84,-172,279,1124.1832,0.052938513,31.598928,28.762163,64.389015,0.32829374,419.98138,516.58002,8593.3984,332124,0.80054665,0.73130119,0.43937007,1.374609,9.6682005,1.3817086,0.94255406,1.7140845,711,1.9419211
1769493,84,-170,343,1396.1442,0.05226583,25.941734,25.03442,63.776199,1.8363957,419.03891,579.37683,10161.464,381272,0.72209436,1.0132242,0.53343701,1.3566158,11.268455,1.6104053,0.9663167,1.612676,711,1.8689324
1769494,84,-168,289,1143.449,0.04864591,26.380932,20.359905,63.645279,2.4095824,370.44635,543.48822,7428.6196,247760,0.67767203,0.91936183,0.43393394,1.2657424,10.518836,1.5032753,0.95549005,1.656338,711,1.9846154
1769495,84,-166,351,1448.73,0.054369107,18.226145,24.451773,62.84679,1.6429714,398.90155,578.65881,10003.097,361960,0.7059992,1.0717242,0.5207715,1.2419219,12.378226,1.7690058,0.98149168,1.5577465,711,1.9149499
1769496,84,-164,348,1416.9551,0.085329913,10.535524,29.654688,63.605297,0.16561778,306.43127,456.80655,10864.104,422860,0.7755971,0.95491898,0.52330828,1.279812,12.014161,1.7169762,0.97661746,1.5746479,711,1.8981694
1769498,84,-160,404,1620.8267,0.076654546,10.917397,23.717815,63.83543,0.63690341,327.082,515.47101,11310.916,406580,0.76201999,1.0957543,0.6263566,1.310406,13.176822,1.8831352,0.99185902,1.5239437,711,1.8309245
1769499,84,-158,420,1679.0341,0.086580485,4.5749941,24.284584,64.054878,0.62611997,320.44519,493.65628,11665.56,426316,0.77311057,1.1047781,0.62686568,1.2157834,14.808996,2.1163936,1.0118215,1.4661971,711,1.8529072
1769500,84,-156,432,1748.3582,0.068992607,358.27826,23.480608,64.343285,1.9741535,359.79935,564.31146,11815.452,435216,0.76020449,1.1472179,0.64767617,1.2125319,15.222913,2.1755476,1.0166519,1.4535211,711,1.8447402
1769501,84,-154,431,1717.0792,0.063808627,352.39633,23.18935,65.832375,3.8756213,377.30869,581.51428,11730.611,437316,0.75102788,1.1630698,0.63289279,1.1601784,15.863358,2.2670753,1.0239594,1.4352113,711,1.8696014
1769502,84,-152,418,1682.911,0.072773971,347.32239,23.545139,65.12114,2.7983921,333.49286,539.07288,11375.426,422716,0.77717346,1.0933292,0.63429439,1.2551221,14.249354,2.0364137,1.0051478,1.4845071,711,1.8387463
1769503,84,-150,383,1538.3938,0.072592191,342.88095,21.777369,65.614479,2.2357335,314.3074,516.05237,9968.334,357148,0.73987395,1.0573425,0.56323528,1.2038187,13.692117,1.9567773,0.99832928,1.5042254,711,1.8975995
1769504,84,-148,370,1476.1996,0.043517526,338.33533,20.884785,66.165962,3.059756,454.97867,652.89807,9485.8037,340184,0.71796674,1.0762987,0.55059522,1.2448282,12.933451,1.8483543,0.98874485,1.5338029,711,1.8903071
1769505,84,-146,399,1560.4454,0.043079369,334.02792,20.920923,64.560768,4.6153474,456.92691,674.67487,10280.955,352296,0.70899612,1.1820889,0.59730542,1.2428033,13.84683,1.9788878,1.0002404,1.4985915,711,1.8600035
1769506,84,-144,398,1578.1145,0.038315471,330.19266,22.064987,67.433548,5.5426402,505.51208,719.42761,10884.643,397064,0.69132817,1.2552389,0.58443463,1.1900741,14.332684,2.0483224,1.0061523,1.4816902,711,1.8880711
1769507,84,-142,388,1536.6427,0.039638158,324.57632,23.776882,68.146591,4.533525,548.37115,697.96661,11125.704,417640,0.70432085,1.2040452,0.57058823,1.2010485,13.886056,1.9844937,1.0007228,1.4971831,711,1.8933322
1769508,84,-140,326,1278.277,0.071179166,313.39508,24.397396,68.910316,2.6365469,345.55804,475.05182,9143.2295,334856,0.75484663,0.98565686,0.52665591,1.5045224,10.003628,1.4296455,0.94774365,1.6901408,711,1.8163149
1769509,84,-138,241,936.13538,0.070954338,295.81769,21.576893,54.952236,0.67453253,303.73569,407.17844,5991.9385,185476,0.76977873,0.74296302,0.39059967,1.4920051,8.4513407,1.207804,0.92262805,1.8169014,711,1.9313575
1835027,86,-174,163,649.91315,0.055835988,59.05463,23.141333,55.56485,1.3500596,316.45276,382.45071,3881.2927,113532,0.80966449,0.44118074,0.2599681,1.2539268,7.7682691,1.1101843,0.9105677,1.8887324,711,2.1958909
1835028,86,-172,284,1154.9399,0.047646992,40.361012,24.593298,60.749065,2.0465593,445.28925,551.90826,8053.5254,287004,0.73010498,0.84620225,0.44167963,1.3509967,9.9226274,1.4180694,0.94650137,1.6957747,711,1.9459296
1835029,86,-170,356,1422.2161,0.051050287,29.693041,23.031441,61.825348,2.6427214,428.38586,591.68237,10097.537,361664,0.70713723,1.0559001,0.55279505,1.3489747,11.643178,1.663958,0.97154808,1.5929577,711,1.8581564
1835030,86,-168,315,1244.2278,0.045638334,22.638296,21.602388,61.646729,0.74698859,411.66055,585.31543,8624.5918,299228,0.68017387,1.0078071,0.47368422,1.2796098,11.115143,1.588495,0.96414274,1.6211268,711,1.9406137
1835031,86,-166,377,1522.355,0.050193895,24.058054,21.228485,60.826954,0.97965288,429.45776,617.35852,9942.9102,334604,0.69278741,1.1247721,0.56017828,1.2374579,13.212339,1.888211,0.99231035,1.5225352,711,1.8861277
1835032,86,-164,419,1668.6819,0.078157559,15.368682,23.668497,61.605797,1.8050269,331.55124,517.97192,11605.812,413156,0.7225337,1.1672267,0.62258542,1.2055534,14.89902,2.1292593,1.0128795,1.4633803,711,1.85847
1835033,86,-162,430,1692.6969,0.078396186,12.709718,23.786169,61.688606,0.67144853,331.12265,520.89124,11795.63,420460,0.74803489,1.1681175,0.64179105,1.2045066,15.270336,2.1823249,1.0171998,1.4521127,711,1.8495383
1835034,86,-160,438,1720.4861,0.066688761,10.827182,20.822039,61.844372,1.1743736,372.40445,569.38257,11085.958,372248,0.75439644,1.1950926,0.68437499,1.2775201,14.290897,2.0423508,1.0056491,1.4830986,711,1.8260244
1835035,86,-158,443,1769.9301,0.077597968,3.4112329,21.64711,62.07188,2.6219566,330.76727,535.37463,11514.919,399956,0.75672859,1.1893847,0.66119403,1.187865,15.914863,2.274436,1.0245386,1.4338028,711,1.8468459
1835036,86,-156,447,1773.7834,0.071842171,357.46094,21.486403,62.370121,3.293539,345.62665,557.01318,11576.671,404656,0.75359398,1.2056535,0.67218047,1.1987357,15.863358,2.2670753,1.0239594,1.4352113,711,1.840397
1835037,86,-154,442,1750.3298,0.062747076,351.2644,21.253288,63.894547,3.5348256,383.23828,592.06329,11520.466,410320,0.74502623,1.2109754,0.64999998,1.1513017,16.393906,2.3428974,1.0298687,1.4211267,711,1.863981
1835038,86,-152,426,1693.946,0.074518867,345.24274,21.134398,63.17651,1.5729071,326.73605,534.46783,10898.215,381524,0.77073735,1.132113,0.64741641,1.2486892,14.545335,2.0787129,1.0086983,1.4746479,711,1.8357097
1835039,86,-150,172,703.19666,0.07573697,334.28192,4.5620604,55.612118,0.26815295,212.51385,341.57761,2444.2708,48524,0.73765808,0.50952059,0.26833072,1.2213963,8.0621347,1.1521814,0.91584218,1.856338,711,2.19821
1835040,86,-148,375,1487.728,0.051295314,333.37753,18.838633,64.254341,1.9800419,400.65945,603.70929,9061.4434,298144,0.74595368,1.0452017,0.57164633,1.3016695,12.568661,1.7962213,0.98400337,1.5492958,711,1.8577012
1835041,86,-146,397,1561.5763,0.045310579,331.55652,19.241705,63.769733,3.9520252,444.11032,658.09216,9825.4863,324128,0.71891457,1.1267631,0.59431136,1.2443954,13.769039,1.9677705,0.99928129,1.5014085,711,1.8612282
1835042,86,-144,399,1570.1149,0.036366239,327.45886,20.119606,64.7164,4.0275965,522.31024,736.58258,10359.78,357892,0.68990314,1.239253,0.58676469,1.1938765,14.332684,2.0483224,1.0061523,1.4816902,711,1.8848531
1835043,86,-142,393,1549.865,0.043174181,321.51541,22.183252,66.292107,2.7614923,513.1228,671.64502,10974.271,399612,0.70096588,1.2007796,0.57794118,1.1979727,14.085568,2.0130067,1.0031623,1.4901408,711,1.8893228
1835044,86,-140,298,1124.386,0.080098636,300.80084,20.195385,61.377548,2.0292222,305.2684,420.00076,7342.5317,229508,0.75174564,0.89685965,0.48298216,1.5211985,9.3724241,1.3394384,0.93787557,1.7366197,711,1.8414842
1835045,86,-138,200,777.02625,0.11629577,279.84116,18.858347,48.44046,1.0624759,202.55862,289.7616,4337.4121,114684,0.7677387,0.61911404,0.32520324,1.4530909,7.855413,1.1226383,0.91214591,1.8788732,711,2.0158067
1900563,88,-174,37,191.50436,0.1089653,105.05843,15.897411,37.424534,0.014816164,115.97998,148.61073,596.23578,13116,0.55555558,0.13086055,0.061564058,1.0039258,6.1195726,0.87456465,0.87807816,2.1281691,711,2.6185839
1900564,88,-172,231,950.94647,0.048497073,63.581165,18.973984,54.202896,0.61661345,400.13519,496.39249,5438.272,158668,0.66534913,0.72007227,0.36093751,1.3185265,8.912323,1.2736841,0.9303937,1.7746478,711,2.0424616
1900565,88,-170,377,1510.5214,0.053359553,35.980473,19.957478,59.890423,2.0108778,429.03195,596.43384,10069.913,337108,0.7133162,1.0726576,0.5872274,1.342474,12.193477,1.7426027,0.97903031,1.5661972,711,1.8410609
1900566,88,-168,398,1619.1403,0.057784535,32.125458,19.35346,59.647255,1.4220784,395.82022,593.39154,10291.844,335532,0.69060671,1.1836277,0.5975976,1.2509488,13.73047,1.9622586,0.99880439,1.5028169,711,1.8572496
1900567,88,-166,373,1542.6451,0.060585551,34.097466,17.955797,58.812344,1.5715493,380.21667,565.65729,9099.4961,281832,0.71315116,1.0641913,0.57919252,1.3396765,12.133113,1.733976,0.9782207,1.5690141,711,1.845327
1900568,88,-164,441,1788.7635,0.072304994,19.401291,20.066826,59.606331,3.1802096,351.36447,557.56726,11482.203,387032,0.71164709,1.2310586,0.65527487,1.1798453,15.966702,2.2818446,1.0251204,1.4323944,711,1.8516107
1900569,88,-162,432,1743.5948,0.069491476,16.491871,19.917568,59.692257,2.6211562,355.2142,561.51575,10916.018,363392,0.76702541,1.1101764,0.64962405,1.2192149,15.128943,2.1621182,1.0155629,1.456338,711,1.8421671
1900570,88,-160,447,1805.3522,0.061041795,11.305027,18.462309,59.853909,2.8586791,400.17188,609.63831,10952.574,356748,0.74086338,1.2117112,0.65929204,1.1528382,16.560061,2.366643,1.0316938,1.4169014,711,1.8590499
1900571,88,-158,451,1817.4985,0.075643405,3.1507733,19.236998,60.090023,4.0023346,325.95288,549.48572,11148.714,368448,0.75842327,1.1847349,0.67414051,1.1798533,16.284977,2.3273299,1.0286657,1.4239436,711,1.844892
1900572,88,-156,448,1801.7218,0.080367893,357.08859,19.414621,60.399044,5.0493832,314.1282,530.77142,11102.267,370144,0.76224434,1.1713395,0.67469877,1.2003764,15.863358,2.2670753,1.0239594,1.4352113,711,1.8393409
1900573,88,-154,445,1773.7267,0.064477414,350.38235,19.339598,61.961502,3.7796547,374.5145,587.95551,11143.784,378208,0.7445389,1.1955129,0.65828401,1.1632992,16.33926,2.3350875,1.0292658,1.4225352,711,1.8558389
1900574,88,-152,413,1672.4152,0.071888037,342.57742,19.109507,61.236897,2.0344203,334.21326,540.69043,10133.02,339420,0.77988434,1.076619,0.63440859,1.2843305,13.73047,1.9622586,0.99880439,1.5028169,711,1.8326362
1900575,88,-150,423,1701.8784,0.073876195,340.76273,20.419516,61.762707,1.208022,333.4845,538.04297,10833.115,373124,0.75210917,1.1131328,0.62481534,1.1855619,15.270336,2.1823249,1.0171998,1.4521127,711,1.8643912
1900576,88,-148,366,1475.0115,0.054144673,327.00854,15.929408,62.348267,2.3718839,383.59677,585.09277,8099.146,239932,0.76234746,0.9674018,0.57009345,1.3496492,11.868711,1.6961895,0.97464257,1.5816902,711,1.8483032
1900577,88,-146,399,1594.204,0.052819911,327.40982,17.700823,62.856083,4.1740294,402.7908,615.85437,9686.5381,312308,0.72526795,1.1138309,0.59820092,1.2464942,13.807825,1.9733135,0.99975997,1.5,711,1.8583065
1900578,88,-144,405,1612.4578,0.042392429,324.07437,18.85067,63.691875,2.7568071,478.32986,691.36115,10443.503,355752,0.69623518,1.227728,0.59558821,1.1893358,14.588624,2.0848997,1.0092137,1.4732394,711,1.8807586
1900579,88,-142,390,1541.781,0.056423038,315.65521,19.981663,64.446327,1.1993955,427.57678,585.98706,10210.641,340836,0.72645175,1.1234657,0.60842437,1.3345559,12.568661,1.7962213,0.98400337,1.5492958,711,1.8335831
1900580,88,-140,175,717.63153,0.13625036,260.61646,15.944851,39.150108,0.079535022,176.65686,257.26865,3318.7292,75496,0.72847289,0.57682818,0.28548124,1.4182727,7.5296125,1.0760772,0.90618193,1.9169014,711,2.0769148
1900581,88,-138,88,371.38757,0.092160583,235.55962,16.226032,40.504433,0.13806856,171.36124,225.0329,1568.391,34008,0.68913269,0.37777695,0.14379086,1.1899071,6.6329875,0.94793814,0.88878781,2.0408452,711,2.3802958
1966101,90,-170,386,1554.5062,0.04990853,39.449577,18.346577,57.769192,1.0768138,456.97412,625.62451,9951.2061,318560,0.71571225,1.0865247,0.60406888,1.343228,12.378226,1.7690058,0.98149168,1.5577465,711,1.8341033
1966102,90,-168,390,1561.3597,0.058216631,36.819061,16.545023,57.647816,2.0645838,386.63815,580.54095,9685.5186,302344,0.68235451,1.1646684,0.58122206,1.2379637,13.61605,1.9459064,0.99738443,1.5070423,711,1.8715173
1966103,90,-166,396,1631.8948,0.062332503,33.570534,16.641703,56.810596,2.1609662,377.24719,573.57965,9524.9814,288000,0.69455314,1.1742941,0.58753711,1.2217011,13.965178,1.9958014,1.001693,1.4943662,711,1.8733585
1966104,90,-164,454,1833.6572,0.065865286,22.935158,17.517559,57.606903,3.5219102,377.43686,591.47406,11245.68,359260,0.69943887,1.2799686,0.67459136,1.1616211,16.672714,2.3827424,1.0329244,1.4140846,711,1.8501372
1966105,90,-162,438,1762.696,0.080795981,19.8002,17.235041,57.696163,4.6072612,329.9971,523.59894,10416.653,326908,0.76216,1.1282803,0.67592591,1.2593324,14.632173,2.0911233,1.0097311,1.471831,711,1.828022
1966106,90,-160,460,1865.6362,0.065306976,10.592406,16.735746,57.864105,4.7610903,375.33011,599.15424,11066.692,351188,0.73010325,1.2544695,0.67846608,1.1341442,17.32077,2.475358,1.0399015,1.3985915,711,1.8577572
1966107,90,-158,460,1841.723,0.073677436,3.2086079,17.044741,58.109406,5.5649724,330.9718,560.46674,10796.161,336856,0.75796157,1.2044398,0.69591528,1.1901407,16.33926,2.3350875,1.0292658,1.4225352,711,1.8377658
1966108,90,-156,456,1820.8506,0.078202054,356.49051,17.279936,58.430485,6.4667382,319.72549,540.91998,10730.2,338072,0.7567187,1.1992565,0.68674701,1.1879916,16.284977,2.3273299,1.0286657,1.4239436,711,1.8396764
1966109,90,-154,448,1802.7371,0.069573484,349.53101,17.196644,60.034798,4.8572688,354.84137,570.62299,10738.947,345624,0.74762303,1.1947304,0.66666669,1.1738915,16.284977,2.3273299,1.0286657,1.4239436,711,1.8490999
1966110,90,-152,415,1670.2498,0.077305198,339.58536,16.719522,59.301296,3.6260772,317.9465,521.06427,9636.3125,305028,0.78220129,1.0709103,0.64341086,1.2979439,13.578332,1.940516,0.99691457,1.5084507,711,1.8281335
1966111,90,-150,420,1701.7279,0.076733515,337.41928,17.519598,59.844112,3.1995387,320.15137,527.90704,10020.8,321960,0.75989318,1.0934566,0.62874252,1.2230003,14.720054,2.1036825,1.0107721,1.469014,711,1.8497651
1966112,90,-148,361,1443.4954,0.055352788,324.88187,13.974734,58.551044,3.8353302,382.35049,572.45703,7688.7271,216816,0.75192368,0.96529973,0.54041916,1.264501,12.504535,1.7870569,0.98316044,1.5521127,711,1.8905368
1966113,90,-146,376,1514.6505,0.05457909,321.57104,15.496881,61.111919,3.931963,385.25974,590.53821,8599.7305,261716,0.73289365,1.0415888,0.5714286,1.2943809,12.666093,1.8101455,0.98527861,1.5450704,711,1.8597841
1966114,90,-144,404,1614.7745,0.062148053,321.90488,17.540977,61.833172,1.9538063,361.85284,571.40906,10145.372,333920,0.70729429,1.1967551,0.5958702,1.1988511,14.459521,2.0664492,1.0076739,1.4774648,711,1.8767388
1966115,90,-142,337,1344.3447,0.080073789,302.23834,18.022827,62.610027,0.02902526,320.9978,459.31967,8291.375,258816,0.75042391,0.97155696,0.54707789,1.521925,10.085962,1.4414121,0.9489994,1.684507,711,1.8001405
2031637,92,-170,394,1579.6987,0.052486654,42.633976,16.880033,55.77388,1.0577351,452.29108,614.98938,10061.574,312416,0.71013033,1.1408341,0.59696972,1.2750669,13.356342,1.9087909,0.99413186,1.5169014,711,1.8505903
2031638,92,-168,374,1494.9468,0.057761185,33.647316,16.615036,55.648705,0.63281196,388.7175,570.29523,9667.9023,308824,0.6751588,1.1334225,0.55572063,1.2388978,13.106358,1.873065,0.99096131,1.5267606,711,1.8888137
2031639,92,-166,395,1613.9612,0.0537294,40.198345,14.422571,54.820206,0.85932857,406.75031,614.39191,9030.248,256888,0.68304312,1.1880219,0.58605343,1.2224212,13.925505,1.9901315,1.001207,1.4957746,711,1.8740536
2031640,92,-164,451,1833.3575,0.063583091,27.172096,15.469475,55.607513,2.8523648,388.93173,601.94623,10784.386,331292,0.7028529,1.2582387,0.66913944,1.1624221,16.560061,2.366643,1.0316938,1.4169014,711,1.8518043
2031641,92,-162,450,1807.0293,0.079709694,22.701962,14.904875,55.700409,4.8508234,340.34064,533.74268,10397.84,311956,0.75152683,1.1745807,0.69767439,1.2470067,15.036128,2.1488538,1.0144829,1.459155,711,1.8289996
2031642,92,-160,473,1903.6844,0.068617009,11.389548,14.687445,55.87516,6.7141228,353.34943,590.45459,10990.759,332372,0.72427171,1.2948737,0.69764012,1.1131201,18.154732,2.5945418,1.0486363,1.3802817,711,1.8584486
2031643,92,-158,454,1859.1635,0.07128109,3.2688231,14.880726,56.130161,7.3255162,338.59528,572.5014,10286.926,306556,0.75998485,1.1872718,0.68580061,1.1971321,16.071404,2.2968075,1.0262917,1.4295775,711,1.8377457
2031644,92,-156,452,1835.4426,0.08546856,356.08795,15.074485,56.46413,7.1924973,296.2691,519.48395,10147.067,300836,0.76935226,1.1654373,0.68588769,1.2089106,15.812186,2.2597623,1.0233827,1.4366198,711,1.8352268
2031645,92,-154,453,1824.9391,0.071827456,348.51459,15.076927,56.876118,5.873178,343.75156,565.04608,10317.18,311384,0.75751626,1.1884886,0.68740517,1.2073067,15.863358,2.2670753,1.0239594,1.4352113,711,1.8353333
2031646,92,-152,418,1672.4703,0.06917122,336.30191,14.850431,57.37011,4.9563971,353.04742,551.21552,9441.9609,286772,0.77523434,1.0871661,0.64406782,1.2839302,13.84683,1.9788878,1.0002404,1.4985915,711,1.8299832
2031647,92,-150,406,1646.0951,0.083549067,332.14304,14.683578,57.931026,3.8139291,291.7767,497.57849,9156.7119,275740,0.758645,1.0614722,0.60778445,1.2368312,14.126161,2.0188076,1.0036558,1.4887323,711,1.8560561
2031648,92,-148,363,1454.2139,0.063028298,323.00604,12.460882,56.752079,2.7876716,350.88477,538.45734,7627.5747,210200,0.73339117,0.98216581,0.5442279,1.2677521,12.536516,1.7916274,0.98358119,1.5507042,711,1.8865302
2031649,92,-146,345,1361.0797,0.041439012,311.4725,11.536734,58.064785,2.9027719,451.4549,642.45398,7139.8662,191176,0.72748566,0.95711809,0.53405571,1.3468785,11.399484,1.629131,0.96815902,1.6056339,711,1.8705873
2031650,92,-144,408,1643.4252,0.067611031,318.63974,16.32704,59.983559,2.0059917,345.01154,552.67664,10051.465,318652,0.71650529,1.1869334,0.60444444,1.2080528,14.502301,2.0725629,1.0081851,1.4760563,711,1.8678507
2031651,92,-142,401,1615.7831,0.068426438,313.9137,18.336233,60.784058,0.018997947,343.85992,544.73401,10371.828,329512,0.70345384,1.2075137,0.59144545,1.2011843,14.332684,2.0483224,1.0061523,1.4816902,711,1.8787146
2097173,94,-170,415,1648.561,0.047472958,43.26828,16.907011,54.20034,1.1286898,485.76288,660.59351,10584.561,327376,0.70240384,1.2122707,0.62218893,1.2317964,14.459521,2.0664492,1.0076739,1.4774648,711,1.8502237
2097174,94,-168,413,1615.869,0.052155584,43.761532,13.668631,53.650028,1.7792472,427.35767,623.96124,9849.6523,288596,0.69066036,1.2216409,0.61919039,1.2338139,14.374715,2.0543294,1.0066575,1.4802817,711,1.8510807
2097175,94,-166,377,1553.7278,0.048273504,50.744499,12.263621,52.83987,1.888453,426.2229,635.97198,8199.8799,219784,0.67510861,1.145637,0.55934715,1.2332631,13.248048,1.8933144,0.99276322,1.5211267,711,1.8883587
2097176,94,-164,442,1764.3054,0.069804192,36.931648,13.405953,53.608173,3.3533354,377.66208,563.57416,10121.359,293716,0.72261727,1.1919115,0.68315303,1.2555798,14.764391,2.110019,1.0112958,1.4676056,711,1.8280094
2097177,94,-162,474,1895.0907,0.073275194,21.986208,13.386701,53.705238,5.0702338,367.98685,570.0874,10885.777,318796,0.72164387,1.2913622,0.70326412,1.1256155,17.955231,2.5660303,1.0465707,1.3845071,711,1.8530145
2097178,94,-160,479,1932.7222,0.070792198,12.90424,12.570618,53.88744,6.3589067,344.03564,585.72931,10736.819,308976,0.72514218,1.3055638,0.71385992,1.1264281,18.087742,2.5849679,1.0479443,1.3816901,711,1.8508089
2097179,94,-158,463,1885.1328,0.073885553,3.8803198,12.743954,54.153084,7.761764,327.65695,566.23425,10143.298,288532,0.75392932,1.2166467,0.6900149,1.1544456,17.079365,2.4408581,1.0373225,1.4042253,711,1.847734
2097180,94,-156,457,1840.8676,0.088647731,355.30432,12.853354,54.50053,5.9828539,285.22861,510.83707,9850.8262,277048,0.76855159,1.1771445,0.69347495,1.2007467,16.071404,2.2968075,1.0262917,1.4295775,711,1.8358848
2097181,94,-154,455,1834.7941,0.074767664,347.10742,13.062149,54.930328,4.3665071,332.78793,555.31793,9949.4082,283876,0.76394445,1.1785443,0.69148934,1.2067987,15.914863,2.274436,1.0245386,1.4338028,711,1.8349268
2097182,94,-152,434,1742.3719,0.068890817,336.64444,13.739787,55.640087,3.1160522,358.2735,563.76056,9762.6553,289644,0.75935763,1.1390221,0.64970058,1.2066076,15.366075,2.1960073,1.0183024,1.4492958,711,1.8456538
2097183,94,-150,354,1442.2332,0.074243367,313.6524,10.243841,56.024014,2.6481028,298.88968,494.07608,6953.8442,177016,0.7713865,0.9244889,0.54883718,1.3468357,11.615587,1.6600149,0.97116679,1.5943662,711,1.8609961
2097184,94,-148,368,1477.9464,0.062194452,324.12543,11.640512,56.600529,0.98698413,366.36282,546.46008,7898.7715,223148,0.72485489,0.99049157,0.55338347,1.2734318,12.633448,1.8054801,0.98485208,1.5464789,711,1.8779886
2097185,94,-146,377,1524.4023,0.063721314,317.646,13.335555,57.376289,1.2475475,356.33209,548.2926,8405.3691,243296,0.75143915,1.0003899,0.58906251,1.3478534,12.133113,1.733976,0.9782207,1.5690141,711,1.8394883
2097186,94,-144,401,1622.2959,0.058612607,314.65994,15.498116,58.143902,2.2337096,383.32922,589.75885,9789.9961,301368,0.71042395,1.1749541,0.59144545,1.2011843,14.332684,2.0483224,1.0061523,1.4816902,711,1.8787146
2097187,94,-142,403,1646.3694,0.061565891,310.26962,17.306898,58.597893,0.24671578,373.42743,579.6936,10331.5,320404,0.70685035,1.2002329,0.59439528,1.1996412,14.416993,2.0603714,1.0071647,1.4788733,711,1.8773868
2162709,96,-170,436,1748.3492,0.057681717,50.141319,15.506898,52.3106,1.2442318,435.71741,617.16309,10998.24,332112,0.70520931,1.2562557,0.65367317,1.2074413,15.414395,2.2029128,1.0188574,1.4478873,711,1.8439254
2162710,96,-168,422,1632.837,0.050672092,47.233234,12.449262,51.650013,3.2349088,437.77548,636.34399,10027.53,289876,0.68980426,1.2405698,0.62891209,1.2099545,14.944445,2.135751,1.0134118,1.4619719,711,1.8537782
2162711,96,-166,344,1387.2655,0.046521027,69.715187,9.8884935,49.31292,2.224138,426.26782,612.15314,7078.4219,177864,0.67560512,1.051869,0.51190478,1.2516122,12.103155,1.7296946,0.97781789,1.5704225,711,1.9183398
2162712,96,-164,437,1760.3583,0.070253186,43.273952,12.149384,51.608883,2.3581333,386.89273,561.1416,9854.7275,277740,0.72600925,1.1713032,0.6785714,1.2702837,14.416993,2.0603714,1.0071647,1.4788733,711,1.8266194
2162713,96,-162,481,1932.5728,0.076331593,24.584675,11.616158,51.710442,3.5322559,348.35077,564.05402,10745.745,301448,0.7281878,1.2921616,0.71364987,1.112913,18.427736,2.6335576,1.0514394,1.3746479,711,1.8546674
2162714,96,-160,488,1955.8977,0.076305926,15.360934,10.458179,51.900665,5.162106,322.72638,567.54309,10672.09,295212,0.71912342,1.3360088,0.72835821,1.1120533,18.637938,2.6635981,1.0535797,1.3704225,711,1.8530986
2162715,96,-158,468,1903.7952,0.075826354,4.8691454,10.579342,52.177868,6.9666843,319.80301,561.70068,9892.1436,267160,0.75450683,1.2191336,0.70164919,1.1587762,17.139084,2.4493926,1.0379627,1.4028169,711,1.8441981
2162716,96,-156,456,1849.3922,0.0899534,354.38904,10.65152,52.540466,5.2070794,280.38013,508.28894,9473.0537,252588,0.77102369,1.1687473,0.69724768,1.2155952,15.761343,2.252496,1.0228084,1.4380282,711,1.83296
2162717,96,-154,454,1832.5242,0.076913849,344.65402,11.04344,52.990822,3.2990239,325.40961,547.17657,9562.5986,258460,0.76966089,1.1683135,0.70061731,1.2334135,15.366075,2.1960073,1.0183024,1.4492958,711,1.8305391
2162718,96,-152,450,1810.0563,0.073819846,336.07709,12.186675,53.707397,1.5458478,341.58517,555.09125,9901.207,278136,0.75652564,1.1825917,0.67975831,1.2034017,15.863358,2.2670753,1.0239594,1.4352113,711,1.8374848
2162719,96,-150,252,1022.9073,0.09788163,248.38229,8.203311,44.968285,0.65095055,219.32896,362.38687,4130.043,83360,0.7822994,0.66362453,0.40384614,1.3908333,8.9940872,1.2853694,0.93174225,1.7676057,711,1.9741534
2162720,96,-148,369,1482.6747,0.066953696,327.75003,12.239706,54.79097,1.1041142,346.24197,527.52203,8328.9922,242012,0.72487336,0.9950974,0.55740184,1.2840856,12.568661,1.7962213,0.98400337,1.5492958,711,1.8717775
2162721,96,-146,378,1542.6207,0.069344223,312.60608,13.525546,55.522289,1.3456541,341.12988,528.72443,8556.293,242892,0.7561366,0.9952212,0.58970356,1.3444438,12.193477,1.7426027,0.97903031,1.5661972,711,1.8396755
2162722,96,-144,403,1604.6134,0.061443917,310.79623,14.711761,56.315178,2.4614275,374.62271,572.86285,9614.7383,283248,0.72186214,1.1658263,0.59439528,1.1996412,14.416993,2.0603714,1.0071647,1.4788733,711,1.8773868
2162723,96,-142,410,1690.4329,0.066749193,306.53705,16.485304,54.533962,0.47443363,358.28738,564.1322,10384.75,313764,0.70767486,1.2117246,0.60471976,1.1938475,14.720054,2.1036825,1.0107721,1.469014,711,1.8730721
2228245,98,-170,446,1788.3241,0.054270186,55.327618,14.582723,50.08741,1.3770771,455.43582,643.49829,11056.051,324804,0.70453972,1.2837466,0.66369045,1.1766994,16.177485,2.3119678,1.0274733,1.4267606,711,1.8493165
2228246,98,-168,437,1698.3367,0.050824802,47.616039,12.828217,49.675072,2.1281805,443.07471,648.00592,10596.488,309216,0.69467598,1.259351,0.64836794,1.1812605,15.812186,2.2597623,1.0233827,1.4366198,711,1.8541083
2228247,98,-166,245,962.90894,0.044844214,122.3346,7.4932642,47.122101,0.40941101,361.92825,519.45068,4806.8818,115728,0.68614924,0.80131018,0.37750384,1.3006121,9.3012857,1.3292719,0.93673533,1.7422535,711,2.0301492
2228248,98,-164,447,1813.2463,0.068075478,47.245506,10.94068,49.60965,0.71171635,399.68057,578.54614,9969.0146,272552,0.73129284,1.2031859,0.69409937,1.2542701,14.853872,2.122807,1.0123495,1.4647887,711,1.8281633
2228249,98,-162,485,1958.6154,0.064240195,29.746655,9.6408424,49.716061,2.5254979,398.35342,618.97925,10529.45,284260,0.72373688,1.3247362,0.72604793,1.124012,18.290216,2.613904,1.0500307,1.3774648,711,1.8502432
2228250,98,-160,489,1966.3623,0.074702322,19.347124,8.4738169,49.914944,4.4751925,329.51324,575.13483,10448.325,279032,0.72149587,1.3346024,0.73203593,1.1159222,18.567341,2.6535087,1.0528626,1.3718309,711,1.85199
2228251,98,-158,473,1915.822,0.07715521,6.430582,8.444521,50.204613,6.4522099,317.30179,558.59863,9744.2168,252768,0.75080627,1.2330793,0.71558243,1.1668915,17.079365,2.4408581,1.0373225,1.4042253,711,1.8411337
2228252,98,-156,461,1856.5996,0.083238594,353.04721,8.5307007,50.583611,5.0387626,300.04343,529.42163,9347.7686,239304,0.76483071,1.1861175,0.70489299,1.2068827,16.018881,2.2893016,1.0257047,1.4309859,711,1.8341768
2228253,98,-154,457,1828.7848,0.077252917,341.06186,9.0584993,51.055981,3.049618,325.11331,545.41718,9367.8467,242516,0.76629621,1.1791217,0.70743036,1.232532,15.414395,2.2029128,1.0188574,1.4478873,711,1.8311104
2228254,98,-152,450,1831.5033,0.074396834,332.31396,10.297268,51.782082,1.0825597,340.86368,556.20074,9545.2754,255008,0.76621628,1.1699971,0.68389058,1.2148679,15.660632,2.2381032,1.0216674,1.440845,711,1.8343334
2228256,98,-148,398,1597.6793,0.068946384,326.40927,13.076306,52.921982,1.3252771,346.11954,539.62738,8994.8281,252964,0.75674343,1.0493684,0.59849626,1.2545406,13.692117,1.9567773,0.99832928,1.5042254,711,1.855646
2228257,98,-146,386,1557.3926,0.069944926,305.10901,12.813257,53.678772,3.0440202,342.89276,528.96375,8492.8359,231800,0.7740798,1.000082,0.60406888,1.343228,12.378226,1.7690058,0.98149168,1.5577465,711,1.8341033
2228258,98,-144,402,1605.2927,0.068241909,300.59451,13.377172,54.498486,2.6891453,343.58017,543.69641,9283.7754,258856,0.72455674,1.1560932,0.59292036,1.2004189,14.374715,2.0543294,1.0066575,1.4802817,711,1.8780454
2228259,98,-142,395,1602.801,0.063202985,299.10056,14.797956,53.95282,0.70215148,364.55505,564.51562,9627.3105,279004,0.70321918,1.1781034,0.58259588,1.2055154,14.085568,2.0130067,1.0031623,1.4901408,711,1.8829491
2293781,100,-170,451,1829.3066,0.058533132,61.941292,13.802235,47.908501,1.5496479,436.88965,626.68213,10984.389,314968,0.70728749,1.290351,0.67113096,1.1695774,16.448919,2.3507593,1.0304743,1.4197183,711,1.8488625
2293782,100,-168,429,1703.1212,0.076875605,47.941833,12.755747,47.650898,2.1715262,323.07205,527.63483,10030.62,281216,0.71708822,1.2108305,0.63839287,1.1983945,15.318055,2.1891446,1.0177499,1.4507042,711,1.853006
2293783,100,-166,342,1387.9407,0.062656812,25.326437,17.283388,47.597965,0.51036865,344.72324,527.60175,7835.5815,219636,0.76019961,0.93401724,0.51197606,1.2686737,11.926467,1.7044436,0.97542864,1.5788733,711,1.9114752
2293784,100,-164,470,1907.0728,0.069539137,46.299976,9.8887177,47.61063,0.79386151,380.84918,587.0484,10397.455,278636,0.72338611,1.2901059,0.6973294,1.1325542,17.69595,2.5289757,1.0438638,1.3901409,711,1.8523443
2293785,100,-162,492,1970.7931,0.064626805,37.705013,7.8456545,47.722153,2.5637078,399.22482,619.04053,10552.824,278996,0.71326149,1.3719184,0.73652697,1.1096915,18.780758,2.6840088,1.055025,1.3676057,711,1.8534415
2293786,100,-160,495,1973.7874,0.075647138,25.953112,6.4932027,47.930538,4.4995093,327.73126,572.60992,10355.271,267556,0.72156382,1.3426359,0.74548191,1.1141247,18.709076,2.6737645,1.0543005,1.3690141,711,1.8529416
2293787,100,-158,474,1920.7041,0.074920326,9.1472855,6.3826632,48.2342,6.4699073,325.80014,567.59076,9615.9512,242496,0.75311548,1.2297608,0.71709532,1.1649983,17.139084,2.4493926,1.0379627,1.4028169,711,1.8414835
2293788,100,-156,462,1867.2584,0.086612202,351.64496,6.541307,48.6315,5.5264592,290.83585,520.49628,9205.6201,228688,0.76603657,1.1834615,0.70642203,1.2050954,16.071404,2.2968075,1.0262917,1.4295775,711,1.8344588
2293789,100,-154,453,1816.2861,0.083343558,335.05576,7.2233529,49.126358,3.7526591,307.82648,523.31244,9008.4287,223720,0.77829224,1.1492465,0.70341617,1.2439486,15.128943,2.1621182,1.0155629,1.456338,711,1.8297092
2293790,100,-152,426,1742.4595,0.077693492,325.15063,9.6252108,49.699833,2.2655234,321.77155,530.87708,8733.3438,224532,0.78645676,1.0912759,0.6553846,1.2711654,14.208052,2.0305109,1.0046486,1.4859155,711,1.8293927
2293791,100,-150,397,1597.8502,0.09260954,327.53745,13.484084,50.346279,1.6430781,276.30511,465.63443,8296.5498,217984,0.79130089,0.99974686,0.60334349,1.2791477,13.392836,1.9140062,0.99459141,1.5154929,711,1.8462919
2293792,100,-148,415,1671.3319,0.080740951,316.77945,11.561159,51.062923,2.42172,316.94797,510.02252,9036.3721,242912,0.75592804,1.0958607,0.62406015,1.2387656,14.374715,2.0543294,1.0066575,1.4802817,711,1.8472981
2293793,100,-146,373,1496.5162,0.061731596,299.68994,11.692122,51.846859,3.0396545,374.77145,551.94006,7958.0654,208516,0.77507281,0.97365105,0.58281249,1.3507061,12.014161,1.7169762,0.97661746,1.5746479,711,1.8418893
2293794,100,-144,393,1574.4144,0.061708655,295.57205,12.277448,48.701927,2.9168632,367.17523,566.22809,8848.5029,237864,0.72913748,1.1255533,0.57964599,1.2068602,14.005079,2.0015037,1.0021808,1.4929577,711,1.8844444
2293795,100,-142,399,1592.9053,0.048982214,293.77249,14.037818,53.198151,0.92986929,441.69333,639.26471,9755.1982,282648,0.69577211,1.190743,0.58849555,1.2026775,14.249354,2.0364137,1.0051478,1.4845071,711,1.8800843
2359317,102,-170,437,1757.6824,0.055700976,63.813133,12.908146,46.466713,1.7680337,439.55957,629.71454,10283.905,286052,0.71300358,1.2520152,0.65029764,1.1886655,15.710826,2.2452767,1.0222367,1.4394367,711,1.850861
2359318,102,-168,435,1707.5906,0.072826408,53.828125,12.232828,45.65049,3.3291373,331.80283,542.81567,9854.4902,267624,0.70662642,1.2254351,0.6473214,1.1911772,15.610757,2.2309754,1.0211005,1.4422535,711,1.8513297
2359319,102,-166,429,1756.4658,0.065425605,50.982944,11.745127,45.597763,2.3487144,368.26187,580.83252,9419.5264,249228,0.74697733,1.1468968,0.63839287,1.1983945,15.318055,2.1891446,1.0177499,1.4507042,711,1.853006
2359320,102,-164,461,1836.3763,0.077853262,51.144867,9.8295689,45.611713,2.4775801,348.21646,544.43665,9899.1006,258180,0.74258226,1.2484947,0.68397623,1.1473315,17.139084,2.4493926,1.0379627,1.4028169,711,1.8515509
2359321,102,-162,494,1967.6616,0.06361077,49.531189,6.4294605,46.614315,3.6201708,406.38623,623.46893,10508.64,273512,0.71194291,1.3710823,0.73952097,1.1054591,18.925783,2.7047348,1.0564855,1.3647888,711,1.8544773
2359322,102,-160,491,1974.2668,0.079323545,37.966618,4.7644534,46.676876,5.2263913,316.45438,559.25104,10146.991,257596,0.72496778,1.3257813,0.7439394,1.1328915,18.154732,2.5945418,1.0486363,1.3802817,711,1.8491993
2359323,102,-158,479,1930.2755,0.079002284,14.364928,4.3094416,46.765572,7.0161476,314.07764,554.10846,9596.5459,236432,0.74748647,1.2478082,0.73241591,1.1723706,17.020061,2.4323831,1.0366853,1.4056338,711,1.8412881
2359324,102,-156,462,1866.4948,0.08269652,348.09695,4.6852851,46.684158,6.5414495,303.72443,532.56757,9116.0537,222592,0.7658112,1.1812482,0.7096774,1.2122608,15.914863,2.274436,1.0245386,1.4338028,711,1.8335565
2359325,102,-154,442,1772.2495,0.089506067,325.4371,5.9951482,47.202599,5.0791383,287.41476,498.81686,8656.7207,210064,0.7851038,1.1135257,0.68633538,1.2624607,14.632173,2.0911233,1.0097311,1.471831,711,1.8272319
2359326,102,-152,415,1712.5353,0.071470812,316.50919,8.182744,47.79916,4.015132,341.94543,548.73206,8177.5029,200716,0.80193239,1.0448009,0.64341086,1.2979439,13.578332,1.940516,0.99691457,1.5084507,711,1.8281335
2359327,102,-150,418,1697.2104,0.083123595,316.06848,10.107121,48.470959,3.6415892,305.54385,506.53635,8529.6934,216100,0.77474099,1.0748565,0.62857145,1.2355927,14.502301,2.0725629,1.0081851,1.4760563,711,1.8461562
2359328,102,-148,416,1684.1433,0.080257066,305.90555,10.214779,49.21492,2.5744622,319.1691,513.51465,8716.0361,223636,0.77382994,1.0653729,0.62556392,1.2377211,14.416993,2.0603714,1.0071647,1.4788733,711,1.8469063
2359329,102,-146,395,1574.8058,0.065716416,290.23254,10.916537,50.027821,1.1174439,368.08865,548.75879,8419.4814,214300,0.75367218,1.0381019,0.59398496,1.2569396,13.578332,1.940516,0.99691457,1.5084507,711,1.8574464
2359330,102,-144,343,1375.699,0.052505374,283.06766,10.137296,49.03326,1.5610415,391.2326,573.8056,7455.2495,195956,0.71181357,0.99679178,0.50589973,1.2246464,12.254444,1.7513157,0.97984529,1.5633802,711,1.9351993
2359331,102,-142,389,1561.7417,0.045122396,292.41541,13.338372,51.847195,1.1575872,463.57254,659.49799,9391.9717,269216,0.69808918,1.1710135,0.57374632,1.2094018,13.84683,1.9788878,1.0002404,1.4985915,711,1.8875593
2424852,104,-172,416,1662.9412,0.053311341,74.262215,15.432226,48.937878,0.068817168,464.19406,626.08539,9856.0908,272500,0.74094069,1.1629239,0.62556392,1.2377211,14.416993,2.0603714,1.0071647,1.4788733,711,1.8469063
2424853,104,-170,447,1789.3003,0.054887045,73.392319,12.602036,48.423653,2.0457261,448.68292,640.04663,10397.684,285340,0.6976254,1.2928107,0.66616988,1.1788239,16.177485,2.3119678,1.0274733,1.4267606,711,1.8477764
2424854,104,-168,446,1773.6484,0.082743526,67.372223,11.345909,46.611073,4.022635,305.36053,519.00519,9935.4688,264684,0.71359903,1.2446201,0.66467959,1.1802301,16.124269,2.3043628,1.0268812,1.428169,711,1.8478794
2424855,104,-166,456,1857.0851,0.064528897,68.696922,9.8334417,47.32795,4.3096557,390.0994,601.37268,9876.5342,256744,0.7431463,1.2203256,0.6785714,1.1621119,16.729616,2.3908746,1.0335441,1.4126761,711,1.8487017
2424856,104,-164,458,1832.0603,0.088074364,60.355705,8.8506069,47.300507,4.3901501,314.34821,511.26971,9554.8154,241936,0.75603181,1.2170759,0.68665665,1.1755319,16.560061,2.366643,1.0316938,1.4169014,711,1.8427864
2424857,104,-162,483,1949.9575,0.068982847,66.606148,5.5870399,48.631275,5.1786661,379.93039,596.00092,10098.557,258868,0.7276445,1.3145038,0.72740966,1.1393245,17.8897,2.5566654,1.0458889,1.3859155,711,1.8467213
2424858,104,-160,491,1968.7642,0.079081111,60.105453,3.5030913,48.67662,6.4480963,319.90417,559.32648,10058.418,253056,0.72635603,1.3227576,0.7439394,1.1328915,18.154732,2.5945418,1.0486363,1.3802817,711,1.8491993
2424859,104,-158,479,1925.6537,0.07915128,25.421371,2.417541,48.760658,7.9930801,317.55359,552.92352,9529.0879,232328,0.74766117,1.246722,0.7369231,1.1810684,16.786911,2.3990626,1.0341665,1.4112676,711,1.8410741
2424860,104,-156,466,1853.8445,0.082175225,338.58353,3.0643117,44.744797,7.9021869,305.38525,532.44055,9155.9961,221188,0.7628594,1.1951153,0.7158218,1.2048308,16.124269,2.3043628,1.0268812,1.428169,711,1.83497
2424861,104,-154,431,1755.2356,0.074370056,311.57101,4.7578893,45.285442,6.7077618,332.44702,544.59491,8222.4521,193648,0.79799277,1.0735154,0.67343748,1.28824,14.005079,2.0015037,1.0021808,1.4929577,711,1.8252777
2424862,104,-152,422,1706.4159,0.059476979,302.9158,6.6112638,49.599876,5.9049683,395.93488,600.44458,8155.7026,194104,0.7970866,1.0598066,0.65629858,1.2939985,13.769039,1.9677705,0.99928129,1.5014085,711,1.8262391
2424863,104,-150,430,1725.3893,0.081470542,302.58322,8.206171,50.143967,4.2866263,313.6207,515.87939,8669.4795,215536,0.76814657,1.1168474,0.64661652,1.2217145,15.036128,2.1488538,1.0144829,1.459155,711,1.8426006
2424864,104,-148,410,1662.7648,0.089451201,293.59467,9.0843534,47.379261,2.3195732,290.13977,483.31165,8325.0469,206260,0.78033274,1.0462012,0.61654133,1.2437927,14.166987,2.0246425,1.0041512,1.487324,711,1.8494235
2424865,104,-146,398,1610.8992,0.064064793,279.43478,10.066214,51.420773,0.51378304,368.64325,562.12048,8313.0742,204792,0.75565487,1.0390865,0.59849626,1.2545406,13.692117,1.9567773,0.99832928,1.5042254,711,1.855646
2424866,104,-144,370,1464.8102,0.060864296,290.89212,10.86179,48.729336,1.1448798,366.41855,549.93872,8393.5479,227668,0.71642864,1.0669405,0.54572272,1.218803,13.141496,1.8780866,0.99140936,1.5253521,711,1.9046122
2424867,104,-142,406,1638.1074,0.052021172,288.23529,13.660841,61.678329,1.3583022,429.65817,629.05127,9854.4307,282300,0.70107645,1.218271,0.59183675,1.1606152,14.89902,2.1292593,1.0128795,1.4633803,711,1.8958089
2490388,106,-172,434,1724.7874,0.05276582,84.679771,14.871813,50.87397,0.42629349,468.79318,640.909,10360.506,290072,0.71456242,1.2533753,0.64679581,1.1960497,15.511955,2.2168553,1.0199741,1.4450704,711,1.8500142
2490389,106,-170,449,1801.0328,0.054992009,82.940842,12.406534,50.385284,2.3914483,449.61081,641.5285,10319.352,280592,0.70453191,1.2878642,0.67014927,1.179414,16.231052,2.3196235,1.0280682,1.4253521,711,1.8462598
2490390,106,-168,461,1841.5282,0.080516599,83.648293,10.752404,48.609463,4.3566027,316.11404,536.10693,10267.874,274132,0.71492028,1.2804253,0.68703425,1.1576887,16.961168,2.4239664,1.0360513,1.4070423,711,1.8475717
2490391,106,-166,461,1881.5594,0.072364464,83.548248,9.1892872,49.357136,6.2922702,358.32858,571.61188,9875.5244,254480,0.74535507,1.2221842,0.68601191,1.1542985,17.020061,2.4323831,1.0366853,1.4056338,711,1.848838
2490392,106,-164,458,1829.825,0.087578349,72.412041,8.0810289,49.334759,6.3505726,315.83466,512.40259,9371.1318,232668,0.76403928,1.2066581,0.68872178,1.181734,16.448919,2.3507593,1.0304743,1.4197183,711,1.8407979
2490393,106,-162,482,1940.9626,0.067382552,88.04493,5.2347865,50.643982,6.9423761,388.302,601.64429,10015.318,256384,0.73175699,1.3034605,0.73030305,1.1518548,17.569096,2.5108469,1.0425302,1.3929577,711,1.8443495
2490394,106,-160,487,1944.2454,0.078165829,91.404198,3.1259799,50.676388,7.960351,325.67328,559.07751,9908.5625,248684,0.73387074,1.3000537,0.7480799,1.1616977,17.32077,2.475358,1.0399015,1.3985915,711,1.8459866
2490395,106,-158,472,1912.9291,0.078804895,72.556747,0.99830055,50.756306,9.2763271,320.39523,552.30347,9348.0557,227960,0.75381446,1.2231261,0.72615385,1.1954094,16.393906,2.3428974,1.0298687,1.4211267,711,1.83741
2490396,106,-156,459,1847.8749,0.077388957,312.05615,1.6028001,45.370022,8.2964878,320.49615,547.77435,8945.7617,214924,0.76965302,1.1696918,0.70506912,1.2176735,15.761343,2.252496,1.0228084,1.4380282,711,1.8326354
2490397,106,-154,440,1769.3994,0.065779999,292.09369,3.7352731,45.25544,7.1330957,367.16565,581.39453,8480.6611,200824,0.78205633,1.113869,0.6769231,1.2513776,14.808996,2.1163936,1.0118215,1.4661971,711,1.8290042
2490398,106,-152,422,1697.1967,0.059919782,283.27896,5.7653842,51.533749,6.3327584,395.3623,596.60364,8123.5596,191592,0.79758191,1.0563217,0.65937501,1.3009815,13.653977,1.9513267,0.99785596,1.5056338,711,1.8252208
2490399,106,-150,432,1724.5333,0.075987682,284.51468,7.1421041,52.072094,4.9436975,332.45129,534.0343,8674.874,212908,0.76793849,1.1191571,0.65454543,1.235011,14.89902,2.1292593,1.0128795,1.4633803,711,1.8366117
2490400,106,-148,397,1613.1031,0.078895427,273.07193,8.2591467,45.799911,3.3421662,314.96866,506.88574,7870.7476,188592,0.77504259,1.0156838,0.59699249,1.255353,13.653977,1.9513267,0.99785596,1.5056338,711,1.8562354
2490401,106,-146,381,1535.6827,0.055729918,273.07553,10.22885,53.290943,2.334872,398.74951,588.45258,7897.6123,196380,0.75858545,1.0089365,0.5729323,1.2666305,13.071407,1.8680701,0.99051487,1.528169,711,1.8671291
2490402,106,-144,400,1613.3475,0.069777504,281.03226,11.897203,49.383694,2.6023622,348.43118,539.02783,9062.5088,244820,0.73416042,1.1276776,0.58997053,1.2019371,14.290897,2.0423508,1.0056491,1.4830986,711,1.8793942
2490403,106,-142,406,1648.7615,0.056080226,284.59491,13.463973,58.947369,1.5320418,408.72723,607.82556,9727.7979,275696,0.70664722,1.2203634,0.57183099,0.99870604,16.071404,2.2968075,1.0262917,1.4295775,711,2.0081129
2555924,108,-172,433,1748.488,0.061451528,93.83564,14.841088,52.815647,0.80411357,421.64423,597.95697,10224.17,284280,0.71186167,1.2510846,0.64626867,1.2008667,15.414395,2.2029128,1.0188574,1.4478873,711,1.8487463
2555925,108,-170,453,1829.1166,0.062121306,94.453049,12.568894,52.350876,2.7661767,408.54944,608.28253,10398.095,284652,0.7093907,1.2995955,0.67713004,1.1768525,16.393906,2.3428974,1.0298687,1.4211267,711,1.8448603
2555926,108,-168,475,1889.7085,0.076084517,99.117638,10.932452,50.60799,4.728323,334.42752,558.66852,10677.829,289428,0.71427935,1.3163532,0.70789868,1.1337825,17.824646,2.5473683,1.0452105,1.387324,711,1.8497396
2555927,108,-166,462,1885.7815,0.074220434,97.78244,9.1960535,51.373486,6.6934657,352.3941,565.05261,9837.5576,253612,0.7496596,1.2131028,0.69578314,1.1781046,16.616196,2.3746655,1.0323076,1.415493,711,1.8404419
2555928,108,-164,453,1823.9911,0.092208184,87.784576,7.7247748,46.458405,8.3281784,295.5094,498.5762,9082.2812,220680,0.7824142,1.1487858,0.68740517,1.2073067,15.863358,2.2670753,1.0239594,1.4352113,711,1.8353333
2555929,108,-162,479,1915.0781,0.063660055,106.99,5.5474396,52.652615,8.7990026,413.42087,614.84363,9885.1357,253056,0.73788661,1.2881582,0.73579109,1.1789631,16.844597,2.4073069,1.0347918,1.4098592,711,1.8410615
2555930,108,-160,475,1920.2871,0.069863446,120.91061,3.661567,52.67617,9.6376953,358.09671,587.7099,9651.7002,244764,0.74210972,1.2618741,0.73076922,1.1893592,16.560061,2.366643,1.0316938,1.4169014,711,1.8388966
2555931,108,-158,466,1898.6667,0.07401491,148.94957,1.8035803,52.752422,8.5056915,338.63098,567.76642,9228.3262,227228,0.75872445,1.2047479,0.71913582,1.2114619,15.966702,2.2818446,1.0251204,1.4323944,711,1.8346081
2555932,108,-156,466,1845.7013,0.076998934,236.87761,1.4345294,47.900379,6.886651,322.06165,548.83685,9142.8926,221296,0.76418847,1.1927506,0.71913582,1.2114619,15.966702,2.2818446,1.0251204,1.4323944,711,1.8346081
2555933,108,-154,447,1793.5679,0.066203676,261.15021,3.3233776,47.296116,5.4795027,367.16537,583.47571,8685.7656,206764,0.7782526,1.1339452,0.68769228,1.2404354,15.128943,2.1621182,1.0155629,1.456338,711,1.829715
2555934,108,-152,418,1688.7673,0.071982652,261.67377,5.7805009,53.474163,4.4470105,346.40216,542.97009,8077.6172,190744,0.79611719,1.05207,0.65210611,1.303948,13.540823,1.9351555,0.99644649,1.5098592,711,1.8258637
2555935,108,-150,418,1680.536,0.075799696,259.55148,7.2972493,54.002674,4.0194235,333.39713,527.83124,8342.6777,203844,0.77958304,1.0670871,0.64506173,1.2865732,13.807825,1.9733135,0.99975997,1.5,711,1.8293341
2555936,108,-148,381,1535.3246,0.063282929,247.05276,8.6737766,54.54623,4.3403063,366.28012,552.15594,7433.4365,175240,0.77082467,0.97955889,0.5729323,1.2666305,13.071407,1.8680701,0.99051487,1.528169,711,1.8671291
2555937,108,-146,380,1528.7919,0.051555052,266.94589,10.089813,49.367401,4.3043189,420.55682,610.44073,7800.4937,192504,0.77569783,0.97942412,0.57228917,1.2709018,13.002063,1.8581599,0.98962671,1.530986,711,1.8661798
2555938,108,-144,412,1667.8218,0.072822772,271.03503,11.775606,51.082737,3.6793213,340.69385,536.47089,9391.8662,255104,0.72682071,1.167787,0.60766959,1.1920793,14.808996,2.1163936,1.0118215,1.4661971,711,1.8719347
2555939,108,-142,437,1791.3254,0.062127829,269.97833,13.689703,56.245609,1.6833793,394.55319,601.93433,10716.017,308764,0.68245757,1.3596164,0.61549294,0.97458959,17.8897,2.5566654,1.0458889,1.3859155,711,1.9845665
2621460,110,-172,435,1755.6378,0.061756268,101.75586,15.148156,54.763149,1.1918095,416.53452,597.69806,10262.014,286724,0.71866095,1.2347715,0.6473214,1.1911772,15.610757,2.2309754,1.0211005,1.4422535,711,1.8513297
2621461,110,-170,457,1844.2329,0.063893095,105.25163,13.131184,54.319408,3.1538727,401.42899,602.26257,10594.581,296344,0.71256095,1.2949437,0.68208957,1.1673741,16.672714,2.3827424,1.0329244,1.4140846,711,1.8461379
2621462,110,-168,479,1899.2394,0.070408493,110.66042,11.555263,52.60664,5.1159358,375.33047,582.2135,10801.905,296728,0.71300042,1.3289279,0.71492535,1.1295744,18.021242,2.5754642,1.0472558,1.3830986,711,1.8498216
2621463,110,-166,465,1884.3105,0.074411273,110.85029,9.7252989,53.383942,7.0779991,353.90442,564.10742,9963.29,261604,0.7469874,1.224317,0.70030123,1.1729658,16.786911,2.3990626,1.0341665,1.4112676,711,1.8409929
2621464,110,-164,456,1819.0796,0.089508332,104.75874,7.8712587,48.485554,9.040062,300.27631,505.35788,9189.7959,226184,0.7827453,1.1506541,0.6961832,1.2130522,15.812186,2.2597623,1.0233827,1.4366198,711,1.8334233
2621465,110,-162,471,1893.0133,0.074054912,123.75529,6.3495359,54.659836,10.703729,369.86984,566.76733,9666.1836,248600,0.74839407,1.2493249,0.72685188,1.2016579,16.231052,2.3196235,1.0280682,1.4253521,711,1.8368763
2621466,110,-160,471,1907.4259,0.069708042,140.73965,4.8902349,54.675934,9.4917669,357.53851,586.39105,9622.8584,249136,0.74576503,1.2502793,0.72685188,1.2016579,16.231052,2.3196235,1.0280682,1.4253521,711,1.8368763
2621467,110,-158,463,1882.8879,0.073307253,164.00359,3.492609,54.748936,7.6019006,340.92789,568.12469,9223.251,231008,0.75843596,1.2002028,0.71450615,1.2171568,15.812186,2.2597623,1.0233827,1.4366198,711,1.8334106
2621468,110,-156,459,1852.1202,0.063373096,201.84074,3.0056162,54.913712,5.7743163,379.99365,606.02014,8995.6045,219476,0.76747441,1.1715626,0.70833331,1.2245342,15.610757,2.2309754,1.0211005,1.4422535,711,1.8320022
2621469,110,-154,451,1814.5087,0.066717438,232.03679,3.9794536,49.424683,4.0750017,366.85095,584.60803,8831.6699,212284,0.77542251,1.1472943,0.69384617,1.2338623,15.318055,2.1891446,1.0177499,1.4507042,711,1.8303986
2621470,110,-152,421,1692.7653,0.072292686,243.38377,6.4568853,55.419811,2.6795628,349.70953,542.4455,8279.8564,199456,0.7902047,1.0648494,0.65781248,1.302326,13.61605,1.9459064,0.99738443,1.5070423,711,1.8252763
2621471,110,-150,395,1571.1919,0.081133708,235.11157,9.3124104,55.928177,2.0206969,316.00034,493.30881,7905.8101,194232,0.79018182,0.99819642,0.61526477,1.3273065,12.765046,1.8242872,0.98656714,1.540845,711,1.8321581
2621472,110,-148,369,1472.8715,0.065357283,227.13618,10.418476,56.463253,2.5213687,352.3067,532.15771,7436.8203,185028,0.75942618,0.96823084,0.55488724,1.2729832,12.666093,1.8101455,0.98527861,1.5450704,711,1.8770897
2621473,110,-146,387,1584.325,0.049742993,261.06128,10.116935,51.183876,3.8430619,440.27902,632.64648,8181.5713,208708,0.76594234,0.99987185,0.58283132,1.2664021,13.248048,1.8933144,0.99276322,1.5211267,711,1.8610653
2621474,110,-144,418,1672.531,0.060492024,261.84,11.757796,57.739506,3.7997167,392.25815,589.44458,9604.8477,263676,0.72388786,1.1986674,0.58873242,0.99072474,16.729616,2.3908746,1.0335441,1.4126761,711,1.9978756
2621475,110,-142,421,1712.451,0.060674272,263.94904,13.474257,54.228516,1.8017982,394.36948,595.54108,10217.647,293988,0.69200319,1.3023608,0.59295774,0.9884637,16.902681,2.4156079,1.0354201,1.4084507,711,1.9955364
2686996,112,-172,443,1771.6273,0.071694553,110.45535,15.924632,56.71476,1.5795054,366.71146,557.24738,10648.217,306264,0.71719968,1.2593869,0.65922618,1.1808094,16.018881,2.2893016,1.0257047,1.4309859,711,1.8497281
2686997,112,-170,465,1868.3578,0.063540481,115.73785,14.226445,56.290421,3.5415685,404.75314,607.86859,10979.793,316488,0.71133667,1.3176551,0.69196427,1.1477946,17.259781,2.4666419,1.039252,1.4,711,1.8491637
2686998,112,-168,475,1901.1238,0.068368152,120.52608,12.588636,54.6054,5.5036316,387.55679,591.13031,10801.968,303312,0.7212525,1.2947466,0.71644044,1.1576686,17.32077,2.475358,1.0399015,1.3985915,711,1.8430011
2686999,112,-166,461,1866.9772,0.074785955,122.02786,10.742768,55.391197,7.4656949,353.48483,560.09851,9897.2559,263468,0.75945485,1.1904798,0.70381677,1.2043917,16.071404,2.2968075,1.0262917,1.4295775,711,1.8345779
2687000,112,-164,453,1806.6699,0.090316862,118.79476,8.6172304,50.516354,9.4277582,299.45383,501.3718,9205.2686,231448,0.78847992,1.133393,0.70123839,1.2396301,15.222913,2.1755476,1.0166519,1.4535211,711,1.8299177
2687001,112,-162,462,1868.9659,0.073541291,135.48639,7.507369,56.663837,11.068191,370.9321,565.11914,9466.0117,246088,0.76336026,1.2073605,0.71627909,1.2253982,15.610757,2.2309754,1.0211005,1.4422535,711,1.8328917
2687002,112,-160,470,1897.5927,0.065850221,152.2959,6.5210609,56.67569,9.0790224,376.50769,601.76624,9701.2832,257580,0.74488956,1.249622,0.7275542,1.2077614,16.071404,2.2968075,1.0262917,1.4295775,711,1.8364693
2687003,112,-158,463,1870.9978,0.063777409,169.16689,5.3189178,56.745808,7.0947528,381.70789,607.16693,9338.4385,241008,0.75700539,1.2068489,0.71450615,1.2171568,15.812186,2.2597623,1.0233827,1.4366198,711,1.8334106
2687004,112,-156,463,1853.6523,0.062913768,191.89334,4.9094195,56.903488,5.1207571,382.95862,608.47986,9209.4316,230960,0.76656103,1.1838188,0.71450615,1.2171568,15.812186,2.2597623,1.0233827,1.4366198,711,1.8334106
2687005,112,-154,457,1828.1196,0.066747807,214.58905,5.3636088,51.889103,3.1705446,369.09387,586.66309,9060.4883,223044,0.77227533,1.165382,0.70633692,1.2303529,15.463021,2.2098622,1.0194145,1.4464788,711,1.8312236
2687006,112,-152,438,1748.6678,0.071125261,232.72186,6.7646432,57.369286,1.3029681,357.45343,555.836,8738.3418,212684,0.78066516,1.1104622,0.67906976,1.2664557,14.502301,2.0725629,1.0081851,1.4760563,711,1.8269844
2687007,112,-150,286,1133.5356,0.08437451,204.92517,17.474813,57.860001,0.026743457,290.22067,410.88177,6028.3203,155444,0.79732549,0.7236743,0.45468998,1.3956921,9.6873083,1.3844393,0.94285291,1.712676,711,1.9232072
2687008,112,-148,362,1403.7917,0.056322385,217.55371,10.523077,58.387901,1.0470903,386.59216,559.64905,7837.5933,212704,0.71936458,0.98605669,0.54682779,1.2871097,12.347047,1.7645499,0.98107803,1.559155,711,1.8781075
2687009,112,-146,392,1559.0988,0.049359165,250.68039,9.9208336,53.016979,2.8869019,439.7818,630.02509,8411.0117,219328,0.75682449,1.0207672,0.59304082,1.2732654,13.320048,1.903604,0.99367398,1.5183098,711,1.853192
2687010,112,-144,410,1636.8312,0.05247521,256.28726,11.670401,59.613613,3.890939,430.41977,626.07996,9304.4795,252308,0.73002565,1.1833625,0.57827926,1.0070287,16.231052,2.3196235,1.0280682,1.4253521,711,1.9958472
2687011,112,-142,409,1662.4435,0.05069444,258.04794,13.506408,56.031208,1.8923094,440.6456,641.94562,9738.1494,275508,0.70487559,1.2529004,0.57605636,0.9968695,16.231052,2.3196235,1.0280682,1.4253521,711,2.0054219
2752531,114,-174,394,1596.7549,0.086738706,109.22412,19.163218,50.709263,0.0051382743,341.05212,480.96957,9713.5664,284412,0.76937783,1.0675482,0.59070462,1.250417,13.61605,1.9459064,0.99738443,1.5070423,711,1.861402
2752532,114,-172,438,1776.2279,0.067616813,118.05186,17.020361,58.670387,1.9672015,387.04767,574.54883,10761.146,321580,0.71519178,1.248832,0.65178573,1.1873896,15.761343,2.252496,1.0228084,1.4380282,711,1.8506436
2752533,114,-170,458,1857.8363,0.063071668,123.38025,15.415645,58.264042,3.9292645,409.88586,608.4032,10975.015,325564,0.7164439,1.29166,0.68154764,1.1590285,16.844597,2.4073069,1.0347918,1.4098592,711,1.8487204
2752534,114,-168,474,1889.9025,0.069908909,128.06207,13.784795,56.604252,5.8913279,382.21143,582.85211,11017.285,320704,0.72088563,1.2926534,0.71278197,1.1538996,17.382191,2.4841359,1.0405539,1.3971831,711,1.8440493
2752535,114,-166,445,1848.6564,0.072990023,130.76678,12.081215,57.39629,7.8533907,364.37787,564.15869,9611.1992,262516,0.77290213,1.1342093,0.68885452,1.2531054,14.853872,2.122807,1.0123495,1.4647887,711,1.8281587
2752536,114,-164,444,1797.5155,0.081814989,130.06615,9.7605658,58.617477,9.6455269,326.65625,525.44202,9188.6396,239760,0.79355538,1.1141633,0.68944097,1.2592288,14.720054,2.1036825,1.0107721,1.469014,711,1.8275658
2752537,114,-162,455,1846.6848,0.072256818,143.47824,8.8926983,58.667667,10.724951,374.10367,566.71136,9371.8584,246700,0.77031517,1.1759397,0.70542634,1.23827,15.270336,2.1823249,1.0171998,1.4521127,711,1.8303889
2752538,114,-160,467,1879.759,0.064901218,158.82727,8.2754068,58.675468,9.0492373,384.78821,603.29486,9844.3984,271460,0.74321532,1.2473301,0.72291023,1.2137123,15.914863,2.274436,1.0245386,1.4338028,711,1.8350279
2752539,114,-158,465,1868.1156,0.063929096,171.83513,7.2985997,58.742599,7.0579309,381.79077,605.97894,9617.501,258552,0.75400448,1.2154483,0.7175926,1.2133757,15.914863,2.274436,1.0245386,1.4338028,711,1.8341955
2752540,114,-156,455,1852.418,0.062083233,187.95224,6.9139376,58.893826,5.0721812,387.97366,612.33246,9234.665,240512,0.77000535,1.1628883,0.70216048,1.2316678,15.414395,2.2029128,1.0188574,1.4478873,711,1.8308055
2752541,114,-154,452,1825.9536,0.065701105,205.19951,7.0418005,54.28231,3.0999148,375.06918,590.96735,9166.6221,233172,0.77586681,1.148222,0.70186335,1.2457066,15.082394,2.1554656,1.0150218,1.4577465,711,1.8294189
2752542,114,-152,441,1762.8746,0.077833302,222.58575,7.8102469,59.324371,1.1756186,334.33691,533.49817,9070.4023,229988,0.77649969,1.1205186,0.68266255,1.2594883,14.675982,2.0973842,1.0102506,1.4704225,711,1.8275871
2752544,114,-148,337,1340.6514,0.059976947,236.43314,6.8211613,60.317867,0.90374464,356.73526,529.99365,7398.8496,206600,0.71571642,0.92624718,0.50676692,1.2812264,11.698753,1.6719005,0.9723143,1.5901408,711,1.9110528
2752545,114,-146,390,1565.08,0.045509867,244.23328,10.399934,54.87009,2.8108864,465.58356,657.38593,8602.1729,231968,0.74183637,1.0446302,0.58558559,1.2570325,13.429528,1.9192501,0.99505264,1.5140845,711,1.8623422
2752546,114,-144,407,1628.3229,0.05343502,252.136,12.130004,50.732986,3.9331341,423.40509,618.81696,9317.8682,254172,0.71424943,1.2136452,0.57404798,1.0089207,16.071404,2.2968075,1.0262917,1.4295775,711,1.9984828
2752547,114,-142,412,1696.9227,0.050834581,248.53227,14.384072,62.192959,1.9335595,441.18555,647.67383,10138.716,298604,0.68997002,1.2788657,0.58028167,0.99492735,16.393906,2.3428974,1.0298687,1.4211267,711,2.0028186
2818067,116,-174,406,1633.1708,0.084935106,117.10203,19.80341,61.100338,0.43282974,333.21924,491.56067,10294.564,313348,0.74817246,1.1303262,0.60416669,1.2217218,14.290897,2.0423508,1.0056491,1.4830986,711,1.8631167
2818068,116,-172,446,1787.1128,0.073293112,125.28297,18.488499,60.629898,2.376925,370.11304,553.54041,11274.134,349800,0.71596718,1.2688559,0.66467959,1.1802301,16.124269,2.3043628,1.0268812,1.428169,711,1.8478794
2818069,116,-170,462,1836.976,0.065859899,130.23624,16.970211,60.202377,4.3210201,397.44095,592.03326,11384.49,351224,0.7149806,1.3067366,0.6875,1.1526937,17.079365,2.4408581,1.0373225,1.4042253,711,1.8489013
2818070,116,-168,467,1862.6968,0.066465825,134.4238,15.410494,59.932369,6.2790236,398.78439,593.44,11061.229,332528,0.73439264,1.2488427,0.71080667,1.1885105,16.504303,2.3586743,1.0310826,1.4183098,711,1.8371766
2818071,116,-166,442,1834.2881,0.07451608,137.41167,13.558972,59.400192,6.9939795,360.57254,556.17786,9771.3213,275976,0.78144079,1.114476,0.68527132,1.2602081,14.675982,2.0973842,1.0102506,1.4704225,711,1.8274519
2818072,116,-164,447,1796.1578,0.06041554,138.5665,11.209917,60.637974,7.9312124,413.0611,611.22742,9440.7178,254152,0.79371196,1.1213815,0.69409937,1.2542701,14.853872,2.122807,1.0123495,1.4647887,711,1.8281633
2818073,116,-162,450,1827.1541,0.069709226,149.59244,10.40762,60.671295,9.2137136,379.84537,573.91473,9341.8848,249968,0.77892601,1.1535178,0.69875777,1.249177,14.990146,2.1422822,1.0139463,1.4605634,711,1.8288774
2818074,116,-160,466,1862.2322,0.056775048,162.64343,10.088194,60.675262,9.4061995,429.69327,642.0119,10033.44,287188,0.74381834,1.2481012,0.7224806,1.2177016,15.812186,2.2597623,1.0233827,1.4366198,711,1.8346196
2818075,116,-158,465,1863.0891,0.062984884,173.99838,9.4093018,60.739525,7.4976397,387.72705,609.68231,9930.9287,280880,0.75087136,1.2233239,0.71981424,1.2176007,15.812186,2.2597623,1.0233827,1.4366198,711,1.8341358
2818076,116,-156,455,1847.0753,0.060787007,186.08801,8.944581,60.884521,5.6418552,395.63889,617.93365,9463.1934,256540,0.76834971,1.1652458,0.70324576,1.2339108,15.366075,2.1960073,1.0183024,1.4492958,711,1.8306264
2818077,116,-154,446,1813.7328,0.063673213,199.9776,8.8704224,56.62112,3.897953,384.34811,598.29199,9175.7119,241560,0.77851564,1.1327957,0.69254661,1.2559378,14.808996,2.1163936,1.0118215,1.4661971,711,1.8279512
2818078,116,-152,428,1718.3473,0.086075418,217.76245,9.1457396,55.991001,2.4339902,306.83298,500.86517,8907.9619,235696,0.78306597,1.0833056,0.66253871,1.2786353,14.126161,2.0188076,1.0036558,1.4887323,711,1.8271124
2818079,116,-150,337,1344.5446,0.12866884,263.3858,8.8783817,55.381153,1.7190158,197.08913,362.37299,6319.7539,149916,0.79963261,0.88290858,0.52656251,1.367047,11.04004,1.5777619,0.96307045,1.6253521,711,1.8715347
2818080,116,-148,340,1362.9438,0.072837159,250.03516,7.4194899,62.24221,2.2644162,318.09979,484.91699,6925.3394,182316,0.75807738,0.8986786,0.5151515,1.3002087,11.643178,1.663958,0.97154808,1.5929577,711,1.8975695
2818081,116,-146,392,1568.3716,0.046542902,237.47025,11.245848,62.784176,3.6574523,460.73334,650.73279,8731.0596,243668,0.74120516,1.0596266,0.5885886,1.2555875,13.50352,1.9298245,0.99598014,1.5112677,711,1.8610046
2818082,116,-144,401,1607.6991,0.052482128,245.34657,12.827032,53.320759,3.9743843,426.93689,620.44257,9218.2285,256008,0.716995,1.2001079,0.56879431,1.0479819,15.561199,2.2238929,1.0205362,1.4436619,711,1.9767218
2818083,116,-142,426,1722.0546,0.056027792,241.49312,15.277014,64.059669,1.9748098,412.35095,621.47925,10705.671,324468,0.68983155,1.3203875,0.60000002,0.98445749,17.199221,2.4579871,1.0386058,1.4014084,711,1.9918352
2883603,118,-174,399,1615.0164,0.070097245,124.48839,21.37635,63.045055,0.90239739,372.03638,538.07513,10456.539,332288,0.74602336,1.1135918,0.59375,1.2274804,14.005079,2.0015037,1.0021808,1.4929577,711,1.8673314
2883604,118,-172,443,1757.0658,0.075797565,131.55791,20.227058,62.592796,2.8464925,359.03271,539.72351,11639.524,378472,0.7174142,1.2479411,0.66020864,1.1843671,15.966702,2.2818446,1.0251204,1.4323944,711,1.848258
2883605,118,-170,454,1814.8218,0.067332439,135.66553,18.673834,62.11784,3.8409154,403.7692,581.98224,11447.159,365352,0.72106659,1.2683624,0.68373495,1.1911727,16.177485,2.3119678,1.0274733,1.4267606,711,1.8395196
2883606,118,-168,456,1836.4972,0.06854181,139.53111,17.144041,61.922127,4.4628496,394.05157,580.25952,11123.747,346716,0.74646229,1.2042724,0.70697677,1.2364773,15.318055,2.1891446,1.0177499,1.4507042,711,1.8307064
2883607,118,-166,440,1825.5396,0.071848668,142.67941,15.181716,61.403278,5.1752968,373.02554,565.0556,9984.9941,292764,0.7824291,1.1087859,0.68217057,1.2633611,14.588624,2.0848997,1.0092137,1.4732394,711,1.827193
2883608,118,-164,446,1795.8145,0.060745463,144.93762,12.789112,62.653103,6.3853016,411.94351,609.50708,9711.1953,273420,0.789671,1.1306351,0.69040245,1.2514731,14.89902,2.1292593,1.0128795,1.4633803,711,1.8283335
2883609,118,-162,447,1816.5933,0.055494819,154.32919,12.070038,62.672962,7.9221501,442.64017,641.36841,9584.5059,268536,0.77816236,1.1447936,0.69409937,1.2542701,14.853872,2.122807,1.0123495,1.4647887,711,1.8281633
2883610,118,-160,458,1852.2632,0.064217493,165.52089,12.021451,62.675079,9.63062,392.14969,602.0459,10040.867,296292,0.7514739,1.2182864,0.71118015,1.2349303,15.366075,2.1960073,1.0183024,1.4492958,711,1.8313606
2883611,118,-158,459,1852.3778,0.056505293,175.25664,11.480922,62.736706,8.3475122,422.97592,641.83759,10018.061,294556,0.75309908,1.2082994,0.7116279,1.2310071,15.463021,2.2098622,1.0194145,1.4464788,711,1.8317386
2883612,118,-156,455,1835.6875,0.061157037,185.23344,11.013228,62.875999,6.6959028,394.5191,614.15936,9698.0205,272556,0.76892096,1.16529,0.70433438,1.2361114,15.318055,2.1891446,1.0177499,1.4507042,711,1.8304876
2883613,118,-154,443,1801.1223,0.064552337,196.60257,10.748696,58.914703,5.2470641,380.55243,592.13477,9387.9961,260392,0.77979225,1.1255711,0.68469858,1.2540015,14.808996,2.1163936,1.0118215,1.4661971,711,1.8281339
2883614,118,-152,410,1671.049,0.094312392,214.69434,10.393245,58.338993,4.1693516,274.84259,471.86215,8529.9443,231924,0.79556322,1.0363618,0.63565892,1.303813,13.392836,1.9140062,0.99459141,1.5154929,711,1.8292259
2883615,118,-150,365,1461.1775,0.086359262,239.69321,9.7148123,57.805717,3.7172823,277.68481,461.10724,7116.8169,178736,0.79799789,0.938829,0.56240368,1.3295792,12.04368,1.7211949,0.97701627,1.5732394,711,1.8564445
2883616,118,-148,354,1409.1392,0.072022513,242.29546,8.9745293,57.335155,4.0569572,324.56644,495.84705,7074.2681,180832,0.77530771,0.90807205,0.53636366,1.2971836,12.04368,1.7211949,0.97701627,1.5732394,711,1.8824098
2883617,118,-146,372,1509.5825,0.04449885,236.2907,10.960586,64.705292,5.0591478,469.12228,652.91852,7961.7241,215360,0.7545141,1.0337584,0.52394366,1.0122063,14.459521,2.0664492,1.0076739,1.4774648,711,2.0446775
2883618,118,-144,400,1593.2627,0.047075842,238.45815,13.66414,58.684269,3.9812129,461.4129,652.15314,9268.3926,262164,0.72320801,1.1921331,0.56497175,1.0227168,15.660632,2.2381032,1.0216674,1.440845,711,1.9972566
2883619,118,-142,424,1704.468,0.054753695,235.95053,16.164524,65.936722,1.9813492,421.0835,625.45007,10822.521,337368,0.68625945,1.3212056,0.59718311,0.98609573,17.079365,2.4408581,1.0373225,1.4042253,711,1.9932861
2949139,120,-174,393,1565.9525,0.077215344,132.40176,23.629211,64.993248,1.4310956,349.46539,504.82684,10932.334,371532,0.74095136,1.1034589,0.5848214,1.2319262,13.769039,1.9677705,0.99928129,1.5014085,711,1.8713592
2949140,120,-172,420,1685.818,0.068476111,137.5415,22.476269,64.557747,1.5594616,384.40292,556.21246,11481.179,391512,0.71639961,1.1906965,0.62593144,1.2120888,14.853872,2.122807,1.0123495,1.4647887,711,1.8545613
2949141,120,-170,433,1752.5967,0.071803108,140.23236,21.061579,64.04129,1.9400741,392.67511,553.82721,11470.947,383916,0.74838549,1.1647651,0.67236024,1.2762806,14.249354,2.0364137,1.0051478,1.4845071,711,1.8263562
2949142,120,-168,455,1818.3103,0.066392109,143.7317,18.921135,63.912682,2.5620084,405.7226,586.65222,11498.114,373132,0.74457085,1.208863,0.70652175,1.2403872,15.222913,2.1755476,1.0166519,1.4535211,711,1.8303298
2949143,120,-166,441,1813.9469,0.072173662,146.93877,16.862829,63.405777,3.5569148,375.82059,561.98901,10374.044,318216,0.77997321,1.1137125,0.68478262,1.2640545,14.588624,2.0848997,1.0092137,1.4732394,711,1.8270841
2949144,120,-164,445,1792.3967,0.060869638,149.63251,14.447666,64.665588,5.1613975,412.48114,608.30536,10056.385,298088,0.78611195,1.1393144,0.68885452,1.2531054,14.853872,2.122807,1.0123495,1.4647887,711,1.8281587
2949145,120,-162,446,1815.8123,0.0597446,157.89647,13.878358,64.674225,6.9734073,418.99924,618.00366,9826.4219,285428,0.78020859,1.1386018,0.69040245,1.2514731,14.89902,2.1292593,1.0128795,1.4633803,711,1.8283335
2949146,120,-160,456,1847.321,0.061312344,167.61101,13.963554,64.674904,8.8666115,405.96127,615.32159,10411.482,324488,0.75152302,1.2151766,0.70917577,1.2406486,15.222913,2.1755476,1.0166519,1.4535211,711,1.8306528
2949147,120,-158,458,1840.3348,0.055255998,176.15523,13.541077,64.734116,9.5099878,432.28442,646.93945,10432.506,325300,0.74982083,1.216652,0.71339566,1.2389758,15.270336,2.1823249,1.0171998,1.4521127,711,1.8314369
2949148,120,-156,449,1822.209,0.059979931,184.91037,13.153267,64.868172,8.0694447,402.54318,617.87561,9830.8984,289300,0.77372336,1.1486696,0.69828928,1.2530297,14.89902,2.1292593,1.0128795,1.4633803,711,1.8285306
2949149,120,-154,436,1787.194,0.06218252,194.31369,12.651709,61.170677,6.8731012,392.15591,600.97528,9486.0586,275568,0.78171462,1.1083912,0.675969,1.2694924,14.416993,2.0603714,1.0071647,1.4788733,711,1.8268262
2949150,120,-152,407,1655.2771,0.089472063,210.05994,11.897809,60.645485,6.0439038,282.39389,482.16599,8610.752,243376,0.79899782,1.0290393,0.63297045,1.3122877,13.212339,1.888211,0.99231035,1.5225352,711,1.8288347
2949151,120,-150,387,1554.7557,0.078534149,222.30426,11.698378,65.631409,5.7167306,310.19406,498.77737,8036.6206,220208,0.78500754,0.98990488,0.59630203,1.315099,12.731891,1.8195488,0.98613614,1.5422535,711,1.8416265
2949152,120,-148,384,1540.6276,0.065135323,224.79028,12.496172,59.603043,5.9612164,363.62741,545.18695,8416.5322,242172,0.76225251,0.99210083,0.58715594,1.3022052,12.798375,1.8290504,0.98699963,1.5394366,711,1.8488899
2949153,120,-146,379,1519.0847,0.040669918,227.88664,12.714522,66.632523,5.9577155,500.93454,685.1084,8393.9648,239148,0.72645921,1.1191431,0.53380281,1.0105191,14.764391,2.110019,1.0112958,1.4676056,711,2.0362427
2949154,120,-144,390,1553.3596,0.046799503,232.85487,14.315503,60.109783,3.9578521,457.27142,645.83313,9095.2646,263812,0.71735549,1.1827086,0.54929578,1.0067267,15.270336,2.1823249,1.0171998,1.4521127,711,2.023936
2949155,120,-142,411,1684.8149,0.052801274,231.3604,17.105265,63.030342,1.9579885,431.6889,633.22614,10554.352,333720,0.70137084,1.2417055,0.57887322,0.99558651,16.33926,2.3350875,1.0292658,1.4225352,711,2.0036764
3014674,122,-176,303,1205.7644,0.097445548,135.48097,27.317221,61.721752,0.073094063,292.23422,394.32578,9025.3369,325072,0.78014559,0.87025249,0.44624448,1.212222,11.165781,1.5957319,0.964863,1.6183099,711,1.9973129
3014675,122,-174,318,1288.1536,0.075399607,144.75632,27.894783,66.945488,1.9831877,328.74124,463.3447,9565.6631,352160,0.75739539,0.90535504,0.48181817,1.3000729,11.064961,1.5813235,0.96342677,1.6239437,711,1.9255712
3014676,122,-172,227,882.15991,0.057262372,160.11212,31.054312,66.525406,0.22099037,331.65073,439.99112,7447.9194,301888,0.71989393,0.69889772,0.35635793,1.3875692,8.6298904,1.233321,0.92566949,1.8,711,2.0055327
3014677,122,-170,378,1540.056,0.078074478,148.25298,25.64974,65.972328,0.039232779,364.10025,497.87308,10874.442,388396,0.76212931,1.0048059,0.59247649,1.3523257,12.103155,1.7296946,0.97781789,1.5704225,711,1.8375013
3014678,122,-168,448,1797.2101,0.066600367,147.32939,20.767073,65.903938,0.72883952,403.20773,582.32581,11799.113,399660,0.74452698,1.1918439,0.69781929,1.2568479,14.808996,2.1163936,1.0118215,1.4661971,711,1.8282104
3014679,122,-166,436,1801.4847,0.068928696,150.46446,18.654947,65.407845,2.5533488,390.81317,573.08655,10619.47,338660,0.7841717,1.0976295,0.67912775,1.276309,14.290897,2.0423508,1.0056491,1.4830986,711,1.8260663
3014680,122,-164,441,1792.2939,0.06694445,153.38031,16.22407,66.67588,4.528573,383.97293,580.03241,10318.816,320312,0.7884354,1.1250125,0.68584758,1.2662768,14.545335,2.0787129,1.0086983,1.4746479,711,1.8268903
3014681,122,-162,449,1815.5709,0.059462227,160.69626,15.766865,66.675491,6.5189228,421.1102,619.42816,10322.35,315936,0.77646756,1.1500081,0.69720495,1.2508897,14.944445,2.135751,1.0134118,1.4619719,711,1.8286264
3014682,122,-160,458,1841.1394,0.060311768,168.94308,15.805065,66.674751,7.8933015,409.65329,619.36584,10858.699,354144,0.7496106,1.22135,0.71118015,1.2349303,15.366075,2.1960073,1.0183024,1.4492958,711,1.8313606
3014683,122,-158,454,1829.5316,0.052476309,176.66261,15.491637,66.731735,8.7816896,452.85553,661.90131,10705.382,349092,0.75273991,1.2060727,0.70496893,1.2421755,15.175782,2.168812,1.0161062,1.4549296,711,1.8300128
3014684,122,-156,443,1813.7838,0.061606437,184.46848,15.268299,66.860954,7.2325611,396.49167,608.25354,10049.398,309672,0.77568614,1.1331121,0.69003117,1.2652161,14.588624,2.0848997,1.0092137,1.4732394,711,1.8270916
3014685,122,-154,432,1745.9993,0.061694473,193.8028,14.553674,63.393726,5.9219322,391.45413,596.35358,9718.6289,297052,0.7828908,1.0984659,0.67289722,1.2823265,14.126161,2.0188076,1.0036558,1.4887323,711,1.8257595
3014686,122,-152,403,1645.4171,0.085284822,206.11441,13.560507,62.914124,5.0105138,292.33682,492.38754,8710.9551,254804,0.79971111,1.021661,0.63067293,1.3265563,12.933451,1.8483543,0.98874485,1.5338029,711,1.8278694
3014687,122,-150,401,1600.5177,0.079347424,213.57947,13.831185,67.584793,4.6966176,312.25,503.46439,8779.2627,256392,0.78094763,1.0259829,0.62074304,1.3108518,13.106358,1.873065,0.99096131,1.5267606,711,1.8326429
3014688,122,-148,387,1553.9332,0.064038761,216.62305,14.841459,62.079994,5.0750985,369.97952,552.2041,8819.4502,267288,0.77181989,0.99185324,0.59174311,1.2999777,12.899415,1.8434902,0.98830622,1.5352113,711,1.847042
3014689,122,-146,382,1532.1372,0.038715713,220.40988,14.987912,68.563766,5.9343553,524.94128,705.19647,8791.7295,263424,0.72326887,1.1224401,0.53802818,1.0096234,14.89902,2.1292593,1.0128795,1.4633803,711,2.0327713
3014690,122,-144,377,1512.8014,0.036351081,228.90097,14.692626,69.106102,3.9344914,540.65869,723.16473,8778.8408,255896,0.71560192,1.1622641,0.53098589,1.0110587,14.675982,2.0973842,1.0102506,1.4704225,711,2.0386047
3014691,122,-142,401,1634.375,0.050848465,227.17929,18.055414,63.879005,1.9346279,434.34717,635.53851,10304.26,326748,0.71273065,1.205178,0.56478876,1.0015328,15.812186,2.2597623,1.0233827,1.4366198,711,2.0127919
3080210,124,-176,270,1070.5723,0.080588326,144.48094,30.338526,64.653549,0.6804598,299.92465,408.57977,8581.4111,329716,0.78218365,0.80066943,0.4011887,1.2211341,10.254766,1.4655362,0.95155245,1.6732395,711,2.0394917
3080211,124,-174,231,928.60217,0.063740164,154.79312,31.92655,68.901283,1.5414163,319.89291,427.87134,7772.9971,319812,0.76525503,0.69922018,0.35648149,1.2889913,9.0438709,1.2924839,0.93255919,1.7633803,711,2.0587342
3080214,124,-168,428,1731.4508,0.065870166,150.11981,23.160713,67.895828,0.44661433,414.13065,574.73236,12000.107,427624,0.73921514,1.1471884,0.66770673,1.2903839,13.925505,1.9901315,1.001207,1.4957746,711,1.8253814
3080215,124,-166,428,1779.7097,0.068956546,153.37305,20.659895,67.409584,2.3424737,396.06375,569.49744,10876.183,361776,0.78294557,1.0822967,0.66666669,1.288113,13.965178,1.9958014,1.001693,1.4943662,711,1.8256526
3080216,124,-164,442,1794.2252,0.066773176,156.38232,18.085611,68.682816,3.8335772,386.79117,581.08868,10751.004,348572,0.78670442,1.1297196,0.68740278,1.2646729,14.588624,2.0848997,1.0092137,1.4732394,711,1.8270503
3080217,124,-162,451,1814.9794,0.059234485,162.92461,17.687258,68.676735,5.0651383,422.91382,620.51672,10881.939,353520,0.77197337,1.1598258,0.70139968,1.2495682,14.990146,2.1422822,1.0139463,1.4605634,711,1.8290708
3080218,124,-160,456,1832.6151,0.058875546,169.99762,17.632435,68.674599,6.6339192,414.758,625.42188,11218.902,381344,0.75168693,1.2139781,0.70917577,1.2406486,15.222913,2.1755476,1.0166519,1.4535211,711,1.8306528
3080219,124,-158,450,1820.775,0.054069053,176.89661,17.343763,68.729523,7.7799497,445.1806,650.51703,10961.804,371432,0.75563473,1.1931826,0.69875777,1.249177,14.990146,2.1422822,1.0139463,1.4605634,711,1.8288774
3080220,124,-156,439,1801.5087,0.058041412,184.1219,17.208029,68.854279,6.009819,416.39499,624.53119,10340.25,334484,0.77577722,1.125314,0.68167704,1.2671983,14.502301,2.0725629,1.0081851,1.4760563,711,1.8268265
3080221,124,-154,421,1710.7501,0.059746765,193.34975,16.482477,65.571503,4.4056702,397.01807,599.84778,9709.4941,306848,0.78713948,1.0712854,0.65781248,1.302326,13.61605,1.9459064,0.99738443,1.5070423,711,1.8252763
3080222,124,-152,397,1631.0441,0.10577204,202.80525,15.649616,65.151405,3.168184,242.46822,440.20233,8922.6523,275008,0.80327201,1.0052546,0.62421381,1.3400878,12.633448,1.8054801,0.98485208,1.5464789,711,1.8282849
3080223,124,-150,403,1621.5289,0.079526439,208.12645,16.00168,69.54023,2.6971269,319.04358,506.18762,9213.6367,281932,0.78478575,1.0242012,0.62772584,1.3191779,13.036643,1.8631018,0.99006999,1.5295775,711,1.8293964
3080224,124,-148,389,1546.1591,0.059949052,210.30951,17.253624,64.399879,3.2613261,383.57156,569.29956,9372.9775,301628,0.76160127,1.0428022,0.5486601,1.0180621,15.175782,2.168812,1.0161062,1.4549296,711,2.0161297
3080225,124,-146,392,1576.2065,0.038779426,215.08841,17.568386,70.499001,4.5483203,530.28583,714.67865,9701.2158,315352,0.70439482,1.168202,0.5521127,1.0058869,15.366075,2.1960073,1.0183024,1.4492958,711,2.0218232
3080226,124,-144,382,1545.7671,0.033629086,222.41966,16.939825,71.024475,3.877785,579.22119,760.01019,9336.1777,288824,0.71646672,1.1511602,0.53802818,1.0096234,14.89902,2.1292593,1.0128795,1.4633803,711,2.0327713
3080227,124,-142,389,1565.2808,0.047709767,223.53419,18.903465,64.819557,1.8794117,444.02219,642.09222,10120.338,327756,0.73087215,1.1346066,0.54788733,1.0071292,15.222913,2.1755476,1.0166519,1.4535211,711,2.0250068
3145746,126,-176,218,888.00287,0.083076946,151.07785,32.890739,66.956223,1.3296704,256.43777,366.4982,7483.6699,314144,0.79021686,0.67165339,0.33030304,1.2226866,9.027215,1.2901037,0.93228626,1.7647887,711,2.119103
3145747,126,-174,150,594.87897,0.04741285,163.4278,32.533012,70.859528,0.95098197,308.87891,397.07376,4957.6631,208464,0.73422819,0.48345447,0.23809524,1.2795826,7.518064,1.0744269,0.9059673,1.9183098,711,2.199311
3145750,126,-168,422,1675.8196,0.0673199,152.55211,25.314964,69.888206,0.56983691,416.29367,559.30261,12609.379,474144,0.72915989,1.140534,0.65834635,1.2986923,13.692117,1.9567773,0.99832928,1.5042254,711,1.8255236
3145751,126,-166,418,1735.0576,0.060747437,155.89432,23.185396,69.411064,1.2613623,435.3703,599.09808,11276.132,395120,0.78289902,1.0563071,0.65109032,1.3015836,13.578332,1.940516,0.99691457,1.5084507,711,1.8262475
3145752,126,-164,443,1788.3241,0.066765793,158.68944,20.050774,70.689629,2.2375424,394.19037,580.16437,11435.041,393560,0.78195763,1.1366946,0.68895799,1.2630541,14.632173,2.0911233,1.0097311,1.471831,711,1.8272229
3145753,126,-162,445,1809.5994,0.059007406,164.64801,19.66324,70.677948,3.8983359,428.35263,620.78741,11246.396,385080,0.77246684,1.1477747,0.69206846,1.2597723,14.720054,2.1036825,1.0107721,1.469014,711,1.8276069
3145754,126,-160,453,1823.2341,0.056794487,170.91454,19.516684,70.674469,5.7486062,425.64746,635.14526,11601.927,411736,0.75087422,1.2094036,0.70451009,1.2460462,15.082394,2.1554656,1.0150218,1.4577465,711,1.8296636
3145755,126,-158,450,1819.3094,0.061636381,177.08046,19.287066,70.727478,7.1584916,408.82263,609.03137,11437.049,405268,0.75402129,1.1966529,0.69984448,1.2513064,14.944445,2.135751,1.0134118,1.4619719,711,1.8287941
3145756,126,-156,435,1789.4694,0.056803178,183.82637,19.030094,70.848091,5.2112703,425.0759,629.18848,10653.104,359192,0.77791196,1.1128385,0.67546582,1.273311,14.332684,2.0483224,1.0061523,1.4816902,711,1.8264629
3145757,126,-154,417,1692.0121,0.056070205,192.52141,18.261765,67.608574,3.3138185,413.2471,615.80127,9992.7969,329532,0.78593665,1.0676786,0.64852256,1.3004414,13.578332,1.940516,0.99691457,1.5084507,711,1.8268052
3145758,126,-152,403,1621.4031,0.087648533,199.84392,18.155249,67.362801,1.5821971,287.56512,482.14551,9678.1592,317260,0.79443973,1.0281971,0.63265306,1.3312904,12.865559,1.8386517,0.9878692,1.5366197,711,1.8270271
3145759,126,-150,386,1559.303,0.076012932,202.69264,19.467316,71.498978,0.69873327,337.32269,507.72253,9475.3721,310716,0.79169637,0.97133738,0.60124612,1.3354263,12.472717,1.7825097,0.98274112,1.5535212,711,1.836148
3145760,126,-148,379,1507.3267,0.054951649,204.76553,19.925421,66.67836,1.7319276,401.38043,587.10834,9756.6064,331868,0.73846519,1.0769395,0.53455573,1.0215147,14.720054,2.1036825,1.0107721,1.469014,711,2.0272837
3145761,126,-146,395,1577.3658,0.039401885,212.81398,18.891464,66.388596,3.4919596,524.55225,709.27173,10124.215,335840,0.72128767,1.1515194,0.55633801,1.0045401,15.511955,2.2168553,1.0199741,1.4450704,711,2.0187259
3145762,126,-144,382,1552.9971,0.032473013,217.08969,19.28591,72.948471,3.7971361,596.82367,775.22711,9710.3203,313560,0.7229116,1.1466737,0.53802818,1.0096234,14.89902,2.1292593,1.0128795,1.4633803,711,2.0327713
3145763,126,-142,373,1520.1064,0.054974742,220.19795,20.066748,65.85083,1.7987628,401.8093,589.46814,9698.3818,312744,0.75141978,1.0663948,0.54215115,1.1687123,13.61605,1.9459064,0.99738443,1.5070423,711,1.9308312
3211281,128,-178,193,794.35077,0.091837399,146.95999,34.033649,68.988167,0.1725259,248.89432,329.68661,6927.9746,305780,0.81023318,0.62236011,0.28216374,1.0594516,9.0106211,1.2877321,0.93201393,1.7661972,711,2.2693858
3211282,128,-176,178,702.40448,0.069570325,156.69873,33.585312,73.263985,1.0112528,256.98401,356.19397,6185.9604,268316,0.76379102,0.57756186,0.27342549,1.1932224,8.2800303,1.1833215,0.91966826,1.8338028,711,2.2047343
3211283,128,-174,96,374.74484,0.040208537,169.97359,32.672966,72.820457,0.3605476,276.90167,342.2265,3149.6362,132640,0.77127194,0.3280049,0.15841584,1.2261072,6.6872821,0.95569754,0.88988614,2.0323944,711,2.3387289
3211286,128,-168,364,1439.4788,0.055279747,159.29135,28.981705,71.88089,0.69503635,459.39224,572.03754,11867.903,480076,0.73135954,1.005357,0.58054227,1.3892123,11.399484,1.629131,0.96815902,1.6056339,711,1.8393602
3211288,128,-164,446,1782.8124,0.069489971,160.6084,22.024303,72.69545,1.399496,384.60068,567.8017,12017.432,432684,0.77673203,1.1527154,0.69362366,1.2581091,14.764391,2.110019,1.0112958,1.4676056,711,1.8278184
3211289,128,-162,441,1799.4371,0.059978161,165.98183,21.619352,72.679123,3.397599,423.9873,614.01178,11613.519,414436,0.77344877,1.1404164,0.68584758,1.2662768,14.545335,2.0787129,1.0086983,1.4746479,711,1.8268903
3211290,128,-160,453,1815.2944,0.05781522,171.65804,21.492804,72.674339,5.3968892,418.12466,628.14136,12113.604,447892,0.75253475,1.206875,0.70451009,1.2460462,15.082394,2.1554656,1.0150218,1.4577465,711,1.8296636
3211291,128,-158,443,1808.8947,0.060636856,177.36658,21.293976,72.725578,7.0078168,414.5296,612.27032,11689.074,429496,0.75742316,1.1762508,0.68895799,1.2630541,14.632173,2.0911233,1.0097311,1.471831,711,1.8272229
3211292,128,-156,435,1759.6968,0.050689433,183.89519,20.744345,72.842339,5.0112405,464.30969,660.48828,11105.303,390088,0.77825099,1.1132348,0.6775701,1.2778351,14.249354,2.0364137,1.0051478,1.4845071,711,1.8259708
3211293,128,-154,413,1686.5732,0.062038463,191.30861,20.136707,69.644936,3.0180876,385.9382,584.48993,10327.504,355120,0.78611392,1.0593817,0.64733541,1.317205,13.248048,1.8933144,0.99276322,1.5211267,711,1.825461
3211294,128,-152,401,1619.5143,0.082182944,197.83354,20.370537,69.550888,1.0390284,308.41235,497.62991,10175.04,349708,0.78966331,1.025649,0.62754303,1.3287209,12.865559,1.8386517,0.9878692,1.5366197,711,1.8284276
3211296,128,-148,360,1455.6301,0.04819018,201.36079,20.682085,68.925636,1.227302,438.4978,616.09998,9836.1377,355844,0.70631385,1.0603244,0.50775743,1.0248985,13.925505,1.9901315,1.001207,1.4957746,711,2.0511167
3211297,128,-146,387,1540.6116,0.043262403,209.45154,20.65505,68.673149,3.2092495,493.4447,668.95392,10412.842,363340,0.7304762,1.0947349,0.54583919,1.0188452,15.082394,2.1554656,1.0150218,1.4577465,711,2.0182836
3211298,128,-144,384,1554.672,0.037506264,212.14661,22.274746,74.877556,3.7164872,546.26367,721.72614,10448.402,367348,0.73030895,1.1070558,0.56804734,1.2210425,13.578332,1.940516,0.99691457,1.5084507,711,1.8869137
3211299,128,-142,377,1522.2954,0.052422751,216.64301,22.058363,66.829132,1.7181139,421.51248,604.08008,10264.375,348220,0.743792,1.0731549,0.54796511,1.1672174,13.769039,1.9677705,0.99928129,1.5014085,711,1.9267151
3276817,130,-178,180,715.83142,0.096624978,151.49359,34.657379,71.404449,0.88958269,220.67729,305.11642,6586.8438,297480,0.79099935,0.59411442,0.2631579,1.0335822,8.8003187,1.2576773,0.92853266,1.784507,711,2.3091133
3276818,130,-176,136,544.20697,0.063913696,161.25427,33.681259,75.214073,0.4605751,239.66837,327.10715,4696.6641,205916,0.76383442,0.43947715,0.21183801,1.133149,7.6232934,1.0894655,0.90791476,1.9056338,711,2.3190739
3276822,130,-168,288,1137.5448,0.060564231,159.38358,25.473768,73.874046,0.54558277,387.26062,485.82635,8937.9463,370776,0.70564753,0.82594788,0.44929796,1.3594103,9.9629631,1.423834,0.94712085,1.6929578,711,1.9363636
3276823,130,-166,250,1000.5358,0.09623491,133.56476,18.887005,60.125263,0.98947686,258.76227,361.45557,5802.4277,181192,0.7758072,0.63784069,0.40322581,1.400838,8.8961487,1.2713726,0.93012595,1.7760563,711,1.9729071
3276824,130,-164,436,1774.4923,0.056787338,162.23442,24.068693,74.698761,2.0570631,447.82776,626.63727,12301.11,463900,0.77739114,1.1297441,0.67912775,1.276309,14.290897,2.0423508,1.0056491,1.4830986,711,1.8260663
3276825,130,-162,444,1789.251,0.059289422,167.14531,23.612871,74.679298,3.7823052,428.40778,615.81738,12400.754,467260,0.76975167,1.1516663,0.69051319,1.2614206,14.675982,2.0973842,1.0102506,1.4704225,711,1.8274084
3276826,130,-160,447,1807.1368,0.056933589,172.28891,23.485487,74.674225,5.6653142,423.39435,631.56226,12412.868,473780,0.75885075,1.1825258,0.69517887,1.2564309,14.808996,2.1163936,1.0118215,1.4661971,711,1.8280427
3276827,130,-158,444,1796.6873,0.059082981,177.65115,23.322193,74.723808,6.6385942,422.59592,618.17291,12352.277,476584,0.75283182,1.1867639,0.69051319,1.2614206,14.675982,2.0973842,1.0102506,1.4704225,711,1.8274084
3276828,130,-156,421,1729.8022,0.048996355,183.84462,22.566261,74.836975,5.4662046,475.14935,666.07214,11132.382,405384,0.78350866,1.0770451,0.65576327,1.2976905,13.692117,1.9567773,0.99832928,1.5042254,711,1.8259408
3276829,130,-154,408,1659.9036,0.064199366,190.55325,22.099306,75.01342,3.6755455,375.58646,570.00806,10646.949,383360,0.788481,1.0465716,0.63749999,1.3185265,13.141496,1.8780866,0.99140936,1.5253521,711,1.8271021
3276830,130,-152,394,1576.585,0.076487601,197.00734,22.569263,71.719772,2.1558406,327.68613,508.94177,10634.45,389072,0.78566539,1.013093,0.61562502,1.33337,12.666093,1.8101455,0.98527861,1.5450704,711,1.8313171
3276831,130,-150,223,916.216,0.10061753,233.43893,11.198261,51.654469,1.4937507,212.04854,338.27277,3861.313,86188,0.78135985,0.66099131,0.32272071,1.0673676,9.6682005,1.3817086,0.94255406,1.7140845,711,2.2164271
3276832,130,-148,329,1311.131,0.039188467,199.11575,20.409422,75.838516,2.2787998,481.38336,648.40869,9084.7266,345780,0.67002743,1.0187675,0.46403384,1.0215147,12.798375,1.8290504,0.98699963,1.5394366,711,2.0974298
3276833,130,-146,352,1397.8652,0.037879355,203.51294,23.525913,70.924057,3.8401527,511.93619,680.98303,9931.2725,368908,0.75301087,0.95215976,0.52148145,1.2373196,12.44106,1.7779856,0.98232323,1.5549296,711,1.9163005
3276834,130,-144,372,1500.3837,0.037668411,207.44402,24.814718,76.809738,3.5998092,541.25134,707.48535,10878.498,414672,0.7228502,1.0706784,0.5511111,1.2312772,13.106358,1.873065,0.99096131,1.5267606,711,1.8952653
3276835,130,-142,366,1490.5396,0.04491942,212.29243,24.288643,77.344872,1.6046093,468.81381,645.74286,10509.259,379416,0.73767495,1.07391,0.53197676,1.1708697,13.356342,1.9087909,0.99413186,1.5169014,711,1.9384198
3342353,132,-178,151,611.58063,0.082051292,155.54883,34.302612,73.309509,1.56624,220.78108,306.04767,5427.7617,246432,0.76282561,0.54306287,0.22271386,1.0013435,8.2800303,1.1833215,0.91966826,1.8338028,711,2.38083
3342358,132,-168,264,1021.3257,0.053691838,151.06273,21.421446,75.867638,0.19843444,396.43793,488.91452,7293.6323,280008,0.70659059,0.78228432,0.41314554,1.3526708,9.4628916,1.3523674,0.93931705,1.7295774,711,1.9739314
3342359,132,-166,323,1310.4906,0.0975198,148.89453,24.915306,70.966164,2.1499164,292.6235,410.93723,9135.707,346940,0.79931927,0.81141967,0.50547731,1.3719341,10.679255,1.5262011,0.95784962,1.6464789,711,1.8857154
3342360,132,-164,436,1739.9153,0.055105649,163.26944,26.310682,76.702095,3.5952876,457.55939,629.89899,13120.173,525740,0.76726776,1.1436156,0.67912775,1.276309,14.290897,2.0423508,1.0056491,1.4830986,711,1.8260663
3342361,132,-162,441,1782.6448,0.061464354,168.08331,25.642891,76.679329,4.8777442,419.71399,603.70624,12863.79,505152,0.77001649,1.1477294,0.68584758,1.2662768,14.545335,2.0787129,1.0086983,1.4746479,711,1.8268903
3342362,132,-160,446,1792.4038,0.05592287,172.86832,25.441076,76.67411,4.98523,430.07004,634.64099,13013.903,518360,0.75884515,1.1793439,0.69362366,1.2581091,14.764391,2.110019,1.0112958,1.4676056,711,1.8278184
3342363,132,-158,441,1773.3253,0.05689219,178.02739,25.241842,76.722145,4.638886,433.32028,625.8537,12787.421,509928,0.75615335,1.1731927,0.68584758,1.2662768,14.545335,2.0787129,1.0086983,1.4746479,711,1.8268903
3342364,132,-156,417,1698.3879,0.047094706,183.72897,24.471478,76.831963,4.5375438,486.44815,673.18951,11518.435,436100,0.78097904,1.0754874,0.64953274,1.3028535,13.540823,1.9351555,0.99644649,1.5098592,711,1.8263738
3342365,132,-154,405,1629.399,0.051276196,189.87103,24.15527,77.003273,3.5062127,442.07553,631.91803,11229.383,425984,0.78632194,1.0411974,0.63084114,1.3170103,13.106358,1.873065,0.99096131,1.5267606,711,1.8288226
3342366,132,-152,380,1547.1245,0.079527207,196.31035,24.363985,73.832443,3.4637771,317.45905,494.43555,10760.751,414864,0.79204279,0.97834116,0.59375,1.3455759,12.223885,1.7469484,0.97943711,1.5647887,711,1.8378065
3342367,132,-150,313,1277.6293,0.079216152,208.26144,19.164993,73.587143,2.7134497,291.96487,450.19479,7663.311,261988,0.74494141,0.93246984,0.44650498,1.0847448,12.04368,1.7211949,0.97701627,1.5732394,711,2.0708818
3342368,132,-148,305,1204.9789,0.04385414,199.13701,19.868807,77.792313,1.783695,438.06308,587.61023,7992.3247,288256,0.70884383,0.92886001,0.43079096,1.021618,12.014161,1.7169762,0.97661746,1.5746479,711,2.1312273
3342369,132,-146,338,1339.1484,0.049229279,201.33844,25.666225,73.143173,1.9804215,429.50571,584.66565,10068.926,393644,0.76189137,0.8848061,0.52160496,1.3421711,11.268455,1.6104053,0.9663167,1.612676,711,1.8804543
3342370,132,-144,361,1462.5801,0.037949964,204.92764,26.755211,78.745888,2.2455807,535.55261,695.91962,11091.387,445504,0.72263771,1.0256538,0.53481483,1.2352008,12.731891,1.8195488,0.98613614,1.5422535,711,1.9063263
3342371,132,-142,360,1484.5409,0.0358693,209.19336,26.683895,79.266251,1.4661251,546.28412,721.17316,10902.736,417888,0.72971219,1.0572488,0.52098405,1.1556301,13.248048,1.8933144,0.99276322,1.5211267,711,1.9560542
3407888,134,-180,159,627.0022,0.07840769,150.63148,34.831478,75.855881,0.11218709,236.73128,317.00064,5959.1309,284228,0.71721995,0.67133009,0.23076923,0.95507741,8.5545864,1.222559,0.92439204,1.8070422,711,2.4013796
3407889,134,-178,140,535.65723,0.068066023,158.96887,33.801823,75.222557,1.1430436,232.48097,314.4729,4935.5171,223904,0.69260019,0.58503807,0.20588236,0.96091187,8.1560364,1.1656011,0.9174996,1.8464788,711,2.4290311
3407895,134,-166,339,1385.743,0.063124277,153.10649,27.296791,78.74337,1.5993174,402.16531,525.22821,10190.16,406920,0.80626976,0.85860121,0.52886117,1.3636297,11.115143,1.588495,0.96414274,1.6211268,711,1.8706234
3407896,134,-164,424,1707.6633,0.056041289,164.21786,28.500669,78.705429,3.4797451,459.80771,618.80243,13466.747,566040,0.76688302,1.109266,0.66146648,1.2959797,13.769039,1.9677705,0.99928129,1.5014085,711,1.8254271
3407897,134,-162,437,1770.6064,0.049538512,168.99045,27.750879,78.679405,4.551228,494.57037,670.18463,13472.12,556180,0.76759809,1.1424181,0.68174726,1.2769514,14.290897,2.0423508,1.0056491,1.4830986,711,1.8260086
3407898,134,-160,435,1774.6534,0.054907363,173.44185,27.442106,78.674011,3.1858697,441.36569,637.30365,13319.408,552556,0.76113141,1.1512351,0.6775701,1.2778351,14.249354,2.0364137,1.0051478,1.4845071,711,1.8259708
3407899,134,-158,438,1740.3768,0.054428965,178.45578,27.1777,78.720596,2.6396177,449.3342,633.88654,13419.264,559816,0.75554579,1.1680093,0.68224299,1.273213,14.374715,2.0543294,1.0066575,1.4802817,711,1.8262955
3407900,134,-156,407,1659.3723,0.05147092,183.63208,26.614628,78.827271,3.297823,458.67435,636.49628,11920.437,473364,0.78178674,1.054195,0.63395637,1.3147883,13.176822,1.8831352,0.99185902,1.5239437,711,1.8282958
3407901,134,-154,398,1608.204,0.049974997,189.30154,26.153683,78.993774,1.7154503,456.10068,635.91504,11653.01,461396,0.7881093,1.0243794,0.62090486,1.3268987,12.831879,1.8338385,0.98743367,1.5380281,711,1.8304391
3407902,134,-152,364,1494.2482,0.10276268,196.04057,25.988081,75.856209,1.5377818,267.44601,427.46304,10683.632,424656,0.80452883,0.93188393,0.5741325,1.3722341,11.588127,1.6560905,0.97078669,1.5957747,711,1.8433115
3407903,134,-150,333,1356.5635,0.062529728,201.04776,23.492781,75.74704,1.1189477,358.83267,522.13373,9167.8525,337500,0.74289954,0.98964614,0.47301137,1.0680194,12.765046,1.8242872,0.98656714,1.540845,711,2.0552025
3407904,134,-148,265,1027.9521,0.050194468,199.97574,25.761478,79.75,0.024929779,414.62024,507.29834,7761.604,294876,0.78073186,0.69627666,0.4140625,1.3500127,9.4995689,1.3576092,0.93989879,1.7267605,711,1.9737635
3407906,134,-144,336,1372.5475,0.038546462,202.30458,28.811634,75.199669,0.72631705,515.63428,668.9234,10835.414,448016,0.73672706,0.93590236,0.49777779,1.2386707,11.955556,1.7086008,0.97582364,1.5774648,711,1.9360809
3407907,134,-142,352,1444.3101,0.035909466,206.09914,29.559528,81.19239,1.3276411,540.59814,710.93628,11527.486,474340,0.71738213,1.0572904,0.50867051,1.1508675,13.002063,1.8581599,0.98962671,1.530986,711,1.9698466
3473424,136,-180,148,588.55371,0.090705544,152.91304,33.764702,77.753593,0.37048474,200.29349,285.54929,5477.3237,263504,0.67061961,0.69023818,0.21574344,0.94628161,8.3505583,1.1934009,0.92089182,1.8267605,711,2.4261949
3473425,136,-178,90,355.11606,0.054146886,164.12605,26.465954,71.86013,0.9554891,201.56749,287.08026,2615.1226,103604,0.67191011,0.48122162,0.14018692,0.99904162,7.1040258,1.0152555,0.89811617,1.971831,711,2.4959183
3473431,136,-166,351,1417.2385,0.061482936,155.71828,29.169455,80.750702,1.1235721,411.88553,538.20673,11064.21,460944,0.80568171,0.89743316,0.54929578,1.3655024,11.373034,1.6253511,0.96778828,1.6070423,711,1.8573247
3473432,136,-164,417,1681.7501,0.054517407,165.05705,30.628103,80.70771,3.1235564,470.41434,622.61285,13899.417,609480,0.76569128,1.0952274,0.65054601,1.3052269,13.50352,1.9298245,0.99598014,1.5112677,711,1.825979
3473433,136,-162,430,1743.9323,0.048219621,169.67354,29.911888,80.679512,3.6512995,503.944,674.15204,13926.96,596688,0.7711606,1.1201831,0.67082685,1.2875001,14.005079,2.0015037,1.0021808,1.4929577,711,1.8254329
3473434,136,-160,439,1753.9219,0.053769156,173.9894,29.467598,80.673912,1.7756867,449.61655,640.24091,14147.814,611044,0.75519288,1.172284,0.68486738,1.2738061,14.374715,2.0543294,1.0066575,1.4802817,711,1.826287
3473435,136,-158,420,1688.8881,0.051532131,178.79584,29.589731,80.719147,0.64294958,463.57626,641.75067,13456.828,576728,0.76104105,1.1166139,0.65420562,1.2990023,13.653977,1.9513267,0.99785596,1.5056338,711,1.826031
3473436,136,-156,400,1632.4825,0.057099897,183.71962,28.600782,80.822868,1.9563082,429.59732,599.39282,12261.897,503168,0.78516293,1.0354035,0.62305295,1.3223274,12.933451,1.8483543,0.98874485,1.5338029,711,1.8303448
3473437,136,-154,384,1557.0804,0.048238803,189.22954,28.543402,80.984329,0.83509928,472.80212,636.88672,11973.109,495680,0.79490316,0.98658794,0.60093898,1.3449342,12.316025,1.7601163,0.98066574,1.5605633,711,1.835057
3473438,136,-152,51,238.81743,0.10486095,144.44363,7.8137445,34.943687,0.076703839,115.9384,169.173,752.36426,13524,0.72862744,0.2598542,0.080696203,0.86373204,6.6419754,0.94922262,0.88897008,2.0394366,711,2.6753123
3473442,136,-144,105,452.155,0.055875428,181.11571,29.441586,76.842766,0.19776028,234.58772,318.888,3368.2793,148212,0.8230769,0.35907069,0.15861027,0.95019943,7.4950728,1.0711411,0.90553927,1.9211267,711,2.5003848
3473443,136,-142,304,1237.559,0.02939339,200.63188,33.49102,83.122864,1.189157,576.39191,727.38281,11029.275,496976,0.7007556,0.95770091,0.43867245,1.1347811,11.560797,1.6521846,0.97040778,1.5971831,711,2.0475574
3538960,138,-180,139,550.86292,0.078825988,154.43019,31.877007,79.659035,0.43453524,206.39163,296.34119,4948.4556,234332,0.60942549,0.72128528,0.20174165,0.90279645,8.2660675,1.1813259,0.91942513,1.8352113,711,2.4739463
3538961,138,-178,74,289.86856,0.067187615,165.37294,23.723999,73.838516,1.06093,149.1134,232.84177,2067.2915,86496,0.59570527,0.50366455,0.11764706,0.97895414,6.8269887,0.97566336,0.89268386,2.0112677,711,2.5458777
3538967,138,-166,357,1437.8248,0.062626101,157.79941,31.123993,82.754814,1.1315198,408.60559,537.13098,11769.466,507040,0.8081547,0.91102695,0.55781251,1.3600315,11.560797,1.6521846,0.97040778,1.5971831,711,1.8532887
3538968,138,-164,410,1650.8538,0.052709803,165.76297,32.656044,82.70887,2.9148638,482.59863,627.35522,14255.584,648260,0.76580596,1.0741608,0.63962561,1.3137888,13.248048,1.8933144,0.99276322,1.5211267,711,1.8271235
3538969,138,-162,426,1704.2456,0.046409797,170.45885,32.202026,82.679642,3.6436462,516.94006,679.30713,14691.811,664168,0.76364541,1.128963,0.66562498,1.2954619,13.807825,1.9733135,0.99975997,1.5,711,1.825122
3538970,138,-160,412,1648.5441,0.054456674,175.65251,32.464447,82.67382,1.7614172,438.22415,616.77911,14287.221,649416,0.76634067,1.0949414,0.64576805,1.3184412,13.212339,1.888211,0.99231035,1.5225352,711,1.825604
3538971,138,-158,124,514.14386,0.12745731,161.89665,12.427667,46.312374,0.61241245,141.84042,225.14635,2048.0715,47748,0.79845268,0.32682076,0.2,1.1823574,7.2404399,1.0347508,0.90073711,1.9535211,711,2.3132162
3538972,138,-156,385,1568.9507,0.049156416,184.17363,31.281424,82.818733,1.9431636,472.1514,633.31458,12701.588,547340,0.79525161,0.99458599,0.6025039,1.3440877,12.347047,1.7645499,0.98107803,1.559155,711,1.8345743
3538973,138,-154,348,1417.4448,0.049479093,190.47478,31.892895,82.975357,0.14408304,459.97961,599.99432,11677.244,505380,0.82329655,0.88495886,0.56493509,1.5168141,10.319532,1.4747922,0.95252448,1.6690141,711,1.7922484
3538974,138,-152,60,305.81293,0.062867664,165.72452,11.483185,60.998699,0.71639335,188.1357,247.24026,1031.8931,21632,0.69830507,0.35113665,0.094488189,0.89433366,6.75176,0.96491224,0.89118236,2.0225353,711,2.6334453
3538978,138,-144,72,310.46164,0.13700257,177.73711,23.716337,64.336784,0.38963577,90.040207,168.75031,1860.9469,71744,0.85954618,0.41119242,0.11302983,0.93865955,6.8845196,0.98388523,0.8938244,2.0028169,711,2.5765953
3538979,138,-142,264,1080.6671,0.030892983,196.66713,36.162735,85.055763,1.0506729,521.25134,663.01135,10166.118,488700,0.67352229,0.90828496,0.38095239,1.1052997,10.564177,1.5097549,0.95615941,1.6535212,711,2.1268573
3604496,140,-180,120,472.07318,0.055950429,152.25023,24.921368,81.571564,0.30523106,229.55109,325.61761,3810.2131,165936,0.4929972,0.78612822,0.17118402,0.75844502,8.1696301,1.1675438,0.91773844,1.8450705,711,2.6182351
3604497,140,-178,59,226.43576,0.0570806,160.38611,15.750191,85.428238,1.4606639,141.02916,223.27144,1465.9034,66308,0.48451197,0.54669619,0.089123867,0.76627272,7.0025396,1.0007519,0.89614356,1.9859155,711,2.7244127
3604503,140,-166,349,1431.235,0.056433178,159.94713,33.412827,84.759048,1.1394675,440.91498,564.53796,12131.232,544492,0.81627309,0.89473593,0.54702193,1.369101,11.294419,1.6141158,0.96668291,1.6112676,711,1.8581077
3604504,140,-164,395,1578.8802,0.045337852,166.93285,35.083893,84.710114,2.9177206,530.30145,661.5293,14493.385,685840,0.77604574,1.0213729,0.61815339,1.3348879,12.666093,1.8101455,0.98527861,1.5450704,711,1.8303838
3604505,140,-162,403,1628.2896,0.039950687,171.71336,34.873909,84.679787,4.5325713,563.55383,715.66309,14809.505,701028,0.77346516,1.0631175,0.63067293,1.3265563,12.933451,1.8483543,0.98874485,1.5338029,711,1.8278694
3604506,140,-160,387,1556.5078,0.048537899,176.76749,34.499859,84.673737,3.1599739,465.11316,634.80469,14113.746,669552,0.76784354,1.0307376,0.6056338,1.3423549,12.409564,1.7734842,0.98190677,1.5563381,711,1.8336439
3604507,140,-158,264,1078.0227,0.042031411,178.44128,27.046877,79.245949,2.608932,433.34586,567.71698,7692.1396,305004,0.79692364,0.66793245,0.41379312,1.3560019,9.4446583,1.3497616,0.93902731,1.7309859,711,1.9723032
3604508,140,-156,360,1462.1479,0.040773835,184.13657,34.261948,84.814842,1.096324,520.28174,671.28943,12818.688,587364,0.79220057,0.93811637,0.57052296,1.3821518,11.399484,1.629131,0.96815902,1.6056339,711,1.8440824
3604510,140,-152,54,302.76453,0.054584451,173.81265,15.003563,69.830917,0.60338736,207.44652,264.01157,1083.1023,27508,0.639413,0.33275673,0.08503937,0.86610663,6.6964178,0.95700312,0.89007032,2.0309858,711,2.6664536
3604514,140,-144,75,311.91171,0.12998852,178.0285,24.030304,65.786171,0.64896637,89.607292,173.6474,1993.7201,79232,0.80792791,0.44924796,0.11664075,0.92579627,6.9726567,0.99648124,0.89555889,1.9901408,711,2.5785041
3604515,140,-142,191,805.24414,0.026445065,191.4339,36.021629,86.992348,0.91218877,493.36572,618.58075,7362.0649,366660,0.62705982,0.75406939,0.26977402,0.8775385,9.390379,1.3420044,0.93816239,1.7352113,711,2.413192
3670033,142,-178,52,200.09056,0.16033939,57.503349,7.9862013,31.778677,1.9299284,49.366039,125.22704,690.84491,12308,0.64781296,0.61945653,0.094890513,1.1263914,5.9704967,0.8532598,0.87485105,2.156338,711,2.5221019
3670034,142,-176,28,113.33575,0.30995914,20.090994,4.3788648,19.693243,0.30001694,26.376017,67.7854,216.45259,2132,0.91534394,0.36584055,0.10646388,1.1308776,4.3378563,0.6199348,0.8350969,2.5915494,711,2.8320577
3670039,142,-166,352,1422.1486,0.049531531,161.81345,35.693047,86.763344,1.1474152,483.77182,600.67084,12998.067,609040,0.8221963,0.88902837,0.55172414,1.367872,11.373034,1.6253511,0.96778828,1.6070423,711,1.8555397
3670040,142,-164,378,1521.1608,0.042340856,167.41577,36.88129,86.711411,3.1473994,546.98181,671.91241,14406.339,700464,0.79007202,0.96992344,0.59154928,1.3497345,12.133113,1.733976,0.9782207,1.5690141,711,1.8381917
3670041,142,-162,397,1608.2842,0.048201319,172.06982,36.729149,86.679947,4.6279125,500.86594,647.52551,15202.3,742968,0.77253646,1.0461295,0.62128323,1.3328865,12.731891,1.8195488,0.98613614,1.5422535,711,1.8296849
3670042,142,-160,377,1516.1581,0.043341659,177.07552,36.364838,86.673653,3.2441511,496.51239,663.0166,14270.984,696220,0.77153057,1.0067419,0.59090906,1.3530873,12.073344,1.7254342,0.97741646,1.571831,711,1.8380539
3670043,142,-158,308,1240.9941,0.032989252,180.53448,32.809353,84.851936,1.6976379,549.29529,687.54889,10587.298,479980,0.77505392,0.80642492,0.48657188,1.3892202,10.212037,1.4594297,0.95090896,1.6760564,711,1.8971571
3670044,142,-156,339,1361.0038,0.036883205,184.19092,36.630814,86.811165,0.063647762,540.48779,680.95789,12898.179,626380,0.78773278,0.8964985,0.54943275,1.5185052,10.148608,1.4503649,0.94995022,1.6802816,711,1.7994499
3670045,142,-154,63,299.79156,0.15420005,144.78261,2.867018,41.429119,0.6321907,92.335228,156.30482,1075.8522,22460,0.60368663,0.55820417,0.09984152,0.92408639,6.7424731,0.96358502,0.89099616,2.0239437,711,2.6068313
3670050,142,-144,79,310.96246,0.12303764,178.45139,23.631296,66.63002,1.0625663,85.431557,178.21323,2129.4028,87092,0.74553716,0.53426731,0.12286159,0.94199616,7.0125575,1.0021836,0.89633912,1.9845071,711,2.5589569
3670051,142,-142,152,640.2453,0.032890797,187.84729,33.153648,88.87822,0.73070002,376.69482,494.58499,5414.4438,256828,0.65702337,0.68462223,0.22093023,0.94400865,8.4367952,1.2057251,0.92237836,1.8183099,711,2.4212227
3735569,144,-178,59,233.53307,0.20580263,65.905602,9.5285282,29.754997,1.3486885,43.205235,119.41356,810.00043,14316,0.69549972,0.70502067,0.12633833,1.2879963,5.4768467,0.78271097,0.86374289,2.2605634,711,2.4539206
3735570,144,-176,50,194.05115,0.26484406,50.302948,8.179635,28.892975,1.3000033,36.722244,95.95507,591.02258,9416,0.77469391,0.64459848,0.15822785,1.2708898,4.646235,0.66400599,0.84333551,2.4859154,711,2.6356103
3735575,144,-166,355,1421.1406,0.044536475,163.48615,38.014629,88.766113,1.1553627,519.30591,633.23596,13924.652,683628,0.81819052,0.90642136,0.55555558,1.3637631,11.479573,1.6405768,0.96927816,1.6014085,711,1.8539761
3735576,144,-164,373,1511.1074,0.039717756,167.47713,38.340286,88.712738,3.0535712,569.78314,691.44916,14731.789,732820,0.79010636,0.95936847,0.58372456,1.353372,11.984787,1.7127782,0.97621989,1.5760564,711,1.8411169
3735577,144,-162,376,1514.9657,0.03936433,173.36595,39.040905,88.680115,2.9141524,557.85864,695.43237,15226.005,778040,0.77293617,0.99901152,0.5893417,1.3538357,12.04368,1.7211949,0.97701627,1.5732394,711,1.8386182
3735578,144,-160,361,1435.9851,0.051281668,177.85207,37.836769,88.673576,1.8140163,428.98318,593.19684,14142.115,707228,0.77497691,0.96958131,0.57030016,1.3765662,11.479573,1.6405768,0.96927816,1.6014085,711,1.8446804
3735579,144,-158,311,1256.3837,0.032659043,181.18124,35.593258,86.844475,0.41858611,560.33405,695.28735,11393.561,534520,0.79340315,0.80799758,0.49365079,1.3979508,10.212037,1.4594297,0.95090896,1.6760564,711,1.8901802
3735580,144,-156,60,248.27222,0.16734539,3.4695232,7.4139729,29.88974,0.10708264,81.042931,136.5407,745.92145,11796,0.68757063,0.8060475,0.10033445,1.0279744,6.4243484,0.91812098,0.88450807,2.0746479,711,2.5501144
3735581,144,-154,73,318.29529,0.14426284,176.92036,3.6311269,45.692684,0.20718136,97.0131,166.51096,1257.9683,28240,0.55517507,0.70225567,0.11496063,0.95101124,6.8748636,0.98250532,0.89363343,2.0042253,711,2.5662332
3735586,144,-144,87,328.36407,0.10839491,180.59839,22.237621,68.240616,1.7031754,95.999344,195.10944,2354.6917,97136,0.65062815,0.63105911,0.13161875,0.89029616,7.2834735,1.0409008,0.90155679,1.9478873,711,2.5778122
3735587,144,-142,153,636.19147,0.036902979,187.96457,33.11335,85.429962,0.61793131,343.52798,465.44476,5509.5146,267436,0.6148091,0.85454559,0.22238372,0.94655704,8.4513407,1.207804,0.92262805,1.8169014,711,2.4176562
3801105,146,-178,67,267.77924,0.22491091,76.228851,10.890899,30.999939,0.55886346,41.981071,122.31736,978.52142,18048,0.71234733,0.81124681,0.14225054,1.3140695,5.5512772,0.79334801,0.86546171,2.2436619,711,2.4185171
3801106,146,-176,63,245.17885,0.27172121,66.89859,9.4073124,28.241924,2.3294125,37.506256,106.48407,817.6795,13720,0.75780851,0.78626317,0.18529412,1.3292688,4.8151059,0.6881398,0.84768283,2.4338028,711,2.5482762
3801107,146,-174,55,215.70586,0.29821977,54.520222,7.9125819,25.991062,1.0419576,37.202358,95.338364,630.43573,9428,0.82626265,0.71102351,0.17405063,1.287245,4.6683598,0.6671679,0.84391147,2.4788733,711,2.6173308
3801111,146,-166,360,1446.9875,0.047987893,164.50769,40.10453,90.767532,0.91546816,504.38177,615.56158,14855.789,754564,0.81224078,0.92153609,0.5633803,1.3612987,11.615587,1.6600149,0.97116679,1.5943662,711,1.8500406
3801112,146,-164,358,1432.8066,0.036872938,168.56171,40.400665,90.714012,1.4908108,586.49817,698.78705,14697.496,751960,0.80276358,0.9160282,0.5611285,1.3650652,11.533595,1.6482972,0.97003007,1.5985916,711,1.850704
3801113,146,-162,372,1477.3094,0.041224822,173.86212,40.986229,90.68029,1.0441887,538.91046,671.05988,15741.116,829756,0.78056979,0.98173463,0.58490568,1.3618665,11.868711,1.6961895,0.97464257,1.5816902,711,1.8395933
3801114,146,-160,346,1389.0145,0.042728338,178.21968,39.899712,90.673508,0.19950928,481.20755,639.14636,14281.558,741248,0.77188575,0.93347454,0.54833597,1.3890501,11.04004,1.5777619,0.96307045,1.6253521,711,1.8547925
3801115,146,-158,60,242.17099,0.32849002,6.7117109,8.9104433,24.938204,0.0053215818,41.162067,96.250923,637.57709,8700,0.82768363,0.86602628,0.39215687,1.3168948,3.8841345,0.55509216,0.82217592,2.7774649,711,2.7962496
3801116,146,-156,90,365.90106,0.16050142,96.257172,1.1238313,41.737339,1.4056281,84.267761,169.25728,1215.733,22680,0.58202249,1.0614532,0.1421801,1.0251218,7.0226045,1.0036193,0.8965351,1.9830986,711,2.4808364
3801117,146,-154,63,256.67755,0.3734636,326.56342,9.0403214,25.014782,0.4990868,34.969631,92.934021,670.94495,8940,0.8924731,0.83075017,0.41721854,1.3121493,3.8872147,0.55553234,0.82226717,2.7760563,711,2.8020072
3801121,146,-146,33,138.10458,0.15685959,214.98006,0.84247983,26.566727,0.82980907,44.203007,105.18491,272.99564,2972,0.717803,0.4679127,0.059674501,1.0186753,5.8703928,0.83895367,0.87265223,2.1760564,711,2.6361592
3801122,146,-144,94,361.43649,0.10987855,184.56604,20.549326,70.036186,2.2859643,98.020531,203.31268,2572.603,107448,0.60032028,0.70292968,0.14220877,0.9164629,7.3600268,1.0518413,0.90300673,1.9380282,711,2.5454667
3801123,146,-142,150,635.26038,0.035811868,189.40407,31.300564,87.337738,1.4602505,347.69418,472.13623,5252.9692,250796,0.5716331,0.91882014,0.21961933,0.96978933,8.3363571,1.1913712,0.92064601,1.828169,711,2.4054482
3801124,146,-140,36,143.38789,0.29840717,291.16656,15.345598,32.116825,0.087316349,48.924557,77.70636,563.35754,11404,0.77777779,0.54445106,0.14574899,1.2211024,4.2772932,0.61127949,0.83342999,2.6140845,711,2.764107
3866642,148,-176,74,286.87744,0.27686635,81.091309,10.747107,31.053272,1.268593,37.881977,114.10851,1064.7483,19532,0.73676413,0.91772246,0.19733334,1.3759515,5.0429811,0.72070605,0.85338056,2.369014,711,2.4603286
3866643,148,-174,71,276.0253,0.29815561,75.394951,9.267128,28.885231,2.5526335,37.442902,107.85937,930.672,15800,0.79637825,0.90514916,0.21712539,1.3423544,4.7915716,0.68477643,0.84708357,2.440845,711,2.5449002
3866644,148,-172,66,261.79803,0.31753826,67.323486,8.0192223,26.586651,1.4106617,38.103325,101.78648,770.16602,11496,0.84009326,0.85456741,0.22147651,1.3003327,4.6374435,0.66274959,0.84310615,2.4887323,711,2.6174512
3866645,148,-170,60,239.35947,0.33691695,55.648884,7.1536331,23.909925,0.48997769,38.991516,94.48629,637.28265,8532,0.91016948,0.75826323,0.26200873,1.2291334,4.3111501,0.61611813,0.83436388,2.6014085,711,2.7609215
3866650,148,-160,74,302.54987,0.28883502,10.670854,6.4104581,23.969643,0.55521154,33.541584,114.73039,736.90198,9196,0.80747873,1.07403,0.47435898,1.334924,3.937171,0.56267172,0.82374048,2.7535212,711,2.7736552
3866651,148,-158,86,353.37616,0.16230671,17.96423,2.6169786,37.333286,1.5750325,76.349777,165.40755,955.61914,14404,0.66484267,1.1438837,0.13782051,1.0447333,6.8942022,0.98526907,0.89401573,2.0014083,711,2.4772992
3866652,148,-156,99,409.1293,0.14757785,169.02628,3.4968357,47.817921,2.8300645,95.397148,186.64856,1378.7548,28740,0.56709957,1.1670789,0.15517241,1.0370129,7.1663418,1.0241612,0.89931774,1.9633803,711,2.4541047
3866653,148,-154,67,276.21124,0.33364299,312.88727,7.5300488,23.063198,2.1999242,34.596218,101.99635,667.71802,8716,0.89054728,0.88189226,0.42138365,1.3197194,3.9403358,0.563124,0.82383335,2.7521126,711,2.7817414
3866654,148,-152,64,260.18756,0.36976919,300.50815,8.9433422,24.781471,1.1477113,32.143341,94.033546,673.31152,9200,0.93601191,0.80484557,0.40251571,1.3176152,3.9308562,0.56176931,0.82355499,2.7563381,711,2.7843666
3866655,148,-150,61,247.48389,0.44348916,293.15009,10.916666,26.828485,0.11599831,29.352077,83.740761,729.21692,11068,0.96284151,0.7519595,0.39869282,1.2945067,3.9026892,0.55774385,0.822725,2.7690141,711,2.8124897
3866656,148,-148,32,133.72255,0.23983201,321.4046,3.0056539,18.852938,0.20658922,39.402893,83.705437,257.50891,2592,0.83669353,0.37748039,0.084656082,1.2197891,4.8484449,0.69290435,0.84852827,2.4239438,711,2.6325388
3866657,148,-146,62,268.58447,0.15941446,263.13885,6.5425177,35.691769,1.8187405,64.786514,145.50621,770.49597,12176,0.66049707,0.69736475,0.10544217,1.0673363,6.3576884,0.90859443,0.8831203,2.0859156,711,2.5225494
3866658,148,-144,117,454.79175,0.1151788,198.47847,17.511963,71.909286,0.4650282,110.50634,222.75371,3155.7637,126552,0.51119953,0.88279992,0.17514969,0.95904094,7.7071977,1.1014564,0.90945435,1.8957746,711,2.4714921
3866660,148,-140,9,44.62632,0.37468317,225.192,4.8846097,12.765657,0.54064345,17.222687,38.687298,52.679813,372,0.94444442,0.13329643,0.051428571,1.0488522,3.8995845,0.55730015,0.82263327,2.7704225,711,3.0153449
3932178,150,-176,79,312.47729,0.27866808,92.77594,11.631711,32.905499,0.059650011,36.532261,118.70542,1182.0426,21944,0.73222977,0.98725051,0.21066667,1.3897516,5.0690565,0.72443259,0.85402077,2.3619719,711,2.4441142
3932179,150,-174,77,307.90231,0.29775673,90.435532,10.052731,31.022177,1.5592623,35.223377,113.99363,1034.3186,17576,0.77580315,0.9830758,0.23547401,1.3572968,4.8198404,0.68881643,0.84780318,2.4323943,711,2.527422
3932180,150,-172,75,303.64847,0.31195137,87.354866,8.5674896,29.202436,2.9629171,34.947132,110.59794,916.20081,14268,0.80612612,0.96447557,0.22935779,1.3524576,4.8103805,0.68746448,0.84756273,2.4352112,711,2.5331111
3932181,150,-170,74,299.5199,0.28645277,83.047768,7.2165556,30.805908,2.3466067,41.097282,114.62815,830.37695,11776,0.83894855,0.96984363,0.26056337,1.3005443,4.611268,0.65900874,0.84242135,2.4971831,711,2.6276805
3932182,150,-168,72,296.72369,0.29032132,76.990685,6.0037913,28.84972,1.7775465,41.357651,113.32914,744.04413,9544,0.88067293,0.92548352,0.30769232,1.2621973,4.3765874,0.62546992,0.8361541,2.5774648,711,2.7198508
3932183,150,-166,72,298.42514,0.2701188,67.402802,4.9690833,26.904924,1.4373364,44.086529,117.82711,691.98975,8040,0.88693273,0.93342072,0.44720498,1.3197587,3.9690509,0.56722778,0.82467365,2.7394366,711,2.7768378
3932184,150,-164,76,309.74399,0.25700292,51.037426,4.3342791,24.97649,1.4780393,45.183918,123.06579,730.86212,8580,0.83298248,1.032913,0.39583334,1.3165021,4.1540489,0.59366637,0.82998508,2.6619718,711,2.7294638
3932185,150,-162,80,324.23062,0.2284151,30.66852,3.7796772,23.07268,1.8148518,47.114582,133.55789,762.75751,8960,0.79620254,1.1345065,0.41666666,1.3195153,4.1681786,0.5956856,0.83038372,2.656338,711,2.7254703
3932186,150,-160,88,352.99515,0.14139433,21.551844,2.5788608,36.260708,2.3953767,76.717186,177.12233,893.58453,11960,0.7011494,1.2479188,0.15068494,1.1802965,6.5444298,0.93528211,0.88698292,2.0549295,711,2.3953483
3932187,150,-158,100,411.36066,0.13640705,146.38326,2.1554074,44.306931,3.2584245,90.58522,194.66949,1229.1058,22324,0.59050506,1.2823801,0.1572327,1.0484873,7.15588,1.0226661,0.89911652,1.9647887,711,2.4446602
3932188,150,-156,95,373.33594,0.10947693,216.34138,2.3913407,51.394054,4.371007,115.61874,207.01105,1196.2152,24232,0.6132139,1.2085729,0.14890282,1.0230579,7.1246772,1.0182068,0.89851516,1.969014,711,2.4714937
3932189,150,-154,72,298.47928,0.26063299,295.17563,5.9887371,24.218357,3.9007616,43.191574,119.96301,690.34003,8816,0.86463225,0.95181626,0.375,1.312778,4.1400151,0.59166074,0.82958817,2.6676056,711,2.7341509
3932190,150,-152,70,286.27197,0.299353,284.46436,7.3792777,26.061085,2.9152465,36.427227,109.62321,720.04095,9964,0.8927536,0.88479906,0.28925619,1.3542682,4.3610125,0.62324405,0.83572978,2.5830986,711,2.6347082
3932191,150,-150,74,294.20425,0.30561846,278.36954,8.3596191,27.943773,1.7290355,39.337746,109.98656,814.83368,12040,0.81636429,0.94681209,0.28136882,1.3483505,4.4888077,0.64150757,0.83918017,2.5380282,711,2.6107848
3932192,150,-148,80,314.80347,0.25980592,270.13828,8.9483232,29.851116,1.7454442,42.45982,123.39574,983.03931,15784,0.72658229,0.98897105,0.15655577,1.307945,5.9057565,0.84400761,0.87343198,2.169014,711,2.3681619
3932193,150,-146,82,355.10776,0.17636982,248.44066,9.543829,42.322403,0.65509117,62.612392,159.06436,1191.6884,21980,0.64257753,0.9283967,0.13464697,1.0824103,6.7147641,0.95962507,0.89043969,2.0281689,711,2.4637604
3997715,152,-174,79,317.95502,0.26554891,102.80831,10.596862,35.362015,0.13676533,38.775402,122.66354,1107.2454,19280,0.76825708,1.0078247,0.22128852,1.3828899,4.9764242,0.71119422,0.85173559,2.3873239,711,2.4700482
3997716,152,-172,79,314.74481,0.27468604,102.7437,8.9721317,33.455547,1.4471725,38.687077,119.99577,1010.5251,16236,0.78026617,1.0117929,0.22128852,1.3828899,4.9764242,0.71119422,0.85173559,2.3873239,711,2.4700482
3997717,152,-170,78,312.15036,0.27992859,102.59289,7.4110579,31.569502,2.6511908,38.593643,118.37588,915.7359,13660,0.80219781,1.0103592,0.23214285,1.3671162,4.8677039,0.69565672,0.8490147,2.4183099,711,2.5080209
3997718,152,-168,77,310.74219,0.27737013,102.32526,5.9051509,29.711222,3.7346976,39.436054,118.65203,827.72906,11268,0.83287764,0.98040676,0.24367088,1.346796,4.7682662,0.68144584,0.84648806,2.4478874,711,2.5489695
3997719,152,-166,76,312.98352,0.25721475,101.6562,4.4605584,27.822754,3.4328763,42.044376,123.65672,749.00238,9244,0.85157895,0.97570032,0.2857143,1.322196,4.5261106,0.64683867,0.84017408,2.525352,711,2.6279299
3997720,152,-164,78,326.19028,0.20938355,95.841789,3.1467695,25.865999,3.467124,48.500858,139.91658,722.81335,8252,0.83083582,1.0444213,0.40414509,1.321075,4.1646371,0.5951795,0.83028388,2.6577466,711,2.7235727
3997721,152,-162,85,348.69864,0.2075398,79.44146,1.9256259,23.916399,3.768352,46.882931,145.3046,797.57227,9248,0.75658262,1.2131699,0.43367347,1.3345913,4.2003236,0.60027963,0.83128703,2.643662,711,2.7057874
3997722,152,-160,99,404.07736,0.13708295,136.26802,2.6355615,42.504402,4.2791209,81.896561,192.4622,1128.9459,18444,0.61636776,1.3602593,0.15764332,1.0760771,7.0630803,1.0094038,0.89732265,1.9774648,711,2.4294279
3997723,152,-158,109,448.20627,0.12739311,164.94687,5.4143758,49.885086,5.0271354,92.036743,210.26691,1475.5542,31380,0.55011892,1.3930339,0.17057903,1.0661889,7.2834735,1.0409008,0.90155679,1.9478873,711,2.4147799
3997724,152,-156,86,340.5274,0.17948967,280.20056,3.5240126,24.345703,4.7058744,62.126026,154.40495,827.84814,10352,0.74445963,1.2233158,0.34677419,1.3910629,4.4480743,0.63568628,0.8380881,2.5521126,711,2.5874484
3997725,152,-154,78,313.79297,0.24682508,269.25861,5.4600043,25.908361,3.9190445,41.755932,126.39558,767.82428,10136,0.80819184,1.0297996,0.3046875,1.3428384,4.4765096,0.63975006,0.83885121,2.5422535,711,2.6214032
3997726,152,-152,77,304.578,0.2881079,263.37762,7.0281749,27.566292,2.9857612,37.600792,115.25948,807.97455,11388,0.80382776,0.99408215,0.29056603,1.3573533,4.5094552,0.64445841,0.83973104,2.5309858,711,2.5988998
3997727,152,-150,79,314.29242,0.27638307,258.79391,8.1639938,29.291176,1.8714811,40.115551,119.54081,904.33142,13548,0.76371306,1.0011673,0.20256411,1.3922652,5.1489263,0.73584694,0.85596746,2.3408451,711,2.4254074
3997728,152,-148,80,325.19168,0.24049352,253.93881,9.4657755,31.055855,0.65051657,45.517723,130.35358,1037.4187,17240,0.71265823,0.97230023,0.14519057,1.2333292,6.204782,0.88674212,0.87989801,2.1126761,711,2.3919687
4063253,154,-170,79,319.2868,0.2695365,118.57632,8.342802,32.162247,0.99158615,38.173435,122.00752,979.38641,15136,0.78221357,1.0160167,0.22128852,1.3828899,4.9764242,0.71119422,0.85173559,2.3873239,711,2.4700482
4063254,154,-168,79,319.18213,0.26214129,122.81113,6.8957391,30.221754,1.9977578,39.239346,123.69624,909.92554,13344,0.79519635,1.0384845,0.23511904,1.3695221,4.8725424,0.69634819,0.84913671,2.4169014,711,2.5051763
4063255,154,-166,79,322.51523,0.23893513,129.10497,5.5961685,28.289551,2.8175652,41.482414,130.23869,835.84576,11280,0.81531972,1.02518,0.24921136,1.3523524,4.7822223,0.68344027,0.84684491,2.4436619,711,2.5415838
4063256,154,-164,82,332.03235,0.21929005,137.88454,4.4476871,26.367458,3.3313725,43.575703,137.93855,831.58856,10752,0.78861791,1.0788325,0.25786164,1.3741161,4.7962599,0.6854465,0.84720314,2.4394367,711,2.5190179
4063257,154,-162,92,379.0972,0.13295183,145.18381,4.6725359,42.458031,3.4133358,82.984138,189.29234,1005.2102,15184,0.67415196,1.2643477,0.15081967,1.1154841,6.8174934,0.9743064,0.89249498,2.012676,711,2.4212661
4063258,154,-160,105,435.79657,0.13141508,157.71918,5.8535757,47.868519,3.8784344,86.793556,204.13817,1331.2174,25556,0.57765567,1.3976083,0.16535433,1.0691867,7.1979117,1.0286729,0.89992368,1.959155,711,2.4210937
4063259,154,-158,109,447.27103,0.1183009,173.09254,7.0012612,54.177361,4.254869,98.011101,217.96979,1493.6707,33144,0.54875976,1.4296529,0.17031249,1.0621204,7.294312,1.0424498,0.90176272,1.9464788,711,2.4173856
4063260,154,-156,90,350.84293,0.22207846,248.71555,3.9355488,26.220245,2.9751246,46.169605,140.89905,901.64178,11680,0.71610487,1.2877802,0.35019454,1.3622038,4.5302939,0.6474365,0.84028518,2.5239437,711,2.5969844
4063261,154,-154,80,320.84113,0.25279468,243.42929,6.1551375,27.61389,2.0617554,40.377415,126.28913,830.93262,11384,0.78291142,1.0490323,0.3018868,1.3625958,4.5219355,0.64624196,0.84006315,2.5267606,711,2.5926158
4063262,154,-152,79,317.87088,0.27841836,242.62183,7.6386003,29.117542,1.2491838,36.827209,119.77919,884.74182,12980,0.77766961,1.0004001,0.25483871,1.3447847,4.7497845,0.67880458,0.84601432,2.453521,711,2.5561323
4063263,154,-150,80,319.67908,0.26328918,243.33885,9.1357327,30.709608,0.22609012,41.183369,123.52235,1006.4913,16224,0.73132914,0.99747992,0.18223235,1.3832947,5.4343433,0.77663666,0.86275399,2.2704225,711,2.3789842
4128790,156,-168,80,324.4668,0.24167879,136.60133,8.4992285,30.782259,0.20015214,40.335033,129.88853,1015.6921,16012,0.76582277,1.0521474,0.21333334,1.3924124,5.0743041,0.72518247,0.85414934,2.3605633,711,2.4409668
4128791,156,-166,82,327.63141,0.23868915,144.52988,7.4831452,28.887569,0.92279774,40.408031,131.33527,975.15985,14476,0.7630232,1.0920897,0.22589532,1.3932768,5.0223131,0.71775234,0.85287142,2.3746479,711,2.4519277
4128792,156,-164,86,344.72992,0.14724901,153.16582,7.5211182,43.376423,1.3499521,75.824051,171.52136,1046.2205,17160,0.71518469,1.0965693,0.14098361,1.0939611,6.7610726,0.96624315,0.89136887,2.0211267,711,2.4476299
4128793,156,-162,95,387.76556,0.13095815,159.24829,8.5883541,47.325127,1.4178435,85.727676,192.89603,1257.422,24756,0.63896978,1.1591892,0.14913657,1.0271159,7.1143365,1.016729,0.89831549,1.9704225,711,2.4688754
4128794,156,-160,111,456.10623,0.12604782,164.07048,8.8789454,52.654652,2.1028843,99.824791,213.24078,1559.2294,33664,0.54742014,1.476383,0.17236024,1.051931,7.3600268,1.0518413,0.90300673,1.9380282,711,2.4199362
4128795,156,-158,105,419.46329,0.10473274,183.46478,6.7695003,57.375652,3.0188928,103.98739,224.34204,1390.6853,29296,0.57106227,1.4402454,0.16380656,1.0449682,7.2618928,1.0378168,0.90114617,1.9507042,711,2.4365838
4128796,156,-156,94,363.73257,0.21936861,225.63451,5.1630111,28.12631,1.4265198,43.717529,144.34735,1016.7111,14004,0.67902082,1.3566293,0.35338345,1.3847386,4.5853863,0.65530992,0.8417415,2.5056338,711,2.5645282
4128797,156,-154,80,322.21097,0.26980585,224.71678,7.7874532,29.373117,0.23392186,38.808281,122.50375,915.2431,13480,0.77943039,1.0230311,0.25723472,1.3480704,4.7590075,0.68012261,0.84625089,2.4507043,711,2.5514424
4194330,158,-160,113,457.24326,0.11733338,167.64754,11.502789,56.982769,0.53479838,115.85728,221.29306,1789.063,43712,0.5267067,1.4727238,0.1751938,1.0540359,7.3933301,1.0566007,0.90363425,1.9338028,711,2.4145765
4194331,158,-158,100,392.27826,0.092030495,195.11447,6.2906604,60.546108,2.2073028,117.9972,231.4388,1221.4176,20200,0.62262625,1.4502792,0.16835018,1.1923484,6.7424731,0.96358502,0.89099616,2.0239437,711,2.360198
4194332,158,-156,91,352.27655,0.20252705,220.7962,7.1061406,30.065287,0.34591019,62.01535,147.84454,1068.5305,15948,0.66398048,1.3328162,0.29166666,1.3708777,4.8151059,0.6881398,0.84768283,2.4338028,711,2.5230348
4259867,160,-158,80,317.03619,0.13418056,190.72568,7.7346463,32.519009,1.7164365,87.561104,172.31161,958.25751,14760,0.63386077,1.2212995,0.23460411,1.3756456,4.9017777,0.7005263,0.84987205,2.4084506,711,2.4934735
4259868,160,-156,69,278.78772,0.2628997,228.00453,9.714263,32.031147,0.39440683,43.332779,115.43745,875.37054,14524,0.73827791,1.0393541,0.30666667,1.2370898,4.3301926,0.6188395,0.83488685,2.5943663,711,2.7538412
4325403,162,-158,49,202.14822,0.28889599,174.19589,6.9182305,26.273613,1.6003345,32.435581,93.771126,484.65363,5904,0.8605442,0.75675035,0.35507247,1.2924645,3.7793198,0.54011279,0.81903803,2.8267605,711,2.8436444
4325404,162,-156,51,214.01717,0.22501497,216.43086,9.2814617,34.022411,0.86588228,52.06052,109.32602,584.35309,9160,0.78588235,0.78640187,0.22767857,1.1981069,4.2587123,0.60862404,0.83291525,2.6211267,711,2.7988188
4390939,164,-158,43,176.4362,0.33084646,174.43193,8.3075066,26.871288,1.5537306,30.938578,81.862602,459.60107,6316,0.89258027,0.67387557,0.31159419,1.2841406,3.7619169,0.53762573,0.81851101,2.8352113,711,2.8526752
4390940,164,-156,41,163.51753,0.35841981,200.21835,7.7756634,21.445427,1.3373576,29.471579,75.716599,409.72281,5208,0.91585368,0.63129997,0.29927006,1.2774171,3.7532754,0.53639072,0.81824863,2.8394365,711,2.8603232
4456475,166,-158,41,163.00143,0.3356725,175.10696,9.9127092,28.180708,1.4956951,30.682308,78.116501,482.2915,7424,0.90121949,0.64535153,0.29710144,1.2808232,3.7561517,0.53680176,0.81833601,2.8380282,711,2.8562202
4456476,166,-156,38,150.82872,0.38033876,194.36897,9.1330929,23.148489,1.8280578,27.62471,70.593002,412.79315,5888,0.94594592,0.59213865,0.27737227,1.2719707,3.7446737,0.53516144,0.81798702,2.843662,711,2.8661003
4522011,168,-158,39,154.37617,0.3358987,175.76274,11.609007,29.725182,1.3858639,30.803841,75.996033,508.86008,8708,0.91228068,0.61878026,0.28260869,1.2772229,3.7504039,0.53598034,0.81816137,2.8408451,711,2.860044
4522012,168,-156,37,143.43259,0.38573775,190.95009,10.756781,24.990925,2.3279588,27.144165,68.356964,447.06012,7096,0.95495498,0.57826948,0.270073,1.2700084,3.7418151,0.53475291,0.8179,2.8450704,711,2.8681707
4522013,168,-154,29,132.3412,0.39740345,206.38559,10.816895,23.45278,0.39144164,25.914019,64.689926,326.78958,4856,0.94088668,0.47572622,0.21481481,1.2450696,3.7134681,0.53070176,0.81703442,2.8591549,711,2.8953059
4587547,170,-158,38,148.37105,0.33480969,176.30249,13.370051,31.414351,0.4863981,30.969454,74.624344,555.45026,10380,0.92318636,0.60421658,0.27536231,1.275314,3.7475364,0.53557056,0.81807417,2.8422534,711,2.8620632
4587548,170,-156,36,138.44693,0.3867099,188.74741,12.49772,26.890989,0.53345662,26.992826,67.073959,492.46628,8636,0.96031743,0.5666492,0.26277372,1.2679706,3.738961,0.53434497,0.8178131,2.8464789,711,2.8703158
4587549,170,-154,31,129.59315,0.40700817,201.27632,12.438655,24.403685,0.58051515,25.300871,63.254932,408.3996,6896,0.95698923,0.50441396,0.22794117,1.2533731,3.7219269,0.5319106,0.81729323,2.8549297,711,2.8861201
