Ref,x,y,Connectivity,Isovist Area,Isovist Compactness,Isovist Drift Angle,Isovist Drift Magnitude,Isovist Max Radial,Isovist Min Radial,Isovist Occlusivity,Isovist Perimeter,Point First Moment,Point Second Moment,Visual Clustering Coefficient,Visual Control,Visual Controllability,Visual Entropy,Visual Integration [HH],Visual Integration [P-value],Visual Integration [Tekl],Visual Mean Depth,Visual Node Count,Visual Relativised Entropy
1048627,-10000,80000,110,4.5247795e+08,0.46931058,8.740284,12691.264,33226.094,1051.1429,27772.932,110071.14,1564382.5,2.6748e+10,0.93461215,0.84721482,0.49773756,2.1371248,3.0940614,0.38848308,0.80106306,3.5552447,1431,2.541883
1048628,-10000,82000,120,4.9185091e+08,0.31640995,356.81979,13633.248,45172.34,1051.1429,42504.168,139764.42,1851091.8,3.6659999e+10,0.86862743,0.94171983,0.28776979,1.9210002,3.9879012,0.50071156,0.8266353,2.9825175,1431,2.383744
1048629,-10000,84000,126,5.1001152e+08,0.23238203,346.65213,14384.253,49480.391,1051.1429,57817.477,166070.94,2066057.8,4.4631998e+10,0.82412696,1.0073824,0.25454545,1.9571986,4.1156535,0.51675183,0.82992715,2.920979,1431,2.3214047
1048630,-10000,86000,127,5.2053258e+08,0.23736939,338.00238,15226.233,50021.879,1051.1429,67288.398,166003.23,2157857.8,4.8215998e+10,0.82789654,1.0053619,0.25604838,1.95848,4.1186523,0.51712829,0.8300035,2.9195805,1431,2.3197787
1048631,-10000,88000,128,5.2320886e+08,0.24069425,330.31113,16100.509,50710.82,1051.1429,66780.984,165275.94,2253744.8,5.0475999e+10,0.83673722,1.0193973,0.2644628,1.9567195,4.1022134,0.5150643,0.82958448,2.9272728,1431,2.325309
1048632,-10000,90000,129,5.1959654e+08,0.24118216,323.86011,17057.076,51539.07,996.75513,62237.863,164537.72,2444491.5,5.8480001e+10,0.83078974,0.99004352,0.24571429,1.9645571,4.1656966,0.52303505,0.83119583,2.897902,1431,2.3043184
1114162,-8000,78000,108,4.3832787e+08,0.48406041,21.968109,10921.504,30572.316,321.51691,27045.891,106673.05,1414637.2,2.2324001e+10,0.93734854,0.83593225,0.48868778,2.1370881,3.0923688,0.38827056,0.8010096,3.5566432,1431,2.5415766
1114163,-8000,80000,113,4.7209635e+08,0.33791173,6.9750242,10691.035,31437.926,2092.8447,42459.746,132500.84,1447942.2,2.2740001e+10,0.93094182,0.86676258,0.51131225,2.1370423,3.0966036,0.38880229,0.80114329,3.5531468,1431,2.5424786
1114164,-8000,82000,126,5.1221446e+08,0.23401466,352.83118,11916.513,47119.523,3051.1428,46441.637,165847.66,1809157,3.4363998e+10,0.83276188,1.0124874,0.28378379,1.9404789,4.0348682,0.50660855,0.82785457,2.9594405,1431,2.3561053
1114165,-8000,84000,129,5.2583392e+08,0.23930475,342.07797,12678.258,47539.172,3051.1428,56233.094,166170.36,1957068.6,4.0580002e+10,0.81843507,1.0240871,0.26219511,2.1234334,3.882452,0.48747155,0.82385814,3.0363636,1431,2.2575402
1114166,-8000,86000,132,5.3003101e+08,0.24212264,333.448,13571.902,48124.508,3051.1428,61691.836,165858.55,2109358.2,4.566e+10,0.81355542,1.0425587,0.26612905,1.9637142,4.1261678,0.51807195,0.83019465,2.9160838,1431,2.3144042
1114167,-8000,88000,130,5.261511e+08,0.24304453,325.68292,14447.993,48866.781,3031.3552,61611.793,164936.69,2144429.5,4.6804001e+10,0.82850325,1.0034591,0.24761905,1.9656808,4.167232,0.52322787,0.83123457,2.8972027,1431,2.3031595
1114168,-8000,90000,129,5.215217e+08,0.2388027,318.89539,15531.254,49756.336,1031.6599,62712.133,165661.47,2270943,5.1888001e+10,0.8352713,0.97709769,0.24760076,2.1219175,3.9215055,0.49237502,0.82489318,3.016084,1431,2.2508938
1179698,-6000,78000,115,4.6522326e+08,0.35100842,20.627573,8800.5283,28523.068,1329.4396,41014.379,129055.61,1373509.8,1.9732001e+10,0.92265445,0.87953281,0.4527559,2.1818664,3.1274412,0.39267418,0.80211222,3.527972,1431,2.4935784
1179699,-6000,80000,120,4.9529261e+08,0.35308096,2.43629,8794.5684,29759.676,3021.4985,40099.453,132769.62,1454528.1,2.224e+10,0.89243698,0.93591905,0.46875,2.1850564,3.1335089,0.39343601,0.80230206,3.523077,1431,2.4909477
1179700,-6000,82000,131,5.2733123e+08,0.24043745,348.47253,10111.916,45150.297,4792.8262,40377.43,166014.34,1768405,3.2432001e+10,0.82254845,1.0390788,0.28665209,1.9506847,4.0609555,0.50988406,0.82852721,2.9468532,1431,2.3418405
1179701,-6000,84000,131,5.3275466e+08,0.24232398,337.66003,10912.5,45608.32,5051.1431,50886.246,166215.06,1824898.2,3.5468001e+10,0.82290077,1.0250851,0.26626018,2.1254942,3.8851204,0.48780659,0.82392907,3.034965,1431,2.2555032
1179702,-6000,86000,131,5.3403558e+08,0.2378336,328.20743,11884.964,46244.375,5051.1431,62537.074,167978.39,1892109.1,3.7463998e+10,0.8288902,1.0246942,0.2701031,1.9600307,4.1081758,0.51581293,0.82973659,2.9244754,1431,2.3216064
1179703,-6000,88000,131,5.2983379e+08,0.23209745,319.70758,12938.424,47047.902,3066.26,64037.445,169371.2,2027231.9,4.2631999e+10,0.82701117,0.99978286,0.2495238,1.9667944,4.1687684,0.52342081,0.83127338,2.8965034,1431,2.3020108
1179704,-6000,90000,129,5.2546336e+08,0.22566174,312.57202,14225.678,48007.379,1066.5647,65774.406,171059.5,2107217,4.5060002e+10,0.84568799,0.97545099,0.24807692,2.1220469,3.9201458,0.49220431,0.82485729,3.0167832,1431,2.251049
1245233,-4000,76000,114,4.637425e+08,0.3951132,38.108486,7547.8638,25586.141,1033.7885,36660.84,121445.83,1302834.8,1.7564e+10,0.92501163,0.86253369,0.45418328,2.1780293,3.1239846,0.39224017,0.80200398,3.5307693,1431,2.4976306
1245234,-4000,78000,121,4.878784e+08,0.36694714,18.469261,6699.0884,26831.338,2588.0803,34087.023,129258.46,1366718,1.8836001e+10,0.90303028,0.91802883,0.48015872,2.1801555,3.1309056,0.39310917,0.80222064,3.5251749,1431,2.4965224
1245235,-4000,80000,123,5.0630144e+08,0.35510176,359.77182,6839.1362,28256.693,4142.3721,34919.754,133854.53,1383256.2,1.9760001e+10,0.8859123,0.95552051,0.47859922,2.1865852,3.1369867,0.39387271,0.80241072,3.5202796,1431,2.4897759
1245236,-4000,82000,132,5.3552554e+08,0.23247215,343.88171,8296.2461,43187.387,5738.4844,42039.539,170141.23,1643978.6,2.8132e+10,0.82535279,1.0318085,0.28884026,1.951596,4.0624146,0.51006728,0.82856476,2.9461539,1431,2.3409111
1245237,-4000,84000,134,5.4138976e+08,0.22645853,331.11472,9281.3965,43690.562,7051.1431,54489.113,173326.75,1768094.6,3.312e+10,0.81158119,1.0435386,0.27235773,2.1285069,3.8891299,0.48831001,0.82403564,3.0328672,1431,2.2525246
1245238,-4000,86000,133,5.4072352e+08,0.22156075,320.66727,10420.84,44385.805,5100.8604,61805.949,175124.2,1815330,3.4575999e+10,0.825131,1.0372238,0.27479339,1.9617323,4.1096692,0.51600045,0.82977468,2.9237761,1431,2.3201694
1245239,-4000,88000,132,5.3440205e+08,0.21654613,311.94418,11668.097,45260.254,3101.165,63231.523,176101.8,1946970.2,4.0115999e+10,0.82280821,0.99704164,0.25335893,2.1252272,3.9255903,0.49288791,0.825001,3.0139861,1431,2.2475994
1245240,-4000,90000,131,5.2284192e+08,0.20903225,304.13376,12926.485,46300.027,1101.4695,64946.062,177289.69,2064197.5,4.3535999e+10,0.83640635,0.98799998,0.250478,1.9666456,4.1656966,0.52303505,0.83119583,2.897902,1431,2.3028104
1310768,-2000,74000,118,4.7078595e+08,0.44594634,57.27219,7176.0991,24018.613,994.33545,32437.068,115179.55,1375068.9,1.8788e+10,0.91148776,0.88952547,0.46825397,2.1798661,3.1283066,0.39278284,0.80213934,3.5272727,1431,2.4963229
1310769,-2000,76000,119,4.8127501e+08,0.40119687,43.898895,5536.9624,23885.342,2295.4795,30984.645,122778.64,1299509.2,1.6967999e+10,0.91610879,0.88638389,0.47222221,2.1799786,3.1291726,0.39289156,0.8021664,3.5265734,1431,2.4963734
1310770,-2000,78000,123,4.9804589e+08,0.33356094,20.402561,4634.7891,28269.189,3846.7212,37743.008,136978.38,1310497.1,1.7148e+10,0.9004398,0.91792721,0.48809522,2.1802683,3.1326406,0.39332703,0.80227488,3.5237763,1431,2.4967349
1310771,-2000,80000,127,5.1819549e+08,0.29588348,354.17297,4932.2837,31805.5,5401.0132,37694.113,148351.31,1382941,1.9484e+10,0.87064117,0.97672874,0.49224806,2.1880388,3.1413448,0.39441988,0.80254674,3.5167832,1431,2.4888363
1310772,-2000,82000,137,5.458905e+08,0.21229568,335.74945,6633.5156,41232.684,6955.3052,42339.324,179757.53,1689391.9,2.96e+10,0.79798198,1.0648775,0.27620968,1.9686879,4.1337113,0.51901907,0.83038628,2.9125874,1431,2.3092844
1310773,-2000,84000,136,5.4953747e+08,0.20751379,321.77283,7855.9639,41789.582,7135.4604,55737.656,182423.22,1724996.4,3.1623999e+10,0.80577344,1.0498104,0.27419356,1.9677137,4.1322002,0.51882941,0.83034796,2.9132867,1431,2.3102884
1310774,-2000,86000,137,5.4662918e+08,0.20200714,310.69324,9229.5107,42554.598,5135.7651,66764.125,184403,1853416.4,3.6108001e+10,0.79894805,1.0576204,0.26095238,1.9732616,4.1780119,0.52458137,0.83150631,2.8923078,1431,2.2953267
1310775,-2000,88000,135,5.4011072e+08,0.19550112,302.06866,10780.704,45481.273,3136.0698,68808.641,186325.23,1970120.1,4.1375998e+10,0.8103925,1.0129248,0.2591171,2.1284447,3.9296837,0.49340189,0.82510895,3.011888,1431,2.2443948
1310776,-2000,90000,129,5.1818816e+08,0.26327336,292.47018,12031.475,48931.273,1136.3744,40369.906,157269.75,1939978.8,4.0064e+10,0.86833817,0.96195543,0.51190478,2.1802199,3.1378574,0.39398202,0.8024379,3.5195804,1431,2.4977536
1376302,0,70000,111,4.5301917e+08,0.45819235,77.746681,10097.261,25887.686,185.42673,44342.406,111465.2,1465307.4,2.2948e+10,0.92874694,0.81948507,0.44047618,2.1786244,3.1222591,0.39202353,0.80194992,3.5321679,1431,2.4964159
1376303,0,72000,120,4.8030301e+08,0.40925744,75.615646,7599.7305,24258.439,1257.2373,31341.527,121440.71,1467504.8,2.1212e+10,0.9130252,0.88109231,0.47619048,2.1800752,3.1300387,0.39300033,0.80219352,3.5258741,1431,2.4964399
1376304,0,74000,121,4.8632861e+08,0.37525082,70.14711,5569.7168,27065.1,2533.8774,29112.662,127617.14,1378623,1.8844e+10,0.91377413,0.87594181,0.48015872,2.1801555,3.1309056,0.39310917,0.80222064,3.5251749,1431,2.4965224
1376305,0,76000,123,4.9361277e+08,0.33404985,56.964928,3669.5945,31528.273,3810.5178,33365.652,136267.56,1341681,1.8127999e+10,0.89897376,0.89881402,0.48809522,2.1802683,3.1326406,0.39332703,0.80227488,3.5237763,1431,2.4967349
1376306,0,78000,127,5.086113e+08,0.27597985,21.109804,2503.2263,36019.789,5122.1162,41158.387,152180.58,1367475.5,1.91e+10,0.87801522,0.94064176,0.50396824,2.1803002,3.1361165,0.39376342,0.80238354,3.5209789,1431,2.4973505
1376307,0,80000,133,5.3590294e+08,0.21437487,336.80676,3344.9004,40530.223,6659.6538,52275.059,177239.72,1492984.9,2.2991999e+10,0.83948505,1.0218076,0.51550388,2.1878974,3.1465907,0.39507854,0.80271035,3.5125873,1431,2.4899361
1376308,0,82000,141,5.6311277e+08,0.17774998,318.41501,5499.9199,45053.891,8213.9453,63148.793,199525.25,1758937.6,3.2388e+10,0.77963525,1.0899998,0.28427419,1.9724832,4.1397657,0.51977926,0.83053988,2.9097903,1431,2.3053679
1376309,0,84000,143,5.7119731e+08,0.14536777,304.75549,7456.4844,58348.82,7170.3652,86046.055,222210.17,1908037,3.8676001e+10,0.77120066,1.1039988,0.28830644,1.9743207,4.1427999,0.5201602,0.83061677,2.9083917,1431,2.3034685
1376310,0,86000,142,5.698025e+08,0.14619729,294.89731,9517.7578,60323.949,5170.6699,95690.664,221308.17,2044971.2,4.5924e+10,0.77604634,1.0707285,0.26345083,1.979256,4.2075548,0.52829075,0.83224833,2.8790209,1431,2.2845242
1376311,0,88000,141,5.6285178e+08,0.1454888,287.91153,11614.836,62301.258,3170.9746,96440.688,220489.12,2196243.5,5.3071999e+10,0.78611958,1.0579544,0.26305971,2.1324666,3.9585786,0.49702984,0.82586861,2.9972029,1431,2.2360516
1376312,0,90000,137,5.457223e+08,0.20009132,281.21307,13597.078,64280.477,1171.2792,64246.586,185129.94,2295233,5.9036e+10,0.82277799,1.0185425,0.45973155,2.2289248,3.1991229,0.40167436,0.80433702,3.4713287,1431,2.4386072
1441836,2000,66000,112,4.4193158e+08,0.32218081,85.794983,12152.085,28345.205,237.81746,59627.418,131290.3,1706202.5,3.1320001e+10,0.86180824,0.87128317,0.44268775,2.1800508,3.1239846,0.39224017,0.80200398,3.5307693,1431,2.4950283
1441837,2000,68000,123,4.8654246e+08,0.29030007,89.3144,9871.6943,30174.887,996.62878,54102.617,145124.84,1782297.8,3.0863999e+10,0.87018526,0.90436703,0.48809522,2.1802683,3.1326406,0.39332703,0.80227488,3.5237763,1431,2.4967349
1441838,2000,70000,130,5.1712406e+08,0.22776099,89.292191,6438.876,44203.074,1945.8295,67680.773,168912.83,1841321.8,3.2263999e+10,0.85211688,0.93973833,0.4362416,2.2274928,3.1927986,0.40088031,0.8041423,3.4762237,1431,2.4390035
1441839,2000,72000,134,5.3029597e+08,0.21677035,88.025757,3757.9849,49404.699,2895.0303,64217.863,175333.2,1887742,3.5624002e+10,0.82998544,0.9704808,0.41104296,2.2513461,3.2255921,0.40499777,0.80514908,3.4510489,1431,2.4101818
1441840,2000,74000,137,5.3917562e+08,0.098819166,81.079414,1255.3593,56415.504,4073.4197,140129.5,261848.12,1920277.2,3.9611998e+10,0.82052386,0.99331254,0.42024541,2.2523613,3.2283554,0.40534472,0.80523354,3.448951,1431,2.4095895
1441841,2000,76000,141,5.4953088e+08,0.17559671,282.76273,1351.3198,63431.844,5350.0596,69912.18,198309.16,2026529.9,4.7208002e+10,0.79989868,1.0340806,0.43251532,2.2535367,3.2320468,0.40580824,0.80534631,3.4461539,1431,2.4089751
1441842,2000,78000,145,5.7004742e+08,0.1315053,278.26297,4183.0249,77392.836,6621.4863,98144.188,233393.53,2160702.5,5.7128002e+10,0.78342915,1.0735735,0.44478527,2.2545099,3.2357471,0.4062728,0.80545926,3.4433568,1431,2.4085598
1441843,2000,80000,156,6.1738259e+08,0.093288429,283.7991,7180.4487,91370.578,6934.3555,131621.72,288382.06,2515266,7.4627998e+10,0.72431761,1.2034863,0.32164949,1.9817984,4.1397657,0.51977926,0.83053988,2.9097903,1431,2.3013067
1441844,2000,82000,162,6.4240083e+08,0.091186099,283.16348,10234.013,93367.328,7469.021,135057.45,297538.84,2838833.2,9.4244004e+10,0.6951921,1.247471,0.24324325,2.114651,4.3466744,0.54575825,0.83569103,2.818881,1431,2.1519141
1441845,2000,84000,165,6.5281242e+08,0.088041,280.52188,13161.537,99149.57,7205.27,143344.58,305250.69,3197807.5,1.21496e+11,0.6895048,1.2675861,0.24812031,1.946666,4.6449056,0.58320343,0.8428033,2.7020979,1431,2.2058568
1441846,2000,86000,166,6.5063859e+08,0.08848203,277.57602,16080.883,101146.91,5205.5747,153390.47,303981.59,3558065.8,1.4889601e+11,0.6855787,1.2463961,0.23919308,2.1014328,4.4008174,0.55255634,0.83700871,2.7965035,1431,2.1548667
1441847,2000,88000,161,6.3040077e+08,0.10744246,273.35388,18973.168,103144.36,3205.8794,123686.66,271534.69,3742596.8,1.7204399e+11,0.72236025,1.207845,0.31021196,2.1399496,4.1096692,0.51600045,0.82977468,2.9237761,1431,2.1769533
1441848,2000,90000,163,6.2998746e+08,0.11307575,272.5275,21704.648,105141.91,1206.184,120471.66,264597.75,4206030.5,2.0766001e+11,0.71794289,1.2207791,0.31406552,2.1415381,4.1126595,0.51637584,0.82985091,2.9223776,1431,2.1753123
1507332,4000,-14000,121,4.4653549e+08,0.075837582,85.872513,43685.578,105340.65,735.80463,102066.44,272013.62,5785285.5,3.9121201e+11,0.77438015,1.2704598,0.17460318,2.0410941,4.3234034,0.54283643,0.83512098,2.8286712,1431,2.2184896
1507333,4000,-12000,112,4.0089981e+08,0.07989797,88.355812,46680.637,103342.61,735.80463,103481.28,251104.78,5405566,3.65916e+11,0.89333975,0.97396094,0.20664206,2.0890069,4.0741262,0.51153773,0.82886559,2.9405594,1431,2.2207437
1507334,4000,-10000,109,3.9029981e+08,0.092010915,88.635803,46252.566,101344.69,735.80463,93246.148,230879,5180566,3.4471199e+11,0.94121647,0.80997247,0.20147875,2.0849361,4.0682621,0.51080143,0.82871503,2.9433568,1431,2.2251835
1507335,4000,-8000,109,3.920199e+08,0.093570471,88.564095,44338.695,99346.914,735.80463,92762.57,229450.8,4988589,3.246e+11,0.94121647,0.80997247,0.20147875,2.0849361,4.0682621,0.51080143,0.82871503,2.9433568,1431,2.2251835
1507336,4000,-6000,110,3.9612579e+08,0.094148204,88.439163,42222.008,97349.297,735.80463,92888.219,229940.5,4823672,3.0569601e+11,0.92977482,0.79613674,0.19366197,1.8328327,4.6506376,0.58392316,0.84293664,2.7,1431,2.2726107
1507337,4000,-4000,111,3.9965539e+08,0.094232716,88.309509,40127.676,95351.844,735.80463,92319.797,230859.05,4655861,2.8739201e+11,0.91646194,0.80186838,0.19542253,1.8342639,4.6525517,0.58416343,0.84298116,2.6993008,1431,2.2710731
1507338,4000,-2000,113,4.0432909e+08,0.093747258,88.135849,37955.477,93354.586,735.80463,92119.242,232805.44,4501166,2.69992e+11,0.89048672,0.84391922,0.19859402,1.8374525,4.6583023,0.58488554,0.84311473,2.6972027,1431,2.2672734
1507339,4000,0,116,4.1257203e+08,0.091946751,87.824539,35560.504,91357.531,735.80463,93714.875,237457.91,4366018,2.5359199e+11,0.85307348,0.86251938,0.20315236,1.8410354,4.6698475,0.58633506,0.8433826,2.693007,1431,2.261946
1507340,4000,2000,123,4.4895302e+08,0.067241415,85.311165,31889.562,89360.719,735.80463,137006.31,289658.97,4359581,2.41664e+11,0.76889247,0.88772243,0.14590748,1.624972,5.6219296,0.70587629,0.86395586,2.4062936,1431,2.2576158
1507341,4000,4000,203,7.6255795e+08,0.071138822,52.957035,26453.863,87364.164,735.80463,157168.25,367018.56,7167325,3.5381998e+11,0.51016927,1.1617292,0.22505543,1.6806153,6.1211152,0.7685529,0.87372756,2.2916083,1431,2.1314704
1507342,4000,6000,217,7.9795738e+08,0.066120565,45.708767,25817.766,85833.719,735.80463,168772.97,389427.41,7810780.5,3.8862399e+11,0.49837857,1.2136043,0.23561347,1.6882102,6.23247,0.7825343,0.8758269,2.2685316,1431,2.109225
1507343,4000,8000,249,9.652679e+08,0.048892774,26.629416,30214.227,93321.844,735.80463,270610.5,498088.53,10069454,5.5275199e+11,0.45054412,1.3464921,0.26377118,1.7111725,6.4273453,0.80700237,0.8794356,2.2300699,1431,2.0636065
1507344,4000,10000,189,7.4816218e+08,0.059074033,29.026001,26263.975,89240.914,735.80463,229068.8,398937.16,7657003.5,4.3634e+11,0.48103118,1.15889,0.21477273,1.8195112,5.2292786,0.65657592,0.85580981,2.511888,1431,2.2150111
1507345,4000,12000,117,4.2833398e+08,0.092346139,86.373825,23696.857,79381.32,735.80463,96161.094,241427.55,3614103,1.72596e+11,0.8408488,0.88871866,0.21157324,2.0950298,4.097753,0.51450425,0.82947057,2.9293706,1431,2.2111742
1507346,4000,14000,115,4.1829187e+08,0.095989428,86.719414,22668.684,77386.703,735.80463,94200.664,234009.2,3510831.5,1.6214e+11,0.86620903,0.88272321,0.21062271,2.0928473,4.0844293,0.51283133,0.82912976,2.9356644,1431,2.215595
1507347,4000,16000,111,4.098799e+08,0.097434103,86.892929,21635.742,75392.656,735.80463,92956.898,229920.53,3386843.5,1.52056e+11,0.91678953,0.84879887,0.20366973,2.0874953,4.0770645,0.51190668,0.82894099,2.9391608,1431,2.2213438
1507348,4000,18000,111,4.079064e+08,0.098082423,86.747597,20125.625,73399.281,735.80463,91591.164,228607.03,3310313.2,1.43296e+11,0.91564292,0.88662738,0.20366973,2.0874953,4.0770645,0.51190668,0.82894099,2.9391608,1431,2.2213438
1507349,4000,20000,111,4.0828838e+08,0.098533832,86.47834,18467.281,71406.68,735.80463,90506.531,228189.56,3234344.2,1.3524e+11,0.91564292,0.88662738,0.20366973,2.0874953,4.0770645,0.51190668,0.82894099,2.9391608,1431,2.2213438
1507350,4000,22000,111,4.0981955e+08,0.098319046,86.113541,16758.512,69415,735.80463,91222.641,228866.61,3158936.8,1.27888e+11,0.91498774,0.92088664,0.20366973,2.0874953,4.0770645,0.51190668,0.82894099,2.9391608,1431,2.2213438
1507351,4000,24000,111,4.1357293e+08,0.09629754,85.585365,15020.295,67424.406,735.80463,94362,232312.94,3080793.2,1.21144e+11,0.91515154,0.90815514,0.20366973,2.0874953,4.0770645,0.51190668,0.82894099,2.9391608,1431,2.2213438
1507352,4000,26000,134,5.1207882e+08,0.076809675,67.55542,12357.162,65435.129,735.80463,138486.14,289444.56,3521370.8,1.27708e+11,0.66502076,1.0648909,0.18508287,1.8785282,4.6989613,0.5899905,0.84405583,2.6825175,1431,2.2538137
1507353,4000,28000,140,5.378192e+08,0.079540655,59.046776,10540.539,63447.441,735.80463,123670.45,291493.25,3650752,1.29896e+11,0.62744093,1.0705689,0.19337016,1.8873261,4.7107086,0.59146547,0.84432662,2.6783216,1431,2.244334
1507354,4000,30000,130,4.9614304e+08,0.072892301,64.602615,8840.7783,61461.703,735.80463,136740.64,292460.72,3395110.2,1.2234e+11,0.69874775,1.0442297,0.17980637,1.8731242,4.6892161,0.58876699,0.84383082,2.6860139,1431,2.2600689
1507355,4000,32000,122,4.5720848e+08,0.066954464,74.979912,8237.6963,59478.391,735.80463,142082.06,292935.69,3136673.2,1.12632e+11,0.77645308,1.0122882,0.16991644,1.8638023,4.6640677,0.58560938,0.84324855,2.6951048,1431,2.2722697
1507356,4000,34000,146,5.5303802e+08,0.080964386,43.969547,7846.5386,57498.141,735.80463,127685.05,292978.28,3696822.2,1.26092e+11,0.6029287,1.1110632,0.20277777,1.8982437,4.7146373,0.59195882,0.84441704,2.676923,1431,2.2343481
1507357,4000,36000,149,5.5359245e+08,0.081825398,33.019882,6643.062,55521.82,735.80463,127413.92,291578.78,3786400.5,1.28124e+11,0.5908761,1.1238091,0.20694445,1.902343,4.7205429,0.5927003,0.84455287,2.6748252,1431,2.2299025
1507358,4000,38000,115,4.3313997e+08,0.097884201,72.159615,3869.7183,53550.641,735.80463,98356.156,235810.3,3097901.5,1.114e+11,0.88176966,0.91337353,0.21139705,2.0929437,4.08148,0.51246107,0.82905418,2.937063,1431,2.2161224
1507359,4000,40000,115,4.3312186e+08,0.10244434,64.134041,2622.4946,55105.91,735.80463,96273.703,230497.39,3141757.8,1.13464e+11,0.89321131,0.89867526,0.21139705,2.0929437,4.08148,0.51246107,0.82905418,2.937063,1431,2.2161224
1507360,4000,42000,117,4.3830026e+08,0.1043397,42.904869,1561.5969,57102.676,735.80463,96565.672,229755.55,3268498.5,1.1924e+11,0.88947833,0.90248537,0.21626617,2.0956674,4.0800071,0.51227617,0.82901645,2.9377623,1431,2.2142909
1507361,4000,44000,118,4.457785e+08,0.10568866,354.26416,1155.9645,59099.684,735.80463,98125.438,230223.84,3337910,1.22584e+11,0.88961321,0.87361479,0.2181146,2.0969584,4.08148,0.51246107,0.82905418,2.937063,1431,2.2129784
1507362,4000,46000,122,4.5603219e+08,0.1073404,315.92267,1616.3522,61096.906,735.80463,99770.141,231058.03,3464735.5,1.27564e+11,0.8607235,0.91589296,0.22467771,2.1019802,4.0903401,0.51357353,0.82928103,2.9328671,1431,2.2072434
1507363,4000,48000,126,4.6983866e+08,0.10956315,302.09283,2207.7439,63094.324,735.80463,100579.16,232138.44,3623692.2,1.3488e+11,0.84279364,0.91438621,0.23204421,2.1068842,4.0962682,0.51431781,0.82943261,2.9300699,1431,2.2022462
1507364,4000,50000,129,4.8243869e+08,0.11124182,291.42819,3060.1851,65091.914,735.80463,84204.852,233448.95,3701024,1.3899601e+11,0.82739824,0.93837833,0.23756906,2.1104527,4.1007257,0.5148775,0.82954651,2.9279721,1431,2.1986053
1507365,4000,52000,133,4.961647e+08,0.11205953,285.28671,4080.939,67089.664,735.80463,80485.016,235881.28,3805341.8,1.4481999e+11,0.80439734,0.97402853,0.24493554,2.115067,4.1066837,0.5156256,0.82969856,2.9251747,1431,2.193891
1507366,4000,54000,138,5.2125603e+08,0.11047335,283.3725,4920.9131,69087.555,735.80463,83424.031,243501.55,3898785.5,1.50336e+11,0.76578861,1.0585097,0.25367647,2.1206238,4.1156535,0.51675183,0.82992715,2.920979,1431,2.1878865
1507367,4000,56000,162,6.1003059e+08,0.10390679,297.10135,5343.812,71085.57,735.80463,85032.633,271618.16,4277459,1.61372e+11,0.61245304,1.3785933,0.24035609,2.1099732,4.360085,0.54744202,0.83601856,2.8132868,1431,2.1537592
1507368,4000,58000,173,6.4882624e+08,0.093537189,293.70291,5550.1826,73083.703,735.80463,106154.94,295241.22,4548892.5,1.72992e+11,0.58670521,1.4614947,0.24573864,1.9568745,4.6164556,0.57963133,0.84213978,2.7125874,1431,2.2194903
1507369,4000,60000,186,6.9658976e+08,0.097173564,291.39645,5873.1509,75081.945,928.38354,103330.42,300136.91,4885985,1.8698001e+11,0.55443186,1.5464724,0.2638298,2.1154158,4.4545708,0.55930543,0.838305,2.7748251,1431,2.1353726
1507370,4000,62000,201,7.5321421e+08,0.10038863,287.56757,6012.167,77080.289,1125.8652,109889.71,307059.06,5248010,2.0187999e+11,0.5318408,1.6528925,0.28470254,1.9843732,4.6737084,0.58681983,0.84347206,2.6916084,1431,2.1882455
1507371,4000,64000,182,6.8954048e+08,0.12654154,263.04742,6628.3638,79078.719,1565.6836,76950.078,261678.62,4909234,2.0076e+11,0.65363365,1.4391826,0.33517495,2.1593559,4.1811023,0.5249694,0.8315841,2.8909092,1431,2.1480627
1507372,4000,66000,182,6.8998336e+08,0.13518117,260.90704,7945.7173,81077.234,2150.427,66044.398,253259.73,4948488,2.09152e+11,0.67779732,1.3580297,0.33579335,2.1592195,4.1795564,0.52477533,0.83154523,2.8916085,1431,2.1485264
1507373,4000,68000,183,6.9669952e+08,0.13717671,261.77042,9477.1094,83075.828,2761.8059,64529.066,252631.5,4960557,2.1744401e+11,0.67999762,1.3571067,0.33763838,2.1599009,4.1811023,0.5249694,0.8315841,2.8909092,1431,2.1478081
1507374,4000,70000,185,7.0191232e+08,0.13851149,263.1568,11130.062,85074.492,3394.634,57146.852,252350.09,5005847.5,2.27528e+11,0.67920095,1.3730917,0.34132841,2.1612382,4.1841969,0.52535796,0.831662,2.8895104,1431,2.1463954
1507375,4000,72000,185,7.0621901e+08,0.13953345,264.26999,12876.061,87073.219,3707.5029,49922.82,252194.44,5019558,2.37936e+11,0.68143362,1.3710552,0.34132841,2.1612382,4.1841969,0.52535796,0.831662,2.8895104,1431,2.1463954
1507376,4000,74000,185,7.0928762e+08,0.14023031,265.17245,14695.995,89072.008,4020.3718,48066.363,252112.97,5053993.5,2.4978399e+11,0.68143362,1.3710552,0.34132841,2.1612382,4.1841969,0.52535796,0.831662,2.8895104,1431,2.1463954
1507377,4000,76000,187,7.1223155e+08,0.1394916,265.86569,16544.602,91070.852,4333.2407,47658.176,253303.69,5131177,2.6327201e+11,0.67684436,1.3901608,0.34501845,2.1625423,4.1872964,0.52574712,0.8317399,2.8881118,1431,2.145015
1507378,4000,78000,189,7.2151789e+08,0.13107857,266.71786,18214.588,93069.758,4646.1099,52712.484,263004.19,5236706.5,2.78248e+11,0.66998762,1.4153469,0.34870848,2.1638136,4.1904006,0.52613682,0.83181792,2.8867133,1431,2.1436667
1507379,4000,80000,201,7.703975e+08,0.102866,270.4191,18977.193,95068.703,4961.0732,62699.727,306779.56,5569655.5,2.98892e+11,0.62203979,1.5647807,0.30875576,1.9844648,4.6872721,0.58852291,0.84378588,2.6867132,1431,2.1697369
1507380,4000,82000,203,7.760208e+08,0.10329023,271.05234,20860.65,97067.695,5681.9692,73855.977,307264.22,5787606.5,3.18804e+11,0.61342245,1.5779754,0.29765397,2.146579,4.4440646,0.55798632,0.83805251,2.779021,1431,2.1113527
1507381,4000,84000,203,7.7350656e+08,0.10316258,270.87396,22900.244,99066.734,6925.1206,84602.141,306955.78,5979416.5,3.3818401e+11,0.61283714,1.5768163,0.28591549,1.9686044,4.8088899,0.60379297,0.84657025,2.6440558,1431,2.1611943
1507382,4000,86000,199,7.5968211e+08,0.10236027,270.0809,25203.682,101065.81,5240.4795,85480.383,305390.25,6137301.5,3.5764801e+11,0.62611037,1.5200781,0.28226951,2.1282351,4.4775052,0.56218505,0.83885449,2.7657342,1431,2.1215086
1507383,4000,88000,192,7.3087462e+08,0.12778769,268.2366,27771.672,103064.93,3240.7842,52789.195,268090.75,6231562.5,3.7562401e+11,0.66023123,1.4525065,0.35424355,2.165659,4.195065,0.52672249,0.83193511,2.8846154,1431,2.1417036
1507384,4000,90000,191,7.2546432e+08,0.13172251,268.16699,29877.795,105064.08,1241.0887,50464.121,263077.06,6515081.5,3.9939201e+11,0.66348857,1.4402841,0.35239851,2.1650522,4.1935091,0.52652717,0.83189601,2.8853147,1431,2.14235
1572868,6000,-14000,120,4.4163853e+08,0.075957537,88.615982,44224.059,105282.64,1022.8254,104481.32,270304.31,5726746,3.8955601e+11,0.782493,1.3086689,0.17316018,2.0395236,4.3217506,0.54262888,0.83508039,2.8293707,1431,2.2201195
1572869,6000,-12000,107,3.833959e+08,0.089390993,91.277191,49045.785,103284.55,859.75177,96950.727,232157,5322430,3.6445599e+11,0.9643802,0.83774745,0.19741698,2.0820889,4.0667987,0.51061767,0.82867742,2.944056,1431,2.2277596
1572870,6000,-10000,106,3.7913155e+08,0.094468214,91.386444,47839.75,101286.97,1259.7518,93420.039,224572.73,5219662,3.5366801e+11,0.99478889,0.74116272,0.19593346,2.0807228,4.0638752,0.51025063,0.82860231,2.9454546,1431,2.2294536
1572871,6000,-8000,106,3.800224e+08,0.095163949,91.446831,45964.535,99289.578,1259.7518,93245.516,224013.05,5029968,3.3334401e+11,0.99478889,0.74116272,0.19593346,2.0807228,4.0638752,0.51025063,0.82860231,2.9454546,1431,2.2294536
1572872,6000,-6000,108,3.8224211e+08,0.095585011,91.504318,43956.309,97292.406,1259.7518,93244.391,224170.94,4958405,3.2298802e+11,0.97507787,0.75917649,0.19963032,2.0835433,4.0667987,0.51061767,0.82867742,2.944056,1431,2.2265954
1572873,6000,-4000,109,3.8572982e+08,0.096221231,91.557541,41847.141,95295.477,1259.7518,91519.43,224445.61,4792769,3.0409199e+11,0.96143389,0.76491117,0.20147875,2.0849361,4.0682621,0.51080143,0.82871503,2.9433568,1431,2.2251835
1572874,6000,-2000,111,3.92136e+08,0.0963111,91.584862,39512.574,93298.82,1259.7518,92003.695,226196.11,4717310,2.9370401e+11,0.94316137,0.77850801,0.20517559,2.087687,4.0711918,0.51116931,0.82879031,2.941958,1431,2.2223938
1572875,6000,0,115,4.0271405e+08,0.095856778,91.544716,36874.434,91302.469,859.75177,91682.055,229769.25,4576610.5,2.7621599e+11,0.8915332,0.85758901,0.20246479,1.8398763,4.6602225,0.58512664,0.84315932,2.6965034,1431,2.2650325
1572876,6000,2000,120,4.1409264e+08,0.09305723,91.404045,34254.887,89306.477,1491.7374,92914.625,236471.41,4528515.5,2.6639199e+11,0.83809525,0.88723767,0.21015762,1.8464552,4.6775756,0.58730543,0.84356159,2.6902099,1431,2.2560885
1572877,6000,4000,206,7.5694982e+08,0.072199591,58.040375,25549.814,87310.875,2447.321,173288.73,362970.31,7298044.5,3.6896001e+11,0.50163388,1.1786073,0.22838138,1.6843245,6.131074,0.76980323,0.87391645,2.2895105,1431,2.1269445
1572878,6000,6000,220,7.995977e+08,0.067896813,50.169949,24542.9,85315.742,2735.8047,168347.83,384694.53,7801087.5,3.90196e+11,0.49418846,1.2339587,0.23991276,1.6937809,6.2290359,0.78210312,0.87576258,2.2692308,1431,2.1050973
1572879,6000,8000,259,9.786583e+08,0.05169962,28.383478,28693.014,87075.602,2735.8047,263804.16,487727,10440570,5.7566003e+11,0.44293794,1.393836,0.27436441,1.7212406,6.4640937,0.81161648,0.88010705,2.2230768,1431,2.0505304
1572880,6000,10000,196,7.4636922e+08,0.05950987,31.88694,24807.674,87263.906,1803.5095,229421.12,396997.06,7991942.5,4.56528e+11,0.47289377,1.197717,0.22272727,1.8284911,5.2462645,0.65870869,0.85617143,2.5069931,1431,2.2047703
1572881,6000,12000,119,4.1575222e+08,0.096358687,92.150909,25214.537,79333.852,447.32098,97553.969,232850.3,3985079.5,2.0362001e+11,0.86412191,0.88802755,0.2195572,2.0982168,4.0844293,0.51283133,0.82912976,2.9356644,1431,2.2113864
1572882,6000,14000,112,3.928871e+08,0.09786474,92.783821,25296.873,77341.414,447.32098,99161.75,224608.25,3831886.8,1.9104399e+11,0.9509331,0.80958414,0.20702402,2.0890453,4.0726585,0.51135343,0.82882792,2.9412587,1431,2.2210157
1572883,6000,16000,112,3.8913811e+08,0.097905256,93.056831,24006.918,75349.969,447.32098,100684.55,223487.8,3777910,1.83324e+11,0.95785069,0.77944362,0.20702402,2.0890453,4.0726585,0.51135343,0.82882792,2.9412587,1431,2.2210157
1572884,6000,18000,112,3.893936e+08,0.098117962,93.335991,22404.148,73359.711,447.32098,101591.52,223318.7,3679970.5,1.72544e+11,0.95785069,0.77944362,0.20702402,2.0890453,4.0726585,0.51135343,0.82882792,2.9412587,1431,2.2210157
1572885,6000,20000,113,3.9119859e+08,0.098464839,93.652443,20723.006,71370.883,447.32098,102526.33,223441.06,3646171,1.6582001e+11,0.95101136,0.78661495,0.20887245,2.0903921,4.0741262,0.51153773,0.82886559,2.9405594,1431,2.2196486
1572886,6000,22000,113,3.9454118e+08,0.09893927,94.012833,19006.707,69383.789,447.32098,103489.02,223854.98,3562231.8,1.5662799e+11,0.95101136,0.78661495,0.20887245,2.0903921,4.0741262,0.51153773,0.82886559,2.9405594,1431,2.2196486
1572887,6000,24000,116,4.0173101e+08,0.099614523,94.378967,17223.965,67398.836,447.32098,104910.77,225118.55,3558814.2,1.5111601e+11,0.91754121,0.82614511,0.21284404,2.0942206,4.0844293,0.51283133,0.82912976,2.9356644,1431,2.2145121
1572888,6000,26000,120,4.1988442e+08,0.093174629,94.422523,15145.316,65416.535,447.32098,107360.73,237969.33,3503057.2,1.4356e+11,0.8672269,0.95573694,0.22018349,2.0994012,4.0903401,0.51357353,0.82928103,2.9328671,1431,2.2092419
1572889,6000,28000,148,5.3975834e+08,0.081711859,72.974106,11048.622,63437.586,1873.2527,130711.18,288112.47,4047831.8,1.5204799e+11,0.61812836,1.1090862,0.2044199,1.8985579,4.7264633,0.59344363,0.84468895,2.6727273,1431,2.2321784
1572890,6000,30000,127,4.5701962e+08,0.07008899,90.919823,10861.671,61462.938,2110.8018,143871.83,286251.28,3511302,1.34844e+11,0.7862767,1.0402665,0.17688023,2.0290291,4.3752708,0.54934877,0.83638853,2.806993,1431,2.2213392
1572891,6000,32000,123,4.3266067e+08,0.094091102,96.734772,10330.843,59489.395,2110.8018,101806.67,240383.34,3432691.5,1.31288e+11,0.84272957,0.98429185,0.22527473,2.1031418,4.0962682,0.51431781,0.82943261,2.9300699,1431,2.2051179
1572892,6000,34000,156,5.5773267e+08,0.083318435,63.963905,7839.4038,57519.762,2274.1479,129633.55,290033.03,4080140,1.4468801e+11,0.58734488,1.1764501,0.21666667,1.9116114,4.7343802,0.59443766,0.84487069,2.66993,1431,2.2198174
1572893,6000,36000,160,5.5842227e+08,0.083723135,56.960583,6099.2466,55556.547,656.80994,129518.9,289510,4177662.8,1.45772e+11,0.57264149,1.1924222,0.22222222,1.916725,4.7423239,0.59543508,0.84505284,2.6671329,1431,2.2142315
1572894,6000,38000,121,4.2442048e+08,0.10350037,104.54395,6028.4331,53601.805,447.32098,100645.15,227003.28,3450934,1.27236e+11,0.88388431,0.8912732,0.22365989,2.1007664,4.0859056,0.5130167,0.82916754,2.9349651,1431,2.2091053
1572895,6000,40000,120,4.2205149e+08,0.10390577,109.43636,4855.9414,55090.797,447.32098,101698.58,225926.83,3453052,1.27068e+11,0.90140057,0.83801222,0.22181146,2.0995078,4.0844293,0.51283133,0.82912976,2.9356644,1431,2.2103856
1572896,6000,42000,122,4.2542477e+08,0.10478302,117.51333,3657.4897,57088.418,447.32098,101697.23,225876.41,3501993.2,1.28216e+11,0.8875491,0.85337108,0.22550832,2.1020141,4.0873828,0.51320219,0.82920533,2.9342659,1431,2.2078352
1572897,6000,44000,123,4.3149123e+08,0.10594142,132.15869,2634.6934,59086.195,447.32098,101746.71,226234.08,3524744.8,1.2908e+11,0.88084763,0.86095655,0.22735675,2.1032512,4.088861,0.5133878,0.82924318,2.9335663,1431,2.2065756
1572898,6000,46000,126,4.3991997e+08,0.10741237,157.737,2014.3628,61084.121,447.32098,101831.11,226863.5,3637091.5,1.34344e+11,0.86146033,0.88418341,0.23290204,2.1068988,4.0933022,0.5139454,0.82935679,2.9314685,1431,2.2028592
1572899,6000,48000,128,4.5123392e+08,0.10928097,187.93066,2007.5422,63082.18,447.32098,101960.35,227789.41,3699019.2,1.3758e+11,0.84928644,0.89973682,0.23659889,2.1092784,4.0962682,0.51431781,0.82943261,2.9300699,1431,2.2004325
1572900,6000,50000,133,4.6663466e+08,0.11168956,207.10394,2423.7217,65080.355,447.32098,102161.36,229132.73,3848007.2,1.4413999e+11,0.82171339,0.93950951,0.24538745,2.1150596,4.1051927,0.51543832,0.82966053,2.9258742,1431,2.1942141
1572901,6000,52000,137,4.8851322e+08,0.11485805,214.07121,2898.1626,67078.641,447.32098,102493.51,231186.44,3967827.5,1.50212e+11,0.80195361,0.97103095,0.25276753,2.119503,4.1111636,0.51618809,0.82981277,2.9230769,1431,2.1896677
1572902,6000,54000,141,5.0831664e+08,0.11679153,223.7659,3562.4302,69077.023,447.32098,98364.203,233865.64,4068463.2,1.5611199e+11,0.77862209,1.0149909,0.25919119,2.1238384,4.120153,0.51731676,0.83004171,2.9188812,1431,2.1845901
1572903,6000,56000,172,6.244848e+08,0.10537221,247.64108,2508.1365,71075.5,594.43958,103299.17,272899.56,4499480,1.6823199e+11,0.5866313,1.4539845,0.2548148,2.1205688,4.3786602,0.54977429,0.83647096,2.8055944,1431,2.1421454
1572904,6000,58000,182,6.6593222e+08,0.094568878,248.2541,3017.1826,73074.055,2432.9629,124642.92,297471.81,4755652,1.7958801e+11,0.56614655,1.5265667,0.25852272,1.9667305,4.6334839,0.58176935,0.84253728,2.7062938,1431,2.2087092
1572905,6000,60000,194,7.1766528e+08,0.099474624,254.46802,3495.6902,75072.688,2488.6985,118273.2,301099.31,5072378,1.928e+11,0.5421719,1.6022713,0.27478755,1.977708,4.6602225,0.58512664,0.84315932,2.6965034,1431,2.1956704
1572906,6000,62000,209,7.7082112e+08,0.1037736,260.59866,4178.5879,77071.398,540.0462,104210.8,305519.03,5421162.5,2.06512e+11,0.52291131,1.7102485,0.29603401,1.9915698,4.6892161,0.58876699,0.84383082,2.6860139,1431,2.1801651
1572907,6000,64000,176,6.5305504e+08,0.13736452,236.3407,6519.6636,79070.172,480.6506,67601.523,244423.27,4914762.5,2.0233599e+11,0.69792205,1.2857165,0.32472324,2.1549563,4.1703062,0.52361387,0.83131212,2.8958042,1431,2.1530082
1572908,6000,66000,177,6.588368e+08,0.13836491,242.57124,8032.5415,81069,793.51953,66508.047,244613.75,4919551.5,2.0939199e+11,0.69594246,1.2948397,0.32656828,2.155688,4.171845,0.52380711,0.83135092,2.8951049,1431,2.1522408
1572909,6000,68000,179,6.6365293e+08,0.13853058,247.39613,9652.3047,83067.891,1106.3884,61546.152,245359.36,4949372,2.1792801e+11,0.69242358,1.3128576,0.33025831,2.1571259,4.1749263,0.52419394,0.83142859,2.8937063,1431,2.1507306
1572910,6000,70000,180,6.6878547e+08,0.1383554,251.00359,11295.366,85066.828,1419.2574,61425.965,246462.17,4979365,2.2766001e+11,0.69068903,1.3224126,0.33210331,2.1578321,4.1764684,0.5243876,0.83146745,2.893007,1431,2.1499877
1572911,6000,72000,182,6.7545178e+08,0.13803518,253.84851,12891.682,87065.82,1732.1263,58172.883,247974.61,5032782.5,2.38728e+11,0.6870864,1.340657,0.33579335,2.1592195,4.1795564,0.52477533,0.83154523,2.8916085,1431,2.1485264
1572912,6000,74000,184,6.8516819e+08,0.13882953,256.16901,14395.097,89064.852,2044.9952,56934.129,249036.27,5107081,2.5124001e+11,0.68341649,1.3607167,0.33948338,2.1605737,4.1826491,0.52516359,0.83162302,2.8902097,1431,2.1470978
1572913,6000,76000,185,6.9285626e+08,0.13988771,258.00949,16045.49,91063.93,2357.8643,54668.379,249480.56,5181288.5,2.64712e+11,0.68143362,1.3710552,0.34132841,2.1612382,4.1841969,0.52535796,0.831662,2.8895104,1431,2.1463954
1572914,6000,78000,188,7.0128326e+08,0.13525157,259.54764,17719.635,93063.047,2670.7332,57452.465,255258.67,5292070,2.7968799e+11,0.67254525,1.4051147,0.34686348,2.163182,4.188848,0.52594191,0.83177894,2.8874125,1431,2.1443369
1572915,6000,80000,202,7.5797498e+08,0.1023781,264.18826,18165.508,95062.203,3018.4016,71152.391,305020.38,5629724,3.0006401e+11,0.6181469,1.5734261,0.30467573,1.9830859,4.7126722,0.59171206,0.8443718,2.6776223,1431,2.1661642
1572916,6000,82000,203,7.6326976e+08,0.10273133,265.39413,20051.535,97061.391,4096.7393,83749.742,305557.19,5823497.5,3.1938e+11,0.61351997,1.5768726,0.29591838,1.9777958,4.7602949,0.59769148,0.84546405,2.6608391,1431,2.1619501
1572917,6000,84000,204,7.5731482e+08,0.10233452,265.47388,22198.783,99060.609,5696.999,96305.461,304952.41,6044800,3.39692e+11,0.60769826,1.5808727,0.28732395,1.9695225,4.8109365,0.60404986,0.84661669,2.6433566,1431,2.1601489
1572918,6000,86000,193,7.225753e+08,0.12360324,263.52136,24982.242,101059.86,5275.3843,68065.43,271038.84,6034798,3.54756e+11,0.65635794,1.4672395,0.35608855,2.1662579,4.1966224,0.52691805,0.83197421,2.8839161,1431,2.1410651
1572919,6000,88000,191,7.1369178e+08,0.13034226,263.65472,27194.238,103059.14,3275.689,65536.391,262311.69,6268964,3.7679999e+11,0.66348857,1.4402843,0.35239851,2.1650522,4.1935091,0.52652717,0.83189601,2.8853147,1431,2.14235
1572920,6000,90000,190,7.1003597e+08,0.13300212,263.97653,29268.049,105058.45,1275.9937,65680.047,259009.58,6547099.5,4.0048801e+11,0.66733503,1.4259709,0.35055351,2.1644371,4.1919541,0.5263319,0.83185697,2.886014,1431,2.1430044
1638404,8000,-14000,20,91660608,0.22712566,6.8453922,8198.5156,22227.756,1022.8254,20878.168,71213.641,204645.69,2.864e+09,0.72105265,0.57576102,0.053333335,1.9177899,3.5913913,0.45092669,0.81588733,3.2013986,1431,2.4930699
1638412,8000,2000,27,98638264,0.21166497,108.8275,8193.4912,30104.494,447.32098,31319.146,76524.969,249475.66,3.38e+09,0.94301993,0.22285102,0.080357142,1.8748233,3.6778464,0.46178177,0.81830406,3.1496503,1431,2.4943964
1638413,8000,4000,32,1.2089642e+08,0.18470907,117.16547,3990.3604,24099.391,447.32098,36920.004,90691.703,220400.48,2.052e+09,0.84677422,0.25504401,0.093567252,1.5512282,4.121655,0.51750535,0.83007991,2.9181819,1431,2.6447072
1638414,8000,6000,135,5.109959e+08,0.11373919,11.332068,23573.633,78266.539,1652.4823,109313.54,237606.64,3572163,1.38868e+11,0.71066886,0.64714462,0.1713198,1.6210612,5.5720553,0.69961417,0.8629449,2.4188812,1431,2.2685628
1638415,8000,8000,177,7.0467635e+08,0.077900119,2.0047655,34808.492,85085.375,2014.5321,201589.86,337155.88,6480850.5,3.4137601e+11,0.61979967,0.81827646,0.21506684,1.6747301,5.7918549,0.72721165,0.86735141,2.3650351,1431,2.1871388
1638416,8000,10000,86,3.3739376e+08,0.076811552,348.29767,29538.355,85280.727,447.32098,160065.42,234941.73,2758420.8,1.49132e+11,0.52202463,0.51155704,0.11345647,1.775286,4.7363639,0.59468669,0.84491622,2.6692307,1431,2.3279893
1638425,8000,28000,54,2.1427203e+08,0.16290931,15.934331,9306.1729,28449.072,1557.6222,58198.008,128562.62,752359,1.4256e+10,0.55904961,0.4491787,0.10404624,1.846153,4.0785356,0.51209134,0.82897872,2.9384615,1431,2.4142292
1638426,8000,30000,24,85133776,0.22990234,138.04628,3764.7925,20326.803,110.80183,28918.631,68215.672,156212.7,1.372e+09,0.94927537,0.25070065,0.11214953,2.0466986,3.028583,0.38026178,0.79897982,3.6104896,1431,2.6129754
1638427,8000,32000,23,84316544,0.23184091,204.44017,3110.7056,18369.59,110.80183,28787.883,67603.055,140244.41,1.128e+09,0.96442688,0.24197131,0.10849056,2.0425858,3.0261509,0.37995642,0.7989018,3.6125875,1431,2.6171074
1638428,8000,34000,63,2.2618341e+08,0.16897842,353.97195,9674.7246,28945.83,853.54614,61346.074,129693.94,864447.81,1.6647999e+10,0.58013314,0.51924586,0.12304688,1.8648453,4.08148,0.51246107,0.82905418,2.937063,1431,2.3975263
1638429,8000,36000,62,2.2382536e+08,0.16413139,333.95154,10583.473,30321.1,480.93997,62777.066,130907.27,896219.44,1.7252e+10,0.59703863,0.50800323,0.12062257,1.8628838,4.0829544,0.51264614,0.82909197,2.9363637,1431,2.3988857
1638439,8000,56000,81,3.1260099e+08,0.23961864,104.75684,15684.81,39830.211,391.4874,64831.238,128038.27,1496605,3.786e+10,0.60771602,0.80601704,0.16007905,2.0586145,3.8402514,0.48217297,0.8227309,3.0587413,1431,2.3167574
1638440,8000,58000,75,2.9207475e+08,0.15507151,104.95597,11237.616,38085.844,2391.4873,86867.641,153845.91,1215110.6,2.8372001e+10,0.55927926,0.75891107,0.14619882,2.046941,3.8415563,0.48233679,0.82276589,3.058042,1431,2.3264186
1638441,8000,60000,52,2.037372e+08,0.10913674,4.4268513,3610.4902,32999.754,2175.8296,88875.508,153163.27,606240.56,1.066e+10,0.58974361,0.55685055,0.096118301,1.8519354,3.9879012,0.50071156,0.8266353,2.9825175,1431,2.4473352
1638442,8000,62000,49,1.842205e+08,0.1929947,322.55008,9905.376,32025.434,200.45282,55555.16,109521.96,610067.88,1.0951999e+10,0.66241497,0.51331258,0.094230771,1.8509153,3.9544246,0.4965083,0.82575965,2.9993007,1431,2.4545238
1638448,8000,74000,109,4.3769827e+08,0.35143101,145.69153,8741.8711,31460.781,69.618568,32271.074,125104.32,1394472,2.1263999e+10,0.94172615,0.7618466,0.43253967,2.1781235,3.1205356,0.39180711,0.80189586,3.5335665,1431,2.496587
1638449,8000,76000,111,4.5121453e+08,0.3177619,158.61365,7512.5435,36808.285,382.48749,35968.023,133581.27,1373617,2.0679999e+10,0.93251431,0.7789042,0.43873519,2.1798177,3.1231215,0.39213184,0.80197692,3.5314686,1431,2.4950972
1638450,8000,78000,118,4.8182381e+08,0.29289129,172.91054,6421.8188,42169.184,695.35645,33865.473,143779.12,1432082.6,2.1867999e+10,0.9138056,0.84592962,0.46640316,2.1811109,3.1291726,0.39289156,0.8021664,3.5265734,1431,2.494951
1638451,8000,80000,137,5.5647219e+08,0.16393363,200.74333,4307.0605,47538.949,1268.5608,49689.148,206534.52,1691376.1,2.7864001e+10,0.78660369,1.0626701,0.27510041,1.9691392,4.1367364,0.51939893,0.83046305,2.9111888,1431,2.3081925
1638452,8000,82000,140,5.6591341e+08,0.15562259,226.14134,5436.6323,52914.879,3046.5999,64132.711,213768.45,1827833.1,3.3892e+10,0.77327853,1.0836923,0.28,1.9724658,4.1443181,0.52035087,0.83065528,2.9076922,1431,2.3041308
1638453,8000,84000,139,5.5871232e+08,0.14606607,236.48364,7586.1978,58295.27,4995.4272,78749.695,219242.31,1931015.6,3.9319998e+10,0.77093107,1.0477723,0.25884545,2.1301808,3.9571929,0.49685585,0.82583231,2.9979022,1431,2.2380478
1638454,8000,86000,131,5.2759709e+08,0.19289695,236.55475,10337.016,63678.992,5310.2891,48351.82,185393.05,1889927.2,4.1528001e+10,0.83887255,0.9726786,0.44256756,2.2258108,3.1918974,0.40076715,0.80411452,3.476923,1431,2.4411175
1638455,8000,88000,131,5.2748893e+08,0.1892174,242.23523,12490.936,69065.266,3310.5938,49454.121,187167.77,2116054,5.3092e+10,0.83523196,0.96208674,0.41455695,2.2424264,3.2136726,0.40350118,0.804784,3.4601398,1431,2.4201496
1638456,8000,90000,131,5.3036656e+08,0.18085453,246.54124,14703.541,74453.531,1310.8984,52008.66,191967.77,2334586,6.3544001e+10,0.83394009,0.9549439,0.39817628,2.2524011,3.2255921,0.40499777,0.80514908,3.4510489,1431,2.4082558
1703940,10000,-14000,19,86099040,0.26656988,5.1066341,7818.9097,20358.963,1022.8254,17643.107,63708.672,183537.67,2.296e+09,0.82456142,0.6214475,0.050666668,1.9148637,3.590251,0.45078349,0.81585515,3.2020979,1431,2.4959302
1703950,10000,6000,125,4.7033398e+08,0.15911461,13.725586,23964.693,74487.758,1328.3088,94059.969,192731.67,3307300,1.25948e+11,0.81638712,0.5173555,0.1596424,1.6055883,5.5311646,0.69448006,0.86211109,2.4293706,1431,2.2887125
1703951,10000,8000,177,6.95072e+08,0.089746736,2.7599344,35001.395,83095.625,2182.9507,196647.58,311968.31,6478996.5,3.35252e+11,0.66840011,0.74129897,0.21744472,1.6765963,5.7652731,0.72387415,0.8668251,2.3713286,1431,2.190032
1703952,10000,10000,207,8.1135898e+08,0.053581588,359.13861,45282.562,145303.73,207.57396,310150.81,436218.09,9589543,6.3401997e+11,0.60630363,0.86366534,0.19237918,1.455142,7.0091138,0.88004786,0.88975298,2.1279721,1431,2.2053564
1703961,10000,28000,39,1.6663211e+08,0.2845031,0.94453579,11485.733,26563.357,1553.6761,42281.316,85790.812,593368.62,1.1508e+10,0.82726043,0.2295562,0.077227719,1.8114882,4.0363088,0.50678945,0.82789177,2.9587412,1431,2.4534631
1703964,10000,34000,48,1.7899138e+08,0.30609456,6.7917037,12646.597,27269.793,846.32379,45106.84,85722.172,697485.19,1.344e+10,0.86170214,0.29590908,0.095238097,1.8329091,4.0478697,0.50824106,0.82819021,2.9531469,1431,2.4322131
1703965,10000,36000,50,1.8542214e+08,0.27737984,348.27505,11791.77,27490.91,480.93997,47969.309,91653.336,698346.69,1.3084e+10,0.79428571,0.31343666,0.099009901,1.8374255,4.0522223,0.50878751,0.82830238,2.9510489,1431,2.4273577
1703975,10000,56000,54,2.03786e+08,0.16974239,108.89246,10207.492,40824.629,391.4874,65245.332,122827.88,766430.19,1.7332001e+10,0.59678549,0.60219932,0.10735586,2.0081849,3.8015132,0.47730908,0.82168788,3.0797203,1431,2.3673673
1703976,10000,58000,39,1.5323179e+08,0.19329706,4.9531875,3917.6921,26927.438,2391.4873,46235.086,99808.32,313245.59,3.756e+09,0.82051283,0.46256661,0.075144507,1.9690218,3.8027918,0.47746962,0.82172245,3.079021,1431,2.4019129
1703977,10000,60000,43,1.6802466e+08,0.23744573,334.27847,6774.7207,28666.285,1862.9606,43481.883,94299.469,433429.59,6.6119997e+09,0.79180509,0.47144237,0.083011582,1.8372757,3.9433904,0.49512285,0.82546985,3.0048952,1431,2.4687381
1703987,10000,80000,105,4.3113574e+08,0.30393848,154.97813,6576.6089,29108.592,1082.7573,32393.895,133511.62,1255680.1,1.8507999e+10,0.85219783,0.84229368,0.22245763,1.9273114,4.0507703,0.50860524,0.82826501,2.9517481,1431,2.3589191
1703988,10000,82000,118,4.8400957e+08,0.28008071,185.12393,5909.8247,29964.648,3058.134,49352.355,147363.62,1374375.1,1.9896001e+10,0.84253222,0.92931932,0.23182711,1.9502867,4.1246624,0.51788294,0.83015639,2.9167833,1431,2.3240871
1703989,10000,84000,115,4.7087965e+08,0.36662498,201.67839,8423.3184,30216.879,3313.2607,36022.949,127042.45,1354758.8,1.9655999e+10,0.92829901,0.86308032,0.46184739,2.1757059,3.1231215,0.39213184,0.80197692,3.5314686,1431,2.5003698
1703990,10000,86000,120,4.8771379e+08,0.33227393,218.20583,10189.63,41979.238,3626.1296,40694.812,135812.38,1601877.9,2.7484e+10,0.91596639,0.8762365,0.47808766,2.1788051,3.1291726,0.39289156,0.8021664,3.5265734,1431,2.4978371
1703991,10000,88000,120,4.8975834e+08,0.32255501,226.74725,11750.339,46282.188,3345.4985,25254.693,138131.89,1741853.8,3.27e+10,0.91540617,0.86988729,0.47619048,2.1800752,3.1300387,0.39300033,0.80219352,3.5258741,1431,2.4964399
1703992,10000,90000,119,4.9093293e+08,0.31335655,232.99446,13408.744,49835.332,1345.8032,26475.77,140312.59,1873382,3.7388001e+10,0.92052412,0.8585813,0.47222221,2.1799786,3.1291726,0.39289156,0.8021664,3.5265734,1431,2.4963734
1769476,12000,-14000,18,86747904,0.27632749,6.5942793,6245.6558,18448.18,1022.8254,15329.94,62809.07,161122.64,1.784e+09,0.89542484,0.60917777,0.048,1.9118817,3.5891111,0.45064038,0.81582302,3.2027972,1431,2.4988465
1769486,12000,6000,120,4.6636954e+08,0.17775829,15.668876,22367.111,70712.867,1015.4399,89065.344,181574.59,2991681.5,1.05756e+11,0.85658264,0.4538773,0.15404364,1.5977666,5.506917,0.69143558,0.86161447,2.4356644,1431,2.2995992
1769487,12000,8000,179,7.0377549e+08,0.10012132,3.0301642,34726.797,81106.375,2495.8196,189512.61,297206.78,6475857.5,3.2860799e+11,0.69537377,0.72129816,0.22044335,1.6795324,5.7652731,0.72387415,0.8668251,2.3713286,1431,2.1876764
1769488,12000,10000,206,8.0868397e+08,0.056404881,359.43396,43934.105,143304.8,520.44287,298312.88,424459.25,9239769,5.9727197e+11,0.62363249,0.84208262,0.19144982,1.4536928,7.0047708,0.87950259,0.8896783,2.1286714,1431,2.2071519
1769497,12000,28000,40,1.7206989e+08,0.30999064,1.0746093,10663.201,24780.398,1553.6761,41261.699,83518.578,594866.88,1.0756e+10,0.89358974,0.22294328,0.07920792,1.8139747,4.0377502,0.50697041,0.82792902,2.9580419,1431,2.4509623
1769500,12000,34000,51,1.9365869e+08,0.33097509,8.8749504,11809.572,25897.127,846.32379,44936.418,85748.352,725562.44,1.3208001e+10,0.89803922,0.29721212,0.10139165,1.8395828,4.0507703,0.50860524,0.82826501,2.9517481,1431,2.4257972
1769501,12000,36000,52,1.9314382e+08,0.31686315,347.31375,11410.047,26184.662,480.93997,45785.973,87520.438,715644.38,1.2796e+10,0.84539968,0.30729762,0.1027668,1.8418567,4.0565844,0.50933522,0.82841474,2.948951,1431,2.4225852
1769511,12000,56000,36,1.3566562e+08,0.31600612,78.11422,2951.9893,17880.539,391.4874,23763.221,73450.047,264374.16,2.424e+09,0.90476191,0.44932264,0.075313807,1.9707304,3.7473319,0.47050619,0.8202157,3.1097903,1431,2.4107287
1769512,12000,58000,40,1.5336501e+08,0.23817086,356.32489,3189.1184,25269.877,2391.4873,41390.332,89954.68,339146.97,4.232e+09,0.82179487,0.45749858,0.077220075,1.8298942,3.9392684,0.4946053,0.82536137,3.0069931,1431,2.4761138
1769513,12000,60000,47,1.7676762e+08,0.2613391,327.07431,6482.042,27725.9,1550.0917,42627.777,92194.305,505122.72,7.9239997e+09,0.73635525,0.48756954,0.090384617,1.8298109,4.0391927,0.50715154,0.82796627,2.9573426,1431,2.441581
1769523,12000,80000,98,3.9988192e+08,0.29847571,155.90541,8244.6201,27220.973,1395.6262,44652.953,129752.67,1287935.8,2.0715999e+10,0.8436777,0.7876265,0.20762712,1.9181852,4.0406361,0.5073328,0.82800359,2.9566433,1431,2.368154
1769524,12000,82000,105,4.3719072e+08,0.30115592,175.87666,7904.1196,28302.637,1109.7068,45151.781,135065.59,1323886.4,2.0676e+10,0.84981686,0.84062147,0.20750988,1.9333742,4.1007257,0.5148775,0.82954651,2.9279721,1431,2.3422937
1769525,12000,84000,97,4.0431043e+08,0.62239534,186.91444,10722.906,24084.342,1337.884,19119.258,90350.227,1214317.8,1.8436e+10,0.9879725,0.71986431,0.44907406,2.1284795,3.0788944,0.38657877,0.80058348,3.5678322,1431,2.5488636
1769526,12000,86000,100,4.1742531e+08,0.60676575,199.41693,11267.119,24022.881,1650.7529,20307.035,92978.766,1313445.6,2.074e+10,0.98747474,0.73683649,0.45662099,2.1333506,3.0839336,0.38721144,0.80074304,3.5636363,1431,2.5441675
1769527,12000,88000,103,4.2925645e+08,0.57372642,210.21356,12210.776,27601.127,1963.6218,22182.262,96964.094,1441793.2,2.4e+10,0.98400915,0.75358123,0.47031963,2.1337678,3.0864592,0.38752857,0.80082291,3.5615385,1431,2.5442705
1769528,12000,90000,105,4.3986355e+08,0.52917743,219.12868,13502.7,32141.764,1380.708,24753.604,102202.91,1590332.2,2.8184001e+10,0.98058605,0.76481628,0.47727272,2.1354299,3.088989,0.38784623,0.80090284,3.5594406,1431,2.5428369
1835012,14000,-14000,18,88393160,0.28189656,9.7911692,4482.0254,16565.172,1022.8254,13182.641,62772.496,147274.5,1.444e+09,0.89542484,0.60917777,0.048,1.9118817,3.5891111,0.45064038,0.81582302,3.2027972,1431,2.4988465
1835022,14000,6000,122,4.7151283e+08,0.19084816,18.214615,20406.643,66942.523,702.57092,86266.711,176200.73,2859561,9.3687996e+10,0.86207831,0.44768912,0.15741935,1.6017851,5.5015574,0.69076264,0.8615045,2.437063,1431,2.2971613
1835023,14000,8000,180,7.1733971e+08,0.1043014,3.4266474,32879.906,79117.664,2677.9475,184764.09,293983.06,6280776.5,3.0824399e+11,0.71638733,0.67990381,0.22194821,1.6809795,5.7652731,0.72387415,0.8668251,2.3713286,1431,2.1865194
1835024,14000,10000,209,8.1550528e+08,0.058120355,359.59485,42024.441,141305.97,833.31183,292689.19,419908.03,8981978,5.6100002e+11,0.6299687,0.84684354,0.19423792,1.4580224,7.0178151,0.88114041,0.88990247,2.1265733,1431,2.2017822
1835033,14000,28000,44,1.9014021e+08,0.31483439,2.3434346,9715.3721,23904.887,1553.6761,42678.734,87116.578,621879.88,1.0404e+10,0.88054967,0.2379718,0.087128714,1.823653,4.0435266,0.50769573,0.82807821,2.9552448,1431,2.4412253
1835036,14000,34000,61,2.2738032e+08,0.35077277,12.683836,11084.181,25401.834,846.32379,46188.996,90254.414,841325.81,1.4356e+10,0.87103826,0.33394557,0.12055336,1.8606768,4.0697265,0.51098531,0.82875264,2.9426572,1431,2.4035997
1835037,14000,36000,59,2.2193523e+08,0.31668687,343.3161,10885.948,27449.715,480.93997,48269.27,93843.242,807677.69,1.3796e+10,0.8527177,0.32660931,0.11637081,1.8566692,4.0682621,0.51080143,0.82871503,2.9433568,1431,2.4073365
1835047,14000,56000,37,1.3303575e+08,0.36752,109.9043,2853.6882,16090.615,391.4874,20691.662,67444.828,277824.47,2.544e+09,0.87237239,0.45425752,0.077405855,1.9732432,3.7485743,0.47066221,0.82024962,3.1090908,1431,2.4082522
1835048,14000,58000,43,1.636417e+08,0.25590506,343.54333,2634.0383,23969.711,2391.4873,41057.742,89642.195,393295.69,5.096e+09,0.79180509,0.46788582,0.083011582,1.8372757,3.9433904,0.49512285,0.82546985,3.0048952,1431,2.4687381
1835049,14000,60000,53,1.9756787e+08,0.27647179,318.14188,6808.1445,27795.518,1237.2227,43915.266,94762.758,615174.94,9.8840003e+09,0.68940496,0.50799215,0.10172745,1.8432771,4.0493197,0.50842309,0.82822758,2.9524477,1431,2.4277174
1835059,14000,80000,89,3.6730778e+08,0.2969422,161.84131,10156.98,27351.207,1708.4951,55806.898,124676.33,1281046.1,2.2392001e+10,0.86184883,0.71194696,0.18855932,1.9055099,4.0276809,0.50570613,0.82766867,2.9629371,1431,2.3809519
1835060,14000,82000,67,2.7735709e+08,0.23824385,189.61905,9986.9648,26828.268,112.32899,70888.656,120952.19,964603.81,1.6856001e+10,0.81546813,0.55651832,0.1321499,1.872365,4.0464211,0.50805914,0.82815284,2.9538462,1431,2.4037554
1835064,14000,90000,100,4.1246355e+08,0.63505465,211.06357,14860.809,27914.377,301.11411,19652.428,90342.516,1624245.5,3.024e+10,0.98747474,0.73683649,0.45662099,2.1333506,3.0839336,0.38721144,0.80074304,3.5636363,1431,2.5441675
1900548,16000,-14000,19,90617560,0.28328145,17.731205,2696.5098,14748.196,1022.8254,11438.921,63401.867,140884,1.276e+09,0.89473683,0.69097084,0.050397877,1.9154583,3.5925326,0.45106998,0.81591952,3.2006993,1431,2.4948864
1900558,16000,6000,126,4.885439e+08,0.19525258,22.297235,18414.184,63177.555,389.702,86827.844,177320.25,2735946,8.1483997e+10,0.83644444,0.45913142,0.16216215,1.6081876,5.5176673,0.69278538,0.86183482,2.4328671,1431,2.2889152
1900559,16000,8000,187,7.4261683e+08,0.10783588,4.0220013,30653.322,77129.539,2365.0786,181085.31,294174.94,6183737,2.9043599e+11,0.70674485,0.69727421,0.23057953,1.6896517,5.7859263,0.72646737,0.86723417,2.3664336,1431,2.1761792
1900560,16000,10000,213,8.3271622e+08,0.056703079,359.77692,39649.512,139307.28,1146.1808,300297.53,429586,8777937,5.32928e+11,0.6407122,0.82114476,0.19795538,1.4637113,7.0352831,0.88333368,0.89020216,2.1237762,1431,2.1947019
1900569,16000,28000,55,2.3603419e+08,0.30890572,6.2968559,9297.8428,24752.998,1553.6761,46936.973,97989.469,745399.44,1.1728e+10,0.88148147,0.27302626,0.10805501,1.8483789,4.0653362,0.51043409,0.82863986,2.9447553,1431,2.4150841
1900572,16000,34000,90,3.1803334e+08,0.35793883,22.050985,11256.48,28826.807,846.32379,51637.387,105666.38,1295853.1,2.2424001e+10,0.85468167,0.43845296,0.17408124,1.9126527,4.1291819,0.51845038,0.83027124,2.9146852,1431,2.3474598
1900573,16000,36000,124,4.5226746e+08,0.19579254,324.20642,20781.412,58406.004,480.93997,103391.73,170374.47,2846856.5,9.1392e+10,0.71203774,0.55778915,0.16103896,1.630518,5.456419,0.68509519,0.86057502,2.448951,1431,2.2806172
1900583,16000,56000,35,1.3415393e+08,0.22193256,134.75919,3673.4209,20266.469,391.4874,40457.23,87155.766,258800.98,2.304e+09,0.9277311,0.43829003,0.073995769,1.9687837,3.7398942,0.46957234,0.82001233,3.113986,1431,2.4139051
1900584,16000,58000,51,1.8951725e+08,0.27245221,324.76523,3183.3706,23820.256,2285.9094,42394.98,93494.086,529111.94,7.3159997e+09,0.7019608,0.50374085,0.097888678,1.8388435,4.0464211,0.50805914,0.82815284,2.9538462,1431,2.4321828
1900585,16000,60000,66,2.4364464e+08,0.2840206,308.6366,8669.0381,30810.223,924.35376,52298.863,103826.55,899976.5,1.6135999e+10,0.64615387,0.5547325,0.1252372,1.8696877,4.0770645,0.51190668,0.82894099,2.9391608,1431,2.3992159
1900594,16000,78000,70,2.877903e+08,0.25881138,152.10085,13109.762,30003.455,45.987373,46908.91,118209.21,1098625.6,2.1071999e+10,0.89606625,0.55987489,0.16786571,1.8590379,3.918787,0.49203369,0.82482135,3.0174825,1431,2.4457066
1900595,16000,80000,82,3.2788576e+08,0.2776852,167.50873,11991.387,29194.059,1774.8368,61599.617,121811.94,1321538.4,2.5572e+10,0.83950615,0.65603465,0.16141732,1.8990035,4.0697265,0.51098531,0.82875264,2.9426572,1431,2.3765457
1966084,18000,-14000,19,92632872,0.27759039,50.536083,1146.5575,14864.452,1022.8254,9602.6436,64756.785,130839.7,1.14e+09,0.89473683,0.69097084,0.050397877,1.9154583,3.5925326,0.45106998,0.81591952,3.2006993,1431,2.4948864
1966085,18000,-12000,12,58793572,0.44506067,348.51297,5147.021,12335.848,923.97015,9768.1602,40743.68,66897.797,4.72e+08,1,0.42546418,0.044776119,1.8394169,3.4135568,0.4285982,0.81077528,3.3160839,1431,2.6140714
1966094,18000,6000,139,5.3882605e+08,0.19088306,30.721415,16869.814,59418.965,76.833061,92192.039,188341.3,2910518,8.0047997e+10,0.78125328,0.48833692,0.17729592,1.6279646,5.5720553,0.69961417,0.8629449,2.4188812,1431,2.2628205
1966095,18000,8000,202,7.8975322e+08,0.10861752,5.3988633,28014.955,75012.906,2052.2097,181755.36,302273.94,6202390.5,2.7319199e+11,0.67400622,0.74477243,0.24664225,1.705851,5.8548422,0.73512024,0.86859143,2.3503497,1431,2.1520743
1966096,18000,10000,219,8.5847622e+08,0.060829658,0.092662483,36169.883,137307.08,1459.0497,288383.41,421125.34,8331438.5,4.7426401e+11,0.63901806,0.83704656,0.20372093,1.4730585,7.057241,0.88609064,0.89057809,2.1202798,1431,2.1838984
1966105,18000,28000,128,4.9909738e+08,0.19926597,28.33885,12515.522,40817.246,1553.6761,91383.094,177411.19,2251233.2,4.8516002e+10,0.8125,0.53736472,0.18443803,1.6591978,5.2438312,0.65840316,0.85611963,2.5076923,1431,2.2963707
1966108,18000,34000,222,8.2533056e+08,0.15110259,5.539021,12966.21,55673.703,846.32379,147982.3,261988.94,4630237,1.27232e+11,0.64938241,0.95019633,0.26714802,1.7482456,5.9099321,0.74203724,0.86966795,2.3377624,1431,2.1089313
1966109,18000,36000,223,8.4086368e+08,0.24943416,321.12167,18051.623,56390.699,480.93997,97628.18,205821.03,4841906,1.3811201e+11,0.76976526,0.85406464,0.28516623,1.7549212,5.7652731,0.72387415,0.8668251,2.3713286,1431,2.1282098
1966119,18000,56000,39,1.5111698e+08,0.23190065,140.04912,3433.5852,18584.412,391.4874,42381.309,90492.086,325483.31,3.312e+09,0.80431849,0.4605194,0.076023392,1.8285173,3.9310501,0.49357343,0.82514495,3.0111887,1431,2.4789236
1966120,18000,58000,74,2.7977002e+08,0.28056717,309.2637,7165.2983,30200.25,1594.9105,51485.43,111940.46,959026.5,1.592e+10,0.63198817,0.59138519,0.1393597,1.8844932,4.0947847,0.51413155,0.8293947,2.9307692,1431,2.3829842
1966130,18000,78000,70,2.8081248e+08,0.2531518,157.38864,14564.726,31818.42,358.85629,53521.984,118065.39,1195641.6,2.4864e+10,0.88033128,0.55877781,0.14830509,1.8749068,4.0006018,0.50230616,0.82696605,2.9762237,1431,2.4117503
1966131,18000,80000,72,2.8892845e+08,0.2463825,172.03067,13627.396,31056.363,1461.9678,69479.922,121393.42,1261823.1,2.6791999e+10,0.83920187,0.59130114,0.14173229,1.8816441,4.0551291,0.50915253,0.82837725,2.9496503,1431,2.3940878
2031620,20000,-14000,19,94822784,0.27338666,135.81155,1408.168,16839.771,1022.8254,10024.619,66019.562,127644.03,1.164e+09,0.89473683,0.69097084,0.050397877,1.9154583,3.5925326,0.45106998,0.81591952,3.2006993,1431,2.4948864
2031621,20000,-12000,15,69937840,0.26509786,320.45483,1837.3976,15595.307,1019.4694,17825.822,57578.18,77940.695,5.04e+08,0.97142857,0.60587364,0.055555556,1.8498141,3.4187179,0.42924622,0.81092644,3.3125875,1431,2.6035962
2031631,20000,8000,247,9.5515232e+08,0.10537525,13.878544,24315.848,73072.562,1739.3408,195495.61,337498.56,7080131,2.8422e+11,0.60030943,0.88960791,0.29616308,1.7482482,6.0425978,0.75869441,0.87223041,2.3083916,1431,2.0900073
2031632,20000,10000,238,9.3090438e+08,0.060983602,1.724941,30996.715,135306.72,1771.9186,293953.56,437976.62,8019421.5,4.07324e+11,0.61989862,0.88981074,0.21975993,1.4967686,7.1645756,0.89956731,0.8924036,2.1034966,1431,2.150913
2031641,20000,28000,271,1.0517244e+09,0.15018921,27.031935,12459.31,52333.32,1819.0601,109837.48,296644.66,6089372,1.72012e+11,0.67306274,1.0768236,0.33581164,1.792749,5.9881887,0.75186294,0.87118453,2.3202798,1431,2.0650084
2031642,20000,30000,286,1.0902618e+09,0.17765647,10.591739,11774.572,52513.742,1189.1981,103776.66,277702.5,6234927.5,1.7010799e+11,0.75652069,1.0062326,0.39832869,1.787132,5.7623343,0.7235052,0.86676681,2.3720279,1431,2.1148112
2031643,20000,32000,292,1.1161987e+09,0.176559,356.30859,11382.75,52957.598,1189.1981,106002.62,281858.25,6292087.5,1.7020001e+11,0.77138352,1.0096338,0.40668523,1.7895092,5.7800102,0.72572452,0.86711711,2.3678322,1431,2.111007
2031644,20000,34000,311,1.1990106e+09,0.14721419,339.93124,10897.448,53611.234,1459.6083,114776.57,319920.16,6549675,1.75648e+11,0.73089927,1.2074635,0.38442522,1.8158947,6.1244311,0.76896924,0.8737905,2.2909091,1431,2.0301261
2031645,20000,36000,315,1.2145217e+09,0.15307342,327.82788,11852.236,55292.508,1644.5737,112023.24,315760.41,6753405.5,1.86388e+11,0.73048228,1.2220868,0.38650307,1.8179601,6.1577888,0.77315754,0.87442207,2.283916,1431,2.0235832
2031646,20000,38000,303,1.1669389e+09,0.18076697,321.05661,13808.541,57063.539,1572.6791,106391.62,284819.31,6727457.5,1.9158e+11,0.78856033,1.0444595,0.41224489,1.799325,5.8639522,0.73626411,0.86876994,2.3482518,1431,2.0894551
2031647,20000,40000,298,1.1566431e+09,0.18799056,314.61011,15093.4,58873.668,1572.6791,114193.52,278058.75,6737407.5,1.97172e+11,0.80107564,1.0235499,0.39159,1.8041025,5.9285264,0.74437189,0.87002963,2.3335664,1431,2.0718758
2031648,20000,42000,296,1.1464529e+09,0.19116718,309.27148,16461.859,60719.398,1572.6791,113800.32,274521.5,6844052,2.0728e+11,0.80403113,1.0140481,0.38896188,1.8032067,5.9223156,0.74359202,0.86990887,2.334965,1431,2.073278
2031649,20000,44000,293,1.1343151e+09,0.19295606,304.8335,17852.713,62597.578,219.57285,113881.98,271795.69,6951729.5,2.19196e+11,0.80756462,1.0190135,0.38552633,1.8016268,5.9099321,0.74203724,0.86966795,2.3377624,1431,2.0761569
2031650,20000,46000,286,1.1011155e+09,0.19278947,301.08063,19047.191,64505.379,200.24823,122805.21,267904.34,6891847,2.2057601e+11,0.82053733,0.99751282,0.3763158,1.7982121,5.8883853,0.73933184,0.86924773,2.3426573,1431,2.0813258
2031651,20000,48000,279,1.0731662e+09,0.22042337,297.82681,20177.365,63804.961,200.24823,108967.62,247348.69,6802998,2.1977599e+11,0.84335113,0.95573843,0.37399465,1.7918109,5.8246779,0.7313329,0.86799878,2.3573427,1431,2.0969639
2031652,20000,50000,274,1.0593855e+09,0.2259251,295.1492,21713.027,65781.188,200.24823,106932.26,242744.67,6870170.5,2.287e+11,0.85398787,0.93849289,0.36778525,1.7889389,5.8067284,0.72907919,0.86764508,2.3615384,1431,2.1015801
2031653,20000,52000,270,1.0454433e+09,0.23028299,292.77335,23482.914,67758.805,200.24823,123230.8,238849.45,7040998.5,2.4386e+11,0.85826796,0.93527931,0.36241612,1.7867146,5.7948232,0.72758442,0.86741006,2.3643358,1431,2.1047678
2031654,20000,54000,268,1.0264659e+09,0.23295397,290.60522,25609.105,69737.703,200.24823,122317.84,235310.95,7401534.5,2.6980799e+11,0.86013752,0.92607552,0.35781041,1.7863408,5.8007698,0.72833103,0.86752748,2.362937,1431,2.1034994
2031655,20000,56000,281,1.0872416e+09,0.18743347,286.60962,25416,71717.766,439.72916,132006.47,269987.97,7693167.5,2.8555602e+11,0.75165224,1.2870301,0.33215129,1.7959365,6.1477432,0.77189624,0.87423211,2.2860141,1431,2.0374336
2031656,20000,58000,268,1.0297074e+09,0.23476757,284.3288,28819.096,73698.914,1282.0416,108742.85,234770.11,7930406.5,3.1048401e+11,0.77779639,1.1912446,0.32172871,1.7884299,6.0620375,0.76113522,0.8726024,2.3041959,1431,2.0557389
2031666,20000,78000,68,2.7689734e+08,0.24513228,161.39859,15297.638,33654.367,671.72522,56903.879,119141.77,1251788.2,2.8043999e+10,0.86040384,0.5446701,0.14406779,1.8713508,3.9977725,0.50195092,0.82689244,2.9776223,1431,2.4153221
2031667,20000,80000,59,2.4796941e+08,0.20964922,175.83316,15262.018,32664.133,1149.0989,76784.922,121915.06,1068864.2,2.4011999e+10,0.80070132,0.50601637,0.11683168,1.8746642,3.9447663,0.49529561,0.82550597,3.0041957,1431,2.4361551
2097156,22000,-14000,21,1.0035292e+08,0.26046854,153.05087,2771.3484,18822.822,1022.8254,11430.747,69581.266,146278.92,1.452e+09,0.80000001,0.70479387,0.05511811,1.9224212,3.5993953,0.45193163,0.81611288,3.1965034,1431,2.4871507
2097157,22000,-12000,18,79296616,0.25853965,214.88045,2049.0654,18978.088,1019.4694,19320.947,62082.43,114451.22,1.036e+09,0.90849674,0.67978233,0.048,1.9118817,3.5891111,0.45064038,0.81582302,3.2027972,1431,2.4988465
2097167,22000,8000,394,1.4990863e+09,0.090522937,48.628925,24265.479,78241.609,1426.4719,224752.59,456182.81,12839663,5.4739599e+11,0.54775834,1.4578959,0.4436937,1.8201754,6.7698803,0.85001028,0.885589,2.1678321,1431,1.9429622
2097168,22000,10000,419,1.5972968e+09,0.058321655,39.434212,24020.283,133307.84,2090.0608,338729.97,586655.06,13914661,6.2745202e+11,0.52212489,1.5640424,0.44151738,1.8125761,7.1419458,0.89672595,0.8920204,2.106993,1431,1.9025825
2097169,22000,12000,439,1.6852163e+09,0.060422961,31.200586,24195.121,133271.08,474.04111,325943.34,592013.69,14693862,6.9207602e+11,0.50513309,1.6535623,0.45824635,1.8138629,7.2752252,0.91346025,0.89426476,2.0867133,1431,1.8882041
2097170,22000,14000,435,1.5852422e+09,0.06975995,27.853851,24846.098,133320.14,472.67902,281268.97,534379.38,16084761,8.7026801e+11,0.50406271,1.6200968,0.39871678,1.6356901,8.2765007,1.039178,0.91023666,1.9552448,1431,1.9224108
2097171,22000,16000,419,1.5783612e+09,0.071426556,25.071552,22575.811,131715.58,472.67902,259720.86,526960.75,13602435,5.8746798e+11,0.54652798,1.501315,0.50973237,1.8171374,6.6076565,0.82964182,0.88270384,2.1965034,1431,1.9783219
2097172,22000,18000,389,1.5032399e+09,0.10721906,23.709177,20070.008,76151.648,472.67902,219148.34,419742.62,11622564,4.6374401e+11,0.58194417,1.3807063,0.47439024,1.8158035,6.4863453,0.81441033,0.8805123,2.2188811,1431,1.9901369
2097173,22000,20000,363,1.3908378e+09,0.082542285,25.474506,16635.641,95652.156,472.67902,254136.23,460155.81,9859457,3.5570002e+11,0.63001692,1.2805085,0.44322345,1.8113661,6.3874011,0.80198711,0.87870252,2.2377622,1431,2.0029645
2097174,22000,22000,340,1.2909972e+09,0.10170741,29.16877,13378.861,73243.602,472.67902,193461.41,399384.56,8385765,2.70188e+11,0.69463819,1.183759,0.42288557,1.8030372,6.2531528,0.78513122,0.87621379,2.2643356,1431,2.0266585
2097175,22000,24000,328,1.2549308e+09,0.14982004,27.919544,11274.108,53919.273,472.67902,119383.02,324436.59,7491712,2.1707199e+11,0.74632657,1.1287665,0.43617022,1.8122898,5.9945388,0.75266021,0.87130696,2.318881,1431,2.0609114
2097176,22000,26000,329,1.266544e+09,0.14687893,19.687508,9952.2393,51920.672,472.67902,113724.6,329181.44,7228555.5,2.01528e+11,0.75995255,1.132015,0.43518519,1.8137519,6.0104733,0.7546609,0.87161374,2.3153846,1431,2.0569856
2097177,22000,28000,335,1.3044426e+09,0.1362446,8.6687288,8444.1309,49930.742,1879.4694,109961.44,346862.84,7147867.5,1.9341201e+11,0.7310394,1.2580776,0.39833531,1.8265233,6.3160338,0.79302639,0.87738431,2.2517483,1431,1.9944891
2097178,22000,30000,333,1.2788572e+09,0.13685293,354.68088,8481.7666,50262.137,3189.1982,119850.41,342680.12,7036073.5,1.89248e+11,0.7444191,1.2509191,0.40072203,1.8259292,6.2739735,0.78774542,0.87660235,2.2601399,1431,2.0014365
2097179,22000,32000,325,1.2496549e+09,0.14685781,341.95175,9082.9619,50839.969,3189.1982,110210.82,327002.78,6828641.5,1.8282399e+11,0.76797724,1.1526343,0.4293263,1.812948,6.0009027,0.75345922,0.87142956,2.3174825,1431,2.0582819
2097180,22000,34000,334,1.2747695e+09,0.14180526,328.6857,9246.4805,52506.355,3299.5833,105516.48,336104.72,6935531,1.8519201e+11,0.72929817,1.2897021,0.40435836,1.82629,6.2600775,0.78600067,0.87634313,2.2629371,1431,2.0036671
2097181,22000,36000,330,1.266053e+09,0.14750634,318.20667,10436.877,54301.895,3604.9048,101781.55,328416.94,6888753,1.85828e+11,0.73869395,1.2690287,0.39951575,1.8246944,6.246243,0.78426367,0.87608469,2.2657342,1431,2.0063982
2097182,22000,38000,311,1.2112835e+09,0.16540781,312.04059,12396.123,56138.773,3572.679,109997.34,303354.06,6609227,1.83188e+11,0.79813296,1.0802782,0.42255434,1.8023233,5.8914542,0.73971713,0.86930764,2.341958,1431,2.0839303
2097183,22000,40000,309,1.1874074e+09,0.17734668,306.14117,13915.02,58013.062,3572.679,105298.81,290063.62,6732149,1.93516e+11,0.80561507,1.0588289,0.41983697,1.8016868,5.8853202,0.73894697,0.86918789,2.3433566,1431,2.0850661
2097184,22000,42000,300,1.1630492e+09,0.18131056,301.21396,15265.709,59921.25,3034.7144,104406.2,283917.66,6658749,1.9718799e+11,0.82033443,1.0324718,0.40760869,1.7985424,5.8578758,0.73550111,0.86865085,2.3496504,1431,2.0904412
2097185,22000,44000,292,1.1311657e+09,0.18140505,296.92947,16349.598,61860.199,2202.0911,105120.95,279926.06,6534335.5,1.96328e+11,0.83973545,0.99559456,0.3972789,1.7950701,5.8306861,0.73208725,0.86811703,2.3559442,1431,2.0964103
2097186,22000,46000,288,1.1072251e+09,0.21437788,293.46002,17705.506,61539.766,2200.2483,86550.266,254760.97,6577145.5,2.02292e+11,0.85436022,0.96771485,0.39944521,1.7889853,5.7770567,0.72535372,0.86705863,2.3685315,1431,2.1108987
2097187,22000,48000,283,1.0923256e+09,0.22184472,290.76102,19343.834,63523.492,2200.2483,84862.18,248746.2,6686589,2.1419999e+11,0.862692,0.94945711,0.39251041,1.7868668,5.7623343,0.7235052,0.86676681,2.3720279,1431,2.1142056
2097188,22000,50000,282,1.0806954e+09,0.22678618,288.56635,21051.588,65508.211,2200.2483,84248.164,244708.08,6985862,2.35228e+11,0.86100805,0.95053095,0.37700534,1.7937843,5.8397212,0.73322171,0.8682946,2.3538461,1431,2.0931902
2097189,22000,52000,277,1.0724724e+09,0.22439596,286.75262,22774.074,67493.828,2200.2483,87091.836,245070.19,7120052.5,2.48712e+11,0.87055933,0.93360585,0.37331536,1.7898672,5.8067284,0.72907919,0.86764508,2.3615384,1431,2.1015224
2097190,22000,54000,279,1.0758385e+09,0.21421473,285.13632,24236.434,69480.273,2200.2483,91546.656,251219.77,7499280.5,2.73236e+11,0.85015857,0.98931307,0.37601078,1.7908965,5.8126993,0.72982889,0.86776286,2.3601398,1431,2.1000097
2097191,22000,56000,298,1.1414052e+09,0.19405569,281.5965,23962.059,71467.469,2234.8052,94723.039,271870.22,8106503,3.02528e+11,0.73972386,1.3505508,0.35017627,1.8064073,6.2221794,0.78124225,0.87563407,2.2706294,1431,2.0194042
2097192,22000,58000,291,1.1129555e+09,0.19494838,280.26099,26158.828,73455.367,1300.2856,99252.086,267845.31,8415106,3.2942001e+11,0.72885412,1.3433529,0.34114888,1.8015893,6.2051044,0.77909833,0.87531358,2.2741258,1431,2.025043
2097193,22000,60000,258,9.9036998e+08,0.24008697,281.28949,31074.768,75443.898,553.99164,94947.547,227677.11,8437132,3.5658e+11,0.85578984,0.90388513,0.34584451,1.7796543,5.7623343,0.7235052,0.86676681,2.3720279,1431,2.1141622
2097194,22000,62000,249,9.6719469e+08,0.23701014,280.42642,33045.496,77433.023,241.1227,101333.34,226453.17,8640693,3.8177201e+11,0.84657985,0.89318353,0.33333334,1.7737981,5.738934,0.72056711,0.86630183,2.3776224,1431,2.1216142
2097202,22000,78000,72,2.9066003e+08,0.23805718,165.7543,14029.038,35508.043,946.35498,62334.855,123867.38,1364258,3.1828001e+10,0.74765259,0.56306481,0.14145383,1.8816488,4.0565844,0.50933522,0.82841474,2.948951,1431,2.3937757
2097203,22000,80000,49,2.0164904e+08,0.36183441,175.1492,19511.619,34094.867,140.03078,43715.066,83685.086,974547.94,2.3736001e+10,0.97789115,0.42254993,0.22072072,2.1020448,3.0440764,0.3822071,0.79947579,3.5972028,1431,2.5660377
2162692,24000,-14000,31,1.430408e+08,0.093581647,104.30227,5907.499,44402.773,1022.8254,66765.289,138592.44,380397.28,8.5639997e+09,0.51397848,0.75551814,0.046199702,1.6515115,4.7323985,0.59418887,0.84482521,2.6706293,1431,2.4093297
2162693,24000,-12000,21,93313952,0.24466571,191.1037,3255.4492,20954.977,1019.4694,21770.674,69229.578,152970.05,1.748e+09,0.80000001,0.70479381,0.05511811,1.9224212,3.5993953,0.45193163,0.81611288,3.1965034,1431,2.4871507
2162703,24000,8000,415,1.5690449e+09,0.090418816,54.456047,23421.062,81445.812,1113.6029,218125.06,466974.53,13505814,5.7972798e+11,0.54135382,1.5807796,0.42564103,1.614132,7.6441517,0.95978177,0.90032518,2.0342658,1431,2.0123141
2162704,24000,10000,441,1.6692637e+09,0.051991109,46.893383,21695.783,131311.91,3088.9797,352307.5,635188.88,14315355,6.3384401e+11,0.51846009,1.6932278,0.43024391,1.6025271,8.0639801,1.0124944,0.90696877,1.9804196,1431,1.9776763
2162705,24000,12000,467,1.7730321e+09,0.051479865,35.620338,22075.885,131270.36,2472.9397,349915,657876.75,15248294,7.0336001e+11,0.50238484,1.7968982,0.44391635,1.5978167,8.3808012,1.0522736,0.91181833,1.9433566,1431,1.9518403
2162706,24000,14000,470,1.7135096e+09,0.061020803,31.235378,21726.533,131320.27,2472.679,293764.97,594031.19,16529440,8.6468402e+11,0.49783605,1.8010335,0.39629006,1.4636694,9.3823242,1.1780226,0.92632723,1.8426573,1431,1.9765785
2162707,24000,16000,447,1.6839562e+09,0.064479239,28.306843,19675.424,127989.51,2472.679,264370.66,572875.62,13995054,5.9018799e+11,0.54144722,1.649029,0.48799127,1.6240379,7.5071049,0.9425745,0.89809924,2.0531468,1431,2.0299883
2162708,24000,18000,413,1.5851267e+09,0.077831566,27.244411,17106.336,97182.664,2472.679,265841.97,505893.41,11841810,4.5901201e+11,0.58327651,1.5010186,0.49520382,1.8198719,6.6309094,0.83256137,0.88312054,2.1923077,1431,1.9702117
2162709,24000,20000,382,1.448133e+09,0.080236711,31.273436,13594.858,93189.383,2472.679,246392.22,476236.41,9899849,3.45036e+11,0.63642108,1.3724226,0.44418603,1.8117882,6.6270223,0.83207339,0.88305098,2.193007,1431,1.9690042
2162710,24000,22000,348,1.336668e+09,0.10228483,38.074371,10573.215,71447.938,2472.679,183874.5,405238.88,7993272.5,2.38628e+11,0.72208422,1.2145557,0.4455826,1.8004757,6.2017007,0.77867097,0.87524962,2.2748251,1431,2.0401177
2162711,24000,24000,343,1.3070702e+09,0.15152749,33.3344,8976.4268,53884.582,2472.679,111576.85,329237.03,7612914.5,2.18288e+11,0.74354255,1.1897639,0.45131579,1.8181467,6.0685453,0.76195234,0.87272674,2.3027973,1431,2.0466764
2162712,24000,26000,348,1.3375041e+09,0.13488622,24.803669,7226.2583,51884.574,2472.679,126391.15,352995.12,7463273,2.0606399e+11,0.71978205,1.3147278,0.4128114,1.8314475,6.3694086,0.79972798,0.87837118,2.2412589,1431,1.9846073
2162713,24000,28000,347,1.3377697e+09,0.13717102,9.7758579,6271.7065,49884.562,3069.7102,109430.18,350077.69,7343896,2.0034799e+11,0.72565842,1.3159651,0.41162515,1.8310915,6.3658223,0.79927772,0.87830508,2.2419581,1431,1.9852573
2162714,24000,30000,344,1.3197037e+09,0.13643177,351.51834,6245.8481,48079.148,4549.6553,120313.62,348646.59,7183565,1.92964e+11,0.73182929,1.3036276,0.40806642,1.8299942,6.3550873,0.79792982,0.87810701,2.244056,1431,1.9872348
2162715,24000,32000,339,1.2960347e+09,0.13509047,335.69989,6918.8823,49726.477,5189.1982,121080.68,347216.94,7040028.5,1.8922e+11,0.74510831,1.2607719,0.44140625,1.8195993,6.0816031,0.76359183,0.87297595,2.3,1431,2.041832
2162716,24000,34000,342,1.3082496e+09,0.14062537,320.36099,7559.0469,51550.137,5257.7603,106486.96,341915.19,7039686,1.8788799e+11,0.725815,1.3260449,0.40569395,1.8292377,6.3479509,0.79703379,0.87797517,2.2454545,1431,1.9885764
2162717,24000,36000,337,1.2903145e+09,0.14178514,309.42609,8898.6553,53417.633,5593.394,116161.6,338171.78,6951115.5,1.87756e+11,0.73535752,1.3085948,0.39976275,1.8272597,6.3301792,0.79480249,0.87764645,2.248951,1431,1.9920119
2162718,24000,38000,323,1.2373823e+09,0.14022185,303.23334,10847.292,55324.527,5572.6792,130105.73,333003.69,6797196.5,1.90528e+11,0.77297461,1.1866846,0.39680588,1.8214642,6.181356,0.77611655,0.87486672,2.279021,1431,2.018436
2162719,24000,40000,308,1.1876685e+09,0.15906261,297.55075,12303.223,57266.887,5572.6792,115117.15,306315.16,6504925,1.85224e+11,0.81185752,1.0738131,0.41847825,1.80136,5.8822584,0.73856252,0.86912805,2.3440559,1431,2.0856419
2162720,24000,42000,298,1.1455455e+09,0.18743967,292.43259,13486.085,57333.422,4691.5332,94088.836,277127.97,6278666,1.7941601e+11,0.83757031,1.0155125,0.41274238,1.7931464,5.8097124,0.72945386,0.86770397,2.3608391,1431,2.1038063
2162721,24000,44000,291,1.1222829e+09,0.19939272,288.83099,15169.94,59322.953,4201.2139,88866.594,265950.91,6280296,1.8575199e+11,0.85351348,0.98249012,0.40360612,1.7901862,5.7859263,0.72646737,0.86723417,2.3664336,1431,2.1089811
2162722,24000,46000,287,1.104185e+09,0.21000805,286.12244,16954.322,61313.164,4200.248,86464.328,257044.23,6394638,1.97348e+11,0.86089522,0.96611708,0.39805827,1.7885733,5.7741065,0.72498322,0.86700016,2.3692307,1431,2.1115489
2162723,24000,48000,282,1.0900992e+09,0.21845968,284.03619,18787.682,63303.988,4200.248,83908.891,250410.36,6484998,2.0820001e+11,0.8707251,0.94913548,0.3944056,1.7843987,5.7418489,0.72093308,0.86635983,2.3769231,1431,2.1200666
2162724,24000,50000,279,1.0804128e+09,0.21889788,282.37311,20605.396,65295.379,4200.248,85371.938,249045.67,6753358,2.2793599e+11,0.87238598,0.93752903,0.39020979,1.7830811,5.7331138,0.71983629,0.86618602,2.3790209,1431,2.1220875
2162725,24000,52000,278,1.076155e+09,0.21715201,280.95917,22342.152,67287.281,3642.5732,86647.289,249551.64,7006734,2.4594399e+11,0.86655587,0.95561033,0.3888112,1.7826301,5.7302079,0.71947145,0.86612815,2.3797202,1431,2.1227722
2162726,24000,54000,283,1.1009522e+09,0.19138624,278.9454,23266.656,69279.641,2311.8347,100157.08,268864.72,7428165,2.70196e+11,0.82537651,1.0818434,0.33451536,1.7973315,6.1544366,0.77273661,0.87435871,2.2846153,1431,2.0354896
2162727,24000,56000,292,1.1224282e+09,0.19765759,276.06689,24303.361,71272.438,2093.4031,91534.859,267132.97,7945187.5,2.9717201e+11,0.74829358,1.3136532,0.34515366,1.8033448,6.1847377,0.77654111,0.87493044,2.2783217,1431,2.0269902
2162728,24000,58000,278,1.0678832e+09,0.19439246,274.87482,26985.852,73265.625,2093.4031,105243.72,262740.56,8169240.5,3.22848e+11,0.73677373,1.2686305,0.32667449,1.7929147,6.1544366,0.77273661,0.87435871,2.2846153,1431,2.0384552
2162729,24000,60000,239,9.3638387e+08,0.2094716,276.13208,31880.438,75259.172,2093.4031,107879.05,237011.44,7810490,3.3321199e+11,0.85538483,0.88401318,0.32210243,1.7658026,5.6955667,0.71512198,0.86543649,2.3881118,1431,2.134546
2162730,24000,62000,219,8.641815e+08,0.22131665,275.1283,34092.184,77253.055,2093.4031,108333.02,221513.58,7634963.5,3.4403199e+11,0.87026101,0.76024449,0.29594594,1.7493289,5.6331344,0.70728308,0.86418205,2.4034965,1431,2.1565921
2162731,24000,64000,201,7.9315981e+08,0.20924838,273.83252,34860.094,79247.242,1903.6305,108082.97,218249.98,7133611,3.3151599e+11,0.86039799,0.71802866,0.2701613,1.7328628,5.5941119,0.70238358,0.86339283,2.4132867,1431,2.1749997
2162732,24000,66000,197,7.7917043e+08,0.18736528,273.68759,34289.816,81241.719,1590.7615,113383.71,228600.2,6946308.5,3.3014399e+11,0.81145757,0.7686336,0.26478493,1.7288045,5.5830617,0.70099616,0.8631686,2.4160838,1431,2.1799338
2162733,24000,68000,197,7.8354746e+08,0.18466176,274.01224,33939.574,83236.461,1277.8926,106814.89,230913.39,6880808.5,3.3477201e+11,0.78441936,0.82842511,0.26514131,1.7287382,5.5803061,0.70065016,0.86311263,2.4167833,1431,2.1805086
2162734,24000,70000,192,7.6202227e+08,0.17951542,273.73413,35308.176,85231.445,965.02368,107656.52,230960.59,6907220.5,3.4806399e+11,0.77868676,0.81672204,0.25841185,1.7235175,5.5665684,0.69892526,0.86283326,2.4202797,1431,2.1868162
2162735,24000,72000,187,7.4618765e+08,0.17472422,273.53342,36780.324,87226.664,652.15472,109018.96,231660.72,6908263,3.5792401e+11,0.77563107,0.80436468,0.25202155,1.7180681,5.5501719,0.69686657,0.86249924,2.4244754,1431,2.1938503
2162736,24000,74000,185,7.3415821e+08,0.17030935,273.37857,38333.34,89222.094,339.2858,110705.46,232745.08,7027244,3.7357201e+11,0.76809633,0.80235678,0.24932614,1.7158623,5.5447278,0.69618303,0.86238813,2.4258742,1431,2.1964853
2162737,24000,76000,182,7.2473088e+08,0.16638671,273.2522,39953.508,91217.727,26.41687,112577.11,233955.89,7192273,3.9283199e+11,0.76492018,0.79450125,0.24528302,1.7124989,5.536582,0.69516021,0.86222178,2.4279721,1431,2.2004902
2228228,26000,-14000,227,8.9650317e+08,0.11393975,87.370193,47256.672,103066.04,1022.8254,153110.56,314443.94,11463548,7.1331598e+11,0.74691045,1.5056597,0.28233832,1.7572777,5.8427391,0.73360062,0.8683539,2.3531468,1431,2.1131985
2228229,26000,-12000,232,9.0817056e+08,0.11619104,87.062531,45634.555,101074.82,1529.5372,158436.44,313402.41,11305282,6.83456e+11,0.74940288,1.52192,0.2885572,1.7618978,5.8578758,0.73550111,0.86865085,2.3496504,1431,2.1073499
2228230,26000,-10000,227,8.7848115e+08,0.14273877,86.156509,46329.164,99083.945,1140.2482,146068.95,278099.47,11020281,6.4852001e+11,0.83291101,0.94808173,0.30884352,1.7553731,5.6415668,0.7083419,0.86435211,2.4013987,1431,2.1513267
2228231,26000,-8000,230,8.9412346e+08,0.14996219,85.99231,44612.055,97093.453,1140.2482,140939.56,273723.94,10848112,6.2059197e+11,0.84549081,0.8718918,0.31292516,1.7577764,5.6500249,0.70940387,0.86452246,2.3993008,1431,2.1482484
2228232,26000,-6000,237,9.1866054e+08,0.1539022,85.882004,42599.691,95103.352,1140.2482,137909.39,273879.81,10694982,5.89248e+11,0.85421586,0.86401474,0.32201087,1.7633338,5.6727047,0.71225148,0.86497831,2.3937063,1431,2.140588
2228233,26000,-4000,245,9.5042566e+08,0.15761007,85.827553,40543.891,93113.68,1140.2482,121902.3,275278.34,10612048,5.6676398e+11,0.85085315,0.89482015,0.32026145,1.6066505,6.0072794,0.75425994,0.87155229,2.3160839,1431,2.2235994
2228234,26000,-2000,257,9.8633312e+08,0.16234404,85.707191,38276.664,91124.461,1140.2482,112799.38,276311.25,10574981,5.4206802e+11,0.85329521,0.93087113,0.33594772,1.6153053,6.0458288,0.75910008,0.87229228,2.3076923,1431,2.2117901
2228235,26000,0,267,1.0310441e+09,0.16624495,85.489105,35784.617,89135.727,1140.2482,109561.15,279170.38,10420231,5.1183999e+11,0.8493706,0.96372789,0.34856397,1.6221114,6.0816031,0.76359183,0.87297595,2.3,1431,2.2017636
2228236,26000,2000,280,1.0779517e+09,0.16905136,84.894684,33052.902,87147.5,1140.2482,103875.29,283070.91,10189722,4.77292e+11,0.84278035,1.0004904,0.36505866,1.6300685,6.1277509,0.76938599,0.87385345,2.2902098,1431,2.1897335
2228237,26000,4000,300,1.1581578e+09,0.15733257,82.978394,29668.922,85159.828,1140.2482,105896.8,304144.19,10045798,4.4336801e+11,0.8018952,1.061836,0.38412291,1.6409904,6.246243,0.78426367,0.87608469,2.2657342,1431,2.1645107
2228238,26000,6000,378,1.4349523e+09,0.092148833,67.317055,24635.236,83172.75,1140.2482,190717.72,442362.94,12232890,5.2453199e+11,0.62976998,1.3574913,0.43800697,1.6425687,6.906353,0.86714548,0.8879773,2.1447554,1431,2.0786939
2228239,26000,8000,436,1.6904035e+09,0.085609786,57.756741,20415.795,81186.305,1510.916,197003.66,498125.09,13517818,5.6253599e+11,0.54239166,1.6398445,0.44174266,1.6169987,7.818603,0.98168546,0.90311718,2.0111887,1431,1.9928415
2228240,26000,10000,454,1.7514687e+09,0.079898946,51.887978,18770.262,79200.547,3201.2683,205704.41,524850.5,13766059,5.5718799e+11,0.52930534,1.698477,0.45812312,1.6197097,7.9393964,0.99685198,0.90502399,1.9958042,1431,1.9800088
2228241,26000,12000,481,1.8498845e+09,0.054576684,39.546909,19396.094,129269.62,4472.8232,311212.94,652640,15192664,6.8668398e+11,0.50274599,1.824452,0.38884398,1.4366032,9.8310432,1.2343627,0.93246782,1.8041958,1431,1.9648219
2228242,26000,14000,491,1.8033503e+09,0.057818759,34.980862,18857.932,129320.4,4472.6792,279633.59,626052.25,16640052,8.4742799e+11,0.4849495,1.889956,0.38691884,1.3636421,10.268574,1.2892981,0.93826491,1.7699301,1431,1.9992779
2228243,26000,16000,464,1.7416707e+09,0.06481842,32.580872,17465.789,124263.5,4472.6792,242501.91,581083.75,14094786,5.8226003e+11,0.53334701,1.7053609,0.50053936,1.6252311,7.6493235,0.9604311,0.90040863,2.0335665,1431,2.0147543
2228244,26000,18000,423,1.6245556e+09,0.0771299,33.44202,14982,95225.406,4472.6792,247112.44,514470.91,11922489,4.6178399e+11,0.57590222,1.5535043,0.44761905,1.6030724,7.552238,0.94824129,0.89883554,2.0468531,1431,2.0370181
2228245,26000,20000,383,1.4691261e+09,0.094500348,42.588474,11650.864,69284.016,4472.6792,180782.06,441995.44,9665814,3.33196e+11,0.64173716,1.4019905,0.42180616,1.612251,7.1645756,0.89956731,0.8924036,2.1034966,1431,2.070761
2228246,26000,22000,355,1.3634172e+09,0.12645358,52.45787,9283.2627,67303.68,4472.6792,105660.86,368089.78,8115537.5,2.49404e+11,0.71759367,1.2867503,0.41764706,1.6511188,6.7376046,0.84595782,0.885019,2.1734266,1431,2.0900998
2228247,26000,24000,349,1.3447688e+09,0.12827155,46.455078,7627.5874,65323.32,4472.6792,111305.78,362964.03,7722754,2.2814401e+11,0.73126835,1.2609195,0.41058823,1.6490306,6.7135987,0.84294373,0.88459378,2.1776223,1431,2.0941331
2228248,26000,26000,355,1.372231e+09,0.11795792,38.878281,5579.9146,63351.676,4472.6792,124039.95,382344.62,7619732,2.1645201e+11,0.70880878,1.3913022,0.38378379,1.6496791,7.0528388,0.88553786,0.89050281,2.1209791,1431,2.0444636
2228249,26000,28000,350,1.3640586e+09,0.11871681,19.286072,4307.3018,61382.039,4828.4404,107786.59,379984.03,7309438,1.99144e+11,0.72297996,1.3597444,0.41518387,1.8321445,6.3765936,0.80063009,0.87850356,2.2398601,1431,1.9833214
2228250,26000,30000,348,1.3465115e+09,0.12419942,350.22186,4063.6992,53502.613,5881.333,111171.85,369105.22,7158215,1.90836e+11,0.72682101,1.3346841,0.4128114,1.8314475,6.3694086,0.79972798,0.87837118,2.2412589,1431,1.9846073
2228251,26000,32000,343,1.3286821e+09,0.132691,327.45447,4812.6948,48810.617,7189.1982,104999.12,354727.41,6950140,1.8254401e+11,0.73755819,1.2971089,0.40543735,1.8295013,6.3622398,0.79882789,0.87823898,2.2426574,1431,1.9862705
2228252,26000,34000,343,1.3245985e+09,0.13884306,309.45139,5780.7573,50713.508,7238.8423,100390.32,346246.16,6946400.5,1.8305199e+11,0.73051679,1.3344953,0.40543735,1.8295013,6.3622398,0.79882789,0.87823898,2.2426574,1431,1.9862705
2228253,26000,36000,340,1.3004932e+09,0.13956362,298.55286,7244.8354,52657.988,7587.936,100906.61,342194.38,6946630,1.8689601e+11,0.73269129,1.3360341,0.40189126,1.8283262,6.3515172,0.7974816,0.87804109,2.2447553,1431,1.9883248
2228254,26000,38000,318,1.2331834e+09,0.13567655,292.12286,8515.4072,54639.625,7572.6792,116135.17,337960.84,6407990.5,1.7168001e+11,0.79199648,1.1727787,0.41191709,1.8143232,6.0264926,0.75667226,0.87192154,2.3118882,1431,2.0504601
2228255,26000,40000,306,1.1787775e+09,0.16786249,287.65091,10064.669,55165.125,7427.7695,84338.969,297059.91,6145328,1.65796e+11,0.82550091,1.069388,0.41295546,1.8022463,5.8914542,0.73971713,0.86930764,2.341958,1431,2.0825562
2228256,26000,42000,300,1.1494865e+09,0.17532465,283.81836,11950.916,57160.145,6543.0479,80258.805,287035.34,6115941,1.6984e+11,0.83846152,1.0340629,0.40485829,1.8000295,5.8730912,0.7374115,0.86894882,2.3461537,1431,2.0862665
2228257,26000,44000,291,1.1239935e+09,0.18250744,280.91086,14037.323,59155.504,6200.9023,76671.562,278193.22,6041348,1.74052e+11,0.85676026,0.9947533,0.406993,1.7880328,5.7682142,0.72424346,0.86688346,2.3706293,1431,2.1143064
2228258,26000,46000,284,1.1034691e+09,0.19280545,278.8544,16139.172,61151.164,6200.248,74908.68,268179.34,6119378.5,1.8518e+11,0.87050217,0.95794916,0.39720279,1.7852474,5.7476869,0.7216661,0.86647594,2.3755245,1431,2.1187475
2228259,26000,48000,282,1.0882181e+09,0.20340142,277.37265,18184.812,63147.098,6200.248,71148.789,259290.08,6327640,2.0071599e+11,0.86910981,0.95974147,0.3944056,1.7843987,5.7418489,0.72093308,0.86635983,2.3769231,1431,2.1200666
2228260,26000,50000,281,1.0781345e+09,0.20958145,276.2168,20148.152,65143.285,4981.8154,69402.312,254252.36,6591909,2.1900801e+11,0.86639553,0.96823382,0.39300698,1.7839653,5.738934,0.72056711,0.86630183,2.3776224,1431,2.1207345
2228261,26000,52000,279,1.0770868e+09,0.20476599,275.10623,21898.219,67139.695,2982.4028,71827.992,257099.58,6877553,2.38796e+11,0.85866791,0.99193096,0.39020979,1.7830811,5.7331138,0.71983629,0.86618602,2.3790209,1431,2.1220875
2228262,26000,54000,284,1.1064883e+09,0.19407463,272.94699,22834.512,69136.312,985.37677,79954.688,267666.47,7280828.5,2.6030399e+11,0.80985916,1.1274887,0.3364929,1.7983278,6.1510882,0.77231622,0.87429541,2.2853148,1431,2.0353484
2228263,26000,56000,180,7.0054746e+08,0.14614831,261.87869,23296.027,71133.125,93.403191,91916.148,245429.53,4749844.5,1.8217199e+11,0.70434511,0.96438861,0.21403092,1.6969079,5.8126993,0.72982889,0.86776286,2.3601398,1431,2.1652648
2228264,26000,58000,152,5.7521037e+08,0.12428688,258.86011,21851.314,73057.766,93.403191,120010.89,241160.2,3783878.5,1.4346401e+11,0.70172536,0.85105562,0.18116806,1.6579916,5.7244053,0.71874291,0.86601245,2.3811188,1431,2.2118881
2228265,26000,60000,134,4.8273158e+08,0.11183099,263.17139,24719.697,75035.812,93.403191,123713.83,232903.88,3427073.2,1.312e+11,0.82134444,0.62935179,0.1622276,1.6338062,5.6359425,0.7076357,0.86423874,2.4027972,1431,2.2469306
2228266,26000,62000,126,4.4663846e+08,0.13042635,264.6203,26931.23,77032.227,93.403191,109082.93,207443.73,3494084,1.41884e+11,0.9151746,0.4757024,0.1779661,1.6364369,5.3028612,0.66581482,0.85736996,2.4909091,1431,2.3044627
2228267,26000,64000,124,4.3548086e+08,0.13269101,264.94791,28618.449,79031.961,93.403191,107657.89,203080.73,3664848.5,1.55072e+11,0.93115658,0.44620201,0.17514125,1.6333333,5.2978916,0.66519082,0.85726511,2.4923077,1431,2.307941
2228268,26000,66000,124,4.3139344e+08,0.13321979,265.22156,30159.762,81031.711,93.403191,107399.66,201723.89,3862790.2,1.69412e+11,0.93115658,0.44620201,0.17514125,1.6333333,5.2978916,0.66519082,0.85726511,2.4923077,1431,2.307941
2228269,26000,68000,150,5.3592342e+08,0.13178958,268.18674,24671.25,83031.477,844.01038,106040.52,226055.86,4277207.5,1.86628e+11,0.73798656,0.69100839,0.2027027,1.6723609,5.4459057,0.68377513,0.86035776,2.4517481,1431,2.2482982
2228270,26000,70000,153,5.408256e+08,0.13096268,268.6272,26185.357,85031.25,2840.3623,106513.88,227803.16,4504900,2.0299601e+11,0.73374611,0.70348495,0.20675676,1.676463,5.4537868,0.68476468,0.86052066,2.4496503,1431,2.2435839
2228271,26000,72000,155,5.4548429e+08,0.1289569,268.97464,27800.092,87031.039,2627.5315,108434.12,230554.59,4742477,2.20416e+11,0.72693759,0.71346426,0.20945945,1.6791559,5.4590535,0.685426,0.86062944,2.4482517,1431,2.2404814
2228272,26000,74000,156,5.4991302e+08,0.12605718,269.25034,29481.645,89030.836,2314.6626,111011.46,234135.97,5005445.5,2.39296e+11,0.72704715,0.71735179,0.21081081,1.6804901,5.4616909,0.6857571,0.86068386,2.4475524,1431,2.2389421
2228273,26000,76000,181,6.4623334e+08,0.083034523,262.45557,25691.969,91030.648,1561.2455,175880.56,312730.53,5865815.5,2.7558399e+11,0.57335788,0.92679054,0.21169591,1.6935302,5.8578758,0.73550111,0.86865085,2.3496504,1431,2.1609154
2293764,28000,-14000,215,8.8985805e+08,0.11209375,91.650108,46890.625,102899.98,1022.8254,173836.03,315845.44,10618468,6.4503199e+11,0.76044339,1.4276036,0.26741293,1.7455536,5.8067284,0.72907919,0.86764508,2.3615384,1431,2.1278415
2293765,28000,-12000,223,9.2121293e+08,0.11575025,91.339691,45677.832,100905.48,1959.7518,183715.11,316245.25,10698210,6.33852e+11,0.76326102,1.4560857,0.27736318,1.7534703,5.8306861,0.73208725,0.86811703,2.3559442,1431,2.1179838
2293766,28000,-10000,224,9.195097e+08,0.1310017,90.487076,45683.254,98911.195,1959.7518,177928.38,296991.91,10615663,6.1484401e+11,0.82074791,1.1055444,0.30517712,1.7527615,5.6303287,0.70693088,0.86412549,2.4041958,1431,2.1551244
2293767,28000,-8000,227,9.2662848e+08,0.14771113,90.151451,44584.234,96917.148,1959.7518,160942.45,280770.28,10503933,5.9037201e+11,0.85302716,0.91570342,0.3092643,1.7552166,5.6387534,0.70798862,0.86429536,2.4020979,1431,2.1519978
2293768,28000,-6000,232,9.4784582e+08,0.15394525,89.997444,42618.305,94923.359,1959.7518,150586.44,278157.41,10341936,5.6003999e+11,0.87378711,0.84036571,0.31607631,1.7591799,5.6528502,0.70975858,0.86457932,2.3986013,1431,2.1469097
2293769,28000,-4000,244,9.7104083e+08,0.15866208,89.852455,40457.176,92929.836,1959.7518,141027.38,277323.78,10349077,5.38788e+11,0.87688053,0.87952089,0.33197278,1.7682374,5.6898341,0.7144022,0.8653217,2.3895104,1431,2.1346028
2293770,28000,-2000,252,9.9488928e+08,0.16282506,89.702118,38181.621,90936.594,1959.7518,131747.38,277096.91,10118257,5.0496799e+11,0.87911844,0.90284234,0.34100136,1.77446,5.7244053,0.71874291,0.86601245,2.3811188,1431,2.1244433
2293771,28000,0,259,1.019031e+09,0.16659623,89.540405,35817.637,88943.656,1959.7518,122693.66,277246.5,9825477,4.6997999e+11,0.88075781,0.92357594,0.34999999,1.7791532,5.7476869,0.7216661,0.86647594,2.3755245,1431,2.1175857
2293772,28000,2000,266,1.0488961e+09,0.16910258,89.283463,33301.805,86951.039,1959.7518,118297.58,279187.56,9501791,4.3555199e+11,0.88735992,0.9127301,0.35945946,1.7833639,5.7682142,0.72424346,0.86688346,2.3706293,1431,2.1117196
2293773,28000,4000,280,1.1081469e+09,0.16871369,88.50489,30231.979,84958.773,1959.7518,117373.66,287295.25,9226311,4.0269601e+11,0.87388635,0.95348126,0.37583894,1.7921005,5.8246779,0.7313329,0.86799878,2.3573427,1431,2.0969644
2293774,28000,6000,375,1.4571672e+09,0.089896463,71.816772,23507.627,82966.875,1971.957,218077.47,451323.88,11612438,4.8444001e+11,0.64179677,1.3142575,0.44964027,1.8157229,6.4863453,0.81441033,0.8805123,2.2188811,1431,1.9861541
2293775,28000,8000,429,1.6985556e+09,0.087440163,62.477772,19240.512,80975.383,2960.5498,217150.52,494071,12803744,5.1411599e+11,0.55515981,1.5768543,0.47508305,1.8245839,6.9788275,0.8762452,0.88923162,2.1328671,1431,1.9174027
2293776,28000,10000,449,1.756532e+09,0.079623058,57.165962,17362.07,78984.32,4336.9473,215107.81,526518.38,13068139,5.08012e+11,0.5406459,1.6447257,0.49394938,1.8253586,7.09266,0.89053774,0.89118272,2.1146853,1431,1.9058259
2293777,28000,12000,477,1.8518871e+09,0.057792727,43.685898,17753.467,127268.88,5896.979,303494.56,634564.25,14587423,6.4741599e+11,0.51191795,1.7717814,0.41191709,1.6193039,8.8881292,1.1159726,0.91931522,1.8895105,1431,1.8848709
2293778,28000,14000,488,1.8229448e+09,0.058440693,38.95459,16786.246,127320.54,6472.6792,288442.97,626086,15922068,7.9176001e+11,0.4916518,1.850337,0.40131578,1.4741957,9.6961412,1.2174248,0.9306432,1.8153846,1431,1.9425132
2293779,28000,16000,457,1.7492669e+09,0.081922188,36.508888,15525.646,85544.055,6472.6792,185581.89,518002.94,13281525,5.2971998e+11,0.5433318,1.6531631,0.5222857,1.6509939,7.3128719,0.91818708,0.89489329,2.0811188,1431,2.0346007
2293780,28000,18000,416,1.6053759e+09,0.075828612,40.067764,12979.834,90969.297,6472.6792,256561.59,515794.56,11134576,4.1266001e+11,0.58690917,1.5037315,0.46584547,1.6388532,7.2240896,0.90703976,0.89340723,2.0944057,1431,2.0464046
2293781,28000,20000,369,1.4433094e+09,0.091684096,54.351616,9918.792,69036.742,6472.6792,194307.14,444772.22,8714030,2.8355199e+11,0.6759603,1.2918373,0.43208432,1.6389643,6.8312387,0.8577143,0.88666707,2.1573427,1431,2.0909514
2293782,28000,22000,346,1.357454e+09,0.12526235,64.774261,8090.5752,67049.094,6472.6792,124762.46,369026.22,7494651,2.1849199e+11,0.74221331,1.1940721,0.43412799,1.6653801,6.4640937,0.81161648,0.88010705,2.2230768,1431,2.118134
2293783,28000,24000,344,1.3457906e+09,0.12473714,61.099888,6369.5522,65062.211,6472.6792,124477.74,368210.16,7300279,2.0819599e+11,0.74996608,1.1975762,0.40470588,1.6471555,6.6937242,0.84044832,0.88424093,2.181119,1431,2.0976202
2293784,28000,26000,347,1.3750295e+09,0.11781149,58.563553,4317.5269,63076.152,6472.6792,134898.67,382972.09,7178085.5,1.97148e+11,0.73208845,1.3069761,0.37311828,1.6447889,7.0396638,0.88388366,0.89027721,2.1230769,1431,2.0489504
2293785,28000,28000,347,1.3705504e+09,0.11810795,40.849541,2706.2732,61091.004,6723.4331,119338.2,381867.66,7106380.5,1.91828e+11,0.73110557,1.3193097,0.37311828,1.6447889,7.0396638,0.88388366,0.89027721,2.1230769,1431,2.0489504
2293786,28000,30000,343,1.3612489e+09,0.1152578,355.29816,1994.4673,59106.855,7515.3706,132377.62,385246.34,6916768.5,1.8290799e+11,0.73772866,1.3185993,0.36881721,1.6426647,7.0221739,0.8816877,0.88997728,2.125874,1431,2.0524673
2293787,28000,32000,339,1.3399608e+09,0.10860708,314.47443,2727.8318,57123.816,8159.752,152013.12,393751.22,6802175.5,1.79364e+11,0.74702835,1.290633,0.36334404,1.639818,7.0178151,0.88114041,0.88990247,2.1265733,1431,2.0547907
2293788,28000,34000,337,1.314268e+09,0.11620376,292.11423,3881.2295,55142,8159.752,121198.39,376996.06,6775723.5,1.80232e+11,0.73814821,1.3567955,0.36120042,1.6386803,7.0091138,0.88004786,0.88975298,2.1279721,1431,2.056622
2293789,28000,36000,322,1.2589727e+09,0.12969066,278.91229,4840.7295,53161.543,8159.752,103412.89,349267.97,6303041,1.63244e+11,0.77361119,1.2629176,0.35076252,1.6328764,6.8811321,0.8639788,0.88753855,2.1489511,1431,2.0770254
2293790,28000,38000,308,1.2074641e+09,0.13310915,276.1937,6861.2905,53131.684,8159.752,121081.01,337627.69,6011789,1.5731199e+11,0.81350732,1.1434757,0.33551198,1.6237274,6.8229933,0.85667908,0.88652265,2.1587412,1431,2.0908546
2293791,28000,40000,293,1.1572539e+09,0.14566764,275.39059,9177.4932,55127.109,8159.752,107228.25,315964.06,5689183,1.50216e+11,0.86182147,1.0334847,0.39648172,1.796635,5.8457603,0.73397994,0.86841321,2.3524475,1431,2.0924616
2293792,28000,42000,286,1.128581e+09,0.1817416,273.93774,11407.034,57122.902,8159.752,88134,279347.09,5661802.5,1.5483199e+11,0.88506931,0.94618201,0.38753387,1.7932777,5.8216786,0.73095632,0.86793977,2.358042,1431,2.098062
2293793,28000,44000,282,1.1072378e+09,0.18905999,272.94916,13599.354,59119.02,8159.752,84878.477,271284.88,5750246,1.6445601e+11,0.89293557,0.93012351,0.38211381,1.7913935,5.8097124,0.72945386,0.86770397,2.3608391,1431,2.1009154
2293794,28000,46000,278,1.0854043e+09,0.19481798,272.14893,15947.469,61115.426,8159.752,84017.703,264597.78,5883090,1.76612e+11,0.89603406,0.92232198,0.3787466,1.7883857,5.7859263,0.72646737,0.86723417,2.3664336,1431,2.1070085
2293795,28000,48000,268,1.0600138e+09,0.19855194,271.37509,18528.426,63112.09,6980.9399,82745.305,259014.22,5913051,1.8723601e+11,0.9132148,0.88246179,0.36813188,1.78159,5.738934,0.72056711,0.86630183,2.3776224,1431,2.1193368
2293796,28000,50000,262,1.0337792e+09,0.21910375,270.58392,21207.613,65108.984,4980.9399,76052.938,243497.17,6124756.5,2.0498801e+11,0.91918927,0.86947602,0.38026124,1.7812998,5.5858202,0.70134246,0.86322463,2.4153845,1431,2.1478212
2293797,28000,52000,261,1.0261009e+09,0.22006069,269.45148,23261.439,67106.086,2980.9399,80032.5,242063.19,6484255.5,2.2674399e+11,0.89266133,0.93543208,0.31332532,1.7830385,6.0393696,0.7582891,0.87216854,2.3090909,1431,2.0629864
2293798,28000,54000,263,1.0279413e+09,0.24394891,268.04971,25033.725,69103.375,980.93994,78340.297,230112.2,7005445.5,2.5422401e+11,0.83847558,1.0567892,0.31534773,1.7844603,6.0490637,0.75950629,0.87235421,2.306993,1431,2.0604808
2293805,28000,68000,36,1.4840982e+08,0.54825944,56.813602,4273.2964,12938.402,838.82617,15109.183,58323.453,232201.25,1.732e+09,0.99047619,0.27780065,0.099722989,1.7668858,3.8002353,0.47714862,0.82165337,3.0804195,1431,2.552644
2293806,28000,70000,43,1.7098163e+08,0.40818653,14.76157,2375.554,12266.96,2838.8262,20428.852,72552.156,258550.17,1.836e+09,0.92026579,0.31316575,0.11497326,1.78881,3.8285472,0.48070341,0.8224166,3.0650349,1431,2.5264478
2293807,28000,72000,53,2.0144291e+08,0.22616157,299.94006,3472.77,22369,4602.9082,44002.863,105796.55,408811.72,4.292e+09,0.74600869,0.35725126,0.12864077,1.8258702,3.8998621,0.48965752,0.8243205,3.0272727,1431,2.4760978
2293808,28000,74000,64,2.377683e+08,0.17197387,279.41003,6621.3501,30535.389,3223.7532,57959.562,131810.7,664867.19,9.8279997e+09,0.64583331,0.41610327,0.14678898,1.8528876,3.9683046,0.49825102,0.82612342,2.9923077,1431,2.4345481
2293809,28000,76000,116,4.5129936e+08,0.10961765,202.40178,10773.554,44085.414,1248.3765,138010.56,227455.81,2200801,5.664e+10,0.41184407,0.79471356,0.19594595,1.9450488,4.287334,0.53830761,0.83423281,2.8440559,1431,2.2891116
2359310,30000,6000,374,1.3900617e+09,0.084838845,80.017838,23809.174,82518.477,219.06003,241837.2,453758.31,11357811,4.6635601e+11,0.63637799,1.3375287,0.44470868,1.8161045,6.5087509,0.81722349,0.88091934,2.2146852,1431,1.9819094
2359311,30000,8000,432,1.6989536e+09,0.088917881,67.329895,18141.414,80813.422,2219.0601,234993.06,490005.69,12686112,5.00004e+11,0.5523116,1.5891868,0.47840533,1.8248591,6.991775,0.87787086,0.88945472,2.1307693,1431,1.9160935
2359312,30000,10000,448,1.7467551e+09,0.079204872,63.499668,16057.206,78818.266,4219.0601,246620.28,526435.31,12655464,4.7746e+11,0.54355425,1.6372255,0.49284929,1.8253342,7.0882134,0.88997942,0.8911069,2.1153846,1431,1.9062029
2359313,30000,12000,474,1.8255283e+09,0.056343902,48.11409,16537.162,125268.12,6219.0601,332120.97,638080.94,14156961,6.1585202e+11,0.51528531,1.7565327,0.40932643,1.6182146,8.8672161,1.1133468,0.91901237,1.8916084,1431,1.8873578
2359314,30000,14000,488,1.8251319e+09,0.060611133,43.57539,15018.597,125320.69,8219.0596,311457.91,615142.69,15540392,7.5591601e+11,0.49238396,1.8450397,0.41112047,1.5633818,9.2898111,1.1664069,0.92503518,1.8510489,1431,1.8984252
2359315,30000,16000,455,1.7422679e+09,0.078140721,42.970173,13485.138,82899.859,8472.6787,230335.09,529326.56,12779622,4.93576e+11,0.5452292,1.6385218,0.49618322,1.824864,7.1555066,0.89842862,0.89225012,2.1048951,1431,1.8990265
2359316,30000,18000,406,1.5917011e+09,0.078364663,48.073551,11124.319,88412.867,8183.9702,279985.78,505214.22,10355716,3.6605202e+11,0.60475582,1.4351585,0.48218527,1.8208653,6.6348004,0.83305001,0.88319021,2.1916084,1431,1.9665798
2359317,30000,20000,360,1.4092392e+09,0.090057753,72.076942,8803.9795,68846.695,7030.2051,228795.73,443441.91,8090485.5,2.4876401e+11,0.69945836,1.2513385,0.43636364,1.8113656,6.3982458,0.80334872,0.87890184,2.2356644,1431,2.000335
2359318,30000,22000,346,1.3515145e+09,0.1276485,80.341408,7391.4907,66853.398,6314.2847,141966.59,364760.19,7346629.5,2.10184e+11,0.74564797,1.1986722,0.45052084,1.8211151,6.1045899,0.76647794,0.87341362,2.295105,1431,2.0384321
2359319,30000,24000,340,1.3442833e+09,0.12527469,80.898354,5601.5073,64860.52,6159.752,143319.16,367213.5,7013618.5,1.92856e+11,0.76078433,1.1848531,0.44270834,1.8198317,6.0848765,0.7640028,0.87303835,2.2993007,1431,2.0413313
2359320,30000,26000,345,1.3709878e+09,0.12187396,87.693062,3643.637,62868.094,6159.752,150729.05,375981.31,7034631,1.88252e+11,0.73838896,1.2902985,0.40683961,1.8301693,6.3765936,0.80063009,0.87850356,2.2398601,1431,1.9838455
2359321,30000,28000,341,1.3674796e+09,0.12222551,90.755661,1739.4161,60876.16,6159.752,135205.25,374959.56,6820254.5,1.77356e+11,0.74623078,1.2840419,0.40212265,1.8286163,6.3622398,0.79882789,0.87823898,2.2426574,1431,1.9865752
2359322,30000,30000,341,1.3519734e+09,0.11817922,196.59956,217.26762,58884.773,6159.752,159899.23,379156.44,6801884.5,1.7571199e+11,0.73958945,1.3388966,0.40212265,1.8286163,6.3622398,0.79882789,0.87823898,2.2426574,1431,1.9865752
2359323,30000,32000,331,1.3040929e+09,0.11120056,236.80164,1480.5155,56893.992,6159.752,170232.61,383889.03,6502822.5,1.6644401e+11,0.75561661,1.3044156,0.37570941,1.6694156,6.7295833,0.84495074,0.88487709,2.1748252,1431,2.0680933
2359324,30000,34000,320,1.2573846e+09,0.13311428,238.35086,2763.9683,54903.883,6159.752,129282.88,344529.72,6169281.5,1.5503599e+11,0.77887928,1.2409477,0.36994219,1.6642517,6.6231403,0.83158594,0.88298142,2.1937063,1431,2.0865452
2359325,30000,36000,311,1.2305828e+09,0.13977054,247.6973,4342.2031,52914.516,6159.752,123681.85,332623.22,5979688.5,1.51156e+11,0.79809147,1.1923984,0.36204889,1.6593636,6.5654473,0.82434213,0.88194466,2.2041957,1431,2.0978756
2359326,30000,38000,303,1.1981332e+09,0.14159253,255.35815,6063.9463,53314.008,6159.752,134931.31,326089.88,5870143.5,1.51332e+11,0.82794571,1.1002746,0.35273573,1.6546428,6.5350866,0.82053018,0.88139641,2.2097902,1431,2.1050739
2359327,30000,40000,297,1.1658118e+09,0.14386061,260.57895,7888.6348,55301.805,6159.752,133210.53,319115.72,5862984,1.56416e+11,0.84607333,1.0476255,0.32890365,1.6189786,6.7175879,0.84344459,0.88466454,2.176923,1431,2.108479
2359328,30000,42000,291,1.1473743e+09,0.16223028,262.76501,9805.6455,57290.578,6159.752,118220.84,298120.28,5846452,1.6098401e+11,0.86280364,1.00551,0.35187423,1.6185687,6.4054956,0.80425906,0.879035,2.2342658,1431,2.1563976
2359329,30000,44000,292,1.1349962e+09,0.16805731,263.94247,11772.934,59280.219,6159.752,115265.59,291322.09,6044791,1.7267601e+11,0.8577649,1.0177934,0.35308343,1.6191803,6.4091272,0.80471498,0.87910163,2.2335665,1431,2.1554885
2359330,30000,46000,289,1.1246661e+09,0.17187178,264.72147,13781.078,61270.621,6159.752,104091.96,286757.28,6181582,1.8427199e+11,0.85998172,1.032915,0.34945586,1.6173292,6.3982458,0.80334872,0.87890184,2.2356644,1431,2.158231
2359331,30000,48000,288,1.1146396e+09,0.17301711,265.19736,15869.562,63261.715,6159.752,103852.12,284529.72,6401750,1.99364e+11,0.85927218,1.0404701,0.34824666,1.6167015,6.3946266,0.80289435,0.87883538,2.2363636,1431,2.1591554
2359332,30000,50000,282,1.1058618e+09,0.16931465,265.29529,17997.18,65253.422,4980.9399,106069.62,286489.09,6546205.5,2.1348799e+11,0.86221951,1.0418082,0.34057972,1.612888,6.3765936,0.80063009,0.87850356,2.2398601,1431,2.1641567
2359333,30000,52000,276,1.0871139e+09,0.19305563,264.2388,20825.975,67245.68,2980.9399,110677.05,266012,6698852,2.27948e+11,0.85918313,1.0404648,0.32508835,1.7918223,6.1410646,0.77105767,0.87410575,2.2874126,1431,2.041225
2359334,30000,54000,254,9.9233882e+08,0.21984997,265.16238,25839.74,69238.445,980.93994,110036.95,238161.59,6765896,2.4632001e+11,0.89184898,0.9045859,0.30455637,1.7772087,6.0200748,0.75586647,0.87179828,2.3132868,1431,2.0701048
2359341,30000,68000,41,1.6531234e+08,0.43458471,73.415138,3048.2405,13968.487,838.82617,19234.137,69138.562,248275.89,1.704e+09,0.9621951,0.30293918,0.11263736,1.7793878,3.810482,0.47843519,0.82193005,3.0748253,1431,2.5394773
2359342,30000,70000,57,2.1455085e+08,0.22211923,303.68671,2602.8691,27210.973,2838.8262,42672.098,110173.45,452956.72,5.152e+09,0.81704259,0.37407595,0.14766839,1.8223521,3.8599181,0.48464227,0.82325739,3.0482519,1431,2.4909062
2359343,30000,72000,74,2.6681733e+08,0.1502592,282.03482,8092.998,45595.543,4838.8262,62754.293,149379.64,970532.56,2.1828e+10,0.75305444,0.4531807,0.17661098,1.8655825,3.9337857,0.4939169,0.82521707,3.0097902,1431,2.4360552
2359344,30000,74000,100,3.645456e+08,0.068019353,270.86249,14633.702,68722.445,2910.8843,160650.36,259516.28,2045095.6,7.1199998e+10,0.6258586,0.57539964,0.12004802,1.5857041,5.5311646,0.69448006,0.86211109,2.4293706,1431,2.3069689
2359345,30000,76000,136,5.0443622e+08,0.085307896,251.7852,16171.461,70698.695,935.50757,159509.45,272592.22,3387595,1.24844e+11,0.4925926,0.80786961,0.16229117,1.6493269,5.6443834,0.70869553,0.86440885,2.4006994,1431,2.2329228
2424846,32000,6000,359,1.326833e+09,0.098385461,84.266212,24646.865,79202.039,219.06003,210293.47,411668.5,10985452,4.4716799e+11,0.63455284,1.2561054,0.40066963,1.8080313,6.6621685,0.83648628,0.88367909,2.1867132,1431,1.9615158
2424847,32000,8000,415,1.6098176e+09,0.10087448,71.934212,18848.225,77299.508,2219.0601,220869.84,447819.12,12190697,4.7424799e+11,0.55512482,1.510588,0.46629214,1.8238157,6.8644204,0.86188048,0.88724715,2.1517482,1431,1.9311163
2424848,32000,10000,429,1.6499332e+09,0.087640971,71.421837,16436.16,75404.992,4219.0601,208743.92,486389.88,11876366,4.3785601e+11,0.55478942,1.5490489,0.47826087,1.8249831,6.9530749,0.87301183,0.88878703,2.137063,1431,1.920804
2424849,32000,12000,456,1.754158e+09,0.062730663,55.084145,16111.525,123267.37,6219.0601,289986.38,592787.94,13429048,5.8189998e+11,0.52369386,1.6719725,0.39412272,1.6071638,8.7573204,1.0995486,0.9174124,1.9027972,1431,1.9045496
2424850,32000,14000,478,1.7639862e+09,0.059620198,50.348644,14348.678,123320.84,8219.0596,303773.19,609755.62,14872619,7.086e+11,0.49508345,1.8235477,0.40269586,1.559595,9.2140999,1.1569008,0.92397082,1.858042,1431,1.9070646
2424851,32000,16000,452,1.7135726e+09,0.081238315,49.431351,12435.966,80255.719,8240.4756,212493.67,514844.09,12379013,4.6413601e+11,0.54409081,1.624186,0.49291167,1.8248045,7.1419458,0.89672595,0.8920204,2.106993,1431,1.900157
2424852,32000,18000,392,1.5295215e+09,0.075175099,61.328831,10113.537,85858.5,6777.7686,275172.94,505645,9605599,3.2519599e+11,0.61644655,1.3814558,0.42935377,1.8160846,6.8644204,0.86188048,0.88724715,2.1517482,1431,1.9321721
2424853,32000,20000,342,1.3320604e+09,0.12557362,93.553192,9442.1191,66096.242,5365.144,146268.11,365104.94,7236225.5,2.0719999e+11,0.74196976,1.1830008,0.44415584,1.8208219,6.0980043,0.76565111,0.87328839,2.2965035,1431,2.0386848
2424854,32000,22000,336,1.3118333e+09,0.1323113,97.155991,7827.5376,64279.801,4385.3374,140233.83,352976.5,6914277,1.90404e+11,0.76288199,1.1543461,0.43693107,1.8191282,6.0750675,0.76277119,0.87285125,2.3013985,1431,2.0425484
2424855,32000,24000,337,1.3146623e+09,0.12382001,103.04996,6097.3999,62484.566,4159.752,150960.7,365272.19,6819799,1.81304e+11,0.75572276,1.1934899,0.39740565,1.8269839,6.3479509,0.79703379,0.87797517,2.2454545,1431,1.989379
2424856,32000,26000,337,1.3389823e+09,0.12651864,116.4359,4464.6738,60714.449,4159.752,149000.95,364682.66,6728858,1.7388e+11,0.7509008,1.2660308,0.39740565,1.8269839,6.3479509,0.79703379,0.87797517,2.2454545,1431,1.989379
2424857,32000,28000,336,1.3263363e+09,0.12493987,135.69678,3176.7388,58974.379,4159.752,145961.88,365242.44,6720349,1.72996e+11,0.75220329,1.291827,0.39669421,1.8266287,6.3408303,0.79613978,0.87784356,2.2468531,1431,1.9906083
2424858,32000,30000,318,1.2584342e+09,0.12484386,154.59227,3784.8123,57270.66,4159.752,152161.45,355907.06,6147783,1.5269999e+11,0.78471518,1.2386827,0.3817527,1.8192208,6.2290359,0.78210312,0.87576258,2.2692308,1431,2.0112522
2424859,32000,32000,311,1.2253979e+09,0.12855996,175.39629,3829.1292,55611.508,4159.752,147525.91,346091.25,5979459,1.47948e+11,0.79620373,1.2242167,0.37424791,1.8158071,6.1983004,0.77824408,0.87518567,2.2755244,1431,2.0177686
2424860,32000,34000,308,1.2040591e+09,0.13679755,198.53397,4163.0884,54007.793,4159.752,113385.1,332575.06,5925028.5,1.46888e+11,0.80145097,1.188574,0.37108433,1.8142854,6.1847377,0.77654111,0.87493044,2.2783217,1431,2.0206935
2424861,32000,36000,303,1.1878452e+09,0.14251083,218.15646,5085.6743,52474.266,4159.752,109207.8,323639.06,5837565,1.4599601e+11,0.80799073,1.1710941,0.36594203,1.8116791,6.1611447,0.77357882,0.87448543,2.2832167,1431,2.025816
2424862,32000,38000,295,1.1651194e+09,0.1457621,232.84445,6350.4893,53583.258,4159.752,118885.8,316933.25,5728802.5,1.46412e+11,0.84123141,1.0642844,0.35628021,1.8070893,6.1344004,0.77022094,0.87397951,2.2888112,1431,2.0325994
2424863,32000,40000,292,1.1416477e+09,0.14765209,242.87047,7871.9346,55559.879,4159.752,117723.98,311710.31,5761018.5,1.5128401e+11,0.85319871,1.0447141,0.35653237,1.805773,6.094717,0.7652384,0.87322581,2.2972028,1431,2.0397816
2424864,32000,42000,287,1.1257513e+09,0.16314621,248.95038,9585.7783,57538.355,4159.752,104936.38,294467.69,5771655.5,1.56836e+11,0.867742,1.0013586,0.38523489,1.7955266,5.8457603,0.73397994,0.86841321,2.3524475,1431,2.0918286
2424865,32000,44000,286,1.1183011e+09,0.16842236,252.541,11406.931,59518.48,4159.752,102540.62,288858.03,5905299.5,1.6649599e+11,0.86914492,0.99840528,0.38389263,1.7950543,5.8427391,0.73360062,0.8683539,2.3531468,1431,2.092546
2424866,32000,46000,283,1.1140965e+09,0.17098737,254.97922,13250.278,61500.07,4159.752,103098.83,286143.78,6037870.5,1.77928e+11,0.87617475,0.97543335,0.37986577,1.7936034,5.8336945,0.73246503,0.86817616,2.3552446,1431,2.0947306
2424867,32000,48000,283,1.1135809e+09,0.17030627,256.61188,15068.085,63482.969,4159.752,103990.2,286649.06,6288835,1.9383199e+11,0.86630076,1.0064361,0.37986577,1.7936034,5.8336945,0.73246503,0.86817616,2.3552446,1431,2.0947306
2424868,32000,50000,286,1.1224719e+09,0.15813704,257.19351,16723.969,65467.047,4159.752,114652.79,298659.19,6628116.5,2.1283199e+11,0.84691447,1.0576429,0.33647057,1.7987378,6.177978,0.77569246,0.87480307,2.2797203,1431,2.0309911
2424869,32000,52000,290,1.1344372e+09,0.16066322,257.31241,18359.268,67452.18,3268.374,117865.62,297876.97,7053449.5,2.36236e+11,0.81668061,1.1510259,0.32954547,1.6444317,6.5654473,0.82434213,0.88194466,2.2041957,1431,2.1067126
2424870,32000,54000,276,1.0834746e+09,0.16058518,261.00272,21280.771,69438.273,1660.8759,121761.77,291180,7097145.5,2.5100399e+11,0.8667984,0.96624655,0.31470925,1.6343428,6.501265,0.81628358,0.88078344,2.216084,1431,2.1229129
2424871,32000,56000,260,1.0238244e+09,0.2059561,263.23108,24266.633,71425.234,1340.2482,95431.984,249936.88,7254829,2.71708e+11,0.88809031,0.88245988,0.31707317,1.5966233,6.2704935,0.78730845,0.87653744,2.2608392,1431,2.1914456
2424872,32000,58000,234,9.1405184e+08,0.19538973,265.70892,27285.295,73412.984,1340.2482,103591.72,242459.66,7153978,2.8798799e+11,0.89615202,0.80175674,0.2857143,1.5745775,6.177978,0.77569246,0.87480307,2.2797203,1431,2.2213736
2424873,32000,60000,216,8.3840403e+08,0.18639238,267.13672,29504.336,75401.461,1340.2482,96688.469,237748.36,6981738,2.9831201e+11,0.89832044,0.77420485,0.26373628,1.5569748,6.1178031,0.76813704,0.87366474,2.2923076,1431,2.2439122
2424874,32000,62000,199,7.7578643e+08,0.17362601,268.20544,30935.178,77390.586,1340.2482,105066.59,236956.52,6645187.5,2.9816799e+11,0.89442158,0.7398473,0.24387255,1.5385923,6.0523019,0.75991285,0.8724162,2.3062937,1431,2.2685328
2424875,32000,64000,188,7.3437606e+08,0.16465734,268.89615,31848.143,79380.32,1340.2482,105216.5,236741.09,6388821.5,2.9768401e+11,0.8813858,0.72854698,0.23067485,1.5256963,6.0136704,0.75506234,0.87167519,2.3146853,1431,2.2848809
2424876,32000,66000,188,7.3145587e+08,0.15765156,268.9205,31823.559,81370.609,1340.2482,104667.81,241462.61,6388110,3.0700801e+11,0.82762545,0.80225945,0.23181258,1.5258815,6.0009027,0.75345922,0.87142956,2.3174825,1431,2.2869005
2424877,32000,68000,188,7.2988653e+08,0.14068002,268.80008,32232.342,83361.414,1581.1056,128111.32,255338.55,6382172,3.16192e+11,0.79110253,0.84453309,0.23181258,1.5258815,6.0009027,0.75345922,0.87142956,2.3174825,1431,2.2869005
2424878,32000,70000,179,7.0416928e+08,0.13170256,268.98148,33550.531,85352.688,3139.2993,139306.09,259206.78,6291549,3.2310801e+11,0.79812944,0.80125242,0.24554184,1.708268,5.4935374,0.68975568,0.86133975,2.4391608,1431,2.2118721
2424879,32000,72000,175,6.8073299e+08,0.13252228,269.0571,34444.051,87292.242,4031.2461,136634.64,254067.36,6194795,3.2174001e+11,0.78075534,0.782619,0.23712738,1.7042382,5.506917,0.69143558,0.86161447,2.4356644,1431,2.2122421
2424880,32000,74000,187,7.4050086e+08,0.09894146,263.1189,30708.357,89243.586,2598.0154,187054.8,306675.12,6681668.5,3.3950001e+11,0.64884138,0.89947569,0.22051887,1.7198505,5.8216786,0.73095632,0.86793977,2.358042,1431,2.1452322
2424881,32000,76000,186,7.2532378e+08,0.098810039,263.27673,32346.521,91207.68,622.63867,177198.39,303717.88,6743001.5,3.4169999e+11,0.6280151,0.91605294,0.21933962,1.7185748,5.8186827,0.73058015,0.86788076,2.3587413,1431,2.1467507
2490382,34000,6000,354,1.3300884e+09,0.10410493,88.569099,23985.482,77194.984,219.06003,203750.66,400690.97,10692135,4.2942398e+11,0.64187515,1.2340522,0.3950893,1.8059508,6.6425972,0.8340289,0.88332963,2.1902099,1431,1.9651874
2490383,34000,8000,412,1.6099331e+09,0.1091994,75.952438,17919.535,75209.625,2219.0601,209575.86,430426.22,12000850,4.60008e+11,0.55528784,1.4893599,0.46292135,1.8233929,6.8519397,0.86031348,0.88702923,2.1538463,1431,1.9325436
2490384,34000,10000,417,1.6018465e+09,0.092064165,80.467018,15986.027,73225.227,4219.0601,187254.14,467595.22,11309065,4.0763598e+11,0.56623548,1.4975213,0.46488294,1.8236305,6.9021368,0.86661613,0.88790405,2.1454546,1431,1.9262393
2490385,34000,12000,451,1.7161894e+09,0.067816399,61.155807,15270.533,121266.59,6219.0601,275659.91,563923.5,13210666,5.6918003e+11,0.52397144,1.6519922,0.3898012,1.604956,8.7235346,1.0953065,0.91691756,1.9062937,1431,1.9090494
2490386,34000,14000,466,1.7221075e+09,0.066376634,57.251198,13522.042,121321,8219.0596,263367.22,570988.62,14328222,6.7290399e+11,0.50253356,1.7421389,0.39659575,1.568893,9.0373306,1.134706,0.92146111,1.8748251,1431,1.9127407
2490387,34000,16000,439,1.6748831e+09,0.092961378,57.755249,11595.659,77611.648,6876.479,184259.8,475823.53,11837099,4.3569201e+11,0.55158567,1.5653199,0.48508286,1.8252192,7.0309081,0.88278431,0.89012712,2.1244755,1431,1.912033
2490388,34000,18000,379,1.4641001e+09,0.079460099,79.003113,9717.7969,83306.375,5413.7715,259326.23,481189.09,9044173,2.9675599e+11,0.63055104,1.340791,0.42017737,1.8141998,6.7658291,0.84950161,0.88551754,2.1685314,1431,1.945202
2490389,34000,20000,334,1.2861148e+09,0.12969923,105.81966,10454.414,63321.531,3951.0642,142067.19,353001.12,7043343.5,2.0076e+11,0.75057095,1.1787071,0.43433028,1.8186103,6.0685453,0.76195234,0.87272674,2.3027973,1431,2.0436006
2490390,34000,22000,328,1.2724241e+09,0.13557202,110.97858,8860.6992,61345.492,2567.5232,137132.19,343428.09,6739515.5,1.83896e+11,0.77243233,1.1220974,0.43328929,1.8137779,6.0104733,0.7546609,0.87161374,2.3153846,1431,2.0566692
2490391,34000,24000,329,1.2819432e+09,0.12865473,119.60246,7283.061,59371.492,2159.7517,146507.05,353855.91,6669028.5,1.76524e+11,0.76278818,1.188756,0.3879717,1.8234804,6.3195643,0.79346967,0.87744981,2.251049,1431,1.9952109
2490392,34000,26000,329,1.2836943e+09,0.12952554,133.70224,6300.895,57399.793,2159.7517,157477.83,352905.19,6667629.5,1.7321199e+11,0.75563425,1.2518679,0.3879717,1.8234804,6.3195643,0.79346967,0.87744981,2.251049,1431,1.9952109
2490393,34000,28000,302,1.1896698e+09,0.14185067,142.80371,7428.1611,55430.719,2159.7517,124285.21,324640.31,5928192,1.4886801e+11,0.81489956,1.1435184,0.36517534,1.8111751,6.1544366,0.77273661,0.87435871,2.2846153,1431,2.0271604
2490394,34000,30000,298,1.1722514e+09,0.13475548,155.05971,6952.3657,53464.648,2159.7517,142540.81,330629.88,5795051.5,1.4278001e+11,0.80758369,1.1732445,0.36033857,1.8089091,6.1410646,0.77105767,0.87410575,2.2874126,1431,2.0305233
2490395,34000,32000,300,1.1611994e+09,0.13688052,169.66443,6517.7021,51502.047,2159.7517,140649.47,326503.25,5811496.5,1.4161201e+11,0.80022299,1.2213101,0.36188179,1.8099384,6.1544366,0.77273661,0.87435871,2.2846153,1431,2.0278168
2490396,34000,34000,296,1.1495898e+09,0.14452727,186.00943,6417.5547,50024.715,2159.7517,122121.27,316156.03,5723464.5,1.39484e+11,0.80829132,1.1706599,0.35748792,1.8076816,6.1377311,0.77063906,0.87404257,2.2881119,1431,2.0317342
2490397,34000,36000,295,1.1403402e+09,0.15113692,202.18312,6852.8301,51979.496,2159.7517,118198.69,307919.28,5748580.5,1.41824e+11,0.81319034,1.1498014,0.35628021,1.8070893,6.1344004,0.77022094,0.87397951,2.2888112,1431,2.0325994
2490398,34000,38000,288,1.1245952e+09,0.15463629,216.49788,7653.7744,53938.137,2159.7517,128221,302306.41,5633818.5,1.4110001e+11,0.83853561,1.069893,0.34782609,1.8027942,6.1111894,0.76730657,0.87353909,2.2937062,1431,2.0387979
2490399,34000,40000,285,1.1078552e+09,0.15632328,227.81174,8791.2822,55900.172,2159.7517,127434.04,298424.56,5676941.5,1.46856e+11,0.85275513,1.0482316,0.37598944,1.7973359,5.8791995,0.73817849,0.86906826,2.3447552,1431,2.0835295
2490400,34000,42000,281,1.0948704e+09,0.17020285,236.02379,10188.146,57865.203,2159.7517,116290.12,284317.03,5693597,1.5190399e+11,0.86499745,1.004712,0.3771812,1.7926073,5.8276806,0.7317099,0.86805791,2.3566434,1431,2.0962143
2490401,34000,44000,281,1.0915695e+09,0.17571981,241.41357,11792.783,59832.887,2159.7517,114078.88,279396.06,5889037,1.64748e+11,0.86347228,1.0015109,0.3771812,1.7926073,5.8276806,0.7317099,0.86805791,2.3566434,1431,2.0962143
2490402,34000,46000,280,1.0923764e+09,0.17742479,245.22194,13448.524,61802.941,2159.7517,100178.56,278153.12,6048775,1.7592001e+11,0.86466974,1.0015426,0.37583894,1.7921005,5.8246779,0.7313329,0.86799878,2.3573427,1431,2.0969644
2490403,34000,48000,284,1.0954892e+09,0.17457327,247.87071,15173.562,63775.109,2159.7517,102156.07,280814.88,6406614,1.9607999e+11,0.846663,1.0675366,0.37816244,1.7954357,5.8548422,0.73512024,0.86859143,2.3503497,1431,2.0894408
2490404,34000,50000,287,1.1086743e+09,0.1652692,249.03207,16778.377,65749.18,2159.7517,112527.99,290342.75,6754976,2.1570799e+11,0.8253454,1.1204084,0.33725029,1.7992488,6.1847377,0.77654111,0.87493044,2.2783217,1431,2.0296352
2490405,34000,52000,286,1.1059971e+09,0.16532455,250.96341,18703.672,67724.969,2159.7517,121192.77,289943.41,7052846.5,2.35684e+11,0.81896698,1.1135744,0.33607522,1.7985665,6.181356,0.77611655,0.87486672,2.279021,1431,2.0305951
2490406,34000,54000,273,1.0581635e+09,0.16620301,255.5761,21437.744,69702.312,2159.7517,118254.66,282853.72,7059753.5,2.49148e+11,0.88060224,0.94749504,0.3699187,1.7868141,5.7829671,0.72609574,0.86717564,2.3671329,1431,2.1076584
2490407,34000,56000,267,1.0350605e+09,0.21509703,257.45956,23740.469,71681.055,2159.7517,90188.375,245906.84,7318539,2.71328e+11,0.8847118,0.9248544,0.36178863,1.7834975,5.7652731,0.72387415,0.8668251,2.3713286,1431,2.1124039
2490408,34000,58000,258,1.0024054e+09,0.21238796,259.06406,26134.812,73661.086,2159.7517,93973.578,243535.17,7562209.5,2.95316e+11,0.88257474,0.89735639,0.34959349,1.7781217,5.738934,0.72056711,0.86630183,2.3776224,1431,2.1199028
2490409,34000,60000,246,9.6419987e+08,0.20388143,260.52612,28383.283,75642.281,2193.7483,100291.6,243780.88,7701454.5,3.1776001e+11,0.88372326,0.86269885,0.33378562,1.7700107,5.7013111,0.71584326,0.86555135,2.3867133,1431,2.1313286
2490410,34000,62000,238,9.2733888e+08,0.1959347,261.75244,30243.023,77624.547,2506.6172,103620.4,243875.67,7839543,3.4023601e+11,0.88043827,0.85217839,0.32293081,1.764251,5.6784029,0.71296692,0.86509264,2.3923078,1431,2.1389246
2490411,34000,64000,234,8.9925402e+08,0.18994579,262.6431,31706.418,79607.797,2819.4861,102509.77,243910.94,7957535,3.6115599e+11,0.85961628,0.89029151,0.31750339,1.7612212,5.6670175,0.71153742,0.86486411,2.3951049,1431,2.1428654
2490412,34000,66000,231,8.8885645e+08,0.16999303,263.1185,33013.449,81591.953,3132.355,111888.13,256333.41,8130010.5,3.85032e+11,0.84901184,0.88884717,0.31343284,1.7588825,5.6585088,0.71046907,0.86469311,2.3972027,1431,2.1458843
2490413,34000,68000,227,8.7842336e+08,0.16123959,263.54019,34370.133,83576.938,3443.9639,114226.71,261650.17,8225386.5,4.0570402e+11,0.83458734,0.90666354,0.30800542,1.7556751,5.647203,0.70904952,0.86446565,2.4000001,1431,2.1499946
2490414,34000,70000,223,8.6083277e+08,0.1516777,264.02374,35841.391,85562.688,3758.093,122710.21,267056.69,8350683.5,4.26956e+11,0.82014298,0.91745973,0.28774193,1.5899416,5.9692187,0.74948108,0.87081826,2.3244755,1431,2.2405162
2490415,34000,72000,220,8.5518381e+08,0.10644387,263.70471,36269.078,87549.148,3127.0659,160734.45,317741.81,8411931,4.42544e+11,0.78177667,0.97168934,0.24719101,1.5515084,6.3765936,0.80063009,0.87850356,2.2398601,1431,2.2075415
2490416,34000,74000,234,9.0558285e+08,0.10498405,259.55411,34348.375,89536.273,1231.6907,172317.81,329236.03,9135593,4.8262801e+11,0.66413558,1.10374,0.25026739,1.5525093,6.5960913,0.82818973,0.88249618,2.1986015,1431,2.1755354
2490417,34000,76000,220,8.5116544e+08,0.10187344,261.85535,37767.98,91524.008,540.34412,160963.98,324027.19,8983591,4.9182799e+11,0.69402242,1.034835,0.23529412,1.536461,6.5426507,0.82147986,0.88153321,2.2083917,1431,2.1959422
2490418,34000,78000,172,6.5591968e+08,0.16597261,266.78497,48981.48,93512.312,129.86629,117586.19,222849.7,8373346,4.92656e+11,0.9341765,0.60832256,0.21553884,1.5062276,5.9099321,0.74203724,0.86966795,2.3377624,1431,2.3177524
2555918,36000,6000,363,1.3411364e+09,0.10377216,92.379631,23391.055,75887.922,219.06003,209214.77,402996.22,11174391,4.5438799e+11,0.62094575,1.2752752,0.40513393,1.8096113,6.6779094,0.83846259,0.88395959,2.1839161,1431,1.9586571
2555919,36000,8000,418,1.6147685e+09,0.11630536,81.24308,17075.795,73865.719,2219.0601,196431.16,417695.88,12086777,4.5877199e+11,0.55162758,1.5097084,0.47019124,1.8242414,6.872766,0.86292839,0.8873927,2.1503496,1431,1.9303098
2555920,36000,10000,407,1.5516833e+09,0.090148501,91.154716,16047.461,71842.312,4219.0601,192270.91,465079.53,10843898,3.8408398e+11,0.57763767,1.4606351,0.45525727,1.8222849,6.8477893,0.85979235,0.88695669,2.1545455,1431,1.9328247
2555921,36000,12000,447,1.6777809e+09,0.06658189,67.279793,14708.826,119265.82,6219.0601,280415.34,562722.75,13125702,5.66504e+11,0.52500474,1.6409788,0.38567731,1.586409,8.7641087,1.1004009,0.91751164,1.9020979,1431,1.9201416
2555922,36000,14000,464,1.6883064e+09,0.067653723,65.532562,12719.518,119321.17,6975.1899,259143.62,559995.75,14268635,6.6137601e+11,0.50042826,1.7429485,0.39489362,1.5680418,9.0229053,1.1328948,0.92125475,1.8762238,1431,1.9145396
2555923,36000,16000,441,1.6603436e+09,0.09857285,66.609596,10641.566,74967.648,5512.4824,176600.75,460071.41,11926748,4.34684e+11,0.54479492,1.592581,0.48729283,1.8253263,7.0396638,0.88388366,0.89027721,2.1230769,1431,1.9112288
2555924,36000,18000,368,1.3982063e+09,0.10105538,100.51128,10299.539,63734.555,4049.7749,205341.91,416975.78,8671046,2.77228e+11,0.64518422,1.3118958,0.41441441,1.8127304,6.6660967,0.83697945,0.88374913,2.1860139,1431,1.9588194
2555925,36000,20000,330,1.2593518e+09,0.13723394,116.86162,11532.32,61703.418,2587.0676,137468.81,339584.38,7120078.5,2.0643601e+11,0.75088882,1.1497544,0.39855072,1.8247066,6.2531528,0.78513122,0.87621379,2.2643356,1431,2.0052385
2555926,36000,22000,322,1.242924e+09,0.14772175,121.89964,10180.579,59670.277,1124.3602,124947.34,325165.91,6762692,1.87444e+11,0.77186972,1.1377808,0.42649007,1.8115145,5.9850187,0.7514649,0.87112337,2.3209791,1431,2.0615942
2555927,36000,24000,287,1.0949339e+09,0.15852588,128.80208,12713.16,57634.93,159.75177,123894.37,294610.91,6033061,1.64272e+11,0.83506739,1.0664917,0.35475895,1.8030089,6.0458288,0.75910008,0.87229228,2.3076923,1431,2.0494528
2555928,36000,26000,284,1.0889841e+09,0.14844751,136.06735,11980.739,55597.156,159.75177,132789.84,303619.19,5911874,1.5662799e+11,0.81585628,1.1278069,0.34340993,1.8003073,6.094717,0.7652384,0.87322581,2.2972028,1431,2.0429254
2555929,36000,28000,286,1.0938688e+09,0.14343764,144.53879,10726.272,53556.688,159.75177,121785.47,309567.94,5849948.5,1.50552e+11,0.81165498,1.161175,0.34624699,1.8016782,6.0980043,0.76565111,0.87328839,2.2965035,1431,2.0415752
2555930,36000,30000,290,1.1031378e+09,0.13778012,154.99211,9796.542,51513.238,159.75177,138966.44,317195.16,5876795,1.4772e+11,0.80124092,1.1689414,0.35322776,1.804485,6.094717,0.7652384,0.87322581,2.2972028,1431,2.0404892
2555931,36000,32000,290,1.1042381e+09,0.13922895,166.64355,9120.7588,49466.457,159.75177,138088.66,315697.75,5794805.5,1.4232401e+11,0.79782844,1.2193638,0.35409036,1.8045747,6.0881529,0.76441419,0.87310076,2.2986014,1431,2.0415177
2555932,36000,34000,289,1.0999572e+09,0.13990575,179.41139,8776.8838,50503.969,159.75177,127109.09,314322.19,5764143,1.4121199e+11,0.80670893,1.1602994,0.3490338,1.8034239,6.1144943,0.76772159,0.87360185,2.2930069,1431,2.0378973
2555933,36000,36000,291,1.0945606e+09,0.15248142,192.63565,8890.582,52437.668,159.75177,116915.88,300342.22,5870867.5,1.4612e+11,0.80559307,1.1596131,0.35144928,1.8046671,6.1211152,0.7685529,0.87372756,2.2916083,1431,2.0361114
2555934,36000,38000,285,1.0834312e+09,0.15661106,205.30768,9371.0596,54376.969,159.75177,126766.57,294845.41,5743684,1.4385599e+11,0.82908326,1.0951608,0.34420291,1.800873,6.1012955,0.76606435,0.87335098,2.2958043,1431,2.0415301
2555935,36000,40000,280,1.0709337e+09,0.15867734,216.31163,10218.231,56321.199,159.75177,125889.16,291225.09,5695997,1.4550399e+11,0.8530466,1.038643,0.36939314,1.7947199,5.8639522,0.73626411,0.86876994,2.3482518,1431,2.0873847
2555936,36000,42000,277,1.0597196e+09,0.15917502,225.18968,11363.772,58269.785,159.75177,125970.78,289243.06,5733550.5,1.5076e+11,0.86428088,0.99830097,0.37181208,1.7905458,5.8156896,0.73020434,0.86782175,2.3594406,1431,2.0992475
2555937,36000,44000,277,1.0570703e+09,0.17640117,231.63329,12803.808,60222.246,159.75177,113793.62,274413.94,5912493,1.62416e+11,0.86391461,0.99799544,0.37181208,1.7905458,5.8156896,0.73020434,0.86782175,2.3594406,1431,2.0992475
2555938,36000,46000,279,1.0590182e+09,0.17778534,236.34012,14365.749,62178.16,159.75177,115185.27,273595.31,6143804.5,1.7543601e+11,0.85312396,1.0351731,0.37449664,1.7915882,5.8216786,0.73095632,0.86793977,2.358042,1431,2.0977199
2555939,36000,48000,279,1.0678602e+09,0.16544014,239.40555,15935.519,64137.164,159.75177,126382.35,284801.12,6371679,1.9011201e+11,0.84711587,1.0570278,0.37150466,1.792866,5.8397212,0.73322171,0.8682946,2.3538461,1431,2.0932376
2555940,36000,50000,286,1.0786223e+09,0.1689976,241.63115,17548.398,66098.953,159.75177,128166.45,283204,6848168.5,2.1477201e+11,0.81467307,1.1456438,0.33607522,1.7985665,6.181356,0.77611655,0.87486672,2.279021,1431,2.0305951
2555941,36000,52000,279,1.0608113e+09,0.17036197,245.64384,19626.141,68063.25,159.75177,132692.14,279729.12,6946617,2.28004e+11,0.8373946,1.0732901,0.3278496,1.79364,6.1577888,0.77315754,0.87442207,2.283916,1431,2.0374548
2555942,36000,54000,271,1.0277164e+09,0.22142392,250.02733,21956.445,70029.828,159.75177,97405.391,241506.77,7055499,2.43544e+11,0.87432009,0.95862848,0.36720866,1.7857322,5.7770567,0.72535372,0.86705863,2.3685315,1431,2.1092176
2555943,36000,56000,268,1.0198762e+09,0.2241428,251.9455,23902.52,71998.461,159.75177,102092.16,239120.2,7379665,2.69304e+11,0.87847281,0.94109118,0.36314362,1.784065,5.7682142,0.72424346,0.86688346,2.3706293,1431,2.111599
2555944,36000,58000,263,1.0095429e+09,0.22401051,253.66776,25757.113,73968.977,159.75177,103778.11,237975.98,7656374.5,2.9310799e+11,0.87345082,0.93904477,0.35636857,1.7811679,5.7535372,0.72240061,0.86659217,2.374126,1431,2.11568
2555945,36000,60000,260,1.0024391e+09,0.22149432,255.04932,27451.598,75941.211,218.3716,91291.172,238480.38,7955412,3.1878401e+11,0.86768639,0.93467879,0.35230353,1.7793581,5.7447662,0.72129941,0.86641788,2.3762238,1431,2.1181965
2555946,36000,62000,259,9.8415296e+08,0.2195598,256.35806,29375.383,77915.016,531.24054,92907.227,237333.92,8322961.5,3.51e+11,0.84807396,0.97952139,0.35094851,1.7787429,5.7418489,0.72093308,0.86635983,2.3769231,1431,2.1190469
2555947,36000,64000,252,9.6333523e+08,0.20372631,257.52991,31178.676,79890.266,844.10944,101100.84,243764.3,8477073,3.74904e+11,0.84926957,0.95458746,0.34192672,1.7740715,5.7186141,0.71801579,0.865897,2.3825176,1431,2.1258781
2555948,36000,66000,247,9.4812006e+08,0.1989373,258.43298,32869.477,81866.836,1156.9784,103137.5,244725.09,8663032,4.00844e+11,0.84259897,0.96395785,0.33514246,1.7707028,5.7041879,0.71620446,0.86560887,2.386014,1431,2.1304054
2555949,36000,68000,245,9.2856634e+08,0.19230993,259.28952,34560.012,83844.641,1469.8473,100555.85,246326.16,8944982,4.33664e+11,0.82994312,0.97763938,0.32841823,1.7708124,5.7244053,0.71874291,0.86601245,2.3811188,1431,2.1260593
2555950,36000,70000,239,9.108567e+08,0.18415333,259.9913,36370.395,85823.57,1782.7163,103574.04,249310.27,9136417,4.61544e+11,0.83249533,0.95173496,0.32297298,1.7654899,5.6898341,0.7144022,0.8653217,2.3895104,1431,2.1358991
2555951,36000,72000,248,9.4303962e+08,0.12988938,257.78882,36014.344,87803.547,2095.5852,154203.16,302052.94,9799777,5.0617601e+11,0.75075096,1.0512652,0.28971961,1.7673589,6.0718045,0.76236153,0.87278897,2.3020978,1431,2.0693345
2555952,36000,74000,252,9.6263661e+08,0.13212024,256.47498,36683.777,89784.5,836.07666,161058.27,302587.81,10349115,5.4816801e+11,0.7050212,1.0989244,0.29404899,1.7706721,6.0881529,0.76441419,0.87310076,2.2986014,1431,2.0643914
2555953,36000,76000,58,2.3802442e+08,0.1250616,13.492589,12149.846,40011.461,699.29999,89900.453,154651.34,854017.25,1.7684001e+10,0.67090142,0.40881661,0.14795919,1.9766843,3.3222744,0.417137,0.80807298,3.3797202,1431,2.5775757
2555954,36000,78000,251,1.0088932e+09,0.11028068,331.33893,56366.168,130076.55,465.80801,78772.102,339061,14569687,1.182308e+12,0.85564941,1.2316338,0.45970696,2.0039742,4.764307,0.5981952,0.84555572,2.6594405,1431,2.1345239
2555955,36000,80000,255,1.020167e+09,0.11469024,329.69312,56926.836,130820.12,152.9391,72672.477,334331.53,14840969,1.2121799e+12,0.83106375,1.2632636,0.46703297,2.0045528,4.7723513,0.59920526,0.84573931,2.6566434,1431,2.1334569
2555957,36000,84000,30,1.2989654e+08,0.056707211,259.97113,39169.52,78786.43,32.798763,130792.84,169662,1195918.8,6.5548001e+10,0.80000001,0.12085123,0.039577838,1.257722,5.3683286,0.67403477,0.85874468,2.4727273,1431,2.6265857
2555958,36000,86000,122,4.763616e+08,0.06127467,315.13849,25050.916,88851.234,368.68719,177836.41,312559.56,4708611,2.30196e+11,0.53136432,0.90651268,0.13926941,1.4135364,5.9977188,0.75305951,0.87136823,2.3181818,1431,2.3806407
2555959,36000,88000,87,3.4462294e+08,0.043146823,270.57071,38121.332,103673.29,540.89832,208920.92,316812.72,3666602.2,2.1434401e+11,0.51643944,0.4890058,0.098527744,1.3399885,5.9099321,0.74203724,0.86966795,2.3377624,1431,2.4593215
2621454,38000,6000,323,1.2834399e+09,0.10912409,88.981453,18152.459,71539.984,219.06003,237253.61,384443.38,9091694,3.3394799e+11,0.6177913,1.1186429,0.36662883,1.793776,6.467792,0.8120808,0.88017446,2.2223775,1431,1.9959773
2621455,38000,8000,364,1.4355366e+09,0.12182605,85.162537,12878.161,69566.078,2219.0601,201165.31,384806.16,9415650,3.159e+11,0.57766473,1.2845246,0.4287397,1.8138905,6.501265,0.81628358,0.88078344,2.216084,1431,1.9824133
2621456,38000,10000,337,1.3195011e+09,0.11199578,105.11198,12359.409,59853.406,4219.0601,174927.75,384776.91,7679688.5,2.26928e+11,0.62893879,1.1701915,0.40651387,1.8043468,6.3301792,0.79480249,0.87764645,2.248951,1431,2.0117731
2621457,38000,12000,377,1.468284e+09,0.074932396,64.550606,10111.692,117265.05,6219.0601,273528.78,496221.03,10064148,4.1152401e+11,0.56010497,1.342419,0.33963963,1.5969987,8.0239182,1.0074643,0.90634578,1.9853147,1431,1.9758888
2621458,38000,14000,396,1.4556841e+09,0.078714594,56.740391,8305.3604,117321.35,5611.1929,245313.8,482070.88,11418561,5.1890799e+11,0.52761793,1.4631695,0.3516874,1.5850917,8.2523355,1.0361439,0.90986818,1.9580419,1431,1.9645756
2621459,38000,16000,369,1.4086874e+09,0.093007982,52.325233,5756.0762,83052.453,4148.4858,218243.7,436266.78,9127640,3.0505199e+11,0.57835513,1.2917964,0.43107477,1.81534,6.5464392,0.8219555,0.88160163,2.2076924,1431,1.9752425
2621460,38000,18000,258,1.013356e+09,0.10849042,149.96065,7797.8311,56899.738,2685.7783,202534.98,342602.28,4858601.5,1.1916e+11,0.75290322,0.8752318,0.30898204,1.7573566,6.0816031,0.76359183,0.87297595,2.3,1431,2.0774138
2621461,38000,20000,205,8.1542093e+08,0.18023837,187.79399,7737.3516,39273.258,1223.0708,118041.09,238436.23,3294498.2,6.4404001e+10,0.84729797,0.67968422,0.26938239,1.7376382,5.6528502,0.70975858,0.86457932,2.3986013,1431,2.160615
2621487,38000,72000,182,7.4324602e+08,0.1054868,246.34906,30143.729,88107.156,120.2085,194778.72,297558.38,6372028,2.96228e+11,0.67439741,0.84764707,0.21666667,1.6998212,5.8156896,0.73020434,0.86782175,2.3594406,1431,2.1623995
2621488,38000,74000,196,7.9228736e+08,0.11318842,248.96298,33921.465,90080.781,433.07742,199356.3,296582.34,7542472.5,3.8238401e+11,0.66907376,0.92001635,0.23004694,1.7136189,5.8945255,0.74010283,0.8693676,2.3412588,1431,2.1387174
2621489,38000,76000,243,9.7200442e+08,0.11064444,331.15137,55454.168,127468.91,1012.1689,73685.68,332257.09,13774213,1.10068e+12,0.91007721,1.1595025,0.44505495,2.0024593,4.7482991,0.59618533,0.84518969,2.665035,1431,2.1370029
2621490,38000,78000,248,9.9071533e+08,0.10969026,329.83591,55488.125,128187.8,2441.1848,76113.133,336895.59,14082867,1.131292e+12,0.87482041,1.2067876,0.45421246,2.0034621,4.7582912,0.59743989,0.84541827,2.6615384,1431,2.1353996
2621491,38000,80000,255,1.019949e+09,0.11096686,328.75186,55163.895,128952.77,2128.3157,76265.984,339858,14559067,1.177884e+12,0.83600432,1.2649137,0.46703297,2.0045528,4.7723513,0.59920526,0.84573931,2.6566434,1431,2.1334569
2621492,38000,82000,259,9.8273715e+08,0.10812384,326.03131,58221.004,129761.13,1815.4469,73375.852,337958.12,14832105,1.208388e+12,0.81272632,1.291638,0.47435898,2.0050125,4.7804232,0.60021871,0.84592324,2.6538463,1431,2.1325047
2621493,38000,84000,189,7.5445792e+08,0.084956765,324.95074,43662.391,124621.59,1094.2732,183430.59,334059.22,8499099,5.9834001e+11,0.69931328,1.017965,0.3513011,1.9790285,4.6202288,0.58010513,0.84222794,2.7111888,1431,2.1721272
2621494,38000,86000,86,3.1556e+08,0.19350368,0.24892749,29664.234,58994.91,441.10349,45721.566,143153.28,2635074.8,1.03736e+11,0.88727772,0.83704317,0.33463034,1.6398767,3.9201458,0.49220431,0.82485729,3.0167832,1431,2.6364
2621495,38000,88000,47,1.8035731e+08,0.1172915,319.29044,12665.552,37581.629,231.77179,70436.18,139007.61,691715.19,1.3031999e+10,0.51526362,0.35692298,0.10467706,1.7036692,4.2406979,0.53245205,0.83307612,2.8643358,1431,2.4776702
2686990,40000,6000,340,1.3412664e+09,0.15427142,82.145317,14088.114,63723.949,219.06003,181530.94,330536.72,9322192,3.2702802e+11,0.58157212,1.1925015,0.4009434,1.8056167,6.4091272,0.80471498,0.87910163,2.2335665,1431,1.998517
2686991,40000,8000,343,1.339182e+09,0.15258709,93.408012,11260.217,61502.738,2219.0601,166736.59,332097.69,8639056,2.82676e+11,0.59064329,1.1967305,0.40930787,1.8068444,6.3837948,0.8015343,0.87863612,2.2384615,1431,2.0022676
2686992,40000,10000,306,1.2002536e+09,0.13932398,119.48104,12312.825,59280.777,4219.0601,144124.88,329024.69,6748911.5,1.95096e+11,0.64926606,1.0607712,0.37408313,1.7901242,6.1847377,0.77654111,0.87493044,2.2783217,1431,2.0411224
2686993,40000,12000,352,1.3478449e+09,0.06944894,69.049805,8242.1348,115264.3,5729.6245,281912.5,493846.59,9267861,3.8072798e+11,0.56423205,1.2572737,0.31711712,1.5789818,7.8840308,0.98990041,0.90415263,2.0027971,1431,2.0042076
2686994,40000,14000,359,1.3159089e+09,0.077758491,47.335548,6027.1465,115321.54,4247.1963,237727.98,461151.81,10243095,4.6644e+11,0.53603274,1.3285156,0.31911111,1.5606138,8.0296164,1.0081798,0.90643454,1.9846153,1431,2.0054421
2686995,40000,16000,326,1.2370829e+09,0.096616171,11.248857,3827.3552,78922.93,2784.489,198072.8,401124.72,7790945.5,2.5312e+11,0.58986312,1.1760788,0.37995338,1.7918736,6.4091272,0.80471498,0.87910163,2.2335665,1431,2.0072963
2686996,40000,18000,199,7.8201715e+08,0.19262442,186.10736,9691.166,39998.715,1321.7815,110530.01,225869.41,3264811.8,6.6411999e+10,0.81721741,0.67709213,0.2618421,1.7314783,5.6331344,0.70728308,0.86418205,2.4034965,1431,2.1686378
2687024,40000,74000,239,9.5536019e+08,0.14528778,331.65463,53696.027,124875.38,267.56125,34228.734,287457.72,13160177,1.027384e+12,0.93853945,1.1164174,0.4552381,1.9854289,4.6989613,0.5899905,0.84405583,2.6825175,1431,2.1630318
2687025,40000,76000,240,9.606448e+08,0.14436398,329.79526,54394.551,125567.69,1542.3766,29537.262,289172.47,13325888,1.052912e+12,0.93242675,1.1336763,0.45714286,1.9856026,4.7009149,0.59023583,0.84410089,2.6818182,1431,2.162745
2687026,40000,78000,241,9.6407731e+08,0.11107007,328.06308,55268.836,126308.67,3334.6436,70193.781,330264.84,13634985,1.09328e+12,0.93098199,1.1369939,0.45904762,1.9857686,4.7028704,0.59048134,0.84414595,2.681119,1431,2.1624658
2687027,40000,80000,247,9.873383e+08,0.11017484,326.83743,55079.621,127095.39,4103.6924,73510.32,335580.47,13982016,1.1255001e+12,0.88723212,1.1912218,0.45238096,2.0032766,4.7562895,0.59718853,0.8453725,2.6622376,1431,2.1357057
2687028,40000,82000,260,1.0408321e+09,0.11167142,326.2446,53636.742,127925.2,3281.1628,75099.023,342234.84,14385803,1.147036e+12,0.80172259,1.3288013,0.47619048,2.0051088,4.782445,0.60047257,0.84596932,2.6531467,1431,2.1322846
2687029,40000,84000,78,2.887937e+08,0.14668879,328.55954,9318.6982,37400.57,1661.6989,81805.383,157289.72,1029151.8,1.7956e+10,0.51481849,0.59220791,0.2,2.0088987,3.339941,0.41935515,0.80860031,3.3671329,1431,2.5480721
2687030,40000,86000,121,4.5706157e+08,0.16294369,352.9747,20505.643,56998.312,1378.1732,57680.965,187747.22,2865852.8,9.8844e+10,0.56735539,1.0295234,0.26361656,1.8229626,4.3786602,0.54977429,0.83647096,2.8055944,1431,2.3506777
2752526,42000,6000,338,1.3357117e+09,0.15942545,83.886421,11824.485,62137.836,745.48999,157296.78,324475.91,8932342,3.0227199e+11,0.5810405,1.1889502,0.3985849,1.8048006,6.4018688,0.80380362,0.87896842,2.2349651,1431,1.9999279
2752527,42000,8000,314,1.2377311e+09,0.15511636,103.39748,9615.7207,57260.914,2527.5032,160898.67,316657.12,7544388.5,2.3499601e+11,0.60424083,1.0868732,0.37514934,1.7940948,6.2774572,0.7881828,0.87666726,2.2594407,1431,2.0240285
2752528,42000,10000,273,1.0587852e+09,0.15083112,135.27841,12004.162,55208.996,4389.7363,130517.04,297004.75,5661804,1.5321599e+11,0.67717087,0.94810146,0.33662146,1.7703347,6.0523019,0.75991285,0.8724162,2.3062937,1431,2.0738015
2752529,42000,12000,314,1.2086232e+09,0.076296642,64.908714,5780.6885,113263.55,4758.3086,246473.64,446167.25,8022865.5,3.3087599e+11,0.58511221,1.1143816,0.28780934,1.5652741,7.5826292,0.95205712,0.89932954,2.0426574,1431,2.0460975
2752530,42000,14000,329,1.1991397e+09,0.078802809,27.125221,4490.332,113321.74,2939.7192,224556.94,437289.44,9210994,4.1695199e+11,0.54553711,1.2382736,0.29746836,1.555299,7.7595744,0.97427398,0.90217757,2.0188811,1431,2.036273
2752531,42000,16000,301,1.1565311e+09,0.10121396,342.42081,3585.8091,76240.109,1420.4922,186744.02,378933.84,7087356,2.2436001e+11,0.6011517,1.0857608,0.36047903,1.7871079,6.225606,0.78167248,0.87569833,2.2699301,1431,2.035851
2752560,42000,74000,240,9.5883488e+08,0.14459878,330.59064,51762.234,122960.99,1335.703,37038.23,288665.25,12792971,9.8301601e+11,0.93242675,1.1336763,0.45714286,1.9856026,4.7009149,0.59023583,0.84410089,2.6818182,1431,2.162745
2752561,42000,76000,241,9.6099898e+08,0.14431225,328.69284,52689.781,123676.14,3026.5825,32138.387,289277.59,12976608,1.008684e+12,0.92555326,1.1549703,0.45904762,1.9857686,4.7028704,0.59048134,0.84414595,2.681119,1431,2.1624658
2752562,42000,78000,242,9.6211309e+08,0.14409702,326.86685,53741.508,124439.6,2768.4414,29665.297,289661.31,13292802,1.048636e+12,0.92414528,1.1582878,0.46095237,1.9859267,4.7048273,0.59072709,0.84419107,2.6804197,1431,2.1621943
2752563,42000,80000,242,9.6363443e+08,0.14342774,325.11462,54827.117,125248.45,2198.8052,29885.188,290565.81,13531354,1.078224e+12,0.92414528,1.1582878,0.46095237,1.9859267,4.7048273,0.59072709,0.84419107,2.6804197,1431,2.1621943
2752564,42000,82000,48,2.0700558e+08,0.13106655,296.49854,6897.2075,33082.016,2585.9514,77482.734,140880.22,463170.66,6.8120003e+09,0.88741136,0.34176797,0.1300813,1.9664146,3.2903669,0.41313073,0.8071152,3.4027972,1431,2.5904398
2752565,42000,84000,70,2.8609405e+08,0.23226739,27.738991,6754.9272,29144.221,1249.3008,62085.613,124412.84,828864.25,1.3232e+10,0.50269151,0.61009789,0.15659955,1.7465713,4.2743669,0.53667945,0.83391213,2.8496504,1431,2.4343138
2752566,42000,86000,122,4.5467229e+08,0.1749717,355.8558,18853.83,55002.031,1581.4106,54164.773,180705.05,2721408.8,8.9244e+10,0.58460915,1.0602587,0.2657952,1.8239903,4.3803563,0.54998732,0.83651221,2.8048952,1431,2.3495824
2818062,44000,6000,322,1.2622925e+09,0.15216467,86.763161,9705.6514,59683.609,1653.4709,162461.78,322870.25,8174527.5,2.63284e+11,0.58706295,1.1338985,0.38016528,1.7976162,6.3408303,0.79613978,0.87784356,2.2468531,1431,2.0124059
2818063,44000,8000,287,1.1302382e+09,0.15947993,117.55498,8186.688,53308.5,3435.4841,150620.25,298426.16,6494916,1.8859999e+11,0.6174801,1.0032052,0.35085574,1.7793349,6.1211152,0.7685529,0.87372756,2.2916083,1431,2.0571306
2818064,44000,10000,240,9.2238106e+08,0.16232981,149.47681,13487.548,47890.008,4659.752,132536.02,267215.09,4727989,1.21152e+11,0.72112972,0.82341373,0.3041825,1.7454776,5.8791995,0.73817849,0.86906826,2.3447552,1431,2.1191754
2818065,44000,12000,291,1.1275841e+09,0.07775066,68.995468,4323.3618,111262.84,4499.8877,237685.97,426901.19,7353437,3.01564e+11,0.59710866,1.0473427,0.26697248,1.5440373,7.4625082,0.93697506,0.89736855,2.0594406,1431,2.0768318
2818066,44000,14000,311,1.1424829e+09,0.078566857,17.748444,3390.5667,111321.95,2499.8875,221616.52,427474.41,8761103,3.9334799e+11,0.5423919,1.2176118,0.28144798,1.540001,7.6596885,0.96173251,0.9005757,2.0321679,1431,2.0593903
2818067,44000,16000,291,1.1142006e+09,0.099501669,323.37891,3354.385,73559.93,499.88754,189141.98,375121.06,6965735,2.1895601e+11,0.59791446,1.0842539,0.34850299,1.7810795,6.1915116,0.77739167,0.875058,2.2769232,1431,2.0446773
2818095,44000,72000,240,9.5340346e+08,0.14545031,331.4422,49353.004,120369.09,712.96539,39078.949,287002.69,12304954,9.1718799e+11,0.93158996,1.1377115,0.45714286,1.9856026,4.7009149,0.59023583,0.84410089,2.6818182,1431,2.162745
2818096,44000,74000,241,9.56984e+08,0.14473169,329.42676,50164.898,121056.32,2403.8447,38766.172,288254.06,12459765,9.4078802e+11,0.92555326,1.1549703,0.45904762,1.9857686,4.7028704,0.59048134,0.84414595,2.681119,1431,2.1624658
2818097,44000,76000,242,9.5800166e+08,0.14455616,327.49338,51199.992,121794.72,3230.0979,34877.332,288582.34,12750669,9.7818798e+11,0.92414528,1.1582878,0.46095237,1.9859267,4.7048273,0.59072709,0.84419107,2.6804197,1431,2.1621943
2818098,44000,78000,242,9.5961146e+08,0.14397176,325.6416,52263.555,122581.05,1539.2185,35101.797,289410.31,12968726,1.005832e+12,0.92414528,1.1582878,0.46095237,1.9859267,4.7048273,0.59072709,0.84419107,2.6804197,1431,2.1621943
2818099,44000,80000,37,1.5115763e+08,0.37494898,222.43596,2679.6096,16916.633,307.8219,24251.809,71176.055,236226.08,1.78e+09,0.93243241,0.28852832,0.100271,1.9437907,3.2798667,0.41181237,0.80679846,3.4104896,1431,2.6116529
2818100,44000,82000,31,1.1790608e+08,0.49419871,207.63284,4082.2539,11441.49,1219.7518,16639.062,54754.805,190817.61,1.356e+09,0.855914,0.27278751,0.072769955,1.6527342,4.1795564,0.52477533,0.83154523,2.8916085,1431,2.5369146
2818101,44000,84000,27,1.0221788e+08,0.47875634,232.67455,5952.8945,13202.766,155.66641,20978.508,51797.773,191727.53,1.572e+09,0.92592591,0.21877651,0.073170729,1.9200271,3.2703791,0.41062111,0.80651164,3.4174826,1431,2.6341124
2818102,44000,86000,149,5.8069978e+08,0.17834541,12.980002,17024.561,53006.113,1268.5416,69989.75,202278.53,3070292.5,8.9568002e+10,0.64991838,1.3370292,0.32461873,1.847648,4.4266644,0.55580157,0.83763349,2.7860141,1431,2.3240011
2883597,46000,4000,301,1.2105522e+09,0.16827986,65.231133,12274.961,66641.82,779.43896,161425.61,300663.44,8222946.5,2.8121999e+11,0.57714283,1.0725731,0.40026596,1.8354657,5.8487844,0.73435962,0.86847258,2.3517482,1431,2.0599196
2883598,46000,6000,311,1.2099649e+09,0.15935013,90.831085,7995.5903,53197.039,2561.4519,152917.92,308898.03,7692092.5,2.3789601e+11,0.58798879,1.1090182,0.37560385,1.7927629,6.2359076,0.7829659,0.87589127,2.2678323,1431,2.0313823
2883599,46000,8000,263,1.0291517e+09,0.16008763,137.03934,9119.3408,48633.332,2659.7517,145206.92,284227.25,5693827.5,1.5682399e+11,0.63953793,0.92802143,0.32190943,1.7629589,6.0393696,0.7582891,0.87216854,2.3090909,1431,2.0804946
2883600,46000,10000,205,8.1752045e+08,0.18686223,156.98625,16284.907,44240.148,2659.7517,117602.41,234473.34,4067366.8,1.04788e+11,0.79134387,0.70364213,0.26797387,1.735985,5.6670175,0.71153742,0.86486411,2.3951049,1431,2.1594596
2883601,46000,12000,275,1.0730136e+09,0.075920992,83.414413,3473.7637,109262.16,2705.5149,239062.38,421431.12,7094252.5,2.9352801e+11,0.59230256,1.0307032,0.25229359,1.5271406,7.3845201,0.92718303,0.89608306,2.0706294,1431,2.0997572
2883602,46000,14000,298,1.0759058e+09,0.071659304,15.174803,2911.4819,109322.18,2499.8875,236825.94,434365.94,8490309,3.76776e+11,0.54809844,1.1572781,0.26992753,1.5273397,7.592814,0.95333594,0.89949477,2.0412588,1431,2.077131
2883603,46000,16000,236,8.8984608e+08,0.12456515,321.6257,7986.1641,70882.68,499.88754,149481.27,299615.38,5891010.5,1.9362e+11,0.67919219,0.86733747,0.27995256,1.7296978,6.0490637,0.75950629,0.87235421,2.306993,1431,2.1033547
2883630,46000,70000,238,9.5007072e+08,0.14571175,332.39392,46838.496,117793.53,90.227722,39820.168,286243.47,11817458,8.54696e+11,0.94557315,1.068381,0.45333335,1.9852475,4.6970086,0.5897454,0.84401077,2.6832168,1431,2.163326
2883631,46000,72000,238,9.5159302e+08,0.14545575,330.24493,47741.312,118450.52,1781.1072,39578.715,286724.69,11945302,8.7639602e+11,0.94557315,1.068381,0.45333335,1.9852475,4.6970086,0.5897454,0.84401077,2.6832168,1431,2.163326
2883632,46000,74000,240,9.5169024e+08,0.14478813,328.16501,48805.344,119161.84,3471.9866,35869.574,287399.66,12225579,9.1145601e+11,0.93783122,1.0889578,0.45714286,1.9856026,4.7009149,0.59023583,0.84410089,2.6818182,1431,2.162745
2883633,46000,76000,239,9.4725133e+08,0.14423871,326.17148,50218.617,119923.91,2161.9561,36840.637,287274.22,12415692,9.3710398e+11,0.94469249,1.0807436,0.4552381,1.9854289,4.6989613,0.5899905,0.84405583,2.6825175,1431,2.1630318
2883634,46000,78000,232,9.3032621e+08,0.15178987,324.26077,52524.277,120733.52,471.07669,31548.074,277524.41,12487791,9.5030798e+11,0.98790866,0.97290403,0.5043478,1.9327333,4.5440917,0.57054549,0.84043819,2.7398601,1431,2.2481222
2883638,46000,86000,151,6.0741453e+08,0.1961896,20.341393,15410.309,51010.617,1692.5792,48611.191,197246.61,2941803,8.1136001e+10,0.71770418,1.3892004,0.39632547,1.7852151,4.287334,0.53830761,0.83423281,2.8440559,1431,2.4187458
2883639,46000,88000,151,6.068807e+08,0.19867378,12.208996,14779.41,51194.754,1559.8433,57264.562,195923.41,2877543.2,7.9344001e+10,0.69412804,1.3659143,0.3775,2.0731757,3.4238946,0.42989618,0.81107789,3.3090909,1431,2.4898345
2883640,46000,90000,133,5.4960864e+08,0.19020452,7.0060892,14510.475,51488.066,1559.8433,83119.328,190555.42,2326421,6.0036002e+10,0.79505581,1.1854724,0.77325583,1.9528481,2.9526508,0.37072793,0.79652083,3.6776223,1431,2.766356
2883641,46000,92000,122,5.0277104e+08,0.23163393,1.5005343,12442.407,51884.434,1559.8433,62409.551,165153.95,1900954.1,4.3568001e+10,0.84067202,1.0680779,0.70930231,1.9648082,2.9441926,0.36966592,0.79624403,3.6853147,1431,2.7521241
2883642,46000,94000,112,4.6474179e+08,0.28304335,354.03625,10298.692,42484.355,1559.8433,45558.371,143642.95,1498855.4,2.7151999e+10,0.90057915,0.96208286,0.68292683,1.959167,2.9304562,0.3679412,0.79579306,3.6979022,1431,2.75632
2883643,46000,96000,108,4.4834557e+08,0.44274521,343.56467,9860.4316,37362.473,1559.8433,22009.311,112806.58,1383872.5,2.3092001e+10,0.92765665,0.92113161,0.66257668,1.9604089,2.9266632,0.36746496,0.7956683,3.7013986,1431,2.7543108
2883644,46000,98000,105,4.3828387e+08,0.4559544,332.94083,10131.419,34838.785,1559.8433,22730.439,109906.14,1351950.2,2.2332e+10,0.94816852,0.89163446,0.64417177,1.9623818,2.9243922,0.36717981,0.7955935,3.7034965,1431,2.7517014
2883645,46000,100000,103,4.3149258e+08,0.45262668,323.46414,10889.493,33676.734,1559.8433,25852.166,109451.45,1371980.5,2.2991999e+10,0.96173614,0.8727563,0.63190186,1.9635602,2.9228802,0.36698997,0.79554367,3.704895,1431,2.7500975
2883646,46000,102000,101,4.2594454e+08,0.44136268,315.54813,11964.046,33217.07,1559.8433,28342.92,110124.42,1418130.8,2.4459999e+10,0.97366339,0.85502011,0.61963189,1.964631,2.9213696,0.36680031,0.7954939,3.7062938,1431,2.7486005
2883647,46000,104000,100,4.219393e+08,0.42438456,309.17984,13289.487,33356.449,1514.6403,31308.256,111776.41,1515635.2,2.7480001e+10,0.9789899,0.84658778,0.61728394,1.9635395,2.9198606,0.36661085,0.79544419,3.7076924,1431,2.7495553
2949133,48000,4000,306,1.2097948e+09,0.1610059,67.130302,10772.083,64137.852,1687.4199,164924.52,307283.97,8085567.5,2.66408e+11,0.58887815,1.0933207,0.40745673,1.8372014,5.8609123,0.7358824,0.8687104,2.3489511,1431,2.0574892
2949134,48000,6000,308,1.1893096e+09,0.1600529,98.088425,6988.4775,50103.98,1827.7185,151464.27,305576.97,7578591,2.3164001e+11,0.5826177,1.1295708,0.37198067,1.7912071,6.225606,0.78167248,0.87569833,2.2699301,1431,2.0337837
2949135,48000,8000,210,8.2800198e+08,0.18784471,153.5555,16331.547,46658.727,659.75177,118935.71,235353.75,4418683,1.18692e+11,0.75292778,0.74264556,0.26888603,1.7179707,5.7652731,0.72387415,0.8668251,2.3713286,1431,2.1582353
2949136,48000,10000,178,7.131561e+08,0.27874768,160.31938,20019.008,45108.035,659.75177,83472.938,179304.66,3846377.5,1.0426e+11,0.84345841,0.58037162,0.23670213,1.7063855,5.5556269,0.69755143,0.86261046,2.4230769,1431,2.201685
2949137,48000,12000,260,1.0178441e+09,0.080231585,104.37649,3463.3936,107261.55,825.10828,227061.12,399275.69,6918440.5,2.8916e+11,0.60481143,0.93495619,0.23963134,1.5151304,7.2892976,0.91522706,0.89450002,2.0846155,1431,2.1206317
2949138,48000,14000,271,9.5425197e+08,0.081805535,345.59244,4452.9023,107322.42,2499.8875,208452.56,382864.5,7875338.5,3.52372e+11,0.57252973,1.0369679,0.24862385,1.5137058,7.3845201,0.92718303,0.89608306,2.0706294,1431,2.1111305
2949139,48000,16000,234,8.8825274e+08,0.13011743,317.37219,7823.7612,68208.703,499.88754,132709.39,292890.62,5898692.5,1.90724e+11,0.68453103,0.86599118,0.27790973,1.7279766,6.0393696,0.7582891,0.87216854,2.3090909,1431,2.1061597
2949166,48000,70000,237,9.4590259e+08,0.14519808,331.13004,45357.594,115860.22,1158.3695,40510.371,286119.66,11474775,8.1576801e+11,0.95258528,1.0601664,0.45142856,1.9850582,4.6950583,0.58950049,0.84396577,2.6839161,1431,2.1636276
2949167,48000,72000,238,9.4495302e+08,0.14461775,328.91641,46460.949,116542.2,2849.2488,40846.465,286549.22,11629534,8.3768797e+11,0.9462114,1.0774257,0.45333335,1.9852475,4.6970086,0.5897454,0.84401077,2.6832168,1431,2.163326
2949168,48000,74000,236,9.4118643e+08,0.14357531,326.79428,47821.004,117278.05,2784.6938,38047.035,287013.88,11880090,8.7194003e+11,0.96548861,1.0311128,0.49579832,1.9502183,4.5809159,0.57516903,0.84130657,2.7258742,1431,2.2241116
2949169,48000,76000,233,9.3073453e+08,0.1516594,324.78897,49698.812,118064.21,1093.8143,31480.422,277704.66,12066621,8.9740398e+11,0.98690248,0.97612768,0.50652176,1.932707,4.5459189,0.57077491,0.84048134,2.7391608,1431,2.2480569
2949173,48000,84000,149,5.9404314e+08,0.2119097,30.213139,14982.618,49217.312,30.071449,42347.918,187688.86,2866903.5,7.5579998e+10,0.73172504,1.3710002,0.57976651,1.6505495,4.0076923,0.50319648,0.8271504,2.9727273,1431,2.6256154
2949174,48000,86000,151,6.0254208e+08,0.20159839,23.231977,13755.268,49015.605,2005.4481,46602.324,193800.58,2756916.8,7.2272003e+10,0.71770418,1.3892004,0.39632547,1.7852151,4.287334,0.53830761,0.83423281,2.8440559,1431,2.4187458
2949175,48000,88000,150,5.982105e+08,0.20147216,14.701427,13235.139,49209.816,3559.8433,55974.277,193163.22,2653985.8,6.9916e+10,0.71579421,1.3586292,0.375,2.0726697,3.422858,0.42976603,0.81104755,3.3097901,1431,2.4902413
2949176,48000,90000,139,5.6556378e+08,0.19102398,7.2212472,11664.096,49519.031,3559.8433,81209.719,192886.48,2216553.2,5.3596e+10,0.73996454,1.2196171,0.3475,2.0663865,3.4114966,0.42833954,0.8107149,3.3174825,1431,2.4954212
2949177,48000,92000,123,5.0744618e+08,0.17638686,0.78303999,9558.4648,49936.617,3559.8433,86040.008,190137.08,1673009.2,3.3556001e+10,0.82646942,1.0616602,0.3075,2.0548244,3.3951051,0.42628145,0.81023347,3.3286712,1431,2.5053322
2949178,48000,94000,112,4.6272982e+08,0.21960784,352.28802,7942.1064,38618.219,3559.8433,65774,162721.44,1319351.6,2.1360001e+10,0.90701413,0.95848495,0.68292683,1.959167,2.9304562,0.3679412,0.79579306,3.6979022,1431,2.75632
2949179,48000,96000,108,4.445207e+08,0.45919138,339.37949,7728.23,33969.461,3559.8433,20557.9,110294.55,1225628.2,1.8492e+10,0.93371409,0.91784298,0.66257668,1.9604089,2.9266632,0.36746496,0.7956683,3.7013986,1431,2.7543108
2949180,48000,98000,103,4.3535533e+08,0.46892464,326.41574,8233.3838,31904.73,3559.8433,21630.568,108012.83,1161957.5,1.7008e+10,0.96173614,0.8727563,0.63190186,1.9635602,2.9228802,0.36698997,0.79554367,3.704895,1431,2.7500975
2949181,48000,100000,102,4.283247e+08,0.46450001,315.74881,9205.4941,30934.367,3559.8433,24842.453,107646.19,1218379,1.8652e+10,0.96777326,0.86388916,0.62576687,1.9641089,2.9221246,0.36689511,0.79551882,3.7055943,1431,2.7493358
2949182,48000,102000,100,4.2330704e+08,0.45052889,307.60565,10512.188,30773.014,3514.6401,27532.283,108660.41,1275153.4,2.0352e+10,0.9789899,0.84658778,0.61728394,1.9635395,2.9198606,0.36661085,0.79544419,3.7076924,1431,2.7495553
2949183,48000,104000,100,4.1918195e+08,0.43220338,301.47565,12017.162,31084.209,1514.6403,31766.02,110398.23,1412445.4,2.4372001e+10,0.9789899,0.84658778,0.61728394,1.9635395,2.9198606,0.36661085,0.79544419,3.7076924,1431,2.7495553
3014668,50000,2000,306,1.2103308e+09,0.18156403,70.456818,12464.02,59927.875,813.38788,148137.42,289429.03,8322192,2.7726401e+11,0.5898639,1.1008575,0.40799999,1.8369741,5.8578758,0.73550111,0.86865085,2.3496504,1431,2.0582533
3014669,50000,4000,305,1.2166143e+09,0.14781123,71.320412,9445.2422,61637.746,2595.4009,175248.55,321608.62,7916243.5,2.5333999e+11,0.59251511,1.1328604,0.40612516,1.836823,5.8578758,0.73550111,0.86865085,2.3496504,1431,2.0581143
3014670,50000,6000,299,1.1567566e+09,0.16290712,106.33739,6248.0503,49474.109,1704.4889,158400.52,298714.22,7402728.5,2.2409599e+11,0.57147986,1.2170804,0.36154777,1.786286,6.1915116,0.77739167,0.875058,2.2769232,1431,2.0417926
3014673,50000,12000,228,8.7963616e+08,0.075675607,96.536186,2551.8311,105261.02,495.51108,248007.55,382189.28,6507103,2.80012e+11,0.61430562,0.83675927,0.20994475,1.4741749,7.1464605,0.89729279,0.89209694,2.1062937,1431,2.1725199
3014674,50000,14000,255,9.1206637e+08,0.073101632,334.90872,4412.1313,105322.67,2495.511,236269.97,395963,7629479.5,3.3954801e+11,0.59434927,0.98022825,0.23502304,1.5001665,7.2846007,0.91463739,0.89442152,2.0853148,1431,2.1339011
3014675,50000,16000,238,8.870999e+08,0.12703894,317.60449,8172.1777,65538.414,499.88754,142534.02,296225.72,6082658,1.93848e+11,0.6839698,0.88206506,0.29166666,1.7425126,5.9566388,0.74790156,0.87057483,2.3272727,1431,2.1079943
3014701,50000,68000,237,9.420681e+08,0.14478895,332.13818,42880.676,113287.15,535.63184,41309.215,285942.28,11052823,7.5915998e+11,0.95258528,1.0601664,0.45142856,1.9850582,4.6950583,0.58950049,0.84396577,2.6839161,1431,2.1636276
3014702,50000,70000,236,9.4062509e+08,0.14431258,329.7739,43985.391,113937.2,2226.5112,41695.23,286194.41,11155506,7.7875603e+11,0.95957446,1.0458627,0.44952381,1.9848613,4.693109,0.58925581,0.84392077,2.6846154,1431,2.1639369
3014703,50000,72000,235,9.3739776e+08,0.14330772,327.5137,45290.598,114644.63,3407.4314,42729.266,286702.91,11382916,8.1040402e+11,0.97301328,1.0098182,0.51086956,1.9326278,4.5495777,0.57123429,0.84056789,2.7377622,1431,2.247952
3014704,50000,74000,233,9.3079302e+08,0.15148327,325.38,46901.016,115405.46,1716.552,31562.246,277874.81,11558500,8.3414798e+11,0.98690248,0.97612768,0.50652176,1.932707,4.5459189,0.57077491,0.84048134,2.7391608,1431,2.2480569
3014705,50000,76000,232,9.2359258e+08,0.1521257,323.41318,48616.695,116216.16,25.672569,32801.449,276212.84,11766043,8.5635203e+11,0.98649055,0.97423553,0.52847379,1.907638,4.5060582,0.56577009,0.83953571,2.7545455,1431,2.2811775
3014709,50000,84000,149,5.9466029e+08,0.21149443,34.55814,13281.088,47233.938,342.94037,42358.145,187970.61,2710403.8,6.7852001e+10,0.73172504,1.3710002,0.57976651,1.6505495,4.0076923,0.50319648,0.8271504,2.9727273,1431,2.6256154
3014710,50000,86000,150,6.0078317e+08,0.19997954,26.947542,12024.831,47021.16,2318.3171,47611.254,194299.2,2589645.2,6.4519999e+10,0.72438478,1.3763359,0.39370078,1.7847894,4.2857089,0.53810358,0.83419263,2.8447552,1431,2.4192252
3014711,50000,88000,149,5.9556403e+08,0.19631876,17.405476,11442.61,47226.59,4293.6938,58261.543,195248.75,2478350.5,6.2028001e+10,0.73272264,1.3563409,0.41046831,1.7781173,4.2295923,0.53105766,0.83279926,2.8692307,1431,2.4410923
3014712,50000,90000,136,5.6170029e+08,0.19973709,9.4341288,9590.4727,47553.484,5559.8433,76994.281,187987.05,2006427.4,4.6095999e+10,0.76339871,1.2086223,0.34,2.0644407,3.4084113,0.42795211,0.81062442,3.3195803,1431,2.4970615
3014713,50000,92000,123,5.0534678e+08,0.17738985,1.2316505,6730.3711,47994.621,5559.8433,83271.219,189206.17,1493865.5,2.6524e+10,0.81847262,1.0587472,0.3075,2.0548244,3.3951051,0.42628145,0.81023347,3.3286712,1431,2.5053322
3014714,50000,94000,113,4.6806173e+08,0.22526449,346.20395,5349.7095,34674.117,5559.8433,66420.445,161588.38,1198407.9,1.7168e+10,0.87942475,0.97371304,0.28900257,2.0484943,3.3758435,0.42386299,0.8096655,3.341958,1431,2.5122433
3014715,50000,96000,108,4.4651059e+08,0.32782003,329.53201,5589.1401,30629.758,5559.8433,41853.074,130828.71,1111593.1,1.5128001e+10,0.91346484,0.90677422,0.27621484,2.0438128,3.370811,0.42323112,0.80951673,3.3454545,1431,2.5163777
3014716,50000,98000,104,4.3352304e+08,0.33251473,315.45383,6479.9341,28919.236,5559.8433,43675.332,127998.71,1078977.4,1.4612e+10,0.96023154,0.87956101,0.63803679,1.9629846,2.923636,0.36708486,0.79556859,3.7041957,1431,2.750886
3014717,50000,100000,102,4.2513235e+08,0.47626027,304.92404,7760.6958,28287.066,5514.6401,23922.24,105911.91,1118785.6,1.5812e+10,0.9718501,0.86182857,0.62576687,1.9641089,2.9221246,0.36689511,0.79551882,3.7055943,1431,2.7493358
3014718,50000,102000,101,4.2028102e+08,0.4600966,297.36621,9312.3789,28384.061,3514.6401,27939.49,107139.67,1210276.9,1.8343999e+10,0.97702968,0.8533982,0.62345678,1.9630275,2.920615,0.36670557,0.79546905,3.7069931,1431,2.7502809
3014719,50000,104000,97,4.1603069e+08,0.44032148,292.1369,10999.568,28886.691,1514.6403,31055.271,108963.91,1260138.8,2.0111999e+10,0.99183851,0.82246792,0.59876543,1.9649165,2.9176002,0.36632702,0.79536963,3.7097902,1431,2.7475364
3080202,52000,-2000,162,6.3236256e+08,0.39874157,22.801361,24243.863,56196.691,244.45845,67222.398,141169.95,4054615.2,1.25588e+11,0.94939041,0.64665097,0.29889297,1.9632126,4.5459189,0.57077491,0.84048134,2.7391608,1431,2.1968455
3080203,52000,0,299,1.170399e+09,0.18521491,73.990425,13898.784,57422.195,662.86823,155518.55,281795.41,8086216.5,2.7083199e+11,0.56730491,1.2313775,0.39866668,1.8342243,5.8367062,0.73284316,0.86823535,2.3545454,1431,2.0627215
3080204,52000,2000,311,1.2327031e+09,0.18770419,75.479965,10928.644,57546.336,1721.3689,132277.25,287274.56,8044996,2.5746399e+11,0.5737164,1.3576463,0.41522029,1.8385283,5.8700418,0.73702866,0.86888915,2.3468533,1431,2.0560009
3080205,52000,4000,297,1.1679679e+09,0.13402189,66.030548,7605.0811,59141.988,3503.3818,184856.95,330927.25,7380295.5,2.26508e+11,0.5773046,1.3846756,0.396,1.8333883,5.8306861,0.73208725,0.86811703,2.3559442,1431,2.0640457
3080206,52000,6000,238,8.9141075e+08,0.13660336,5.0253787,5704.0923,61904.547,1704.4889,153131.11,286360.56,5662931.5,1.72148e+11,0.60213453,1.2399316,0.28674698,1.7407913,6.0009027,0.75345922,0.87142956,2.3174825,1431,2.1020362
3080209,52000,12000,196,7.5960333e+08,0.077601649,47.727734,3221.0906,103260.59,495.51108,244001.53,350721.91,5678914,2.45156e+11,0.65484041,0.71253562,0.18215613,1.4388635,6.961638,0.87408692,0.88893497,2.1356642,1431,2.225426
3080210,52000,14000,253,9.0247814e+08,0.074038513,330.15158,4433.999,103322.95,2495.511,235876.41,391376.22,7685437.5,3.36392e+11,0.59737122,1.0034013,0.23083942,1.4867429,7.3270903,0.91997224,0.8951301,2.079021,1431,2.1408162
3080211,52000,16000,240,8.9750778e+08,0.13358913,311.39627,7587.208,62872.266,499.88754,136184.72,290561.75,6192199,1.96832e+11,0.67632496,0.92754471,0.28537455,1.7338192,6.0555439,0.76031989,0.87247825,2.3055944,1431,2.099283
3080237,52000,68000,234,9.376976e+08,0.14395693,330.74915,41437.605,111348.49,1603.7736,42374.645,286101.44,10704865,7.2328e+11,0.97384542,1.010535,0.49159664,1.9501759,4.5772066,0.57470334,0.84121931,2.7272727,1431,2.2243469
3080238,52000,70000,235,9.347159e+08,0.14313079,328.33066,42699.582,112025.01,3294.6531,43287.332,286469.38,10936186,7.5294002e+11,0.97301328,1.0098182,0.51086956,1.9326278,4.5495777,0.57123429,0.84056789,2.7377622,1431,2.247952
3080239,52000,72000,233,9.303367e+08,0.15149103,326.04947,44141.992,112758.38,2339.2896,35581.555,277799.56,11083240,7.7463598e+11,0.98690248,0.97612768,0.50652176,1.932707,4.5459189,0.57077491,0.84048134,2.7391608,1431,2.2480569
3080240,52000,74000,232,9.2615085e+08,0.15144894,323.93314,45640.559,113544.65,648.41022,33123.977,277212.41,11189677,7.8635198e+11,0.98790866,0.97290409,0.5043478,1.9327333,4.5440917,0.57054549,0.84043819,2.7398601,1431,2.2481222
3080245,52000,84000,149,5.9507347e+08,0.2112176,40.118118,11685.767,45252.496,549.27679,42370.504,188159.08,2582477.2,6.1324001e+10,0.73172504,1.3710002,0.57976651,1.6505495,4.0076923,0.50319648,0.8271504,2.9727273,1431,2.6256154
3080246,52000,86000,150,5.9995014e+08,0.20040806,31.918409,10327.843,45027.387,2549.2769,47507.379,193956.77,2461060.5,5.8043998e+10,0.72438478,1.3763359,0.39370078,1.7847894,4.2857089,0.53810358,0.83419263,2.8447552,1431,2.4192252
3080247,52000,88000,149,5.9453062e+08,0.20057651,21.023861,9613.6924,45245.379,4549.2769,56416.797,192997.64,2346005.5,5.5483998e+10,0.73272264,1.3563409,0.41046831,1.7781173,4.2295923,0.53105766,0.83279926,2.8692307,1431,2.4410923
3080248,52000,90000,137,5.5662586e+08,0.20283133,12.715013,7496.0073,45592.039,6549.2769,75345.922,185703.08,1898136.2,4.0988e+10,0.76202232,1.2182422,0.3425,2.0651004,3.4094391,0.42808118,0.81065458,3.318881,1431,2.4965036
3080249,52000,92000,120,4.9350675e+08,0.18107735,5.4339685,4006.0786,46059.453,7559.8433,80007.281,185062.92,1293339.9,1.9416001e+10,0.83137256,1.0294033,0.30612245,2.0543113,3.3839271,0.42487794,0.80990416,3.3363636,1431,2.5070007
3080250,52000,94000,112,4.6534557e+08,0.24096969,336.22861,3031.8335,30619.221,7559.8433,61408.977,155779.94,1086695.6,1.376e+10,0.88046974,0.94421118,0.28644502,2.0475833,3.374836,0.42373648,0.80963576,3.3426573,1431,2.5130453
3080251,52000,96000,108,4.4943696e+08,0.33682537,308.46033,3786.5068,27362.896,7559.8433,40788.781,129490.2,1035790.3,1.2868e+10,0.90204221,0.91932267,0.27621484,2.0438128,3.370811,0.42323112,0.80951673,3.3454545,1431,2.5163777
3080252,52000,98000,104,4.3544214e+08,0.33791566,295.48184,5163.3359,27745.33,7514.6401,43690.258,127252.41,1016585.9,1.2812e+10,0.93707991,0.87009794,0.26598465,2.0398355,3.3667958,0.42272699,0.80939788,3.3482518,1431,2.5199137
3080253,52000,100000,102,4.258608e+08,0.33291402,288.50696,6786.3477,28938.039,5514.6401,46663.246,126786.41,1066562,1.438e+10,0.95826054,0.85761046,0.26221079,2.038295,3.3627901,0.42222404,0.8092792,3.3510489,1431,2.5215895
3080254,52000,102000,98,4.1809814e+08,0.32320833,284.1387,8509.9521,30382.463,3514.6401,49108.461,127497.83,1092901.2,1.5328e+10,0.98948032,0.82928455,0.60493827,1.9644837,2.9183531,0.36642158,0.79539442,3.7090909,1431,2.7481833
3080255,52000,104000,98,4.1286557e+08,0.44809818,281.2757,10326.611,26849.689,1514.6403,30427.99,107602.58,1237386,1.9211999e+10,0.98948032,0.82928455,0.60493827,1.9644837,2.9183531,0.36642158,0.79539442,3.7090909,1431,2.7481833
3145732,54000,-14000,24,1.0397802e+08,0.40595269,86.272881,11623.123,22204.234,1022.8254,20189.764,56733.293,283318.66,4.272e+09,0.98188406,0.37524748,0.063492067,1.9072388,3.6074347,0.45294103,0.81633908,3.1916084,1431,2.4974635
3145733,54000,-12000,25,1.0730958e+08,0.40739143,85.37674,9841.3535,20359.961,1322.8683,20319.9,57533.16,258607.55,3.532e+09,0.96333331,0.38104644,0.066137567,1.909929,3.6085861,0.4530856,0.81637144,3.1909091,1431,2.4948359
3145734,54000,-10000,26,1.1235942e+08,0.40853539,83.984711,8149.8833,18627.775,1322.8683,20560.422,58788.832,235286.92,2.808e+09,0.95999998,0.38580033,0.068783067,1.9125758,3.6097383,0.45323026,0.81640381,3.1902099,1431,2.4922509
3145735,54000,-8000,29,1.2613178e+08,0.24512854,79.769638,7238.2153,26774.67,1322.8683,40203.488,80411.883,257719.05,3.124e+09,0.85714287,0.40164828,0.067441858,1.9257696,3.7251072,0.46771571,0.8196072,3.1223776,1431,2.4465523
3145736,54000,-6000,42,1.7110824e+08,0.27645969,68.936775,8353.9258,27153.133,1322.8683,42892.531,88191.047,450691.81,6.6439997e+09,0.70731705,0.4641006,0.086065575,1.7644293,4.2486658,0.53345251,0.83327442,2.8608391,1431,2.4234269
3145737,54000,-4000,85,3.3899482e+08,0.19958887,55.391369,12142.218,36027.59,1322.8683,78524.016,146094.31,1330483.8,2.7143999e+10,0.68767506,0.63964331,0.1625239,1.8617555,4.376965,0.54956144,0.83642972,2.8062937,1431,2.3114498
3145738,54000,-2000,267,1.0417246e+09,0.15663292,72.355019,15286.101,59484.883,1345.2659,156791.67,289094.53,7069595,2.39984e+11,0.55154741,1.3214172,0.35647529,1.8179661,5.738934,0.72056711,0.86630183,2.3776224,1431,2.087173
3145739,54000,0,312,1.2306668e+09,0.19381957,84.103928,12415.462,56651.125,2605.2974,128438.3,282472.62,8112645,2.6352801e+11,0.56810123,1.4403484,0.4165554,1.8388686,5.8730912,0.7374115,0.86894882,2.3461537,1431,2.0554128
3145740,54000,2000,294,1.1586408e+09,0.18176995,70.945374,9157.8125,55171.477,3103.5957,124466.85,283020.75,7190448,2.199e+11,0.59183675,1.3750768,0.39252338,1.8318876,5.8186827,0.73058015,0.86788076,2.3587413,1431,2.0668094
3145741,54000,4000,260,1.0159124e+09,0.13965929,32.350601,7276.8926,56651.156,3704.489,147848.8,302341.78,5989852.5,1.72776e+11,0.64184731,1.2754567,0.35519126,1.8271699,5.6387534,0.70798862,0.86429536,2.4020979,1431,2.0966012
3145742,54000,6000,223,8.621511e+08,0.13642806,358.97116,6770.6621,59253,1704.4889,136984.5,281802.47,5246997,1.5859201e+11,0.62824708,1.1982017,0.26932368,1.7266901,5.9472384,0.74672133,0.87039274,2.3293707,1431,2.1211014
3145745,54000,12000,178,6.8196154e+08,0.077840939,22.917154,5946.646,101260.31,495.51108,231699.12,331803.41,5066029,2.1511601e+11,0.69364566,0.63504857,0.16589002,1.4136668,6.872766,0.86292839,0.8873927,2.1503496,1431,2.2586207
3145746,54000,14000,256,9.2424819e+08,0.077183604,325.78299,4739.6172,101323.23,2495.511,235089.12,387915.12,7810642.5,3.3426801e+11,0.60303307,1.0032743,0.23572744,1.5003762,7.2940001,0.91581756,0.89457852,2.0839162,1431,2.1326666
3145747,54000,16000,243,9.2672384e+08,0.15083578,296.51382,6629.8154,60210.82,499.88754,121535.73,277861.22,6224452.5,1.94848e+11,0.68027073,0.9432447,0.28894174,1.7365662,6.06529,0.76154357,0.87266457,2.3034966,1431,2.0957379
3145772,54000,66000,234,9.3558656e+08,0.14359501,331.86295,38854.93,108777.96,981.03595,42933.398,286139.12,10316734,6.7205602e+11,0.97384542,1.010535,0.49159664,1.9501759,4.5772066,0.57470334,0.84121931,2.7272727,1431,2.2243469
3145773,54000,68000,233,9.3287622e+08,0.14291736,329.25931,40066.105,109420.73,2671.9153,43733.316,286400.94,10405887,6.8954797e+11,0.98150069,0.98923987,0.50652176,1.932707,4.5459189,0.57077491,0.84048134,2.7391608,1431,2.2480569
3145774,54000,70000,233,9.2952538e+08,0.15158857,326.81052,41413.09,110124.21,2962.0273,35696.215,277589.06,10640134,7.1886799e+11,0.98690248,0.97612768,0.50652176,1.932707,4.5459189,0.57077491,0.84048134,2.7391608,1431,2.2480569
3145775,54000,72000,233,9.2732045e+08,0.15139769,324.52805,42761.105,110884,1271.1478,36792.258,277434.34,10836021,7.41148e+11,0.98690248,0.97612768,0.50652176,1.932707,4.5459189,0.57077491,0.84048134,2.7391608,1431,2.2480569
3145781,54000,84000,149,5.9540448e+08,0.21100506,47.327168,10237.795,43273.336,549.27679,42382.516,188306.17,2484029.8,5.5995998e+10,0.73172504,1.3710002,0.57976651,1.6505495,4.0076923,0.50319648,0.8271504,2.9727273,1431,2.6256154
3145782,54000,86000,149,5.9828128e+08,0.20077953,38.639713,8765.5684,43034.41,2549.2769,56454.973,193507.55,2347878.8,5.2516e+10,0.73172504,1.3710002,0.57976651,1.6505495,4.0076923,0.50319648,0.8271504,2.9727273,1431,2.6256154
3145783,54000,88000,149,5.9395046e+08,0.19895603,26.27702,7822.1025,43266.559,4549.2769,57333.109,193687.45,2247166,5.014e+10,0.73272264,1.3563409,0.41046831,1.7781173,4.2295923,0.53105766,0.83279926,2.8692307,1431,2.4410923
3145784,54000,90000,132,5.4958381e+08,0.20243476,18.743652,5397.0962,43635.461,6549.2769,76049.055,184705.3,1686281.6,3.2719999e+10,0.79077029,1.1659688,0.40993789,2.053885,3.3154547,0.41628069,0.80786884,3.3846154,1431,2.5262496
3145785,54000,92000,117,4.8429206e+08,0.23007315,20.025776,1604.5835,33929.027,7921.6528,60716.918,162639.34,1175160.9,1.5736001e+10,0.85396403,1.0040646,0.29846939,2.051791,3.3808913,0.42449677,0.80981457,3.3384616,1431,2.5091984
3145786,54000,94000,111,4.5955046e+08,0.26196417,293.79352,1192.469,26636.74,7691.251,56407.559,148474.06,1030197.5,1.2056001e+10,0.8827191,0.93759561,0.28388748,2.0466599,3.3738289,0.42361003,0.80960596,3.3433566,1431,2.5138595
3145787,54000,96000,107,4.4599277e+08,0.36163583,271.20572,2889.6047,27227.852,7659.752,37951.652,124489.61,988452.31,1.1527999e+10,0.90865809,0.89709616,0.27365729,2.0428381,3.3698063,0.42310497,0.80948699,3.3461537,1431,2.5172424
3145788,54000,98000,104,4.3617862e+08,0.34793943,268.30292,4730.3345,29423.654,7514.6401,42194.32,125512.02,994746.81,1.2103999e+10,0.93222553,0.88905704,0.26735219,2.0403488,3.3647916,0.42247537,0.80933851,3.3496504,1431,2.5197587
3145789,54000,100000,99,4.2603776e+08,0.33714455,268.2381,6508.6045,30767.299,5514.6401,46777.633,126014.61,988686.94,1.2508e+10,0.97093385,0.83341986,0.25449872,2.0351138,3.359792,0.42184761,0.80919033,3.3531468,1431,2.524435
3145790,54000,102000,99,4.1839341e+08,0.32664371,268.54767,8321.0176,31929.629,3514.6401,50402.613,126870.37,1106627.5,1.554e+10,0.97052157,0.83343619,0.25384617,2.0348437,3.3607907,0.42197302,0.80921996,3.3524475,1431,2.5245271
3145791,54000,104000,97,4.1180301e+08,0.31370351,268.62473,10161.873,33313.375,1514.6403,53261.824,128436.95,1201638.9,1.8148e+10,0.99183851,0.8218801,0.59876543,1.9649165,2.9176002,0.36632702,0.79536963,3.7097902,1431,2.7475364
3211268,56000,-14000,24,1.0397802e+08,0.40440682,98.49984,11727.35,22554.91,537.13177,20298.094,56841.621,280039.66,4.152e+09,0.99275362,0.37415257,0.06366048,1.9069496,3.6062839,0.45279655,0.81630671,3.1923077,1431,2.4979804
3211269,56000,-12000,26,1.0730958e+08,0.40521422,100.51016,9976.7158,20816.162,537.13177,20474.256,57687.516,270555.25,3.676e+09,0.96307695,0.3840467,0.068965517,1.9122809,3.6085861,0.4530856,0.81637144,3.1909091,1431,2.492774
3211270,56000,-10000,27,1.1505235e+08,0.23620212,104.19318,8705.1865,28829.76,537.13177,39886.496,78236.75,259362.2,3.444e+09,0.89173788,0.38882688,0.061085973,1.7284473,4.1171522,0.51694,0.82996535,2.9202797,1431,2.4885418
3211271,56000,-8000,31,1.3558627e+08,0.22997877,111.19621,8811.1416,30529.461,537.13177,43297.91,86073.391,309716,4.424e+09,0.80215055,0.40857896,0.067833699,1.7455568,4.1443181,0.52035087,0.83065528,2.9076922,1431,2.4668407
3211272,56000,-6000,54,2.2364466e+08,0.11051437,122.93414,19370.43,64697.309,537.13177,105320.54,159468.47,1203737,4.618e+10,0.58909851,0.50115281,0.082066871,1.5509601,4.9413028,0.62041837,0.84954298,2.5999999,1431,2.4478443
3211273,56000,-4000,107,4.5002189e+08,0.20133957,130.27341,28090.25,61706.633,537.13177,100713.77,167593.5,3150595.8,1.27868e+11,0.7307353,0.67983228,0.16212121,1.6574885,5.0630097,0.63569957,0.85222369,2.5615385,1431,2.3323827
3211274,56000,-2000,303,1.1919252e+09,0.19649898,93.200081,14530.762,59464.281,590.14447,139963.67,276089.12,7972919,2.66008e+11,0.5703451,1.40736,0.4050802,1.8353763,5.8427391,0.73360062,0.8683539,2.3531468,1431,2.0616605
3211275,56000,0,290,1.1418017e+09,0.19088396,81.883667,10773.099,54821.758,2307.8354,129432.81,274167.22,7019715,2.1482e+11,0.5993557,1.3644949,0.38770053,1.8298894,5.8037477,0.72870493,0.86758626,2.3622377,1431,2.0703073
3211276,56000,2000,265,1.0448799e+09,0.16404666,55.052441,8039.6396,52804.191,4278.3101,128047.26,282914,5919872.5,1.6692e+11,0.65034306,1.2756852,0.36103544,1.818729,5.6812563,0.7133252,0.86514986,2.3916085,1431,2.0969419
3211277,56000,4000,253,9.7765933e+08,0.14668626,28.172941,6814.917,54165.93,3704.489,134195.12,289403.62,5622379,1.59352e+11,0.66371793,1.2718093,0.30555555,1.7541329,6.0425978,0.75869441,0.87223041,2.3083916,1431,2.0858641
3211278,56000,6000,227,8.769431e+08,0.1229772,0.050327837,6794.5615,56605.301,1704.4889,146980.36,299349.38,5227592.5,1.55788e+11,0.64461422,1.2220361,0.2741546,1.7306616,5.9597788,0.74829584,0.87063563,2.3265734,1431,2.1161063
3211281,56000,12000,171,6.6536352e+08,0.076797828,16.986866,7384.2749,99260.234,495.51108,231164.02,329958.97,4835014,2.0472799e+11,0.71338147,0.62113619,0.17484662,1.5710341,6.3089843,0.79214132,0.87725353,2.2531469,1431,2.1979103
3211282,56000,14000,266,9.596297e+08,0.080288999,320.30673,4944.0366,99323.547,2495.511,232747.25,387550.91,8019687,3.3448401e+11,0.59821254,1.0590522,0.24471021,1.5110059,7.3461342,0.92236334,0.89544666,2.0762239,1431,2.1176827
3211283,56000,16000,250,9.3126259e+08,0.14189729,291.13385,6485.8076,57554.727,499.88754,128780.64,287179.84,6299648.5,1.94476e+11,0.677751,0.97685587,0.29761904,1.7429308,6.0848765,0.7640028,0.87303835,2.2993007,1431,2.0880587
3211307,56000,64000,233,9.3399629e+08,0.14323407,333.14352,36258.785,106227.8,358.29831,43409.734,286255.81,9930112,6.2369202e+11,0.98150069,0.98923987,0.50652176,1.932707,4.5459189,0.57077491,0.84048134,2.7391608,1431,2.2480569
3211308,56000,66000,233,9.3153235e+08,0.14268583,330.32309,37414.324,106833.56,2049.1777,44106.938,286426.69,10023843,6.4005197e+11,0.98150069,0.98923987,0.50652176,1.932707,4.5459189,0.57077491,0.84048134,2.7391608,1431,2.2480569
3211309,56000,68000,232,9.2889939e+08,0.15158634,327.67746,38681.691,107504.43,3584.7649,35829.062,277497.59,10207739,6.6638001e+11,0.99391699,0.95886773,0.5043478,1.9327333,4.5440917,0.57054549,0.84043819,2.7398601,1431,2.2481222
3211310,56000,70000,233,9.2737651e+08,0.15160026,325.21277,39960.297,108235.41,1893.8855,36537.121,277257.31,10402382,6.8725198e+11,0.98690248,0.97612768,0.50652176,1.932707,4.5459189,0.57077491,0.84048134,2.7391608,1431,2.2480569
3211311,56000,72000,233,9.2440954e+08,0.15196498,322.90973,41418,109022.12,203.00609,36842.527,276481.06,10673523,7.1569998e+11,0.98224062,0.97987199,0.53075171,1.9075134,4.5078549,0.56599569,0.83957845,2.7538462,1431,2.2812157
3211317,56000,84000,149,5.9575526e+08,0.20207301,56.697578,9002.7871,41296.898,549.27679,46437.418,192479.61,2415255.2,5.1868e+10,0.73172504,1.3710002,0.57976651,1.6505495,4.0076923,0.50319648,0.8271504,2.9727273,1431,2.6256154
3211318,56000,86000,148,5.9720064e+08,0.20099308,48.162598,7357.7212,41042.395,2549.2769,56429.109,193229.98,2262441.5,4.8059998e+10,0.739658,1.3496782,0.58267719,1.644659,4.002018,0.50248396,0.82700288,2.9755244,1431,2.6324115
3211319,56000,88000,149,5.9363366e+08,0.19951491,34.519611,6124.667,41290.609,4549.2769,57138.652,193364.41,2182049.2,4.5995999e+10,0.73272264,1.3563409,0.41046831,1.7781173,4.2295923,0.53105766,0.83279926,2.8692307,1431,2.4410923
3211320,56000,90000,131,5.401136e+08,0.19865529,34.095032,3278.6355,41684.703,6549.2769,76450.344,184840.62,1592222.6,2.7919999e+10,0.79506755,1.15266,0.40683231,2.0535164,3.3144827,0.41615865,0.80783975,3.3853147,1431,2.5264964
3211321,56000,92000,115,4.753497e+08,0.24854906,142.30453,1156.2076,28831.656,5970.4429,57729.094,155026.33,1105582.6,1.3228e+10,0.86697179,0.98276252,0.29336736,2.0500493,3.3788702,0.42424303,0.80975491,3.3398602,1431,2.5107241
3211322,56000,94000,108,4.5335306e+08,0.28094733,208.27882,2030.4631,25115.234,5700.6567,52679.461,142400.25,983283.44,1.0964e+10,0.90688819,0.91480595,0.27621484,2.0438128,3.370811,0.42323112,0.80951673,3.3454545,1431,2.5163777
3211323,56000,96000,105,4.4066307e+08,0.39430657,231.80241,3523.3823,27412.938,5659.752,33885.918,118506.25,967212.75,1.1000001e+10,0.91941392,0.87968981,0.26923078,2.0411067,3.3667958,0.42272699,0.80939788,3.3482518,1431,2.5189328
3211324,56000,98000,102,4.3153875e+08,0.37163651,242.60869,5213.8481,29988.379,5659.752,39885.547,120796.86,988990.75,1.2144e+10,0.92816931,0.85572219,0.26153848,2.0380354,3.3637905,0.42234966,0.80930889,3.3503497,1431,2.5216706
3211325,56000,100000,102,4.2441213e+08,0.3477442,248.86182,6983.2109,32241.912,5514.6401,46166.078,123842.27,1086474.5,1.4823999e+10,0.92758685,0.86897945,0.26153848,2.0380354,3.3637905,0.42234966,0.80930889,3.3503497,1431,2.5216706
3211326,56000,102000,100,4.1691914e+08,0.3296043,253.05008,8729.3477,33744.445,3514.6401,50626.465,126076.58,1165240.8,1.7212e+10,0.94262624,0.85774875,0.25706941,2.0361876,3.3607907,0.42197302,0.80921996,3.3524475,1431,2.5234733
3211327,56000,104000,97,4.1066522e+08,0.31594995,256.08887,10499.542,34897.098,1514.6403,54675.363,127802.62,1230283.1,1.8932001e+10,0.97422683,0.81868231,0.24871795,2.0326476,3.358794,0.42172229,0.80916071,3.3538461,1431,2.5264986
3276810,58000,-2000,271,1.0561946e+09,0.22429615,92.589645,13761.332,57628.613,244.45845,130609.74,243257.36,6847169.5,2.1726e+11,0.64515513,0.97112834,0.36229947,1.8201362,5.7476869,0.7216661,0.86647594,2.3755245,1431,2.0845881
3276811,58000,0,257,1.0143444e+09,0.21727832,75.558891,10061.947,50801.207,2244.4585,124760.8,242208.55,5871731.5,1.695e+11,0.69175583,0.95258826,0.35061392,1.813765,5.6556778,0.71011364,0.86463618,2.397902,1431,2.1042421
3276812,58000,2000,244,9.693479e+08,0.18328416,52.742771,7895.3906,50445.547,4244.4585,121403.38,257799.64,5201961,1.41632e+11,0.72822642,0.95352966,0.33748272,1.8153269,5.5693107,0.69926953,0.86288911,2.4195805,1431,2.1165707
3276813,58000,4000,242,9.3461299e+08,0.14516616,29.688108,6727.4922,55130.855,3704.489,142266.8,284438.34,5210256,1.46948e+11,0.71149826,1.0594177,0.29227054,1.7446907,6.0072794,0.75425994,0.87155229,2.3160839,1431,2.098196
3276814,58000,6000,232,8.9160979e+08,0.14656879,4.9697657,6058.959,54910.684,1704.4889,129554.97,276485,5158372.5,1.5107999e+11,0.67924315,1.1026382,0.28019324,1.7354884,5.9755287,0.75027335,0.87094015,2.323077,1431,2.1099932
3276817,58000,12000,180,6.8857901e+08,0.078870833,11.890804,8270.8848,97260.414,495.51108,229841.75,331225.38,4989321.5,2.0464401e+11,0.70887649,0.6688447,0.18404908,1.584826,6.3408303,0.79613978,0.87784356,2.2468531,1431,2.1815064
3276818,58000,14000,273,9.8791763e+08,0.082894094,311.83301,4690.9595,97323.883,2495.511,226345.11,386993.34,8008081.5,3.2845601e+11,0.59704268,1.1170667,0.24863388,1.507969,7.4330707,0.93327892,0.89688444,2.0636363,1431,2.1107879
3276819,58000,16000,260,9.8852358e+08,0.12754504,280.57681,6875.5249,56213.25,499.88754,147088.62,312080.5,6453222,1.9727599e+11,0.65987527,1.0665412,0.30480656,1.749155,6.1611447,0.77357882,0.87448543,2.2832167,1431,2.0718076
3276843,58000,64000,233,9.3050842e+08,0.14244027,331.5527,34758.609,104265.61,1426.4401,44433.809,286515.88,9674222,5.9429998e+11,0.98150069,0.98923987,0.50652176,1.932707,4.5459189,0.57077491,0.84048134,2.7391608,1431,2.2480569
3276844,58000,66000,232,9.2839987e+08,0.15151945,328.67535,35953.57,104900.71,3117.3196,35970.004,277484.22,9826301,6.1797997e+11,0.99391699,0.95886773,0.5043478,1.9327333,4.5440917,0.57054549,0.84043819,2.7398601,1431,2.2481222
3276845,58000,68000,233,9.2729536e+08,0.15167686,325.99796,37176.211,105600.23,2516.623,36427.336,277175.16,10000793,6.3710003e+11,0.98690248,0.97612768,0.50652176,1.932707,4.5459189,0.57077491,0.84048134,2.7391608,1431,2.2480569
3276846,58000,70000,233,9.2510227e+08,0.15177807,323.49857,38561.164,106359.23,825.74371,37059.895,276754.88,10189130,6.5750801e+11,0.98690248,0.97612768,0.50652176,1.932707,4.5459189,0.57077491,0.84048134,2.7391608,1431,2.2480569
3276853,58000,84000,149,5.9611744e+08,0.20193306,68.595627,8078.7998,39323.746,549.27679,46452.289,192604.81,2375700.8,4.8939999e+10,0.73172504,1.3710002,0.57976651,1.6505495,4.0076923,0.50319648,0.8271504,2.9727273,1431,2.6256154
3276854,58000,86000,147,5.9652128e+08,0.2011108,61.683002,6232.9292,39051.535,2549.2769,56416.297,193063.52,2202204.8,4.4567998e+10,0.74736744,1.3381381,0.62288135,1.6207721,3.953042,0.49633467,0.82572335,3,1431,2.6699131
3276855,58000,88000,149,5.9348986e+08,0.20245539,48.49432,4640.1924,39318.145,4549.2769,55773.402,191931.78,2150085,4.3051999e+10,0.73272264,1.3563409,0.41046831,1.7781173,4.2295923,0.53105766,0.83279926,2.8692307,1431,2.4410923
3276856,58000,90000,128,5.269839e+08,0.19375466,88.078812,1990.6564,39740.996,4752.2271,76952.836,184874.72,1520335.8,2.4820001e+10,0.80819392,1.120499,0.39751554,2.0523322,3.3115702,0.41579297,0.80775243,3.3874125,1431,2.5273139
3276857,58000,92000,111,4.6395242e+08,0.27060381,165.06375,3502.2397,24522.734,4052.0205,53464.352,146782.64,1065025.4,1.2288e+10,0.90155607,0.9444015,0.35463259,2.0403445,3.2865407,0.41265035,0.80699986,3.4055943,1431,2.5386577
3276858,58000,94000,105,4.4489584e+08,0.30176699,191.00629,4192.291,26191.711,3710.2874,50428.672,136112.58,976460.62,1.0812e+10,0.93150181,0.89307594,0.2685422,2.0408494,3.3677988,0.4228529,0.80942756,3.3475525,1431,2.5190103
3276859,58000,96000,102,4.3321213e+08,0.4271951,210.44365,5167.5781,28144.402,3659.7517,31785.027,112886.52,982733.25,1.1604e+10,0.93185788,0.86457348,0.26153848,2.0380354,3.3637905,0.42234966,0.80930889,3.3503497,1431,2.5216706
3276860,58000,98000,102,4.2471142e+08,0.40102494,223.9501,6465.8452,30346.148,3659.7517,37633.02,115362.91,1059236.5,1.3831999e+10,0.91652107,0.85222143,0.26153848,2.0380354,3.3637905,0.42234966,0.80930889,3.3503497,1431,2.5216706
3276861,58000,100000,100,4.1846064e+08,0.36891887,233.27571,7973.9121,32767.609,3659.7517,43140.059,119389.69,1111438.5,1.552e+10,0.9311111,0.84098053,0.25641027,2.0359211,3.3617902,0.42209849,0.80924958,3.3517482,1431,2.5235615
3276862,58000,102000,98,4.126863e+08,0.33961558,239.69551,9612.6436,35061.809,3514.6401,49878.285,123572.31,1194379.1,1.8183999e+10,0.93246371,0.82674122,0.25128207,2.0337524,3.359792,0.42184761,0.80919033,3.3531468,1431,2.525506
3276863,58000,104000,97,4.074857e+08,0.31847799,244.54039,11282.451,36600.625,1514.6403,54692.715,126800.63,1308032,2.154e+10,0.94544673,0.83615786,0.24935733,2.0329247,3.3577964,0.42159703,0.80913115,3.3545454,1431,2.5263991
3342346,60000,-2000,249,9.7836691e+08,0.21483998,91.771423,12428.777,59276.344,244.45845,130508.33,239220.42,5874137,1.7605199e+11,0.6947791,0.8906455,0.33969986,1.8086131,5.6331344,0.70728308,0.86418205,2.4034965,1431,2.1111929
3342347,60000,0,244,9.5761568e+08,0.24148919,74.500206,9329.2656,47574.414,2244.4585,110479.87,223229.56,5278453,1.4555999e+11,0.74047089,0.8835339,0.33795014,1.8151439,5.5665684,0.69892526,0.86283326,2.4202797,1431,2.1172607
3342348,60000,2000,241,9.3925216e+08,0.1849574,57.405251,7309.5361,48096.816,4244.4585,120497.97,252615.61,4946572,1.31536e+11,0.75276625,0.8976472,0.33333334,1.8132635,5.5610919,0.69823766,0.8627218,2.4216783,1431,2.1192837
3342349,60000,4000,238,9.3807526e+08,0.16936791,43.63578,5184.6821,57114.238,3704.489,124388.48,263820.28,4905016,1.35924e+11,0.74325424,0.94929439,0.28778717,1.7412208,5.9913621,0.75226134,0.87124574,2.3195803,1431,2.1032574
3342350,60000,6000,236,9.1090093e+08,0.14405,13.071747,4845.167,56903.301,1704.4889,130267.23,281892.72,4919237.5,1.3998399e+11,0.71417236,1.0050532,0.28502417,1.739241,5.9881887,0.75186294,0.87118453,2.3202798,1431,2.1052063
3342353,60000,12000,226,8.740521e+08,0.092081673,356.96686,9672.123,95260.938,495.51108,220750.92,345371.88,5721635.5,2.11852e+11,0.66261554,0.87906408,0.22944163,1.6419884,6.5350866,0.82053018,0.88139641,2.2097902,1431,2.1064115
3342354,60000,14000,291,1.0644243e+09,0.074265622,304.81396,5530.5288,95324.242,2495.511,249568.33,424393.19,8105615.5,3.21772e+11,0.58499825,1.2443774,0.26454544,1.5252545,7.5321121,0.94571429,0.8985076,2.0496504,1431,2.0853043
3342355,60000,16000,274,1.0491841e+09,0.1416177,262.72235,7358.7905,58152.133,499.88754,135804.62,305120.94,6654463,2.02804e+11,0.65046388,1.1484504,0.32121924,1.7602348,6.2085118,0.77952617,0.8753776,2.2734265,1431,2.0568411
3342378,60000,62000,233,9.2970624e+08,0.14217974,332.98859,32109.443,101719.31,803.70245,44731.367,286654.62,9356575,5.5229199e+11,0.98150069,0.98923987,0.50652176,1.932707,4.5459189,0.57077491,0.84048134,2.7391608,1431,2.2480569
3342379,60000,64000,231,9.2799251e+08,0.15140462,329.8367,33233.676,102315.03,2494.5818,36116.598,277528.5,9387746,5.6533202e+11,0.99570864,0.95554876,0.5021739,1.9327509,4.5422659,0.57031626,0.84039497,2.7405593,1431,2.2481959
3342380,60000,66000,232,9.2716422e+08,0.15167306,326.90836,34404.609,102980.06,3139.3608,36396.332,277159.03,9604753,5.9001602e+11,0.99391699,0.95886773,0.5043478,1.9327333,4.5440917,0.57054549,0.84043819,2.7398601,1431,2.2481222
3342381,60000,68000,233,9.2555578e+08,0.15158123,324.18015,35725.758,103708.8,1448.4813,37267.57,277002.41,9796789,6.0922803e+11,0.98690248,0.97612768,0.50652176,1.932707,4.5459189,0.57077491,0.84048134,2.7391608,1431,2.2480569
3342389,60000,84000,149,5.9646707e+08,0.2017958,82.750015,7579.6924,37354.602,549.27679,46467.457,192726.8,2364296,4.7211999e+10,0.73172504,1.3710002,0.57976651,1.6505495,4.0076923,0.50319648,0.8271504,2.9727273,1431,2.6256154
3342390,60000,86000,147,5.9610854e+08,0.20116597,79.690613,5580.3018,37062.109,2549.2769,56411.078,192970.23,2191975,4.2664002e+10,0.74736744,1.3381381,0.62288135,1.6207721,3.953042,0.49633467,0.82572335,3,1431,2.6699131
3342391,60000,88000,148,5.9347354e+08,0.20008758,72.410927,3647.2717,37349.957,4179.436,56927.223,193061.44,2129511.8,4.0891998e+10,0.73974997,1.343475,0.4077135,1.777751,4.2280107,0.53085911,0.8327598,2.86993,1431,2.4415033
3342392,60000,90000,124,5.0623158e+08,0.18679376,143.63135,3826.3162,37805.926,2988.3845,77582.594,184543.34,1432747.8,2.0792001e+10,0.82585889,1.078976,0.38509318,2.0505698,3.3076947,0.41530639,0.8076362,3.3902097,1431,2.5285845
3342393,60000,92000,107,4.5224822e+08,0.29447955,169.20186,5920.6118,26075.412,2138.1396,50765.172,138920.33,1080341,1.296e+10,0.92540997,0.9061389,0.34185302,2.0378346,3.2827237,0.41217107,0.80688471,3.4083917,1431,2.5406539
3342394,60000,94000,102,4.3395018e+08,0.32526031,185.24577,6523.6079,27515.076,1719.918,48368.312,129481.98,1039897.2,1.2692e+10,0.93593478,0.85985392,0.26153848,2.0380354,3.3637905,0.42234966,0.80930889,3.3503497,1431,2.5216706
3342395,60000,96000,100,4.2214733e+08,0.46321392,199.4713,7223.5928,29209.885,1659.7518,30118.373,107015.37,1055239,1.3488e+10,0.93494952,0.84983182,0.25641027,2.0359211,3.3617902,0.42209849,0.80924958,3.3517482,1431,2.5235615
3342396,60000,98000,98,4.1371315e+08,0.4300977,211.44408,8199.0449,31131.73,1659.7518,36106.758,109943.88,1090295.6,1.4784e+10,0.93646121,0.83559251,0.25128207,2.0337524,3.359792,0.42184761,0.80919033,3.3531468,1431,2.525506
3342397,60000,100000,97,4.0826582e+08,0.47757429,221.17072,9411.3623,33255.242,1659.7518,32123.5,103646.82,1162112.6,1.7063999e+10,0.93341923,0.81962907,0.24871795,2.0326476,3.358794,0.42172229,0.80916071,3.3538461,1431,2.5264986
3342398,60000,102000,96,4.0392339e+08,0.464017,228.72534,10818.932,35558.754,1659.7518,33892.879,104589.35,1252124.2,1.9911999e+10,0.93245614,0.81278145,0.24615385,2.0315287,3.3577964,0.42159703,0.80913115,3.3545454,1431,2.5275047
3342399,60000,104000,96,4.0075232e+08,0.45012498,234.64581,12362.02,37882.977,1514.6403,35731.305,105773.38,1380296.5,2.3723999e+10,0.93245614,0.81278145,0.24615385,2.0315287,3.3577964,0.42159703,0.80913115,3.3545454,1431,2.5275047
3407882,62000,-2000,238,9.2345587e+08,0.21293773,94.639168,11724.732,55219.746,244.45845,123857.72,233446.14,5343465.5,1.5406e+11,0.72857499,0.85596782,0.3251366,1.8007396,5.5996532,0.70307934,0.86350513,2.4118881,1431,2.1220193
3407883,62000,0,237,9.2760595e+08,0.238353,80.127792,8760.9023,46737.605,2244.4585,105576.84,221144.62,4911473.5,1.31704e+11,0.7643925,0.86453527,0.32825485,1.810256,5.5474486,0.69652462,0.86244369,2.4251747,1431,2.1236579
3407884,62000,2000,231,9.220407e+08,0.16944294,65.959892,6539.3774,49625.523,4244.4585,125576.49,261497.92,4520778,1.1702e+11,0.7777527,0.86718816,0.31994459,1.8058192,5.5311646,0.69448006,0.86211109,2.4293706,1431,2.1293771
3407885,62000,4000,237,9.3185101e+08,0.15877114,59.063976,4131.561,59098.949,4011.9326,128520.73,271576.62,4718519.5,1.30072e+11,0.74744332,0.94219798,0.286578,1.7403054,5.9881887,0.75186294,0.87118453,2.3202798,1431,2.1044321
3407886,62000,6000,239,9.1361792e+08,0.14529486,21.025488,3331.3086,58896.512,2297.313,125741.5,281100.84,4799827.5,1.36212e+11,0.71882141,0.99617398,0.28864735,1.7419926,5.9977188,0.75305951,0.87136823,2.3181818,1431,2.1016757
3407887,62000,8000,195,7.5692762e+08,0.20876765,354.15854,12033.301,52455.27,1540.2482,91309.922,213452.14,3236561,7.2183996e+10,0.84842718,0.88091636,0.33737025,2.0025239,4.6775756,0.58730543,0.84356159,2.6902099,1431,2.1395118
3407888,62000,10000,185,7.1029005e+08,0.14083785,348.4227,14641.926,60764.746,1540.2482,134308.61,251746.31,3260872.2,7.7867999e+10,0.83125734,0.85842419,0.3206239,1.9904516,4.6679192,0.58609295,0.84333789,2.6937063,1431,2.1493287
3407889,62000,12000,256,1.0018499e+09,0.091481186,343.36328,7934.0913,93264.5,1617.9913,220553.36,370971.34,5814923.5,1.98144e+11,0.64466912,1.0768033,0.25728643,1.6627871,6.7056346,0.84194374,0.88445252,2.1790209,1431,2.0667675
3407890,62000,14000,301,1.1071223e+09,0.079431407,280.79883,5069.1216,93324.633,2499.8875,235817.95,418510.75,8202141,3.21884e+11,0.5723145,1.3445085,0.2709271,1.5241842,7.6389866,0.95913327,0.90024185,2.034965,1431,2.0750349
3407891,62000,16000,279,1.069214e+09,0.14323467,251.09453,8008.2925,60095.801,499.88754,131749.59,306276.16,6700971.5,2.0611999e+11,0.64652795,1.1850778,0.32708091,1.7639326,6.225606,0.78167248,0.87569833,2.2699301,1431,2.0517406
3407913,62000,60000,233,9.290681e+08,0.14190111,334.68469,29476.23,99197.547,180.96478,45012.266,286837.44,9070729,5.1402801e+11,0.98150069,0.98923987,0.50652176,1.932707,4.5459189,0.57077491,0.84048134,2.7391608,1431,2.2480569
3407914,62000,62000,231,9.2765651e+08,0.1512496,331.20465,30527.08,99749.68,1871.8442,36269.457,277620.41,9073246,5.2487599e+11,0.99570864,0.95554876,0.5021739,1.9327509,4.5422659,0.57031626,0.84039497,2.7405593,1431,2.2481959
3407915,62000,64000,232,9.2701824e+08,0.15161133,327.97684,31645.418,100376.73,3562.7236,36413.977,277193.62,9264174,5.47208e+11,0.99391699,0.95886773,0.5043478,1.9327333,4.5440917,0.57054549,0.84043819,2.7398601,1431,2.2481222
3407916,62000,66000,233,9.2584563e+08,0.15156424,324.97778,32908.074,101072.3,2071.219,37174.059,277061.28,9435731,5.6469199e+11,0.98690248,0.97612768,0.50652176,1.932707,4.5459189,0.57077491,0.84048134,2.7391608,1431,2.2480569
3407917,62000,68000,233,9.240983e+08,0.15217137,322.21213,34306.598,101830.85,380.33963,36959.746,276247,9663426,5.87892e+11,0.98224062,0.97987199,0.53075171,1.9075134,4.5078549,0.56599569,0.83957845,2.7538462,1431,2.2812157
3407925,62000,84000,149,5.9496013e+08,0.20151418,97.868172,7555.3511,35390.41,549.27679,57413.086,192617.64,2379390.5,4.6684e+10,0.73172504,1.3710002,0.57976651,1.6505495,4.0076923,0.50319648,0.8271504,2.9727273,1431,2.6256154
3407926,62000,86000,147,5.9360147e+08,0.20104791,100.03407,5536.2261,35074.469,2549.2769,67343.328,192620.56,2209641.8,4.1943998e+10,0.74736744,1.3381381,0.62288135,1.6207721,3.953042,0.49633467,0.82572335,3,1431,2.6699131
3407927,62000,88000,148,5.9058803e+08,0.20010771,104.29589,3533.5239,35387.098,2765.7253,67806.75,192581.84,2156890.5,4.0263999e+10,0.73974997,1.343475,0.4077135,1.777751,4.2280107,0.53085911,0.8327598,2.86993,1431,2.4415033
3407928,62000,90000,117,4.7523197e+08,0.2256729,158.59822,7149.9111,27279.697,1364.6285,72429.625,162673.97,1369959.1,1.9292e+10,0.8623637,1.0050671,0.37261146,2.0440862,3.2932422,0.41349176,0.8072018,3.4006994,1431,2.535516
3407929,62000,92000,102,4.2263069e+08,0.48030737,171.56572,8771.6826,27736.451,281.74857,37806.586,105154.01,1154475.4,1.5512001e+10,0.93962336,0.86425734,0.32692307,2.0340409,3.2770145,0.41145426,0.80671233,3.4125874,1431,2.5439618
3473418,64000,-2000,225,8.7972256e+08,0.25238571,100.34518,11436.654,50258,244.45845,102839.43,209288.53,4833767,1.35448e+11,0.75821429,0.81141144,0.31206658,1.8010035,5.5122867,0.69210982,0.86172456,2.4342659,1431,2.1359661
3473419,64000,0,237,9.065239e+08,0.21301197,88.577957,8380.6504,47528.527,2244.4585,115447.69,231255.77,4792982,1.2728e+11,0.76789671,0.87083036,0.32825485,1.810256,5.5474486,0.69652462,0.86244369,2.4251747,1431,2.1236579
3473420,64000,2000,229,9.1317939e+08,0.20123936,78.621437,5907.9097,52864.59,4244.4585,101021.73,238795.7,4329612.5,1.10716e+11,0.77897799,0.8720358,0.31761444,1.8041333,5.5230584,0.69346225,0.86194521,2.4314685,1431,2.1319907
3473421,64000,4000,240,9.3410605e+08,0.15430933,82.676483,3388.5579,61084.84,5124.1191,130723.4,275808.03,4728540.5,1.32908e+11,0.73204321,0.989649,0.28537455,1.7407929,6.0425978,0.75869441,0.87223041,2.3083916,1431,2.0954309
3473422,64000,6000,243,9.2382867e+08,0.12913229,31.129229,1801.7228,60890.25,3929.2034,143708.66,299835.62,4762263,1.35472e+11,0.70526814,1.0371087,0.28859857,1.7433569,6.0555439,0.76031989,0.87247825,2.3055944,1431,2.0915165
3473423,64000,8000,205,7.9382061e+08,0.19626145,351.19876,9348.1182,49565.227,3540.2483,94217.32,225449.16,3153023,6.4059998e+10,0.828264,0.90607399,0.33828384,2.0043855,4.7905507,0.60149032,0.8461538,2.6503496,1431,2.1130359
3473424,64000,10000,200,7.6671763e+08,0.17681228,343.72684,11425.005,57364.449,3540.2483,103293,233435.27,3245154.2,7.1476003e+10,0.80613065,0.9412334,0.34423408,2.002471,4.7048273,0.59072709,0.84419107,2.6804197,1431,2.1340368
3473425,64000,12000,268,1.0395201e+09,0.069670387,331.27502,6126.0586,91270.258,3574.7571,273111.44,433009.34,5937661,1.9895601e+11,0.62359548,1.2100292,0.26482213,1.6625855,6.8229933,0.85667908,0.88652265,2.1587412,1431,2.0525439
3473426,64000,14000,303,1.1246049e+09,0.073778026,268.22601,5395.3984,91325.047,2499.8875,263133.22,437664.59,7979582.5,3.0716399e+11,0.57268375,1.3849834,0.27150539,1.5209304,7.6752887,0.96369123,0.90082687,2.0300698,1431,2.0740881
3473427,64000,16000,283,1.0850862e+09,0.12733099,241.47021,8942.6436,62043.719,499.88754,150686.22,327242.72,6767704,2.1186e+11,0.63544095,1.2632607,0.32983682,1.7660023,6.2566133,0.78556567,0.87627846,2.2636364,1431,2.045675
3473449,64000,60000,231,9.2737965e+08,0.15105732,332.83813,27839.742,97207.391,1249.1066,36430.598,277755.59,8791567,4.8813199e+11,0.99570864,0.95554876,0.5021739,1.9327509,4.5422659,0.57031626,0.84039497,2.7405593,1431,2.2481959
3473450,64000,62000,232,9.2687392e+08,0.15150301,329.2482,28900.732,97792.406,2939.9858,36465.637,277271.12,8955779,5.08128e+11,0.99391699,0.95886773,0.5043478,1.9327333,4.5440917,0.57054549,0.84043819,2.7398601,1431,2.2481222
3473451,64000,64000,232,9.2600013e+08,0.15155669,325.92322,30108.094,98451.445,2693.9568,37052.961,277091.31,9076263,5.22972e+11,0.99391699,0.95886773,0.5043478,1.9327333,4.5440917,0.57054549,0.84043819,2.7398601,1431,2.2481222
3473452,64000,66000,234,9.2459507e+08,0.15195237,322.86771,31459.707,99178.172,1003.0773,37152.43,276520.28,9403889,5.5406402e+11,0.98129195,0.98309547,0.53302962,1.9073796,4.5096531,0.56622148,0.83962125,2.7531469,1431,2.2812631
3473461,64000,84000,147,5.8168e+08,0.25600863,112.5835,7845.3594,33432.434,549.27679,37192.578,168973.92,2380030.8,4.6599999e+10,0.73497343,1.3500755,0.57198441,1.6511853,4.0048532,0.50283998,0.82707661,2.9741259,1431,2.6249976
3473462,64000,86000,144,5.7582816e+08,0.25525758,119.48338,5904.4482,33089.094,2549.2769,47297.688,168368.97,2202958,4.1584001e+10,0.75262237,1.3068538,0.61016947,1.622243,3.9488997,0.49581459,0.82561463,3.0020978,1431,2.6684411
3473463,64000,88000,142,5.6229427e+08,0.25247169,133.56789,4025.5579,33430.988,1616.3882,49500.41,167294.02,2123475.8,3.9544001e+10,0.75007492,1.2813294,0.39118457,1.7753103,4.218545,0.5296706,0.83252335,2.874126,1431,2.4442079
3538954,66000,-2000,216,8.372679e+08,0.22376986,109.80901,11742.881,50963.621,244.45845,112579.73,216838.48,4559242.5,1.27624e+11,0.76619291,0.78333235,0.29958391,1.7935783,5.488204,0.68908602,0.86123013,2.4405594,1431,2.1452768
3538955,66000,0,227,8.9577363e+08,0.17687181,99.030899,8228.2021,50492.699,2244.4585,133561.7,252275.31,4368740.5,1.12904e+11,0.78258157,0.85723895,0.31440443,1.8027329,5.5203614,0.69312364,0.86189002,2.4321678,1431,2.1333125
3538956,66000,2000,233,9.2798342e+08,0.1766973,93.913582,5287.3477,56010.09,4244.4585,114080.84,256897.62,4290764.5,1.09424e+11,0.75307089,0.95207089,0.31529093,1.8095253,5.5830617,0.70099616,0.8631686,2.4160838,1431,2.1166403
3538957,66000,4000,242,9.5145933e+08,0.14015353,111.09005,3106.0247,63071.777,6244.4585,143706.58,292077.47,4617191.5,1.293e+11,0.71996844,1.0309725,0.28775269,1.74263,6.0490637,0.75950629,0.87235421,2.306993,1431,2.0930643
3538958,66000,6000,247,9.3814355e+08,0.14475857,100.60423,638.19177,62884.453,5796.519,127543.97,285376,4696769,1.3368e+11,0.69428259,1.0771704,0.29334918,1.7469445,6.0685453,0.76195234,0.87272674,2.3027973,1431,2.0868642
3538959,66000,8000,216,8.2676525e+08,0.16169398,345.91635,6735.0171,46680.301,5540.248,110836.73,253483.17,3283075,6.5136001e+10,0.77614129,0.97162873,0.30083567,1.9754406,5.1956344,0.65235168,0.85509104,2.5216782,1431,2.0504527
3538960,66000,10000,214,8.2145875e+08,0.12296934,336.87488,7950.7046,53966.777,5540.248,150580.64,289733.94,3391623.8,7.2176001e+10,0.75937873,0.99198276,0.28495339,1.9700754,5.273181,0.66208822,0.85674262,2.4993007,1431,2.0399737
3538961,66000,12000,274,1.0567932e+09,0.073073298,315.15479,4673.2114,89276.539,4499.8877,261670.92,426305.16,5842969.5,1.86248e+11,0.62623996,1.2413371,0.27427426,1.6798859,6.7902102,0.8525629,0.88594699,2.1643357,1431,2.0421777
3538962,66000,14000,308,1.1323284e+09,0.071725532,257.81653,5774.8657,89325.508,2499.8875,266945.34,445404.16,7915579,3.0014e+11,0.57339567,1.4090528,0.27598566,1.525846,7.7014308,0.96697354,0.90124696,2.0265734,1431,2.067198
3538963,66000,16000,288,1.1068721e+09,0.13346688,233.87874,10137.896,63995.434,499.88754,141485.3,322824.78,6841262,2.1770401e+11,0.63310587,1.2869434,0.33566433,1.7695034,6.2739735,0.78774542,0.87660235,2.2601399,1431,2.0407495
3538984,66000,58000,231,9.2715526e+08,0.15082757,334.81921,25179.357,94691.398,626.3689,36602.836,277933.44,8542606,4.5510001e+11,0.99570864,0.95554876,0.5021739,1.9327509,4.5422659,0.57031626,0.84039497,2.7405593,1431,2.2481959
3538985,66000,60000,232,9.2674022e+08,0.15135345,330.78503,26174.451,95229.656,2317.2483,36544.188,277388.06,8680123,4.7277602e+11,0.99391699,0.95886773,0.5043478,1.9327333,4.5440917,0.57054549,0.84043819,2.7398601,1431,2.2481222
3538986,66000,62000,232,9.2607648e+08,0.15149507,327.06104,27324.445,95848.266,3316.6943,36997.34,277159.09,8776434,4.8575601e+11,0.99391699,0.95886773,0.5043478,1.9327333,4.5440917,0.57054549,0.84043819,2.7398601,1431,2.2481222
3538987,66000,64000,232,9.2497043e+08,0.15172736,323.65332,28626.602,96539.945,1625.8149,37339.461,276781.41,8913037,5.0060001e+11,0.99391699,0.95886773,0.5043478,1.9327333,4.5440917,0.57054549,0.84043819,2.7398601,1431,2.2481222
3538997,66000,84000,143,5.6288646e+08,0.25341964,125.41748,8478.0508,31482.4,549.27679,48373.387,167068.75,2367009.5,4.7055999e+10,0.74165273,1.3088586,0.55642021,1.6522636,3.9991865,0.50212848,0.82692927,2.976923,1431,2.6239524
3538998,66000,86000,138,5.4641478e+08,0.2496424,135.60745,6582.9321,31106.213,2549.2769,50758.598,165846.75,2166644.5,4.1464001e+10,0.76356715,1.245525,0.58474576,1.6246979,3.9406414,0.49477768,0.82539755,3.0062938,1431,2.6659777
3538999,66000,88000,126,4.9637373e+08,0.2330896,157.95815,4286.1045,31483.58,860.5827,57292.68,163586.66,1946112.4,3.6979999e+10,0.78450793,1.1200737,0.34710744,1.7667245,4.1935091,0.52652717,0.83189601,2.8853147,1431,2.4534543
3604484,68000,-14000,87,3.1351018e+08,0.26863834,56.913082,13684.726,32028.176,220.24823,42870.094,121100.73,1464425.8,3.034e+10,0.5934242,0.89928079,0.19162996,1.8462851,4.2406979,0.53245205,0.83307612,2.8643358,1431,2.3599212
3604485,68000,-12000,88,3.1764531e+08,0.27144724,53.271023,12262.322,30401.832,220.24823,42977.762,121264.44,1389857.5,2.7452e+10,0.59613377,0.89723623,0.19383261,1.8477274,4.2422891,0.53265184,0.83311576,2.8636363,1431,2.3584323
3604486,68000,-10000,90,3.245545e+08,0.27393556,48.979286,10995.991,28967.121,220.24823,43333.152,122018.18,1344428.6,2.5156e+10,0.59275907,0.90512246,0.19823788,1.8505695,4.2454753,0.53305191,0.83319503,2.8622377,1431,2.3554957
3604487,68000,-8000,72,2.7369939e+08,0.27393931,63.109776,10507.394,27891.617,220.24823,53836.918,112050.73,973269.88,1.702e+10,0.7593897,0.56565958,0.15964523,1.8211592,4.2122579,0.52888119,0.83236605,2.8769231,1431,2.3867185
3604488,68000,-6000,73,2.7369427e+08,0.34772769,64.758171,10543.423,27580.617,220.24823,47214.52,99453.055,965147.69,1.634e+10,0.82077628,0.47990763,0.16079295,1.8245227,4.218545,0.5296706,0.83252335,2.874126,1431,2.382313
3604489,68000,-4000,89,3.1745782e+08,0.36522275,59.59087,10540.494,29240.576,220.24823,48667.602,104512.7,1216162.2,2.0672e+10,0.81358528,0.52362967,0.19057816,1.8566389,4.2646928,0.53546482,0.8336724,2.8538461,1431,2.3450663
3604490,68000,-2000,221,8.3952608e+08,0.19562818,124.45717,11327.321,51995.016,329.04288,104807.54,232223.58,4347909,1.19588e+11,0.68362814,0.97062671,0.30027175,1.7994636,5.5420098,0.69584179,0.8623327,2.4265735,1431,2.1308157
3604491,68000,0,237,9.3237715e+08,0.1704638,111.56537,7506.5356,53473.648,2255.239,122359.66,262171,4342987.5,1.10004e+11,0.71908748,1.0259765,0.32201087,1.8122638,5.5858202,0.70134246,0.86322463,2.4153845,1431,2.1145539
3604492,68000,2000,242,9.5418458e+08,0.15621398,113.92004,5069.9673,59071.484,4250.1689,116203.47,277051.94,4353701,1.11204e+11,0.71424162,1.0623063,0.32702702,1.8164074,5.6107693,0.70447505,0.86373025,2.409091,1431,2.1072695
3604493,68000,4000,251,9.684032e+08,0.14602064,138.47293,3789.0215,65059.648,5783.916,124307.17,288686.12,4663373,1.30272e+11,0.69281274,1.1286298,0.29880953,1.7507741,6.0750675,0.76277119,0.87285125,2.3013985,1431,2.0830808
3604494,68000,6000,252,9.5192346e+08,0.14416686,168.91191,1908.3525,64879.074,7144.9229,115511.48,288053.53,4687407.5,1.33672e+11,0.67482454,1.1502895,0.29928741,1.7512989,6.0848765,0.7640028,0.87303835,2.2993007,1431,2.0811718
3604495,68000,8000,227,8.5452864e+08,0.16145426,335.47842,4357.6665,43801.5,7540.248,98187.664,257895.34,3430750.2,6.7699999e+10,0.73841178,1.0567834,0.30842391,1.9046414,5.3939409,0.67725056,0.85927916,2.4657342,1431,2.0707772
3604496,68000,10000,234,8.9007322e+08,0.13134815,316.31,4026.0776,50572.27,6499.8877,135202.08,291813.78,3809983.8,8.3983999e+10,0.70235866,1.097759,0.30911493,1.8100759,5.6387534,0.70798862,0.86429536,2.4020979,1431,2.1059239
3604497,68000,12000,279,1.0678153e+09,0.074843578,288.93167,3774.6431,87283.43,4499.8877,242505.83,423424.25,5851368,1.8291601e+11,0.6192981,1.2985178,0.2765114,1.6758696,6.8560948,0.86083519,0.88710183,2.1531467,1431,2.0374639
3604498,68000,14000,308,1.1377114e+09,0.07266102,247.61494,6306.9624,87326,2499.8875,249801.7,443578.25,7712843.5,2.8645199e+11,0.57161891,1.4321436,0.27598566,1.525846,7.7014308,0.96697354,0.90124696,2.0265734,1431,2.067198
3604499,68000,16000,293,1.1188073e+09,0.13641952,227.41017,11376.758,65950.539,499.88754,124907.93,321029.03,6969425.5,2.2625599e+11,0.62162793,1.351876,0.34149185,1.7728723,6.2914305,0.7899372,0.87692738,2.2566433,1431,2.035948
3604519,68000,56000,231,9.2698099e+08,0.15055798,337.26514,22556.598,92205.617,3.6312635,36789.637,278156,8326522,4.2577999e+11,0.99570864,0.95554876,0.5021739,1.9327509,4.5422659,0.57031626,0.84039497,2.7405593,1431,2.2481959
3604520,68000,58000,231,9.266233e+08,0.15116422,332.67731,23472.674,92691.531,1694.5106,36646.598,277544.12,8358182.5,4.3486e+11,0.99570864,0.95554876,0.5021739,1.9327509,4.5422659,0.57031626,0.84039497,2.7405593,1431,2.2481959
3604521,68000,60000,232,9.261088e+08,0.15138777,328.45541,24558.492,93265.148,3385.3901,36989.398,277262.12,8509432,4.52268e+11,0.99391699,0.95886773,0.5043478,1.9327333,4.5440917,0.57054549,0.84043819,2.7398601,1431,2.2481222
3604522,68000,62000,232,9.2526029e+08,0.15149413,324.61093,25806.686,93918.055,2248.5525,37522.766,277037.78,8621875,4.6524799e+11,0.99391699,0.95886773,0.5043478,1.9327333,4.5440917,0.57054549,0.84043819,2.7398601,1431,2.2481222
3604523,68000,64000,233,9.2423661e+08,0.15219326,321.14044,27187.549,94643.078,557.67316,37095.875,276247.78,8840343,4.8441999e+11,0.98224062,0.97987199,0.53075171,1.9075134,4.5078549,0.56599569,0.83957845,2.7538462,1431,2.2812157
3604533,68000,84000,137,5.3734957e+08,0.24703135,136.03246,9272.0518,32936.266,549.27679,51459.836,165332.16,2323877.8,4.7475999e+10,0.75225419,1.2481298,0.5330739,1.6534022,3.9907167,0.50106502,0.82670867,2.9811189,1431,2.6228561
3604534,68000,86000,125,5.0195786e+08,0.23535851,148.6196,7131.7095,32894.668,2549.2769,55822.512,163709.39,2001403.5,3.9227998e+10,0.79393548,1.1147192,0.529661,1.6278416,3.9228661,0.49254587,0.82492912,3.0153847,1431,2.6627867
3604535,68000,88000,103,3.9699085e+08,0.21781716,189.70607,3279.8616,32984.297,614.25293,57878.223,151338.41,1544528.4,2.8928e+10,0.88216257,0.90148276,0.43644068,1.626515,3.8931475,0.48881447,0.8241424,3.0307693,1431,2.6639433
3670020,70000,-14000,88,3.2693424e+08,0.27509716,68.461807,12785.065,31039.105,1022.8254,42728.363,122205.88,1415554.2,2.8788001e+10,0.59639496,0.90452778,0.19426049,1.8471246,4.2406979,0.53245205,0.83307612,2.8643358,1431,2.3593721
3670021,70000,-12000,89,3.340649e+08,0.2797462,67.2388,11229.528,29228.666,2220.2483,42765.629,122500.61,1332104.5,2.5620001e+10,0.60240042,0.90243363,0.19603524,1.8491554,4.2438817,0.53285182,0.83315539,2.862937,1431,2.356957
3670022,70000,-10000,95,3.4609302e+08,0.28449914,66.443436,9785.7891,27564.414,2220.2483,43099,123640.54,1372839.2,2.528e+10,0.60111982,0.92519897,0.20697168,1.8604786,4.2614775,0.53506112,0.83359265,2.8552446,1431,2.3436489
3670023,70000,-8000,76,2.8665891e+08,0.34899354,89.353096,11206.438,26259.6,2220.2483,47440.055,101596.55,1034671.4,1.834e+10,0.82807016,0.53308082,0.16777042,1.8288723,4.2216954,0.53006619,0.83260208,2.8727272,1431,2.3781669
3670024,70000,-6000,83,3.1552928e+08,0.40685129,93.804832,10892.331,25624.633,2220.2483,44025.262,98720.398,1104061,1.8507999e+10,0.88304436,0.48731896,0.18281938,1.8403709,4.2343445,0.53165436,0.83291781,2.8671329,1431,2.3660202
3670025,70000,-4000,96,3.6982787e+08,0.38110378,96.145912,9496.1895,24069.879,2220.2483,46339.262,110429,1203873.5,1.8471999e+10,0.87061405,0.52555013,0.20915033,1.8618244,4.2630844,0.53526288,0.83363253,2.8545454,1431,2.3422532
3670026,70000,-2000,193,7.3199002e+08,0.21592556,141.88542,14272.618,53249.352,2233.6655,91052.836,206398,3699509.5,1.03188e+11,0.7021805,0.84597093,0.26547456,1.7725651,5.4432836,0.68344593,0.86030352,2.4524477,1431,2.1680467
3670027,70000,0,231,9.0264646e+08,0.19002222,125.09782,8618.0479,56403.84,2679.7517,106992.95,244321.44,4258599.5,1.10268e+11,0.7163561,0.9986462,0.31428573,1.8075491,5.5665684,0.69892526,0.86283326,2.4202797,1431,2.1210825
3670028,70000,2000,244,9.4830355e+08,0.17394692,130.40413,6112.5176,62057.191,3022.9851,100817.21,261740.09,4425754.5,1.17004e+11,0.71523982,1.0633299,0.32839838,1.8181762,5.6247263,0.70622748,0.86401236,2.4055943,1431,2.1035199
3670029,70000,4000,248,9.6381382e+08,0.15691109,151.48428,5350.1636,67048.359,4328.3574,113603.96,277827.16,4593343.5,1.32032e+11,0.69867444,1.1134696,0.29523811,1.7481717,6.06529,0.76154357,0.87266457,2.3034966,1431,2.086484
3670030,70000,6000,250,9.4934445e+08,0.12848035,173.4552,3732.377,66874.07,6027.5137,132599.34,304718.28,4602544,1.3294e+11,0.68205625,1.1283871,0.2969121,1.7495744,6.0783334,0.76318127,0.8729136,2.3006992,1431,2.0834324
3670031,70000,8000,228,8.650665e+08,0.15981388,313.49261,2345.6665,45209.52,7869.3809,98948.805,260808.91,3371141,6.4612e+10,0.74028134,1.0548097,0.31020409,1.9054509,5.3939409,0.67725056,0.85927916,2.4657342,1431,2.0702579
3670032,70000,10000,243,9.2271341e+08,0.13580388,263.83368,2553.4885,49914.496,6499.8877,134054.39,292201.38,4016215.8,9.0324001e+10,0.69676566,1.1258669,0.32749325,1.8173496,5.6191354,0.70552546,0.86389941,2.4069929,1431,2.1050818
3670033,70000,12000,280,1.0674697e+09,0.075798221,255.76233,3772.8159,85291.008,4499.8877,237659.27,420681.31,5856495,1.8367599e+11,0.61940604,1.3092809,0.3410475,1.8329977,5.9850187,0.7514649,0.87112337,2.3209791,1431,2.033324
3670034,70000,14000,307,1.1344096e+09,0.076462083,237.90202,6907.4961,85326.547,2499.8875,237364.69,431784.25,7566757.5,2.78252e+11,0.57712203,1.4288681,0.27508959,1.5248719,7.696188,0.96631533,0.9011628,2.0272727,1431,2.0685678
3670035,70000,16000,292,1.1079191e+09,0.13147666,223.6707,12164.069,67908.703,499.88754,128722.19,325412.81,7000577,2.34352e+11,0.63100785,1.3115299,0.34072345,1.7723591,6.2844357,0.78905904,0.8767972,2.2580419,1431,2.0373256
3670055,70000,56000,231,9.265287e+08,0.15093429,335.05829,20804.74,90181.688,1071.7731,36772.371,277741.28,8152578,4.0739599e+11,0.99570864,0.95554876,0.5021739,1.9327509,4.5422659,0.57031626,0.84039497,2.7405593,1431,2.2481959
3670056,70000,58000,232,9.2611814e+08,0.15123843,330.20163,21814.252,90704.961,2762.6523,37019.453,277400.38,8276212,4.22508e+11,0.99391699,0.95886773,0.5043478,1.9327333,4.5440917,0.57054549,0.84043819,2.7398601,1431,2.2481222
3670057,70000,60000,232,9.2548045e+08,0.15138371,325.80264,23001.623,91314.719,2871.2903,37496.098,277171.78,8363935.5,4.3362399e+11,0.99391699,0.95886773,0.5043478,1.9327333,4.5440917,0.57054549,0.84043819,2.7398601,1431,2.2481222
3670058,70000,62000,233,9.2462598e+08,0.15196264,321.86148,24343.105,92002.656,1180.4108,37271.141,276515.56,8608843,4.5725201e+11,0.98827142,0.96583569,0.53075171,1.9075134,4.5078549,0.56599569,0.83957845,2.7538462,1431,2.2812157
3670069,70000,84000,127,5.045384e+08,0.23597388,144.76494,10012.211,34933.59,549.27679,55602.355,163915.52,2200010,4.6504002e+10,0.77502811,1.1476159,0.49416342,1.6540333,3.9766796,0.49930257,0.8263424,2.988112,1431,2.622277
3670070,70000,86000,114,4.469175e+08,0.22431307,159.91722,7178.4897,34894.57,2549.2769,57768.32,158230.92,1814375.1,3.5755999e+10,0.83061635,1.0062586,0.48305085,1.6282196,3.9079504,0.49067307,0.82453477,3.023077,1431,2.6623378
3670071,70000,88000,92,3.5032995e+08,0.20713766,201.73466,3660.2661,34978.715,614.25293,57769.625,145785.41,1376828.8,2.6136001e+10,0.94672716,0.80303603,0.3898305,1.622697,3.8784564,0.48696989,0.82375181,3.0384614,1431,2.667634
3735556,72000,-14000,91,3.4061043e+08,0.27745742,81.309036,12423.702,32405.775,1022.8254,43409.625,124204.05,1450758.4,2.9927999e+10,0.59169722,0.91681784,0.19912472,1.8537771,4.2518616,0.53385377,0.83335388,2.8594406,1431,2.3512259
3735557,72000,-12000,94,3.5062243e+08,0.28252059,83.216034,10906.249,31052.361,2510.9353,43660.352,124881.97,1410291,2.7700001e+10,0.59597343,0.92409039,0.20524018,1.8585216,4.2582674,0.53465807,0.83351296,2.8566434,1431,2.3459954
3735558,72000,-10000,97,3.667303e+08,0.28743672,86.842621,9542.8809,30074.588,797.55695,44118.922,126621.43,1381990.5,2.5547999e+10,0.59450173,0.93737644,0.2117904,1.8625505,4.2630844,0.53526288,0.83363253,2.8545454,1431,2.3418171
3735559,72000,-8000,72,2.7885786e+08,0.42833796,107.74075,12879.652,28467.088,679.75177,40052.34,90448.859,1028502.9,1.888e+10,0.89788735,0.4287127,0.16035634,1.820011,4.2091212,0.52848738,0.83228755,2.8783216,1431,2.3885312
3735560,72000,-6000,77,2.9850662e+08,0.40555388,112.49014,11453.958,26949.584,679.75177,42469.156,96173.992,1025229.6,1.7195999e+10,0.89576215,0.43943891,0.171875,1.8275502,4.2153993,0.5292756,0.83244467,2.8755245,1431,2.3811131
3735561,72000,-4000,118,4.4840102e+08,0.18409142,139.6808,16097.746,56463.445,679.75177,108226.43,174953.02,2285385.5,6.6936001e+10,0.66768074,0.57626057,0.16596343,1.6741766,5.2148066,0.65475887,0.85550106,2.516084,1431,2.2883997
3735562,72000,-2000,161,6.2265542e+08,0.22251257,153.37427,18054.049,55691.773,679.75177,85234.781,187521.72,3294924.2,9.9080004e+10,0.69961178,0.71518016,0.22517483,1.735661,5.3303633,0.66926789,0.85794902,2.4832168,1431,2.2171021
3735563,72000,0,187,7.2339322e+08,0.19521919,151.61279,13904.729,59286.168,679.75177,96549.492,215789.8,3416707.8,9.2279996e+10,0.71220744,0.82516104,0.25757575,1.7662323,5.4250002,0.68115026,0.85992473,2.4573426,1431,2.1760859
3735564,72000,2000,245,9.4526893e+08,0.14395289,141.98769,7619.3022,69273.43,1555.4521,126823.73,287258.19,4541979,1.26592e+11,0.70779526,1.0852036,0.29166666,1.7455174,6.0555439,0.76031989,0.87247825,2.3055944,1431,2.0899365
3735565,72000,4000,249,9.6054899e+08,0.13992907,158.49347,7092.5439,69037.828,3466.3628,129498.66,293704.56,4633177.5,1.35828e+11,0.697694,1.1215342,0.29642856,1.7490449,6.0685453,0.76195234,0.87272674,2.3027973,1431,2.0853441
3735566,72000,6000,251,9.4786464e+08,0.14141989,175.05321,5585.312,68869.398,5441.6826,118190.43,290217,4622656,1.35716e+11,0.68290037,1.1338502,0.29809976,1.7504395,6.0816031,0.76359183,0.87297595,2.3,1431,2.0822992
3735567,72000,8000,229,8.7448506e+08,0.15638889,247.46527,1738.3291,47205.871,7430.2188,100916.65,265080.75,3388879.8,6.5311998e+10,0.74059606,1.0515749,0.31156462,1.9062519,5.3965158,0.67757386,0.85933274,2.465035,1431,2.0692589
3735568,72000,10000,248,9.4404858e+08,0.14054987,219.23009,3832.804,51772.898,6499.8877,131382,290527.25,4189507,9.7911996e+10,0.69469112,1.1318364,0.33513513,1.8206526,5.6275263,0.70657897,0.86406893,2.4048951,1431,2.1016912
3735569,72000,12000,282,1.0661657e+09,0.076484971,229.92111,4901.2544,83299.367,4499.8877,233214.08,418532.53,5881535.5,1.8278e+11,0.61623889,1.3488916,0.3490099,1.8340857,5.9535022,0.74750775,0.87051409,2.3279719,1431,2.0380676
3735570,72000,14000,307,1.1337484e+09,0.072709806,229.67726,7707.3975,83327.148,2499.8875,247341.86,442656.44,7538556.5,2.7633598e+11,0.57658982,1.4362791,0.27508959,1.5248719,7.696188,0.96631533,0.9011628,2.0272727,1431,2.0685678
3735571,72000,16000,297,1.1107749e+09,0.13258365,218.56093,13540.465,69869.625,499.88754,127419.12,324468.84,7231370,2.49288e+11,0.61752659,1.3725557,0.34655777,1.7756145,6.3019509,0.79125822,0.87712294,2.2545455,1431,2.0326331
3735590,72000,54000,231,9.2646259e+08,0.15066044,338.13214,18185.322,87704.586,449.03537,36922.836,277983.66,7980811.5,3.8364401e+11,0.99570864,0.95554876,0.5021739,1.9327509,4.5422659,0.57031626,0.84039497,2.7405593,1431,2.2481959
3735591,72000,56000,232,9.2611949e+08,0.1510475,332.44693,19099.145,88171.133,2139.9148,37082.574,277575.84,8077317,3.9647599e+11,0.99391699,0.95886773,0.5043478,1.9327333,4.5440917,0.57054549,0.84043819,2.7398601,1431,2.2481222
3735592,72000,58000,232,9.2563507e+08,0.15127628,327.32382,20215.262,88732.594,3494.0278,37447.48,277293.31,8140139,4.05728e+11,0.99391699,0.95886773,0.5043478,1.9327333,4.5440917,0.57054549,0.84043819,2.7398601,1431,2.2481222
3735593,72000,60000,234,9.2494298e+08,0.15172248,322.77365,21509.27,89379.273,1803.1484,37445.863,276781.75,8393781,4.28144e+11,0.9854371,0.97114503,0.50869566,1.9326718,4.5477476,0.57100451,0.84052461,2.7384615,1431,2.2480001
3735594,72000,62000,233,9.2425696e+08,0.15235437,318.76736,22934.816,90103.023,112.26903,36862.785,276104.72,8448811,4.3356399e+11,0.98224062,0.97987199,0.53075171,1.9075134,4.5078549,0.56599569,0.83957845,2.7538462,1431,2.2812157
3735605,72000,84000,120,4.665545e+08,0.22527008,152.10796,10511.792,36931.223,549.27679,58752.504,161326,2087594.1,4.4840002e+10,0.79593837,1.0892938,0.47244096,1.6480265,3.9627411,0.49755245,0.82597768,2.9951048,1431,2.6291828
3735606,72000,86000,106,4.1054694e+08,0.22031976,167.36447,7786.6191,36894.484,2549.2769,57230.605,153024.03,1700132.4,3.4416001e+10,0.86648697,0.92954969,0.44915253,1.6271875,3.8971734,0.48931995,0.82424921,3.0286713,1431,2.6633005
3735607,72000,88000,88,3.3194438e+08,0.20124735,199.98315,4765.5708,36973.777,614.25293,57496.734,143970.17,1332054.5,2.5988e+10,0.95846397,0.79446608,0.37288135,1.6207721,3.8731415,0.48630255,0.82361025,3.0412588,1431,2.6695056
3801092,74000,-14000,71,2.6443048e+08,0.22390865,89.207069,9650.9639,34506.441,1022.8254,56145.848,121821.87,1007900.9,1.9864001e+10,0.54527164,0.83011359,0.15638767,1.8211608,4.2153993,0.5292756,0.83244467,2.8755245,1431,2.385761
3801093,74000,-12000,49,1.852076e+08,0.17008936,41.603527,4209.4165,32890.617,2417.1746,56458.621,116975.73,479857.69,6.76e+09,0.69132656,0.70521963,0.125,1.9626162,3.6838384,0.4625341,0.81846994,3.1461539,1431,2.4274786
3801094,74000,-10000,38,1.4008414e+08,0.44786495,339.87875,6384.4043,19323.951,417.17459,12343.569,62693.984,330773.06,3.848e+09,1,0.60920948,0.20430107,2.0461698,2.8716536,0.36055809,0.79384446,3.7531469,1431,2.670506
3801100,74000,2000,226,8.8086835e+08,0.1592339,145.2872,10179.413,71255.945,1399.0601,128505.43,263659.06,4421854.5,1.32656e+11,0.77974433,0.87802607,0.27360776,1.7299941,5.9503684,0.7471143,0.87045342,2.3286712,1431,2.1181223
3801101,74000,4000,235,9.1397446e+08,0.15850785,158.62444,9408.8262,71027.977,3399.0601,123122.59,269182.34,4497902,1.38756e+11,0.74875432,0.97472543,0.27976191,1.7362894,6.0232821,0.75626916,0.87185991,2.3125875,1431,2.1018054
3801102,74000,6000,242,9.1887968e+08,0.13816336,172.20461,7654.5088,70865.031,5399.0601,130388.62,289093.16,4510604,1.3694e+11,0.71602482,1.0354483,0.28775269,1.74263,6.0490637,0.75950629,0.87235421,2.306993,1431,2.0930643
3801103,74000,8000,231,8.8084e+08,0.11684815,193.27499,3829.6116,54478.266,7399.0601,154986.73,307781.5,3611356,7.7255999e+10,0.73352158,1.0149338,0.31385869,1.9078408,5.4042544,0.67854548,0.85949379,2.4629371,1431,2.0667839
3801104,74000,10000,246,9.4346509e+08,0.14281166,200.84514,5838.6504,53654.59,6499.8877,140153.59,288128.38,4256503,1.04744e+11,0.70980585,1.0866191,0.33243242,1.8192623,5.6219296,0.70587629,0.86395586,2.4062936,1431,2.1035271
3801105,74000,12000,273,1.0508707e+09,0.076435924,213.43515,6603.0347,81308.625,4499.8877,239443.17,415652.91,5563445.5,1.6558e+11,0.64673561,1.2550611,0.34513274,1.8289524,5.8730912,0.7374115,0.86894882,2.3461537,1431,2.0546854
3801106,74000,14000,305,1.1247153e+09,0.07590384,222.02563,8565.3936,81327.805,2499.8875,246343.61,431513.47,7470582,2.7378799e+11,0.58002591,1.424626,0.27329749,1.5229102,7.6857243,0.96500146,0.90099472,2.0286713,1431,2.0713193
3801107,74000,16000,294,1.1178523e+09,0.1424837,212.58578,15536.197,71833.039,499.88754,141787.53,313989.09,7242374.5,2.57428e+11,0.62889183,1.3345165,0.34305719,1.7736769,6.2914305,0.7899372,0.87692738,2.2566433,1431,2.0354338
3801126,74000,54000,231,9.2612467e+08,0.15081303,335.42902,16426.053,85667.82,1517.1771,37176.973,277792.31,7839942,3.6897201e+11,0.99570864,0.95554876,0.5021739,1.9327509,4.5422659,0.57031626,0.84039497,2.7405593,1431,2.2481959
3801127,74000,56000,232,9.2574854e+08,0.15112571,329.32867,17452.498,86174.867,3208.0566,37443.25,277448.44,7950160,3.8156e+11,0.99391699,0.95886773,0.5043478,1.9327333,4.5440917,0.57054549,0.84043819,2.7398601,1431,2.2481222
3801128,74000,58000,232,9.2520627e+08,0.15146945,323.96265,18687.316,86775.383,2425.886,37622.328,277052.25,8029403.5,3.9081201e+11,0.99391699,0.95886773,0.5043478,1.9327333,4.5440917,0.57054549,0.84043819,2.7398601,1431,2.2481222
3801129,74000,60000,232,9.2466016e+08,0.1521229,319.30405,20081.615,87459.82,735.00665,37028.762,276374.97,8166933,4.0358399e+11,0.98925215,0.96261203,0.52847379,1.907638,4.5060582,0.56577009,0.83953571,2.7545455,1431,2.2811775
3801141,74000,84000,114,4.3660458e+08,0.22310977,157.76712,11247.223,38929.117,549.27679,57128.137,156815.78,2013272.9,4.4784001e+10,0.81757492,1.0308613,0.44881889,1.6471153,3.9544246,0.4965083,0.82575965,2.9993007,1431,2.6300995
3801142,74000,86000,100,3.872663e+08,0.21597683,171.79143,8808.6885,38894.406,2549.2769,56396.352,150108.81,1621490.4,3.4048e+10,0.89838386,0.87399465,0.42372882,1.6256856,3.8891299,0.48831001,0.82403564,3.0328672,1431,2.6647408
3801143,74000,88000,86,3.239809e+08,0.2015617,196.3454,6213.6992,38969.375,614.25293,57400.137,142121.78,1323799.9,2.6868001e+10,0.96662104,0.77899247,0.36440679,1.6197001,3.8704896,0.4859696,0.82353956,3.0426574,1431,2.6705496
3866628,76000,-14000,44,1.6342154e+08,0.36978409,32.192802,4617.0117,18386.484,1022.8254,16101.332,74522.164,376338.47,4.056e+09,0.85623682,0.68581927,0.22448979,2.060564,2.8833716,0.36202937,0.79423517,3.7419581,1431,2.6568007
3866629,76000,-12000,41,1.507101e+08,0.41641468,0.9989984,4034.8999,17195.023,2417.1746,13492.296,67439.305,321393.53,3.316e+09,0.92804879,0.64798576,0.21578947,2.0528724,2.8767686,0.3612003,0.79401517,3.7482517,1431,2.6642194
3866630,76000,-10000,38,1.3799864e+08,0.45672998,331.76196,4750.1064,17400.463,417.17459,12145.524,61618.707,301413.69,3.068e+09,1,0.60920954,0.20430107,2.0461698,2.8716536,0.36055809,0.79384446,3.7531469,1431,2.670506
3866636,76000,2000,223,8.7341709e+08,0.16185293,150.62743,11991.281,73239.562,1399.0601,128806,260408.7,4513748.5,1.40508e+11,0.78794491,0.85790068,0.27030304,1.7271738,5.9378676,0.74554473,0.87021101,2.3314686,1431,2.1222525
3866637,76000,4000,231,8.959655e+08,0.17055579,161.02248,11349.951,73018.75,3399.0601,118021.8,256931.5,4561394.5,1.4638e+11,0.76698661,0.92338842,0.27932286,1.7346867,5.9692187,0.74948108,0.87081826,2.3244755,1431,2.1116006
3866638,76000,6000,232,8.9445517e+08,0.13146615,171.0468,9649.8652,72860.938,5399.0601,141157.3,292399.94,4382220,1.36032e+11,0.75522465,0.93010837,0.27951807,1.735178,5.9818521,0.75106728,0.87106228,2.3216784,1431,2.1092067
3866639,76000,8000,228,8.7873619e+08,0.094863944,181.35811,6580.5679,72749.469,7399.0601,193669.5,341180.03,3746020.5,8.8223998e+10,0.75678182,0.93668145,0.31190151,1.8047255,5.5474486,0.69652462,0.86244369,2.4251747,1431,2.1265764
3866640,76000,10000,242,9.324345e+08,0.14552391,191.83942,7932.5264,55554.496,6499.8877,138703.77,283757.22,4299942,1.11088e+11,0.73570865,1.0114616,0.32746956,1.8162942,5.6079865,0.70412558,0.86367393,2.4097903,1431,2.1078942
3866641,76000,12000,273,1.0283295e+09,0.075637087,203.34538,8675.707,79318.93,4499.8877,236406.34,413336.44,5612186.5,1.66492e+11,0.64907885,1.2622594,0.34556961,1.8289602,5.8700418,0.73702866,0.86888915,2.3468533,1431,2.0552154
3866642,76000,14000,302,1.1134209e+09,0.075428188,215.62384,9473.3271,79328.539,2499.8875,245549.81,430693,7451886.5,2.7499201e+11,0.5888319,1.3866905,0.27060932,1.5199336,7.6700816,0.96303743,0.90074307,2.0307693,1431,2.0754786
3866643,76000,16000,290,1.100498e+09,0.13995515,209.43361,16705.014,73712.516,499.88754,144692.16,314343.97,7160019.5,2.568e+11,0.63999522,1.3063707,0.33838972,1.7710203,6.2774572,0.7881828,0.87666726,2.2594407,1431,2.039237
3866661,76000,52000,231,9.2614483e+08,0.1505308,339.552,13817.857,83200.141,894.43951,37303.215,278055.66,7709705.5,3.5078799e+11,0.99570864,0.95554876,0.5021739,1.9327509,4.5422659,0.57031626,0.84039497,2.7405593,1431,2.2481959
3866662,76000,54000,232,9.2583962e+08,0.15093146,332.08163,14723.276,83645.438,2585.3188,37478.043,277640.56,7793276.5,3.6112001e+11,0.99391699,0.95886773,0.5043478,1.9327333,4.5440917,0.57054549,0.84043819,2.7398601,1431,2.2481222
3866663,76000,56000,232,9.2543059e+08,0.15119955,325.57407,15880.456,84193.93,3048.6238,37803.305,277333.03,7847950.5,3.6850801e+11,0.99391699,0.95886773,0.5043478,1.9327333,4.5440917,0.57054549,0.84043819,2.7398601,1431,2.2481222
3866664,76000,58000,233,9.2500454e+08,0.15188003,320.02011,17235.75,84834.383,1357.7443,37196.727,276647.38,8038765,3.8565999e+11,0.98827142,0.96583569,0.53075171,1.9075134,4.5078549,0.56599569,0.83957845,2.7538462,1431,2.2812157
3866677,76000,84000,108,4.1518096e+08,0.22010636,161.90016,12276.627,40927.23,549.27679,57387.164,153959.81,1940743,4.5032002e+10,0.84354448,0.97347665,0.42519686,1.6456242,3.9461432,0.49546847,0.82554221,3.0034964,1431,2.631588
3866678,76000,86000,97,3.7260653e+08,0.21227513,174.37622,10094.92,40894.336,2549.2769,57189.629,148518.52,1610618.2,3.5476001e+10,0.91602236,0.84688085,0.41101694,1.6246979,3.8851204,0.48780659,0.82392907,3.034965,1431,2.6656945
3866679,76000,88000,84,3.1869891e+08,0.19885214,193.69994,7752.8081,40965.43,614.25293,57426.805,141915.58,1311575.8,2.7772e+10,0.97389561,0.76406342,0.35593221,1.618554,3.8678412,0.48563707,0.82346892,3.0440559,1431,2.6716666
3932164,78000,-14000,44,1.6066256e+08,0.39373341,43.079136,3434.2949,17037.021,1022.8254,14736.306,71607.93,363005.75,3.672e+09,0.8615222,0.68489259,0.22916667,2.0579751,2.8804331,0.36166042,0.79413736,3.7447553,1431,2.6596572
3932165,78000,-12000,40,1.4920032e+08,0.42977026,0.49455848,2389.9578,15410.145,2417.1746,12950.569,66049.82,296223.34,2.772e+09,0.95641023,0.63421816,0.21052632,2.0515616,2.8760366,0.36110842,0.79399079,3.748951,1431,2.6653056
3932166,78000,-10000,38,1.3773808e+08,0.458327,314.97751,3185.4304,15496.357,417.17459,12126.291,61453.16,283765.12,2.6e+09,1,0.60920954,0.20430107,2.0461698,2.8716536,0.36055809,0.79384446,3.7531469,1431,2.670506
3932172,78000,2000,222,8.6919533e+08,0.1601024,154.61481,13844.067,75224.172,1399.0601,132901.59,261194.91,4661359.5,1.5187599e+11,0.78549588,0.854518,0.26909092,1.7261704,5.9347506,0.74515337,0.87015051,2.3321679,1431,2.1235101
3932173,78000,4000,230,8.9306784e+08,0.1710473,163.54076,13166.392,75010.078,3399.0601,118362.34,256146.86,4768404.5,1.62188e+11,0.7705335,0.91185385,0.27845037,1.7338786,5.9629221,0.74869049,0.87069649,2.3258741,1431,2.1132131
3932174,78000,6000,232,8.9166112e+08,0.14828393,172.10486,11505.233,74857.102,5399.0601,124875.12,274889.28,4473047,1.4189601e+11,0.75526196,0.92870408,0.27985525,1.7353351,5.9786887,0.75067014,0.87100118,2.3223777,1431,2.1095982
3932175,78000,8000,229,8.9242406e+08,0.10078884,179.57339,9239.5674,74748.805,7399.0601,188306.17,333567.97,3970265.5,1.00936e+11,0.76526469,0.91086024,0.31499311,1.8050101,5.5392947,0.69550085,0.86227721,2.4272728,1431,2.1280951
3932176,78000,10000,243,9.3627424e+08,0.1190593,188.80745,9908.6074,57468.879,6499.8877,171561.08,314358.22,4440775.5,1.19448e+11,0.74142092,1.0064667,0.33242133,1.8159539,5.5885816,0.70168918,0.86328065,2.4146852,1431,2.1120963
3932177,78000,12000,269,1.0131331e+09,0.10573144,198.13591,10994.245,63475.887,4499.8877,171556.3,347005.31,5546342,1.6424e+11,0.67394441,1.1851217,0.34844559,1.825959,5.8037477,0.72870493,0.86758626,2.3622377,1431,2.0688181
3932178,78000,14000,296,1.1094241e+09,0.075969934,211.14626,10420.628,77329.359,2499.8875,244251.84,428383.62,7287624,2.67636e+11,0.60038936,1.342634,0.26523298,1.5138562,7.6389866,0.95913327,0.90024185,2.034965,1431,2.0839117
3932179,78000,16000,286,1.0886337e+09,0.13887809,207.03806,17879.871,75607.977,499.88754,144531.22,313854.94,7205310,2.6650799e+11,0.6442154,1.283684,0.33372229,1.7682796,6.263546,0.78643614,0.87640786,2.2622378,1431,2.0431192
3932196,78000,50000,231,9.2619194e+08,0.15019429,345.53986,11317.723,80774.438,271.70184,37463.902,278374.03,7611284.5,3.3631601e+11,0.99570864,0.95554876,0.5021739,1.9327509,4.5422659,0.57031626,0.84039497,2.7405593,1431,2.2481959
3932197,78000,52000,232,9.2592358e+08,0.15069056,336.07095,12047.372,81149.055,1962.5813,37549.777,277875,7668727.5,3.44408e+11,0.99391699,0.95886773,0.5043478,1.9327333,4.5440917,0.57054549,0.84043819,2.7398601,1431,2.2481222
3932198,78000,54000,232,9.2562272e+08,0.15101315,327.87469,13095.817,81638.516,3653.4607,37827.125,277532.94,7699358,3.49932e+11,0.99391699,0.95886773,0.5043478,1.9327333,4.5440917,0.57054549,0.84043819,2.7398601,1431,2.2481222
3932199,78000,56000,234,9.2528749e+08,0.15162258,321.02084,14396.988,82229.414,1980.4819,37579.254,276924.47,7906436,3.6656402e+11,0.9854371,0.97114503,0.50869566,1.9326718,4.5477476,0.57100451,0.84052461,2.7384615,1431,2.2480001
3932200,78000,58000,233,9.2500275e+08,0.1522267,315.37778,15877.439,82910.742,289.60254,37027.723,276331.91,7968035,3.7322002e+11,0.98394257,0.97163957,0.52954543,1.9087749,4.5096531,0.56622148,0.83962125,2.7531469,1431,2.2795777
3932213,78000,84000,105,3.9919584e+08,0.21692258,164.95403,13500.036,42925.531,549.27679,56004.82,152070.7,1940572,4.7324e+10,0.85824174,0.94542003,0.41338584,1.644659,3.9420154,0.49495021,0.82543367,3.0055945,1431,2.6325486
3932214,78000,86000,93,3.6154742e+08,0.20859161,176.04356,11465.531,42894.273,2549.2769,56986.402,147583.97,1580590.9,3.6636e+10,0.94039273,0.81148624,0.39406779,1.6231329,3.8797872,0.48713699,0.82378721,3.0377622,1431,2.6672108
3932215,78000,88000,83,3.165009e+08,0.19114113,191.70047,9369.1406,42961.867,614.25293,58664.008,144249.84,1312436.1,2.8784001e+10,0.9641493,0.78254038,0.35169491,1.6179529,3.8665185,0.48547101,0.82343358,3.0447552,1431,2.6722529
3997700,80000,-14000,45,1.6356163e+08,0.39313427,67.304794,2665.3513,16284.155,1022.8254,14984.282,72306.141,365262.47,3.548e+09,0.84747475,0.69559324,0.2356021,2.0584972,2.8804331,0.36166042,0.79413736,3.7447553,1431,2.6594253
3997701,80000,-12000,40,1.5078675e+08,0.43003082,5.7716718,703.29919,13844.968,2417.1746,13034.295,66379.922,288359,2.564e+09,0.96153843,0.63156521,0.21164021,2.050895,2.8753052,0.36101657,0.79396635,3.7496502,1431,2.6660373
3997702,80000,-10000,38,1.3801187e+08,0.45856372,277.86078,2268.5322,13619.769,417.17459,12128.938,61498.332,277877.41,2.444e+09,1,0.60920954,0.20430107,2.0461698,2.8716536,0.36055809,0.79384446,3.7531469,1431,2.670506
3997708,80000,2000,221,8.6585683e+08,0.157979,157.62633,15720.18,77209.68,1399.0601,137269.52,262438.97,4829555.5,1.6504399e+11,0.78095436,0.85520023,0.2678788,1.725161,5.9316373,0.74476242,0.87009001,2.3328671,1431,2.1247735
3997709,80000,4000,231,8.9434611e+08,0.14908342,165.57289,14943.178,77001.922,3399.0601,136981.48,274563.69,4966641.5,1.7528e+11,0.76502919,0.91997331,0.27966103,1.7348344,5.9660687,0.74908561,0.87075734,2.3251748,1431,2.1120002
3997710,80000,6000,234,9.0224723e+08,0.10917894,172.99046,13522.921,76849.211,5399.0601,171123.52,322253.97,4789183.5,1.6084001e+11,0.74498367,0.92997998,0.28226778,1.7372267,5.9850187,0.7514649,0.87112337,2.3209791,1431,2.1071894
3997711,80000,8000,235,9.1136806e+08,0.10256419,179.57361,11610.509,76748.203,7399.0601,187950.73,334159.62,4278677,1.16056e+11,0.74588108,0.95877713,0.32060027,1.8103982,5.5720553,0.69961417,0.8629449,2.4188812,1431,2.1183801
3997712,80000,10000,245,9.5041114e+08,0.12436311,188.00571,11755.719,59394.934,6499.8877,165187.55,309895.25,4659749,1.31156e+11,0.73727,1.0243758,0.31942633,1.8147755,5.707067,0.71656597,0.86566645,2.3853147,1431,2.0913093
3997713,80000,12000,269,1.0203492e+09,0.109796,196.47726,12708.156,65217.016,4499.8877,165839.48,341732.38,5688589.5,1.73964e+11,0.67336184,1.1909295,0.3466495,1.8261544,5.8156896,0.73020434,0.86782175,2.3594406,1431,2.0664949
3997714,80000,14000,297,1.1216801e+09,0.077802375,208.96957,11389.482,76978.688,2499.8875,240738.86,425640.56,7352779.5,2.68764e+11,0.59605062,1.3640532,0.26732674,1.5201575,7.6183963,0.95654798,0.89990908,2.0377622,1431,2.0806253
3997715,80000,16000,287,1.0882797e+09,0.14451547,205.62738,19078.111,77521.227,499.88754,139714.44,307622.47,7428205,2.8281999e+11,0.64416069,1.2863779,0.33488914,1.7689726,6.2670178,0.78687203,0.87647265,2.2615385,1431,2.0421412
3997732,80000,50000,231,9.2601472e+08,0.15039761,342.28088,9466.8525,78691.633,1339.8436,37658.996,278159.19,7512226.5,3.2721201e+11,0.99570864,0.95554876,0.5021739,1.9327509,4.5422659,0.57031626,0.84039497,2.7405593,1431,2.2481959
3997733,80000,52000,232,9.2578522e+08,0.15081365,331.40707,10348.479,79113.539,3030.7231,37842.016,277740.81,7583375.5,3.35084e+11,0.99391699,0.95886773,0.5043478,1.9327333,4.5440917,0.57054549,0.84043819,2.7398601,1431,2.2481222
3997734,80000,54000,234,9.2553517e+08,0.151346,322.51447,11568.577,79648.211,2603.2195,37756.961,277214.47,7760855,3.4910801e+11,0.9854371,0.97114503,0.50869566,1.9326718,4.5477476,0.57100451,0.84052461,2.7384615,1431,2.2480001
3997735,80000,56000,233,9.2535488e+08,0.15198275,315.46594,13024.003,80282.531,912.34021,37189.371,276606.22,7800765.5,3.5426799e+11,0.98827142,0.96583569,0.53075171,1.9075134,4.5078549,0.56599569,0.83957845,2.7538462,1431,2.2812157
3997749,80000,84000,101,3.8798282e+08,0.21496131,167.21181,14881.194,44923.992,549.27679,54815.406,150602.11,1886237.9,4.7344001e+10,0.8778218,0.93875921,0.42796609,1.6259795,3.8904681,0.48847803,0.82407123,3.0321679,1431,2.6644578
3997750,80000,86000,94,3.5475306e+08,0.20540093,177.08925,12924.868,44894.215,2549.2769,56952.266,147321.73,1664477.1,4.0816001e+10,0.91878289,0.86778343,0.39830509,1.623551,3.8811193,0.48730421,0.82382268,3.0370629,1431,2.6668053
3997751,80000,88000,84,3.181345e+08,0.16951767,190.61653,10839.124,44958.645,614.25293,63368.523,153568.75,1384136.4,3.2188e+10,0.94434881,0.84150732,0.35593221,1.618554,3.8678412,0.48563707,0.82346892,3.0440559,1431,2.6716666
4063236,82000,-14000,47,1.7412965e+08,0.36759433,94.425713,2919.3101,17287.355,1022.8254,17098.984,77153.727,395832.69,4.04e+09,0.81776136,0.70957553,0.22705314,2.073241,2.8959274,0.36360583,0.79465252,3.7300699,1431,2.6431479
4063237,82000,-12000,42,1.5656981e+08,0.41703874,162.16951,875.97461,14690.698,2417.1746,13845.279,68686.398,309480.41,2.828e+09,0.9152149,0.65572321,0.22105263,2.0541518,2.8775008,0.36129224,0.79403961,3.7475524,1431,2.6631646
4063238,82000,-10000,38,1.3900997e+08,0.45761046,234.33539,2737.8726,15081.255,417.17459,12157.059,61784.555,283765.12,2.6e+09,1,0.60920954,0.20430107,2.0461698,2.8716536,0.36055809,0.79384446,3.7531469,1431,2.670506
4063244,82000,2000,217,8.6339629e+08,0.15561274,159.92085,17553.156,79196.023,1399.0601,139175.89,264050.78,4864795,1.71868e+11,0.78315413,0.84597224,0.26271185,1.7208925,5.9223156,0.74359202,0.86990887,2.334965,1431,2.1295116
4063245,82000,4000,232,9.0077638e+08,0.1443191,167.30159,16598.203,78994.234,3399.0601,141444.44,280060.28,5206286.5,1.91252e+11,0.76067322,0.92856449,0.28087166,1.7357843,5.9692187,0.74948108,0.87081826,2.3244755,1431,2.1107934
4063246,82000,6000,241,9.2733581e+08,0.10888959,173.96542,15529.266,78838.633,5399.0601,172495.14,327137.47,5091165,1.7358401e+11,0.72012448,0.9872523,0.28827751,1.7425895,6.029707,0.75707585,0.87198323,2.3111887,1431,2.0961406
4063247,82000,8000,240,9.4017754e+08,0.10195626,180.68167,13593.195,78747.656,7399.0601,189530.5,340410.47,4662217.5,1.36452e+11,0.72925383,0.99800128,0.32520324,1.8147207,5.5996532,0.70307934,0.86350513,2.4118881,1431,2.1104195
4063248,82000,10000,257,9.7673133e+08,0.12842605,188.70627,13375.738,61330.52,6499.8877,160238.64,309147.66,5173997.5,1.5406799e+11,0.69704521,1.1478109,0.33638743,1.8233262,5.7331138,0.71983629,0.86618602,2.3790209,1431,2.0815353
4063249,82000,12000,274,1.0372984e+09,0.11739312,196.05225,14354.217,66992.445,4499.8877,156632.77,333223.38,6005150.5,1.90436e+11,0.66212136,1.2287976,0.35309279,1.8292699,5.8306861,0.73208725,0.86811703,2.3559442,1431,2.0621641
4063250,82000,14000,303,1.1423101e+09,0.079984047,207.63316,12323.851,78956.055,2499.8875,237638.03,423638.34,7800511,2.9517201e+11,0.58129519,1.4205307,0.29735035,1.6903104,7.0004334,0.87895799,0.88960373,2.1293707,1431,2.0085535
4063251,82000,16000,284,1.0929811e+09,0.1487409,204.51671,20356.664,79448.336,499.88754,136059.84,303875.78,7466156,2.8842e+11,0.64798689,1.2726995,0.33138856,1.7668774,6.2566133,0.78556567,0.87627846,2.2636364,1431,2.0450904
4063267,82000,48000,231,9.2612787e+08,0.15004463,352.87805,7082.4766,76280.633,717.10596,37808.625,278503.19,7456101.5,3.1830799e+11,0.99570864,0.95554876,0.5021739,1.9327509,4.5422659,0.57031626,0.84039497,2.7405593,1431,2.2481959
4063268,82000,50000,232,9.2593466e+08,0.15056412,337.44281,7673.228,76624.484,2407.9854,37898.086,277993.31,7500338.5,3.2396401e+11,0.99391699,0.95886773,0.5043478,1.9327333,4.5440917,0.57054549,0.84043819,2.7398601,1431,2.2481222
4063269,82000,52000,232,9.2576e+08,0.15104499,324.97388,8756.8555,77094.82,3225.9573,37944.711,277524.28,7523137,3.27624e+11,0.99391699,0.95886773,0.5043478,1.9327333,4.5440917,0.57054549,0.84043819,2.7398601,1431,2.2481222
4063270,82000,54000,233,9.2567059e+08,0.15172184,315.60855,10174.502,77675.812,1535.0779,37357.094,276891.19,7660924,3.3840402e+11,0.98827142,0.96583569,0.53075171,1.9075134,4.5078549,0.56599569,0.83957845,2.7538462,1431,2.2812157
4063285,82000,84000,99,3.7985398e+08,0.21324705,168.93127,16366.034,46922.594,549.27679,53786.18,149613.84,1924328.5,5.1256001e+10,0.88868272,0.92101383,0.41949153,1.625374,3.8877923,0.48814207,0.82400012,3.0335665,1431,2.6650412
4063286,82000,86000,92,3.5122237e+08,0.2022372,177.78845,14393.603,46894.164,2549.2769,57089.328,147728.91,1695287.5,4.4228002e+10,0.9288103,0.85135758,0.3898305,1.622697,3.8784564,0.48696989,0.82375181,3.0384614,1431,2.667634
4063287,82000,88000,88,3.3245981e+08,0.15068585,192.34196,11286.943,46955.707,614.25293,69264.008,166509.22,1535877.1,3.7892002e+10,0.87382448,1.0941037,0.37288135,1.6207721,3.8731415,0.48630255,0.82361025,3.0412588,1431,2.6695056
4128772,84000,-14000,65,2.1146467e+08,0.21023458,94.499451,5465.3701,32901.676,1022.8254,42728.203,112427.3,753281.75,1.2103999e+10,0.63749999,0.8345964,0.14380531,1.8095779,4.2028627,0.52770156,0.83213073,2.8811188,1431,2.3982587
4128773,84000,-12000,48,1.8083101e+08,0.35112756,139.38622,2042.4252,16751.508,2417.1746,18938.209,80446.828,384796.53,3.9e+09,0.8067376,0.71343935,0.18250951,1.8861711,3.4948068,0.43879974,0.81313515,3.2622378,1431,2.5496342
4128774,84000,-10000,39,1.4319715e+08,0.45094666,212.73898,3916.4211,16980.143,417.17459,12391.578,63169.801,309659.91,3.136e+09,0.98380566,0.61968821,0.20634921,2.0495589,2.8745742,0.36092478,0.79394197,3.7503498,1431,2.6671484
4128780,84000,2000,217,8.7256493e+08,0.14963076,161.94908,19094.922,81183.133,1399.0601,143263.61,270703.19,5102830.5,1.9033199e+11,0.77709508,0.85237426,0.26303029,1.7210602,5.9192147,0.74320275,0.86984861,2.3356643,1431,2.1298869
4128781,84000,4000,241,9.3244493e+08,0.13251932,169.72263,17557.232,80986.977,3399.0601,151303.16,297356.16,5487688,2.05508e+11,0.72285616,1.0286705,0.28724673,1.7420756,6.0393696,0.7582891,0.87216854,2.3090909,1431,2.0949929
4128782,84000,6000,253,9.7433773e+08,0.10848843,176.27652,16855.762,80829.656,5399.0601,174970.11,335944.84,5618448.5,1.99248e+11,0.67993599,1.0982207,0.30083233,1.7523183,6.0848765,0.7640028,0.87303835,2.2993007,1431,2.0804424
4128783,84000,8000,252,9.8041696e+08,0.10594684,182.59395,15271.896,80747.148,7399.0601,186441.28,341009.38,5157459,1.58116e+11,0.6890533,1.1104689,0.34146342,1.8230885,5.6331344,0.70728308,0.86418205,2.4034965,1431,2.0993888
4128784,84000,10000,262,1.0063071e+09,0.13683107,189.49782,14992.583,63273.969,6499.8877,151782.75,304002.97,5559440,1.7491599e+11,0.68216783,1.1964562,0.34338138,1.8266016,5.7447662,0.72129941,0.86641788,2.3762238,1431,2.0776119
4128785,84000,12000,280,1.0556691e+09,0.12530719,195.68816,16047.521,68795.789,4499.8877,147810.97,325372.5,6336293.5,2.0788e+11,0.64485407,1.3035064,0.36553526,1.8377004,5.8067284,0.72907919,0.86764508,2.3615384,1431,2.0606384
4128786,84000,14000,311,1.1689047e+09,0.082256541,206.66252,13148.727,80936.844,2499.8875,234677.8,422580.31,8276412.5,3.2037202e+11,0.55971372,1.5000163,0.30520117,1.6970887,7.0352831,0.88333368,0.89020216,2.1237762,1431,1.9989978
4128787,84000,16000,286,1.1002211e+09,0.15162392,203.53775,21707.639,81386.398,499.88754,133499.8,301968.06,7707619.5,3.0308401e+11,0.64534414,1.2960049,0.33372229,1.7682796,6.263546,0.78643614,0.87640786,2.2622378,1431,2.0431192
4128802,84000,46000,231,9.2628051e+08,0.14962037,12.549949,5166.4619,73925.547,94.368332,38004.16,278920.75,7432729.5,3.13116e+11,0.99570864,0.95554876,0.5021739,1.9327509,4.5422659,0.57031626,0.84039497,2.7405593,1431,2.2481959
4128803,84000,48000,232,9.2608723e+08,0.15025778,349.57431,5175.7876,74178.266,1785.2477,37996.367,278299.47,7450400.5,3.1657201e+11,0.99391699,0.95886773,0.5043478,1.9327333,4.5440917,0.57054549,0.84043819,2.7398601,1431,2.2481222
4128804,84000,50000,232,9.2597267e+08,0.15071297,329.74005,5980.2837,74574.289,3476.1272,38146.57,277861.72,7448524,3.1836799e+11,0.99391699,0.95886773,0.5043478,1.9327333,4.5440917,0.57054549,0.84043819,2.7398601,1431,2.2481222
4128805,84000,52000,234,9.2596032e+08,0.15143931,315.86926,7328.7876,75094.266,2157.8154,37533.66,277192.72,7609224.5,3.2942401e+11,0.9854371,0.97114503,0.50869566,1.9326718,4.5477476,0.57100451,0.84052461,2.7384615,1431,2.2480001
4128806,84000,54000,233,9.2602784e+08,0.15203485,306.69495,8975.7959,75722.711,466.93607,37214.406,276659.38,7632560,3.3164401e+11,0.98394257,0.97163957,0.52954543,1.9087749,4.5096531,0.56622148,0.83962125,2.7531469,1431,2.2795777
4128821,84000,84000,97,3.7252864e+08,0.21121971,170.32016,17884.742,48921.312,549.27679,53183.789,148873.55,1971297.9,5.5692001e+10,0.89926976,0.90332997,0.41101694,1.6246979,3.8851204,0.48780659,0.82392907,3.034965,1431,2.6656945
4128822,84000,86000,93,3.518263e+08,0.18086909,178.39586,15710.779,48894.113,2549.2769,60134.559,156346.05,1750918.4,4.7388e+10,0.89223939,0.96897131,0.39406779,1.6231329,3.8797872,0.48713699,0.82378721,3.0377622,1431,2.6672108
4128823,84000,88000,89,3.3748272e+08,0.15177993,191.74361,12644.226,48953.02,614.25293,49011.312,167156.59,1624867.8,4.2363998e+10,0.85750765,1.1656601,0.37711865,1.6212807,3.8744688,0.48646921,0.82364559,3.0405595,1431,2.6690106
4194308,86000,-14000,93,3.4173178e+08,0.23125768,92.925659,11475.785,31942.211,1022.8254,46694.723,136269.77,1378147.6,2.6887999e+10,0.65194017,0.96634698,0.20484582,1.854728,4.2502632,0.53365308,0.83331412,2.8601398,1431,2.3511939
4194309,86000,-12000,93,3.418111e+08,0.23293313,92.813675,9588.3154,30131.836,2476.8127,46611.301,135794.56,1260513.1,2.2872001e+10,0.65194017,0.96634698,0.20484582,1.854728,4.2502632,0.53365308,0.83331412,2.8601398,1431,2.3511939
4194310,86000,-10000,93,3.4244474e+08,0.23419197,92.581764,7726.7339,28373.859,682.57074,46667.574,135554.58,1169734.2,1.9608001e+10,0.65194017,0.96634698,0.20484582,1.854728,4.2502632,0.53365308,0.83331412,2.8601398,1431,2.3511939
4194311,86000,-8000,68,2.5423626e+08,0.30128649,71.695274,10000.671,26691.699,540.24823,47701.32,102975.48,837543.56,1.3888e+10,0.93985951,0.47172746,0.15246637,1.8114834,4.1981807,0.52711368,0.83201331,2.8832169,1431,2.3982158
4194312,86000,-6000,67,2.5618378e+08,0.30468106,67.777618,8488.4355,25124.164,540.24823,47732.234,102791.7,761822.19,1.1456e+10,0.95160562,0.45612335,0.15056179,1.8091671,4.195065,0.52672249,0.83193511,2.8846154,1431,2.400902
4194313,86000,-4000,71,2.6553928e+08,0.26972836,62.622452,7097.207,23739.746,540.24823,55184.395,111225.92,782797.56,1.1024e+10,0.92354125,0.47115883,0.15883669,1.8171754,4.2044253,0.52789778,0.83216989,2.8804195,1431,2.3920715
4194314,86000,-2000,75,2.8160118e+08,0.27029675,56.946907,5824.769,22669.49,540.24823,56054.434,114419.95,795204.75,1.0375999e+10,0.9066667,0.48971811,0.16741072,1.8243511,4.2122579,0.52888119,0.83236605,2.8769231,1431,2.3843973
4194315,86000,0,99,3.7261891e+08,0.29343548,78.469749,5037.8203,22187.352,540.24823,55529.863,126322.6,1094915.8,1.4360001e+10,0.84580499,0.58196294,0.21019109,1.8727876,4.287334,0.53830761,0.83423281,2.8440559,1431,2.3270271
4194316,86000,2000,241,9.5648019e+08,0.13984981,166.32138,18674.592,83170.938,1499.7457,140213.25,293164.91,5529885,2.0467601e+11,0.67683262,1.1369344,0.28758949,1.7422506,6.0361452,0.75788426,0.87210673,2.3097901,1431,2.095372
4194317,86000,4000,254,9.8292992e+08,0.10081783,172.91345,18318.939,82980.117,3441.7258,188663.61,350023.78,5914078,2.2486801e+11,0.6701628,1.1953439,0.30310261,1.7536342,6.0783334,0.76318127,0.8729136,2.3006992,1431,2.0805335
4194318,86000,6000,264,1.0136761e+09,0.10150922,178.0069,18425.508,82821.961,5426.0225,179867.22,354243.41,6134793.5,2.2575201e+11,0.64633024,1.2186036,0.313912,1.7613161,6.1211152,0.7685529,0.87372756,2.2916083,1431,2.0684741
4194319,86000,8000,259,1.0111128e+09,0.10871081,183.54478,17143.912,82746.68,6686.4062,174449.39,341875.81,5613483,1.8225599e+11,0.66675645,1.190376,0.35142469,1.8274076,5.6500249,0.70940387,0.86452246,2.3993008,1431,2.094013
4194320,86000,10000,267,1.029324e+09,0.14178629,189.61684,16757.516,65223.977,6499.8877,135503.55,302039.59,5896587.5,1.9236001e+11,0.66587818,1.2612797,0.35039371,1.8297063,5.7564664,0.72276843,0.86665034,2.3734267,1431,2.0738544
4194321,86000,12000,280,1.0693432e+09,0.13280191,194.99913,17843.086,70622.141,4499.8877,129666.41,318098.28,6567168,2.23424e+11,0.641065,1.3252732,0.36649215,1.837502,5.8007698,0.72833103,0.86752748,2.362937,1431,2.0618994
4194322,86000,14000,322,1.1993804e+09,0.084479958,205.76801,13722.08,82920.367,2499.8875,222296.59,422383.09,8904217,3.50496e+11,0.54039204,1.5695952,0.31599608,1.7059218,7.0837722,0.88942182,0.89103121,2.1160839,1431,1.9863113
4194323,86000,16000,290,1.1049272e+09,0.15350468,202.43237,23172.65,83333.258,499.88754,121543.1,300753.69,8017868.5,3.1941201e+11,0.63023508,1.3668294,0.33838972,1.7710203,6.2774572,0.7881828,0.87666726,2.2594407,1431,2.039237
4194338,86000,46000,231,9.2626048e+08,0.14988478,19.010553,3278.2026,71783.688,1162.5101,38140.609,278671.62,7376961.5,3.0958001e+11,0.99570864,0.95554876,0.5021739,1.9327509,4.5422659,0.57031626,0.84039497,2.7405593,1431,2.2481959
4194339,86000,48000,232,9.2618074e+08,0.15042886,342.40689,3319.2014,72092.961,2853.3894,38230.016,278155.22,7407826.5,3.1284e+11,0.99391699,0.95886773,0.5043478,1.9327333,4.5440917,0.57054549,0.84043819,2.7398601,1431,2.2481222
4194340,86000,50000,234,9.2622054e+08,0.15112957,316.47235,4486.2964,72542.484,2780.5532,37933.184,277515.59,7537840.5,3.21368e+11,0.9854371,0.97114503,0.50869566,1.9326718,4.5477476,0.57100451,0.84052461,2.7384615,1431,2.2480001
4194341,86000,52000,234,9.2636646e+08,0.15177031,302.89679,6171.6675,73113.352,1089.6737,37379.457,276951,7605084.5,3.2645598e+11,0.98297936,0.97486299,0.53181821,1.908646,4.5114527,0.56644738,0.83966404,2.7524476,1431,2.2796197
4194357,86000,84000,95,3.672696e+08,0.20918466,171.44197,19436.355,50920.141,549.27679,51767.402,148536.27,2012480.4,5.9816002e+10,0.9113102,0.8856374,0.40254238,1.6239511,3.882452,0.48747155,0.82385814,3.0363636,1431,2.6664174
4194358,86000,86000,97,3.7244794e+08,0.15617266,180.54341,15419.788,50894.07,2549.2769,46876.184,173115.2,1909643.9,5.4131999e+10,0.82023197,1.285086,0.41101694,1.6246979,3.8851204,0.48780659,0.82392907,3.034965,1431,2.6656945
4194359,86000,88000,89,3.3639293e+08,0.15115865,190.09267,14554.627,50950.555,614.25293,61077.758,167229.09,1702917.6,4.7012e+10,0.85750765,1.1656601,0.37711865,1.6212807,3.8744688,0.48646921,0.82364559,3.0405595,1431,2.6690106
4259844,88000,-14000,96,3.5535302e+08,0.23629095,102.66389,12295.268,31214.326,1022.8254,46627.664,137471.09,1486760,2.9767999e+10,0.65438598,0.97690725,0.21098901,1.8593844,4.2566643,0.53445679,0.83347315,2.8573427,1431,2.3460526
4259845,88000,-12000,97,3.5806976e+08,0.23822142,104.4423,10521.634,29310.186,3022.8254,46617.973,137435.31,1381835,2.5852e+10,0.65399486,0.9809829,0.21318682,1.8607056,4.2582674,0.53465807,0.83351296,2.8566434,1431,2.3446822
4259846,88000,-10000,98,3.6229462e+08,0.23992015,106.88543,8815.7002,27433.316,2574.2759,46754.504,137753.47,1306186.1,2.2932001e+10,0.65327162,0.98460925,0.21444201,1.8632536,4.2630844,0.53526288,0.83363253,2.8545454,1431,2.3414044
4259847,88000,-8000,79,2.9783171e+08,0.27193293,89.714874,9348.8818,25596.381,2540.2483,52458.988,117316.61,975754.38,1.6348e+10,0.87017202,0.58269489,0.17516629,1.8324714,4.2232723,0.5302642,0.83264148,2.8720279,1431,2.3751044
4259848,88000,-6000,79,2.9753213e+08,0.30237007,88.976341,8440.2793,24108.449,2540.2483,49430.59,111199.4,928450.88,1.4464e+10,0.91139239,0.52641141,0.17362638,1.8347926,4.2295923,0.53105766,0.83279926,2.8692307,1431,2.3714445
4259849,88000,-4000,84,3.1716989e+08,0.3087987,91.988556,7291.1396,23416.857,2540.2483,50066.957,113609.12,952791.81,1.386e+10,0.89873779,0.53329301,0.18380743,1.8436213,4.2406979,0.53245205,0.83307612,2.8643358,1431,2.3617144
4259850,88000,-2000,96,3.7231277e+08,0.30145353,104.1584,6801.7041,25859.346,2540.2483,54224.027,124580.11,1103114.9,1.5783999e+10,0.86052632,0.57894826,0.20425531,1.8681786,4.2808409,0.53749233,0.83407229,2.8468533,1431,2.3321397
4259851,88000,0,161,6.1154502e+08,0.22526471,141.64566,10835.994,42806.359,2540.2483,83345.258,184702.41,2464330,4.9551999e+10,0.79409939,0.83672088,0.33541667,1.9399279,4.4059625,0.55320233,0.83713329,2.7944057,1431,2.2528219
4259852,88000,2000,244,9.5391462e+08,0.13777269,167.78653,20715.66,85159.383,2900.0396,142649.62,294970.19,5926111.5,2.3030401e+11,0.66993862,1.1559052,0.29116946,1.7449646,6.0458288,0.75910008,0.87229228,2.3076923,1431,2.0918653
4259853,88000,4000,257,9.9057664e+08,0.10171147,173.40324,20671.359,84973.617,4243.4033,190643.31,349835.59,6402328.5,2.5697999e+11,0.6543045,1.2089814,0.30631703,1.7559756,6.0914335,0.76482606,0.87316328,2.2979021,1431,2.0768282
4259854,88000,6000,266,1.0194808e+09,0.10246753,178.08026,20607.41,84815.305,4659.752,179964.62,353591.09,6602624.5,2.5601601e+11,0.64298481,1.2215053,0.31666666,1.7630185,6.1244311,0.76896924,0.8737905,2.2909091,1431,2.0667901
4259855,88000,8000,259,1.0179171e+09,0.10937484,183.12251,19347.859,84746.25,4697.7676,174680.14,341981.34,5903566,1.9998001e+11,0.67040795,1.1902424,0.35142469,1.8274076,5.6500249,0.70940387,0.86452246,2.3993008,1431,2.094013
4259856,88000,10000,270,1.0345221e+09,0.14560498,188.67879,18766.494,67179.508,5334.2993,129996.05,298804.19,6248039,2.1260799e+11,0.6559273,1.295619,0.35479632,1.8314501,5.7623343,0.7235052,0.86676681,2.3720279,1431,2.0719275
4259857,88000,12000,282,1.0688142e+09,0.13982059,193.61247,19817.469,72467.688,4499.8877,122254.27,309934.91,6911688,2.4514399e+11,0.63827264,1.3408916,0.36959371,1.8384814,5.8037477,0.72870493,0.86758626,2.3622377,1431,2.0609694
4259858,88000,14000,327,1.2322865e+09,0.086976498,204.69568,13758.15,84906.117,2499.8875,219915.53,421948.88,9398895,3.79052e+11,0.52460551,1.6397932,0.32090285,1.7097528,7.1060343,0.89221698,0.89141047,2.1125875,1431,1.9807154
4259859,88000,16000,288,1.0995283e+09,0.15458961,200.91977,24823.227,85287.258,499.88754,120327.13,298963.38,8243477,3.3739201e+11,0.62676638,1.3751699,0.33605602,1.7696605,6.2704935,0.78730845,0.87653744,2.2608392,1431,2.0411682
4259873,88000,44000,231,9.2647526e+08,0.14943123,70.045395,3265.5308,69452.242,539.77246,38337.637,279126.56,7397658.5,3.0995599e+11,0.99570864,0.95554876,0.5021739,1.9327509,4.5422659,0.57031626,0.84039497,2.7405593,1431,2.2481959
4259874,88000,46000,232,9.2639136e+08,0.150106,40.716789,1540.1104,69658.969,2230.6519,38322.711,278485.88,7401463.5,3.1104002e+11,0.99391699,0.95886773,0.5043478,1.9327333,4.5440917,0.57054549,0.84043819,2.7398601,1431,2.2481222
4259875,88000,48000,234,9.2646406e+08,0.15078522,319.19006,1649.2478,70026.258,3403.2908,38137.266,277868.81,7500806,3.1707202e+11,0.9854371,0.97114503,0.50869566,1.9326718,4.5477476,0.57100451,0.84052461,2.7384615,1431,2.2480001
4259876,88000,50000,234,9.266857e+08,0.15148152,292.97861,3441.917,70530.656,1712.4114,37555.207,277262.62,7537526.5,3.1958401e+11,0.98297936,0.97486299,0.53181821,1.908646,4.5114527,0.56644738,0.83966404,2.7524476,1431,2.2796197
4259877,88000,52000,233,9.270576e+08,0.15203294,285.40091,5462.9365,71153.727,21.531958,37276.805,276814.91,7543569.5,3.1902001e+11,0.98394257,0.97163957,0.52954543,1.9087749,4.5096531,0.56622148,0.83962125,2.7531469,1431,2.2795777
4259893,88000,84000,95,3.6607862e+08,0.20603368,172.39462,20826.543,52919.062,549.27679,50400.242,149424.91,2107501.5,6.5924002e+10,0.90414333,0.90956211,0.40254238,1.6239511,3.882452,0.48747155,0.82385814,3.0363636,1431,2.6664174
4259894,88000,86000,97,3.6993834e+08,0.15557832,180.59605,17202.244,52894.031,2549.2769,44367.27,172860.22,2007955.6,6.0300001e+10,0.82023197,1.285086,0.41101694,1.6246979,3.8851204,0.48780659,0.82392907,3.034965,1431,2.6656945
4259895,88000,88000,88,3.310401e+08,0.091101371,187.92479,16924.729,52948.285,614.25293,107990.04,213689.3,1758956.8,5.1527999e+10,0.87852663,1.0494388,0.37288135,1.6207721,3.8731415,0.48630255,0.82361025,3.0412588,1431,2.6695056
4325380,90000,-14000,99,3.6909434e+08,0.2397065,111.28051,13403.743,31940.439,1022.8254,46941.297,139102.11,1612373.5,3.3003999e+10,0.65945166,0.98342788,0.21902655,1.8614074,4.2566643,0.53445679,0.83347315,2.8573427,1431,2.3449004
4325381,90000,-12000,100,3.7439408e+08,0.24149932,114.29044,11790.827,30293.43,2659.7517,47098.008,139576.23,1512144.4,2.9296001e+10,0.65838385,0.98701322,0.21978022,1.8645903,4.2630844,0.53526288,0.83363253,2.8545454,1431,2.3406482
4325382,90000,-10000,102,3.8215587e+08,0.24297789,118.20238,10300.498,28828.055,2659.7517,47470.383,140585.92,1451046.2,2.6535999e+10,0.65598911,0.99446726,0.22368421,1.8677487,4.2679124,0.53586906,0.83375221,2.8524475,1431,2.3370478
4325383,90000,-8000,89,3.4142717e+08,0.23806037,109.20926,9784.9443,27703.895,2659.7517,59807.723,134248.8,1172112,2.0331999e+10,0.80056179,0.69160628,0.19389978,1.852119,4.2518616,0.53385377,0.83335388,2.8594406,1431,2.3523033
4325384,90000,-6000,89,3.3888045e+08,0.28655449,108.93872,9386.2598,27308.359,2659.7517,53427.703,121905.87,1121769.4,1.8452001e+10,0.85418797,0.6020329,0.19347826,1.8526989,4.2534614,0.53405464,0.83339363,2.8587413,1431,2.3513846
4325385,90000,-4000,96,3.7122826e+08,0.29472464,116.31235,8983.5781,28800.641,2659.7517,54767.805,125810.59,1200365.6,1.9220001e+10,0.84627193,0.60911775,0.20425531,1.8681786,4.2808409,0.53749233,0.83407229,2.8468533,1431,2.3321397
4325386,90000,-2000,122,4.6580762e+08,0.27382514,132.44875,10407.312,37217.355,2659.7517,63861.492,146208.14,1732579,3.1984001e+10,0.81723344,0.67588603,0.25684211,1.9026541,4.331686,0.54387629,0.83532411,2.8251748,1431,2.2944551
4325387,90000,0,197,7.6560416e+08,0.13495691,159.87834,19509.934,79384.477,2659.7517,147942.95,266998.94,4387692,1.52356e+11,0.69449914,0.96265876,0.26875854,1.7769721,5.4696178,0.68675238,0.86084741,2.4454546,1431,2.1598506
4325388,90000,2000,242,9.4260474e+08,0.1383653,169.31862,23025.967,87148.422,2659.7517,142032.12,292587.75,6308958,2.58668e+11,0.66314596,1.1574495,0.28912783,1.7433307,6.0361452,0.75788426,0.87210673,2.3097901,1431,2.0945821
4325389,90000,4000,257,9.9288038e+08,0.1021053,173.92349,23059.062,86967.453,2659.7517,194121.94,349566.06,6805842.5,2.8629601e+11,0.64600557,1.2193209,0.30631703,1.7559756,6.0914335,0.76482606,0.87316328,2.2979021,1431,2.0768282
4325390,90000,6000,267,1.0226744e+09,0.10323866,178.18962,22795.641,86809.5,2659.7517,180620.25,352819.38,7031554,2.83932e+11,0.63704205,1.2285691,0.31785715,1.7637899,6.1277509,0.76938599,0.87385345,2.2902098,1431,2.0657465
4325391,90000,8000,263,1.03087e+09,0.089108571,182.88506,21247.768,86745.852,2725.8047,210888.78,381282.72,6387679,2.2802801e+11,0.65985548,1.2236453,0.34379086,1.8273872,5.7535372,0.72240061,0.86659217,2.374126,1431,2.0755391
4325392,90000,10000,269,1.0396719e+09,0.14860253,187.93071,20779.393,69139.727,3716.9534,125480.27,296510.44,6587299.5,2.35236e+11,0.65749317,1.2853687,0.35394737,1.8307517,5.7564664,0.72276843,0.86665034,2.3734267,1431,2.0733895
4325393,90000,12000,282,1.0685572e+09,0.14675784,192.48239,21800.893,74329.414,3540.2449,115427.41,302484.53,7237795,2.6762401e+11,0.6389541,1.3382173,0.37007874,1.8383681,5.8007698,0.72833103,0.86752748,2.362937,1431,2.0616138
4325394,90000,14000,332,1.2472088e+09,0.088373408,202.28421,14965.524,86893.695,2499.8875,205771.94,421127.62,9717424,3.93444e+11,0.51250321,1.707468,0.32580963,1.7134703,7.1284366,0.89502978,0.89179122,2.1090908,1431,1.9752247
4325395,90000,16000,285,1.0932349e+09,0.15535587,199.57216,26559.684,87247.133,499.88754,119884.42,297370.5,8576403,3.6470401e+11,0.63745987,1.3323413,0.33255541,1.7675811,6.2600775,0.78600067,0.87634313,2.2629371,1431,2.0441022
4325409,90000,44000,232,9.2662432e+08,0.14970869,105.3052,3120.4958,67448.242,1607.9142,38466.906,278890.22,7428619,3.1296799e+11,0.99391699,0.95886773,0.5043478,1.9327333,4.5440917,0.57054549,0.84043819,2.7398601,1431,2.2481222
4325410,90000,46000,232,9.2671123e+08,0.1503966,128.90494,1197.8311,67553,3298.7937,38363.637,278264.72,7393265,3.1103599e+11,0.99391699,0.95886773,0.5043478,1.9327333,4.5440917,0.57054549,0.84043819,2.7398601,1431,2.2481222
4325411,90000,48000,233,9.2699507e+08,0.151162,240.25696,1332.8993,67979.836,2335.1489,37745.43,277601.81,7442930.5,3.12724e+11,0.98827142,0.96583569,0.53075171,1.9075134,4.5078549,0.56599569,0.83957845,2.7538462,1431,2.2812157
4325412,90000,50000,233,9.2743686e+08,0.15176268,260.27493,3301.5208,68540.562,644.26959,37441.758,277117.94,7489222,3.1440401e+11,0.98394257,0.97163957,0.52954543,1.9087749,4.5096531,0.56622148,0.83962125,2.7531469,1431,2.2795777
4325429,90000,84000,102,3.8899299e+08,0.15999319,174.10402,20263.176,54918.062,619.37756,42750.75,174793.42,2321183,7.5027997e+10,0.80353332,1.3259254,0.43220338,1.626256,3.8918073,0.48864618,0.82410681,3.0314686,1431,2.664192
4325430,90000,86000,95,3.6210422e+08,0.15425298,180.23213,19518.037,54893.992,2565.2944,54633.082,171753.25,2067801.2,6.5784001e+10,0.83740199,1.2003123,0.40254238,1.6239511,3.882452,0.48747155,0.82385814,3.0363636,1431,2.6664174
4325431,90000,88000,86,3.279999e+08,0.16556208,186.27812,19146.879,54946.188,638.13611,52524.586,157783.42,1825575.4,5.7119998e+10,0.91709983,0.89392245,0.36440679,1.6197001,3.8704896,0.4859696,0.82353956,3.0426574,1431,2.6705496
4390916,92000,-14000,103,3.8324173e+08,0.25742185,118.63879,14768.438,33419.922,659.75177,43249.508,136778.75,1802475.6,3.8448001e+10,0.65467352,0.99871182,0.2258772,1.868995,4.2695241,0.53607142,0.83379215,2.8517482,1431,2.3357506
4390917,92000,-12000,106,3.9106096e+08,0.25868925,122.32836,13338.183,32110.037,659.75177,43653.797,137828.16,1749698.8,3.5671998e+10,0.65121293,1.0103673,0.23194748,1.8732984,4.2759833,0.53688246,0.83395213,2.8489511,1431,2.3309505
4390918,92000,-10000,109,4.0228822e+08,0.25926581,126.86899,12084.003,31137.391,659.75177,44386.082,139637.14,1714052.1,3.35e+10,0.64763844,1.0215353,0.23799127,1.8775032,4.2824621,0.53769588,0.83411241,2.8461537,1431,2.3262451
4390919,92000,-8000,102,3.8245456e+08,0.24742809,124.81866,11303.841,30778.574,659.75177,58968.871,139370.34,1510171.5,2.8239999e+10,0.72762573,0.82256866,0.22077923,1.8714581,4.2776012,0.53708559,0.83399218,2.8482518,1431,2.3312874
4390920,92000,-6000,97,3.8038339e+08,0.28411165,124.46394,11191.623,31673.703,659.75177,54511.301,129709.32,1359010.5,2.4244001e+10,0.81808418,0.66579735,0.20860215,1.8667037,4.2743669,0.53667945,0.83391213,2.8496504,1431,2.3352752
4390921,92000,-4000,112,4.2534954e+08,0.29168382,132.35446,11672.492,35628.957,659.75177,56821.777,135369.78,1657390,3.1344001e+10,0.81644142,0.66725683,0.23880596,1.8878592,4.3052931,0.54056251,0.83467573,2.8363636,1431,2.3119285
4390922,92000,-2000,146,5.4382867e+08,0.25425243,145.5293,14465.871,47001.141,659.75177,71960.359,163946.98,2572599,6.0096e+10,0.79291451,0.80762231,0.30801687,1.9245481,4.3701973,0.54871172,0.83626503,2.8090909,1431,2.2713916
4390923,92000,0,215,8.3243635e+08,0.12952165,164.39255,24171.914,89364.586,659.75177,159173.64,284190.31,5756875,2.41092e+11,0.66850686,1.0514549,0.25841346,1.7176994,5.9347506,0.74515337,0.87015051,2.3321679,1431,2.1299496
4390924,92000,2000,238,9.3028851e+08,0.13727522,170.58896,25288.635,89138.016,659.75177,143032.27,291821.78,6601627.5,2.79616e+11,0.67035425,1.135159,0.28605768,1.7404865,6.0072794,0.75425994,0.87155229,2.3160839,1431,2.1012392
4390925,92000,4000,251,9.7695718e+08,0.10486373,174.78778,25873.717,88961.594,659.75177,192705.31,342160.62,7168209,3.1295999e+11,0.64567333,1.1897463,0.29952267,1.7510937,6.0685453,0.76195234,0.87272674,2.3027973,1431,2.0838759
4390926,92000,6000,263,1.0072242e+09,0.10550125,178.56735,25464.443,88804.398,659.75177,180738.12,346369.16,7445605,3.1291598e+11,0.63367486,1.2190183,0.31346843,1.7608117,6.1111894,0.76730657,0.87353909,2.2937062,1431,2.0703728
4390927,92000,8000,269,1.05303e+09,0.096193299,182.77942,22890.666,88745.477,889.38416,192892.03,370896.62,6809839,2.51388e+11,0.63116574,1.3490332,0.35394737,1.8307517,5.7564664,0.72276843,0.86665034,2.3734267,1431,2.0733895
4390928,92000,10000,273,1.0446328e+09,0.15021785,187.31622,22796.537,71103.953,2678.9429,122460.5,295614.69,7044465.5,2.6218399e+11,0.64390755,1.3312246,0.35921052,1.8331254,5.7682142,0.72424346,0.86688346,2.3706293,1431,2.0700681
4390929,92000,12000,282,1.0684838e+09,0.15303549,191.54359,23790.482,76204.906,2427.8235,109683.47,296205.31,7581316.5,2.9039201e+11,0.63547111,1.3651415,0.37056506,1.8382508,5.7977948,0.72795755,0.86746877,2.3636363,1431,2.0622621
4390930,92000,14000,338,1.2628283e+09,0.089514948,200.10689,16299.281,88882.781,740.59369,192253.75,421045.75,10139386,4.1650799e+11,0.5075413,1.7525939,0.33169773,1.7177825,7.1555066,0.89842862,0.89225012,2.1048951,1431,1.9687736
4390931,92000,16000,279,1.0669032e+09,0.15674715,198.05263,28906.041,89211.883,499.88754,121664.63,292460.75,8884059,3.8921201e+11,0.63987517,1.2968582,0.32555425,1.7632788,6.2393489,0.78339803,0.8759557,2.2671328,1431,2.0501056
4390944,92000,42000,231,9.26904e+08,0.14921963,119.25914,5744.688,70255.109,985.17657,38671.367,279389.03,7437295,3.16076e+11,0.99570864,0.95554876,0.5021739,1.9327509,4.5422659,0.57031626,0.84039497,2.7405593,1431,2.2481959
4390945,92000,44000,232,9.2697658e+08,0.14995119,133.06831,4024.4543,69034,2676.0559,38619.809,278717.56,7428760,3.14828e+11,0.99391699,0.95886773,0.5043478,1.9327333,4.5440917,0.57054549,0.84043819,2.7398601,1431,2.2481222
4390946,92000,46000,234,9.2730515e+08,0.15080334,162.24767,2795.5969,67729.898,2957.8867,37955.047,277978.25,7511458.5,3.18068e+11,0.9854371,0.97114503,0.50869566,1.9326718,4.5477476,0.57100451,0.84052461,2.7384615,1431,2.2480001
4390947,92000,48000,234,9.2780506e+08,0.15146522,205.87527,2848.4858,66477.172,1267.0072,37619.32,277444.97,7531422,3.17604e+11,0.98297936,0.97486299,0.53181821,1.908646,4.5114527,0.56644738,0.83966404,2.7524476,1431,2.2796197
4390965,92000,84000,100,3.8500758e+08,0.15914823,174.73157,22058.775,56917.141,1685.3855,42687.348,174356.7,2378650,8.0648004e+10,0.81030303,1.3095348,0.42372882,1.6256856,3.8891299,0.48831001,0.82403564,3.0328672,1431,2.6647408
4390966,92000,86000,91,3.5040118e+08,0.1704803,179.60667,22251.832,56893.957,3028.9192,49720.742,160712.86,2140014.2,7.2691999e+10,0.90183151,0.93150234,0.38559321,1.622243,3.8771262,0.48680288,0.8237164,3.0391607,1431,2.6680751
4390967,92000,88000,86,3.2499571e+08,0.17755462,185.47038,21302.393,56944.242,1198.9193,46865.125,151662.34,1945544.4,6.4115999e+10,0.91709983,0.89392245,0.36440679,1.6197001,3.8704896,0.4859696,0.82353956,3.0426574,1431,2.6705496
4456461,94000,4000,51,1.8749234e+08,0.15110943,11.253917,15033.335,44065.695,559.06006,28605.049,124867.93,877644.38,2.2759999e+10,0.60941178,0.82592499,0.10669456,1.787761,4.2343445,0.53165436,0.83291781,2.8671329,1431,2.4075418
4456462,94000,6000,53,2.0125818e+08,0.15098508,6.2902136,13225.649,44088.066,900.24823,44641.402,129423.96,800930.19,1.9012e+10,0.57982582,0.81025904,0.1130064,1.7880168,4.2232723,0.5302642,0.83264148,2.8720279,1431,2.4102118
4456463,94000,8000,227,8.9020288e+08,0.10797424,177.92882,28702.197,90745.133,1079.8975,189601.47,321876.56,6655244,2.70312e+11,0.71973801,0.97689843,0.30510753,1.7993864,5.5913453,0.7020362,0.86333674,2.413986,1431,2.1226103
4456464,94000,10000,241,9.2778899e+08,0.16175207,182.40195,27300.811,73071.625,2748.0737,126759.58,268475.47,6917756.5,2.7839601e+11,0.72800827,1.0319129,0.32392472,1.8103644,5.6303287,0.70693088,0.86412549,2.4041958,1431,2.1085339
4456465,94000,12000,258,9.9138528e+08,0.15532158,187.86577,27293.045,78092.203,2503.8972,125210.95,283211.09,7576690.5,3.09416e+11,0.68660456,1.1570277,0.33947369,1.8237429,5.7244053,0.71874291,0.86601245,2.3811188,1431,2.0829804
4456466,94000,14000,323,1.2113637e+09,0.088051379,195.66663,18320.959,90873.133,961.06891,211439.98,415790.09,10081020,4.25236e+11,0.51637405,1.6490744,0.31697744,1.7066971,7.0882134,0.88997942,0.8911069,2.1153846,1431,1.9851837
4456467,94000,16000,110,3.941497e+08,0.11402471,336.272,18751.797,61445.715,499.88754,100960.22,208418.41,2797059.5,9.8863997e+10,0.46922436,0.8517136,0.1519337,1.8069494,4.9739113,0.62451261,0.85026598,2.5895104,1431,2.2274864
4456479,94000,40000,233,9.2726355e+08,0.14861438,124.30719,8485.9043,73063.633,362.43893,38949.871,280011.66,7645983.5,3.324e+11,0.98231465,0.96845102,0.50432903,1.9349676,4.5495777,0.57123429,0.84056789,2.7377622,1431,2.2450316
4456480,94000,42000,232,9.2727597e+08,0.14950693,133.77481,6848.6914,71840.32,2053.3184,38796.953,279176.44,7496363.5,3.2234799e+11,0.99391699,0.95886773,0.5043478,1.9327333,4.5440917,0.57054549,0.84043819,2.7398601,1431,2.2481222
4456481,94000,44000,234,9.2762131e+08,0.15039463,148.45659,5467.5659,70554.883,3580.6243,38401.578,278403.16,7549605,3.2317201e+11,0.9854371,0.97114503,0.50869566,1.9326718,4.5477476,0.57100451,0.84052461,2.7384615,1431,2.2480001
4456482,94000,46000,234,9.281719e+08,0.15113325,170.47289,4628.4121,69291.266,1889.7449,37813.691,277804.41,7539711,3.2013199e+11,0.98297936,0.97486299,0.53181821,1.908646,4.5114527,0.56644738,0.83966404,2.7524476,1431,2.2796197
4456483,94000,48000,233,9.2897286e+08,0.15168452,196.73622,4649.3198,68078.844,198.86548,37556.535,277418.75,7520698,3.16756e+11,0.98394257,0.97163957,0.52954543,1.9087749,4.5096531,0.56622148,0.83962125,2.7531469,1431,2.2795777
4456500,94000,82000,30,1.2339797e+08,0.22726907,125.12294,3209.9529,20631.084,1062.6478,16106.008,82601.656,228241.17,2.216e+09,0.79080462,0.72034341,0.29126215,1.6885959,2.626179,0.32973686,0.78536689,4.0104895,1431,3.1043866
4456501,94000,84000,94,3.6677965e+08,0.1762414,174.61015,25229.188,58916.281,2753.5273,49498.242,161716.22,2421308.2,8.6855999e+10,0.88995653,0.95549583,0.39830509,1.623551,3.8811193,0.48730421,0.82382268,3.0370629,1431,2.6668053
4456502,94000,86000,90,3.4522611e+08,0.18484062,179.52083,24419.645,58893.926,2919.7517,46158.168,153199.75,2244711.8,7.9628001e+10,0.90511858,0.9238044,0.38135594,1.621771,3.875797,0.48663598,0.823681,3.0398602,1431,2.6685338
4456503,94000,88000,86,3.230703e+08,0.10649022,184.92046,23374.553,58942.434,2404.3337,92125.031,195253.39,2079242.1,7.1808e+10,0.91709983,0.89392245,0.36440679,1.6197001,3.8704896,0.4859696,0.82353956,3.0426574,1431,2.6705496
4456504,94000,90000,24,96427440,0.3776634,238.32544,5432.9946,18263.67,789.59021,17929.848,56643.855,170755.42,1.504e+09,0.94565219,0.34895137,0.21818182,1.6856723,2.6267891,0.32981348,0.78538871,4.0097904,1431,3.1055713
4521997,96000,4000,57,2.1084502e+08,0.15238287,18.881308,11241.234,42068.762,559.06006,31124.906,131861.66,884637.31,2.0879999e+10,0.55889726,0.84524584,0.11801242,1.8023463,4.2518616,0.53385377,0.83335388,2.8594406,1431,2.3909874
4521998,96000,6000,69,2.587512e+08,0.14214931,24.299116,6737.5166,42091.602,1523.4088,54663.445,151242.45,968139.31,2.0132e+10,0.53196931,0.8669135,0.1402439,1.8291321,4.2857089,0.53810358,0.83419263,2.8447552,1431,2.3605185
4521999,96000,8000,189,7.5515418e+08,0.10169777,175.76166,32051.656,92744.805,1319.7518,197367.31,305468.94,6017998.5,2.6244801e+11,0.72436112,0.78719956,0.25437415,1.763119,5.4855413,0.6887517,0.86117536,2.4412587,1431,2.1674976
4522000,96000,10000,231,8.9173587e+08,0.17582175,181.64737,30306.961,75042.289,1319.7518,122910.13,252456.61,7229523.5,3.0448399e+11,0.75204217,0.94263768,0.31048387,1.8026491,5.6024284,0.70342773,0.86356139,2.4111888,1431,2.118468
4522001,96000,12000,241,9.2425056e+08,0.18779352,185.50522,30727.121,79989.703,1319.7518,107213.61,248690.67,7704972.5,3.32348e+11,0.74387968,0.97906756,0.32392472,1.8103644,5.6303287,0.70693088,0.86412549,2.4041958,1431,2.1085339
4522002,96000,14000,300,1.1323247e+09,0.091466472,191.53004,20534.066,92864.562,1334.8369,211255.44,394420.5,9967562,4.3940001e+11,0.54624301,1.4397577,0.29880479,1.6986898,6.9232702,0.86926955,0.88827091,2.141958,1431,2.0106988
4522003,96000,16000,124,4.6403462e+08,0.097263977,327.13449,12092.669,59448.348,499.88754,125190.2,244852.27,2887008.8,9.4520001e+10,0.45200628,0.81802094,0.16734143,1.8255103,5.042685,0.63314772,0.85177934,2.5678322,1431,2.1992583
4522015,96000,40000,232,9.2763162e+08,0.14897431,134.04974,9665.1602,74642.789,1430.5807,39015.445,279728.69,7596438,3.33596e+11,0.99391699,0.95886773,0.5043478,1.9327333,4.5440917,0.57054549,0.84043819,2.7398601,1431,2.2481222
4522016,96000,42000,234,9.2794355e+08,0.14992137,143.81311,8242.8057,73380.953,3121.4602,38669.855,278890.62,7620170,3.3203601e+11,0.9854371,0.97114503,0.50869566,1.9326718,4.5477476,0.57100451,0.84052461,2.7384615,1431,2.2480001
4522017,96000,44000,234,9.2854874e+08,0.15075703,157.08986,7124.1523,72107.664,2512.4824,38030.457,278207.28,7580853,3.2642e+11,0.98297936,0.97486299,0.53181821,1.908646,4.5114527,0.56644738,0.83966404,2.7524476,1431,2.2796197
4522018,96000,46000,233,9.2942682e+08,0.15137324,174.08614,6487.1514,70882.492,821.60315,37740.492,277771.69,7541416.5,3.2149999e+11,0.98394257,0.97163957,0.52954543,1.9087749,4.5096531,0.56622148,0.83962125,2.7531469,1431,2.2795777
4522035,96000,80000,27,1.0829618e+08,0.26712194,118.71003,4913.3003,17901.557,439.91019,10730.498,71376.742,220195.98,2.136e+09,0.79772079,0.681934,0.26213592,1.6857274,2.6243501,0.32950723,0.78530151,4.0125875,1431,3.1063757
4522036,96000,82000,31,1.2588624e+08,0.22610846,151.49669,8374.8877,29720.762,919.75177,30138.24,83644.164,311689.22,4.3079997e+09,0.92688173,0.4430787,0.30097088,1.6894555,2.6267891,0.32981348,0.78538871,4.0097904,1431,3.1038196
4522037,96000,84000,94,3.5982979e+08,0.19463427,174.93661,27412.598,60915.484,919.75177,45181.781,152420.66,2585564.5,9.6643998e+10,0.88995653,0.95549583,0.39830509,1.623551,3.8811193,0.48730421,0.82382268,3.0370629,1431,2.6668053
4522038,96000,86000,90,3.4188768e+08,0.11244134,179.54048,26434.244,60893.895,919.75177,91452.281,195471.59,2402781.8,8.8751997e+10,0.90511858,0.9238044,0.38135594,1.621771,3.875797,0.48663598,0.823681,3.0398602,1431,2.6685338
4522039,96000,88000,86,3.2175392e+08,0.18763226,184.4948,25407.623,60940.75,919.75177,44702.387,146795.62,2227895,8.0196002e+10,0.91709983,0.89392245,0.36440679,1.6197001,3.8704896,0.4859696,0.82353956,3.0426574,1431,2.6705496
4522040,96000,90000,31,1.1856656e+08,0.28574786,212.4575,8614.2695,28376.455,919.75177,24877.441,72209.539,319689.22,4.4039997e+09,0.91827959,0.42711982,0.23846154,1.7200806,2.6645534,0.33455509,0.78673083,3.9671328,1431,3.0624192
4587533,98000,4000,60,2.2282251e+08,0.14579013,29.406956,8033.5493,40072.211,559.06006,42604.012,138586.33,899882.81,1.9815999e+10,0.55310732,0.85174322,0.12295082,1.8103971,4.2646928,0.53546482,0.8336724,2.8538461,1431,2.3810904
4587534,98000,6000,74,2.7662838e+08,0.12477352,94.546669,3127.0154,40095.484,760.93994,74815.867,166913.73,1230110.1,2.7648e+10,0.54424286,0.87415361,0.14509805,1.8449619,4.3234034,0.54283643,0.83512098,2.8286712,1431,2.3381658
4587538,98000,14000,210,7.7989645e+08,0.075371116,184.0072,22664.461,94856.898,200.11246,243026.67,360596,8109628.5,3.95096e+11,0.55279106,0.99888927,0.21148036,1.6093521,6.5200114,0.81863737,0.88112348,2.2125874,1431,2.1358955
4587539,98000,16000,155,5.8109651e+08,0.11970367,262.21777,7543.4409,57451.164,499.88754,129078.18,246987.7,4041885,1.36388e+11,0.49509844,0.87190098,0.1920694,1.8359896,5.3103337,0.66675305,0.85752749,2.4888113,1431,2.1418719
4587550,98000,38000,233,9.2808416e+08,0.14830467,134.18098,12470.872,77447.156,807.84302,39320.883,280427.88,7791558,3.52376e+11,0.98231465,0.96845102,0.50432903,1.9349676,4.5495777,0.57123429,0.84056789,2.7377622,1431,2.2450316
4587551,98000,40000,232,9.2831411e+08,0.14936271,141.50659,11037.926,76207.875,2498.7224,38984.953,279467.5,7638749,3.41048e+11,0.99391699,0.95886773,0.5043478,1.9327333,4.5440917,0.57054549,0.84043819,2.7398601,1431,2.2481222
4587552,98000,42000,235,9.2895002e+08,0.15032353,150.81413,9798.9648,74925.961,3135.2202,38277.223,278668.34,7727334,3.4183201e+11,0.98017824,0.98017228,0.50976139,1.9337701,4.5514092,0.57146424,0.84061116,2.7370629,1431,2.2464271
4587553,98000,44000,234,9.2989325e+08,0.15102261,162.44019,8861.7695,73689.422,1444.3408,37944.188,278163.72,7650470.5,3.33192e+11,0.98297936,0.97486299,0.53181821,1.908646,4.5114527,0.56644738,0.83966404,2.7524476,1431,2.2796197
4587571,98000,80000,17,69917424,0.18414207,153.73152,6527.7954,22407.398,191.94804,25394.713,69075.039,179572.98,2.336e+09,0.89705884,0.47562268,0.16504854,1.6726213,2.6182723,0.32874414,0.78508401,4.0195804,1431,3.116539
4653069,100000,4000,62,2.1531539e+08,0.13468963,41.95718,5678.98,38076.113,559.06006,48354.266,141734.44,973323.31,2.1071999e+10,0.55367529,0.85293269,0.1237525,1.8192723,4.2889605,0.53851181,0.83427298,2.8433566,1431,2.3676584
4653070,100000,6000,54,2.1099733e+08,0.073796839,135.82899,2709.7473,52676.828,760.93994,110018.88,189550.31,1123955.9,3.3867999e+10,0.55625439,0.7999109,0.10526316,1.8066424,4.2954788,0.53933024,0.83443385,2.8405595,1431,2.3765872
4653074,100000,14000,151,5.4554426e+08,0.06743934,179.00691,19897.705,96850.016,200.11246,226806.05,318833,6212330,3.30688e+11,0.64362031,0.76025259,0.15361139,1.5279307,6.2704935,0.78730845,0.87653744,2.2608392,1431,2.2406592
4653075,100000,16000,163,6.1209114e+08,0.13486628,225.80296,10403.587,55454.184,499.88754,127416.59,238814.83,4709927.5,1.6780399e+11,0.53866547,0.86074227,0.20426065,1.8513731,5.3078403,0.66644001,0.85747498,2.4895105,1431,2.1292887
4653085,100000,36000,234,9.2869478e+08,0.14745153,134.24173,15261.405,80253.203,185.10541,39741.523,281330.47,7996344,3.72684e+11,0.97556949,0.97837031,0.50649351,1.9349414,4.5514092,0.57146424,0.84061116,2.7370629,1431,2.2449653
4653086,100000,38000,232,9.2876525e+08,0.14868979,140.12212,13834.436,79035.477,1875.9849,39364.527,280167.22,7779338.5,3.57888e+11,0.99391699,0.95886773,0.5043478,1.9327333,4.5440917,0.57054549,0.84043819,2.7398601,1431,2.2481222
4653087,100000,40000,234,9.2939539e+08,0.14981472,147.24908,12534.077,77745.836,3566.8643,38564.602,279208.03,7787388,3.5371201e+11,0.9854371,0.97114503,0.50869566,1.9326718,4.5477476,0.57100451,0.84052461,2.7384615,1431,2.2480001
4653088,100000,42000,234,9.3038598e+08,0.15062124,155.87083,11439.837,76499.094,2067.0784,38174.148,278607.88,7732159,3.4512001e+11,0.98297936,0.97486299,0.53181821,1.908646,4.5114527,0.56644738,0.83966404,2.7524476,1431,2.2796197
4653089,100000,44000,233,9.317417e+08,0.15117197,166.07654,10627.558,75297.586,376.19901,37945.707,278302.47,7689291,3.38828e+11,0.98394257,0.97163957,0.52954543,1.9087749,4.5096531,0.56622148,0.83962125,2.7531469,1431,2.2795777
4653106,100000,78000,15,66895200,0.20351997,145.98842,8330.291,22668.971,814.68567,22248.463,64268.609,166322.58,2.348e+09,0.96190476,0.44512209,0.14563107,1.6692265,2.6170602,0.32859194,0.78504056,4.0209789,1431,3.1193428
4718605,102000,4000,55,2.0576605e+08,0.11376264,62.147446,4020.3704,36080.566,559.06006,58890.562,150762.03,918378.44,2.1144001e+10,0.57643098,0.82467812,0.10784314,1.8078926,4.2922173,0.5389207,0.83435333,2.841958,1431,2.3763175
4718606,102000,6000,40,1.5070443e+08,0.031978291,359.75867,4905.1826,81529.352,760.93994,177978.53,243355.03,764964.94,2.9112001e+10,0.77564102,0.73966497,0.05625879,1.4951944,5.0516982,0.63427937,0.85197657,2.5650349,1431,2.4749992
4718610,102000,14000,134,4.8473203e+08,0.06483908,178.29558,17353.727,93328.734,200.11246,228957.2,306504.88,5367663.5,2.8567201e+11,0.65480864,0.69518685,0.13729508,1.5032282,6.1881227,0.77696615,0.87499416,2.2776225,1431,2.274153
4718611,102000,16000,155,5.7796698e+08,0.12350436,214.53052,12070.028,59538.07,499.88754,138490.09,242501.98,4814466.5,1.8291601e+11,0.53472978,0.8340385,0.19088671,1.8328811,5.3253417,0.66863739,0.85784346,2.4846153,1431,2.1418779
4718621,102000,36000,234,9.2934419e+08,0.14792544,139.18965,16623.146,81840.258,1253.2472,39729.355,280977.66,8050140,3.8321999e+11,0.98066837,0.97176963,0.50649351,1.9349414,4.5514092,0.57146424,0.84061116,2.7370629,1431,2.2449653
4718622,102000,38000,234,9.2991309e+08,0.14920521,144.96019,15291.688,80567.031,2944.1265,38907.848,279855.66,7931052.5,3.7197601e+11,0.9854371,0.97114503,0.50869566,1.9326718,4.5477476,0.57100451,0.84052461,2.7384615,1431,2.2480001
4718623,102000,40000,234,9.3092288e+08,0.15015338,151.74962,14106.144,79311.094,2689.8162,38439.477,279122.09,7846399,3.6080799e+11,0.98297936,0.97486299,0.53181821,1.908646,4.5114527,0.56644738,0.83966404,2.7524476,1431,2.2796197
4718624,102000,42000,234,9.3238816e+08,0.15078999,159.68059,13118.567,78097.969,998.93665,38168.891,278751.41,7835381.5,3.5565201e+11,0.98297936,0.97486299,0.53181821,1.908646,4.5114527,0.56644738,0.83966404,2.7524476,1431,2.2796197
4718641,102000,76000,14,64430540,0.21049182,142.50006,10658.312,24326.848,262.57666,21045.395,62020.207,171162.48,2.692e+09,0.96703297,0.42899653,0.13592233,1.667413,2.6164546,0.32851589,0.78501886,4.0216784,1431,3.1208608
4784141,104000,4000,53,1.964059e+08,0.095484957,91.824089,3291.0701,41938.223,559.06006,70335.086,160773.59,927374.38,2.3284001e+10,0.58490568,0.81715381,0.10474309,1.8023605,4.2824621,0.53769588,0.83411241,2.8461537,1431,2.3833334
4784142,104000,6000,35,1.3476795e+08,0.17657566,353.97946,9856.915,34109.867,760.93994,32995.199,97933.844,429291.31,8.232e+09,1,0.7205742,0.19021739,1.6677085,3.5732303,0.4486464,0.81537414,3.2125874,1431,2.7097173
4784146,104000,14000,120,4.2811718e+08,0.064667255,176.55727,12690.141,86454.867,200.11246,218544.88,288432.41,4569376.5,2.44004e+11,0.67731094,0.64283973,0.12295082,1.4764035,6.1410646,0.77105767,0.87410575,2.2874126,1431,2.3048384
4784147,104000,16000,127,4.8224666e+08,0.10510442,216.72275,8784.0371,61696.184,499.88754,142904.42,240120.41,3802951.5,1.44404e+11,0.53330833,0.72608155,0.15640394,1.7888107,5.2560205,0.65993363,0.85637867,2.5041957,1431,2.1911621
4784156,104000,34000,234,9.3012787e+08,0.14694615,138.5072,19395.463,84642.445,630.50952,40216.078,282031.19,8253904.5,4.07264e+11,0.97556949,0.97837031,0.50649351,1.9349414,4.5514092,0.57146424,0.84061116,2.7370629,1431,2.2449653
4784157,104000,36000,234,9.3050451e+08,0.14845891,143.36371,18056.848,83389.328,2321.3889,39538.406,280647.41,8107488,3.9400001e+11,0.9854371,0.97114503,0.50869566,1.9326718,4.5477476,0.57100451,0.84052461,2.7384615,1431,2.2480001
4784158,104000,38000,235,9.3152934e+08,0.14959681,148.94501,16813.969,82125.078,3312.5537,38753.238,279731.91,8073218,3.86728e+11,0.98017824,0.98017228,0.50976139,1.9337701,4.5514092,0.57146424,0.84061116,2.7370629,1431,2.2464271
4784159,104000,40000,234,9.3309376e+08,0.15034765,155.36279,15713.345,80901.438,1621.6743,38424.402,279266.75,7958052.5,3.7322002e+11,0.98297936,0.97486299,0.53181821,1.908646,4.5114527,0.56644738,0.83966404,2.7524476,1431,2.2796197
4784177,104000,76000,13,55917156,0.17203555,150.12881,12048.796,27278.68,369.28159,24687.852,63909.938,177140.83,3.188e+09,0.98717946,0.41297573,0.1262136,1.6655157,2.6158493,0.32843989,0.78499717,4.0223775,1431,3.1224623
4849677,106000,4000,51,1.8737685e+08,0.080189787,118.98847,3429.3064,48998.477,559.06006,82220.094,171357.61,902091.88,2.4036e+10,0.5937255,0.83910692,0.099415205,1.8000762,4.2905884,0.5387162,0.83431315,2.8426573,1431,2.3833175
4849678,106000,6000,35,1.3472766e+08,0.17628397,352.46509,7896.5498,32115.854,760.93994,33006.609,98000.195,405398.06,7.168e+09,1,0.7205742,0.19021739,1.6677085,3.5732303,0.4486464,0.81537414,3.2125874,1431,2.7097173
4849682,106000,14000,108,4.0170678e+08,0.064272448,175.25339,10353.031,84499.539,200.11246,206560.44,280250.94,3631443.2,1.75964e+11,0.72135687,0.62331915,0.11065574,1.4519198,6.1012955,0.76606435,0.87335098,2.2958043,1431,2.332583
4849683,106000,16000,113,4.1749075e+08,0.092268258,227.97044,5459.0942,63846.039,499.88754,142246.61,238452.69,3193296.2,1.18072e+11,0.55135906,0.67274487,0.13916256,1.7640762,5.2220325,0.65566611,0.85565531,2.5139861,1431,2.2184203
4849691,106000,32000,234,9.3125389e+08,0.14563856,137.97079,22139.832,87446.312,7.7718763,40910.152,283465.88,8486964,4.34808e+11,0.97556949,0.97837031,0.50649351,1.9349414,4.5514092,0.57146424,0.84061116,2.7370629,1431,2.2449653
4849692,106000,34000,234,9.3126694e+08,0.14751862,142.18019,20815.971,86212.562,1698.6512,40070.488,281655.72,8340994.5,4.2159201e+11,0.98066837,0.97176963,0.50649351,1.9349414,4.5514092,0.57146424,0.84061116,2.7370629,1431,2.2449653
4849693,106000,36000,235,9.3224282e+08,0.14891908,146.91675,19539.963,84940.75,3389.5308,39134.84,280475.09,8255373.5,4.10392e+11,0.98017824,0.98017228,0.50976139,1.9337701,4.5514092,0.57146424,0.84061116,2.7370629,1431,2.2464271
4849694,106000,38000,234,9.338855e+08,0.14982523,152.28064,18363.115,83707.562,2244.4119,38723.762,279871.88,8112794.5,3.9454799e+11,0.98297936,0.97486299,0.53181821,1.908646,4.5114527,0.56644738,0.83966404,2.7524476,1431,2.2796197
4849695,106000,40000,238,9.360759e+08,0.15035722,158.34372,17327.689,82514.875,553.53253,38549.75,279703.78,8243924.5,3.93156e+11,0.95429564,1.0170339,0.53846157,1.9105914,4.5222802,0.5678069,0.8399213,2.7482517,1431,2.2765679
4849712,106000,74000,14,57127956,0.1854547,146.66727,14646.541,29117.545,671.87836,23011.457,62217.184,229900.31,4.6360003e+09,0.97802198,0.42899653,0.13592233,1.667413,2.6164546,0.32851589,0.78501886,4.0216784,1431,3.1208608
4915213,108000,4000,48,1.7901453e+08,0.067515209,135.22202,3815.7842,56131.895,559.06006,94434.969,182535.89,831851.25,2.3567999e+10,0.63297874,0.82844818,0.092485547,1.7949094,4.2954788,0.53933024,0.83443385,2.8405595,1431,2.3865788
4915214,108000,6000,35,1.3492731e+08,0.17574142,349.96643,5931.0806,30122.635,760.93994,33042.301,98224.039,389477.75,6.392e+09,1,0.7205742,0.19021739,1.6677085,3.5732303,0.4486464,0.81537414,3.2125874,1431,2.7097173
4915218,108000,14000,106,3.8673632e+08,0.062102042,174.28546,9118.0244,86493.477,200.11246,196025.69,279743.16,3403818.5,1.5839199e+11,0.73423183,0.61977845,0.10849539,1.4468567,6.0980043,0.76565111,0.87328839,2.2965035,1431,2.3376255
4915219,108000,16000,99,3.7274496e+08,0.082171939,264.84134,3166.8135,65988.188,499.88754,143042.09,238753.12,2533889.5,8.7744004e+10,0.60523605,0.6252839,0.12207152,1.7378838,5.186101,0.6511547,0.85488677,2.5244756,1431,2.2475462
4915227,108000,32000,235,9.3231526e+08,0.14629473,141.25746,23556.602,89036.586,1075.9137,40773.059,282990.59,8619502,4.5224401e+11,0.97399527,0.98168886,0.50865799,1.9349064,4.5532422,0.57169437,0.84065443,2.7363636,1431,2.2449079
4915228,108000,34000,235,9.3312205e+08,0.1480709,145.37906,22269.062,87757.883,2766.793,39614.359,281409.84,8471323,4.3783199e+11,0.98017824,0.98017228,0.50976139,1.9337701,4.5514092,0.57146424,0.84061116,2.7370629,1431,2.2464271
4915229,108000,36000,234,9.3480211e+08,0.14919406,149.97862,21041.072,86515.984,2867.1497,39083.961,280600.88,8301070.5,4.1963599e+11,0.98297936,0.97486299,0.53181821,1.908646,4.5114527,0.56644738,0.83966404,2.7524476,1431,2.2796197
4915230,108000,38000,239,9.3719795e+08,0.14983872,155.13031,19911.51,85312.625,1176.2701,38858.551,280355.19,8441482,4.1756e+11,0.95351779,1.0202568,0.54072398,1.9104264,4.5240898,0.56803411,0.83996427,2.7475524,1431,2.2766445
4980749,110000,4000,45,1.7235613e+08,0.057003763,142.70546,3919.6672,63313.758,559.06006,107188.08,194924.55,730749.69,2.1199999e+10,0.68787879,0.84837461,0.088408642,1.7852243,4.2743669,0.53667945,0.83391213,2.8496504,1431,2.3998613
4980750,110000,6000,35,1.3559102e+08,0.174751,345.10895,3981.2302,28130.379,760.93994,33134.742,98743.961,381535.66,5.904e+09,1,0.7205742,0.19021739,1.6677085,3.5732303,0.4486464,0.81537414,3.2125874,1431,2.7097173
4980754,110000,14000,106,3.7895414e+08,0.06082977,173.64246,8430.6416,88489.336,200.11246,192637.98,279795.16,3398010.2,1.60828e+11,0.73423183,0.61977845,0.10849539,1.4468567,6.0980043,0.76565111,0.87328839,2.2965035,1431,2.3376255
4980755,110000,16000,92,3.4017338e+08,0.074198514,321.46201,3898.7979,68123.133,499.88754,144493.28,240025.56,2100549.2,6.5172001e+10,0.67558527,0.60051197,0.12672177,1.7733171,4.9391437,0.62014729,0.84949499,2.6006992,1431,2.2628784
4980762,110000,30000,235,9.3385274e+08,0.14469329,140.50221,26260.521,91840.211,453.17599,41650.555,284786.84,8908129,4.86284e+11,0.96861249,0.98538154,0.50865799,1.9349064,4.5532422,0.57169437,0.84065443,2.7363636,1431,2.2449079
4980763,110000,32000,236,9.3426522e+08,0.14697391,144.16675,24987.752,90576.273,2144.0554,40240.84,282631.06,8765465,4.7096001e+11,0.97252071,0.98404634,0.51082253,1.9348626,4.5550766,0.57192475,0.84069777,2.7356644,1431,2.2448585
4980764,110000,34000,234,9.3590246e+08,0.14841084,148.19464,23729.572,89326.406,3489.8872,39531.156,281505.84,8523637,4.4848402e+11,0.98297936,0.97486299,0.53181821,1.908646,4.5114527,0.56644738,0.83966404,2.7524476,1431,2.2796197
4980765,110000,36000,239,9.385088e+08,0.14921504,152.6629,22528.779,88113.289,1799.0078,39228.48,281136.88,8625078,4.4352799e+11,0.95351779,1.0202568,0.54072398,1.9104264,4.5240898,0.56803411,0.83996427,2.7475524,1431,2.2766445
4980766,110000,38000,238,9.4176371e+08,0.14956374,157.62546,21432.418,86938.594,108.12841,39002.719,281295.47,8560112,4.3324001e+11,0.95429564,1.0170339,0.53846157,1.9105914,4.5222802,0.5678069,0.8399213,2.7482517,1431,2.2765679
5046285,112000,4000,52,1.8836605e+08,0.033640128,140.82266,4810.4971,91968.695,559.06006,175421.52,265263.44,888008.56,3.1164e+10,0.55128205,0.95635611,0.067444876,1.698374,4.9477901,0.62123293,0.8496871,2.5979021,1431,2.3285606
5046286,112000,6000,36,1.3820918e+08,0.17212023,332.71997,2117.0945,26139.305,760.93994,33546.363,100451.73,387899.66,5.744e+09,0.96031743,0.7547012,0.19565217,1.6691455,3.5743599,0.44878823,0.81540608,3.2118881,1431,2.7083492
5046290,112000,14000,112,3.8666195e+08,0.061427165,173.27635,7390.6357,90486.367,200.11246,192049.69,281248.62,3534992.5,1.67192e+11,0.7072072,0.66077751,0.11463664,1.4594102,6.1178031,0.76813704,0.87366474,2.2923076,1431,2.3234491
5046291,112000,16000,90,3.3385824e+08,0.0956484,329.47433,4305.3271,52115.848,499.88754,111306.48,209433.97,1908824,5.6168002e+10,0.70187265,0.63152093,0.13513513,1.941461,4.5349779,0.5694012,0.84022242,2.7433567,1431,2.2174594
5046298,112000,30000,237,9.3580314e+08,0.14549769,143.17561,27681.395,93395.75,1521.3177,41307.859,284294.94,9076881,5.0666399e+11,0.96603018,0.99396521,0.51298702,1.93481,4.5569124,0.57215524,0.8407411,2.7349651,1431,2.244818
5046299,112000,32000,235,9.3728122e+08,0.147407,146.76823,26413.689,92138.57,3212.1973,40107.688,282670.75,8870449,4.8927198e+11,0.98017824,0.98017228,0.50976139,1.9337701,4.5514092,0.57146424,0.84061116,2.7370629,1431,2.2464271
5046300,112000,34000,239,9.400887e+08,0.14844516,150.71254,25159.109,90916.5,2421.7454,39685.043,282102.09,8842874,4.7333599e+11,0.95351779,1.0202568,0.54072398,1.9104264,4.5240898,0.56803411,0.83996427,2.7475524,1431,2.2766445
5046301,112000,36000,238,9.4374387e+08,0.14888388,155.06918,23972.947,89731.086,730.86603,39432.016,282233.25,8756940,4.6136001e+11,0.95429564,1.0170339,0.53846157,1.9105914,4.5222802,0.5678069,0.8399213,2.7482517,1431,2.2765679
5111821,114000,4000,54,2.0533821e+08,0.036122985,126.26044,4360.0942,93730.875,559.06006,167193.55,267268.66,585903,8.3160003e+09,0.6107617,1.053901,0.19217081,1.8240477,3.7238803,0.46756166,0.81957352,3.1230769,1431,2.5260661
5111822,114000,6000,53,1.9401787e+08,0.15761597,58.375603,1466.6194,24149.707,786.84747,37783.055,124372.88,523190.25,6.952e+09,0.61320752,1.0328355,0.19485295,1.8119222,3.7116547,0.46602666,0.81923753,3.13007,1431,2.5403869
5111823,114000,8000,28,96154608,0.32224748,31.43457,4364.437,14950.881,200.24823,24370.1,61234.363,174831.14,1.328e+09,0.7962963,0.49774083,0.13658537,1.6796223,3.6039848,0.45250788,0.81624204,3.1937063,1431,2.6867936
5111824,114000,10000,46,1.5653189e+08,0.2198312,17.93471,9833.7285,30938.424,200.24823,49942.82,94593.586,523297.41,8.8240005e+09,0.63381642,0.60179317,0.10623556,1.8437136,4.0449734,0.50787735,0.82811552,2.9545455,1431,2.4115257
5111825,114000,12000,82,2.9266736e+08,0.23836447,5.7194963,18142.537,41736.844,200.24823,55742.953,124214.22,1501973.1,3.8571999e+10,0.69798255,0.93975401,0.18426967,1.9147073,4.1156535,0.51675183,0.82992715,2.920979,1431,2.3360338
5111826,114000,14000,135,4.5483354e+08,0.059229512,181.22354,5769.5415,92484.172,283.09778,184018.19,310643.38,3723773.2,1.7269599e+11,0.5691542,1.1992326,0.13663967,1.4951619,6.23247,0.7825343,0.8758269,2.2685316,1431,2.2750974
5111827,114000,16000,105,3.7401984e+08,0.080069691,313.46552,4105.1445,56659.027,499.88754,122779.06,242280.34,2057804.4,5.9104002e+10,0.56923079,1.0940348,0.15463917,1.9643768,4.5864911,0.57586902,0.84143758,2.7237763,1431,2.1881433
5111833,114000,28000,236,9.3807379e+08,0.14340281,142.33192,30321.229,96216.188,898.58014,42553.227,286711.16,9381267,5.4553602e+11,0.96711141,0.98869985,0.51082253,1.9348626,4.5550766,0.57192475,0.84069777,2.7356644,1431,2.2448585
5111834,114000,30000,237,9.3910189e+08,0.14606734,145.59454,29076.24,94952.266,2589.4595,40886.645,284239.69,9233205,5.2866e+11,0.96738899,0.99307323,0.51187903,1.9359494,4.5587502,0.57238597,0.84078449,2.7342658,1431,2.243295
5111835,114000,32000,239,9.4206426e+08,0.14746442,149.1317,27784.635,93721.945,3044.4832,40269.215,283335.88,9093717,5.0698401e+11,0.95351779,1.0202568,0.54072398,1.9104264,4.5240898,0.56803411,0.83996427,2.7475524,1431,2.2766445
5111836,114000,34000,239,9.458265e+08,0.14812279,153.00441,26543.514,92526.68,1353.6038,39859.055,283269.44,9024329,4.9472799e+11,0.95351779,1.0202568,0.54072398,1.9104264,4.5240898,0.56803411,0.83996427,2.7475524,1431,2.2766445
5177357,116000,4000,53,1.9195112e+08,0.16500165,112.00921,3246.4602,23149.023,559.06006,21602.953,120908.3,581283.75,8.3000003e+09,0.62119013,1.0459758,0.1886121,1.8225918,3.7226541,0.4674077,0.81953984,3.1237762,1431,2.5274813
5177358,116000,6000,53,1.8930998e+08,0.15469247,145.02226,1888.079,23042.789,2328.1155,37601.09,124010.11,525115.75,7.096e+09,0.61175615,1.0790453,0.19776119,1.8070245,3.7067869,0.46541548,0.81910354,3.1328671,1431,2.5462723
5177359,116000,8000,28,97809288,0.28808999,66.863197,1584.4111,11204.068,2200.2483,25419.281,65317.699,149179.34,9.56e+08,0.7962963,0.55912656,0.13461539,1.6865326,3.6039848,0.45250788,0.81624204,3.1937063,1431,2.6805587
5177360,116000,10000,38,1.2572419e+08,0.17570822,21.854662,4285.6934,24290.246,2200.2483,51907.219,94824.008,283310.44,3.08e+09,0.62304407,0.68142408,0.087962963,1.8252239,4.0319901,0.50624722,0.82778019,2.9608393,1431,2.4304347
5177361,116000,12000,86,3.0613702e+08,0.20387709,6.0422673,15624.602,39792.176,2200.2483,62486.406,137365.8,1462787.1,3.5671998e+10,0.67305064,1.0728042,0.18984547,1.9249753,4.1337113,0.51901907,0.83038628,2.9125874,1431,2.3231034
5177362,116000,14000,137,4.5665533e+08,0.056800742,182.48474,6487.1309,94482.492,2209.3296,189555.14,317850,3755684.2,1.77772e+11,0.5597896,1.2982153,0.13782696,1.4937069,6.2600775,0.78600067,0.87634313,2.2629371,1431,2.2725451
5177363,116000,16000,105,3.7742438e+08,0.075821854,297.25116,3460.5815,62048.227,499.88754,127203.2,250105.19,2005189.2,5.7336001e+10,0.56849819,1.1389946,0.15418503,1.9637369,4.5902152,0.57633668,0.84152502,2.7223775,1431,2.1880074
5177368,116000,26000,237,9.4178803e+08,0.14121452,141.57118,32850.305,99037.445,275.84247,43884.996,289495.5,9773618,5.8977203e+11,0.95462346,1.0005223,0.51298702,1.93481,4.5569124,0.57215524,0.8407411,2.7349651,1431,2.244818
5177369,116000,28000,238,9.4167386e+08,0.14418316,144.59889,31690.666,97767.305,1966.7219,42005.32,286482.38,9577970,5.6963203e+11,0.96096158,1.0029919,0.51403886,1.9358926,4.5605888,0.57261688,0.84082782,2.7335665,1431,2.243258
5177370,116000,30000,239,9.4464896e+08,0.14616497,147.82072,30384.881,96529.383,3657.6013,41051.129,284982.72,9377384,5.4447201e+11,0.95351779,1.0202568,0.54072398,1.9104264,4.5240898,0.56803411,0.83996427,2.7475524,1431,2.2766445
5177371,116000,32000,239,9.480951e+08,0.14723721,151.30353,29128.664,95325.016,1976.3413,40299.023,284460.59,9283944,5.3029601e+11,0.95351779,1.0202568,0.54072398,1.9104264,4.5240898,0.56803411,0.83996427,2.7475524,1431,2.2766445
5177372,116000,34000,239,9.4782029e+08,0.14850771,154.95219,28196.58,94155.594,285.46194,39101.902,283200.12,9229258,5.1800801e+11,0.9480328,1.0298722,0.51956522,1.932364,4.5569124,0.57215524,0.8407411,2.7349651,1431,2.2478447
5242893,118000,4000,56,2.0069365e+08,0.13878773,140.56216,3906.3564,25121.178,559.06006,29687.518,134801.97,613605.94,8.8399995e+09,0.57662338,1.2722749,0.19858156,1.8280597,3.7275636,0.46802413,0.81967455,3.1209791,1431,2.5218844
5242894,118000,6000,54,1.8736766e+08,0.13137744,173.77528,4392.7134,25031.402,919.75177,44354.633,133872.64,557963.06,7.824e+09,0.58909851,1.2415516,0.2007435,1.8096589,3.7092192,0.46572086,0.81917048,3.1314685,1431,2.5434346
5242895,118000,8000,30,1.0851178e+08,0.22678246,185.91248,2286.4119,16113.034,919.75177,33318.754,77542.297,188665.16,1.436e+09,0.69195402,0.70819497,0.13574661,1.7076315,3.6236219,0.45497346,0.81679332,3.1818182,1431,2.6556971
5242896,118000,10000,27,1.0205134e+08,0.27218592,225.513,1910.645,14567.013,919.75177,30881.436,68640.664,156203.38,1.132e+09,0.79202276,0.5771814,0.12857144,1.6876029,3.605134,0.45265216,0.8162744,3.193007,1431,2.6789708
5242897,118000,12000,88,3.2053203e+08,0.18797894,6.5040903,13097.476,37856.559,1098.2159,69575.914,146381.45,1381758.9,3.1239999e+10,0.67972833,0.99240029,0.19006479,1.9257126,4.167232,0.52322787,0.83123457,2.8972027,1431,2.3135951
5242898,118000,14000,135,4.580049e+08,0.056075662,182.61302,7391.4282,96481.18,2499.8875,194121.92,320370.72,3734250.5,1.8262399e+11,0.57877278,1.1168933,0.13581489,1.4899926,6.2531528,0.78513122,0.87621379,2.2643356,1431,2.2768278
5242899,118000,16000,100,3.8015011e+08,0.071688548,273.01929,3034.3149,67439.922,499.88754,134587.17,258141.36,1870459.5,5.3803999e+10,0.62404042,0.90480411,0.14771049,1.9563137,4.5735035,0.57423836,0.84113216,2.7286713,1431,2.1974626
5242904,118000,26000,239,9.4565971e+08,0.14133522,143.71809,34204.465,100583.54,1343.9843,43753.402,289966.06,9960784,6.1477598e+11,0.95429134,1.0100025,0.51619869,1.9358271,4.5624294,0.57284796,0.84087127,2.7328672,1431,2.2432296
5242905,118000,28000,243,9.4823482e+08,0.14435266,146.70789,32929.242,99338.57,3034.8635,42161.234,287309.81,9877012,5.9783597e+11,0.93300003,1.0483829,0.52258062,1.9377927,4.5735035,0.57423836,0.84113216,2.7286713,1431,2.2401145
5242906,118000,30000,240,9.5105242e+08,0.14607306,149.88336,31690.441,98125.789,2599.0791,40882.277,286036.91,9607704,5.7068002e+11,0.94728035,1.0330948,0.52173913,1.932276,4.5587502,0.57238597,0.84078449,2.7342658,1431,2.2478392
5242907,118000,32000,240,9.5044896e+08,0.14765319,153.19241,30738.088,96946.492,908.19958,39449.59,284412,9523082,5.5609203e+11,0.94184101,1.0395985,0.52173913,1.932276,4.5587502,0.57238597,0.84078449,2.7342658,1431,2.2478392
5308425,120000,-4000,20,74958640,0.17058253,78.476059,6928.4409,21171.508,359.06003,29146.582,74310.211,208480.31,2.768e+09,0.45789474,1.2044474,0.1010101,1.6552625,3.5834231,0.4499262,0.81566238,3.2062938,1431,2.7135592
5308426,120000,-2000,15,54408648,0.24287896,104.23553,9127.9297,19618.227,59.751778,30277.23,53057.152,149019.41,1.972e+09,0.76190478,0.49673241,0.075757578,1.6435022,3.5777533,0.44921431,0.81550211,3.2097902,1431,2.7249813
5308427,120000,0,16,60274060,0.29235515,110.42528,8274.7051,18088.783,59.751778,27277.859,50899.648,150393.25,1.816e+09,0.875,0.41985226,0.080808081,1.6459846,3.5788858,0.4493565,0.81553417,3.2090909,1431,2.7225668
5308428,120000,2000,18,64924448,0.30523384,121.2336,6165.3262,16379.723,59.751778,24337.248,51700.262,146212.14,1.5e+09,0.85620916,0.46608102,0.090909094,1.6507472,3.5811532,0.44964117,0.81559825,3.2076924,1431,2.7179399
5308429,120000,4000,47,1.7190613e+08,0.12636127,168.37155,5435.3916,27098.832,562.24408,28943.146,130750.59,561424.31,8.896e+09,0.66697502,1.1317391,0.17216118,1.8041047,3.7055721,0.46526292,0.81907004,3.1335664,1431,2.5476971
5308433,120000,12000,76,2.7798554e+08,0.24292019,13.976624,13765.355,35932.305,600.11249,55716.965,119917.96,1195399.8,2.6100001e+10,0.86280704,0.61151278,0.17351598,1.8938484,4.1111636,0.51618809,0.82981277,2.9230769,1431,2.3538504
5308434,120000,14000,132,4.3504064e+08,0.059579585,177.84492,8766.1924,98480.133,2499.8875,184423.58,302915.22,3736412.5,1.88808e+11,0.60154986,1.0011809,0.13360325,1.4895467,6.2221794,0.78124225,0.87563407,2.2706294,1431,2.2815571
5308435,120000,16000,106,3.7382768e+08,0.041458901,224.24684,3497.7502,116967.35,499.88754,218030.36,336613.69,2184312.5,7.4255999e+10,0.61185986,0.94359881,0.11181434,1.4888843,5.9660687,0.74908561,0.87075734,2.3251748,1431,2.3209956
5308439,120000,24000,241,9.5160902e+08,0.1409159,142.89632,36571.637,103400.84,721.24658,44184.535,291309.22,10412303,6.6500801e+11,0.93900412,1.0237668,0.52164501,1.9345123,4.5642715,0.57307923,0.84091467,2.7321677,1431,2.2447405
5308440,120000,26000,244,9.5362944e+08,0.14164075,145.73459,35360.059,102149.33,2412.126,43871.562,290871.12,10252817,6.4416802e+11,0.92673546,1.0553927,0.52473116,1.9376925,4.5753541,0.57447076,0.84117573,2.727972,1431,2.2401187
5308441,120000,28000,240,9.5512973e+08,0.14446309,148.67662,34197.023,100928.73,3221.8167,41703.535,288242.25,9929624,6.1375998e+11,0.94728035,1.0330948,0.52173913,1.932276,4.5587502,0.57238597,0.84078449,2.7342658,1431,2.2478392
5308442,120000,30000,242,9.5388384e+08,0.14652568,151.71165,33254.992,99740.273,1530.9373,39914.293,286019.59,9879317,5.9896398e+11,0.93477589,1.0620687,0.52608699,1.9320736,4.5624294,0.57284796,0.84087127,2.7328672,1431,2.2478538
5373961,122000,-4000,8,36441868,0.32733357,16.019981,3316.7302,11046.653,359.06003,5362.5591,37403.305,45026.465,3.36e+08,0.78571427,0.83614719,0.2962963,1.8238083,2.6415188,0.33166289,0.78591394,3.9930069,1431,2.9512496
5373965,122000,4000,39,1.4039109e+08,0.17284076,172.36369,7875.5732,29080.523,559.06006,19416.141,101030.3,543582.12,9.6719995e+09,0.88663965,0.81785226,0.19499999,1.6999228,3.5959606,0.45150039,0.81601614,3.1986015,1431,2.6741967
5373969,122000,12000,78,2.8405949e+08,0.23036173,17.572136,11788.028,34022.574,600.11249,57263.598,124481.38,1160729.9,2.3344001e+10,0.86346984,0.58816838,0.1656051,1.9141158,4.1641622,0.52284241,0.83115709,2.8986013,1431,2.3229399
5373970,122000,14000,129,4.1793594e+08,0.061356921,175.13547,9870.957,100479.29,2499.8875,177046.23,292568.81,3748509.5,1.9591201e+11,0.63687015,0.86381483,0.13190185,1.4922246,6.177978,0.77569246,0.87480307,2.2797203,1431,2.2854085
5373971,122000,16000,107,3.8273674e+08,0.042427883,198.56763,6776.0508,118958.66,499.88754,217636.94,336689.31,2537710.5,1.1114e+11,0.62828428,0.86982948,0.11275026,1.4902054,5.9723721,0.74987704,0.87087917,2.3237762,1431,2.3188694
5373974,122000,22000,240,9.571383e+08,0.14234999,142.13275,38951.992,106219.06,98.508942,43202.91,290678.94,10834283,7.1712001e+11,0.93396097,1.0247387,0.51948053,1.9345999,4.5624294,0.57284796,0.84087127,2.7328672,1431,2.2447469
5373975,122000,24000,246,9.6272704e+08,0.13826394,144.83638,37546.617,104961.48,1789.3883,46098.727,295802.66,10683262,6.9484e+11,0.91415298,1.070531,0.52903223,1.9374661,4.5790606,0.57493609,0.84126294,2.7265735,1431,2.2401528
5373976,122000,26000,244,9.6120563e+08,0.14207426,147.63058,36590.266,103733.62,3480.2678,42961.367,291578.44,10374141,6.6278398e+11,0.92356473,1.0656381,0.52813852,1.9341968,4.5698061,0.5737741,0.84104514,2.7300699,1431,2.2447717
5373977,122000,28000,243,9.5855469e+08,0.14495285,150.44943,35716.445,102536.65,2153.6748,40374.633,288270.38,10220687,6.43976e+11,0.92871475,1.0687971,0.52826089,1.9319592,4.5642715,0.57307923,0.84091467,2.7321677,1431,2.247874
5373978,122000,30000,242,9.5714336e+08,0.14635059,153.38724,34826.504,101371.72,462.79547,39168.641,286679.19,10112874,6.2735201e+11,0.92935771,1.065575,0.52608699,1.9320736,4.5624294,0.57284796,0.84087127,2.7328672,1431,2.2478538
5439497,124000,-4000,7,35680044,0.34517816,31.609301,1657.8258,9164.8789,359.06003,4818.3086,36040.93,34246.211,2.08e+08,1,0.75162339,0.28,1.8157283,2.6384366,0.33127588,0.78580421,3.9965036,1431,2.9594963
5439501,124000,4000,38,1.3723886e+08,0.17571114,174.20276,9818.5664,31065.258,559.06006,18824.938,99070.383,568305.88,1.0964e+10,0.92460883,0.78146315,0.19191919,1.6952705,3.5925326,0.45106998,0.81591952,3.2006993,1431,2.6792345
5439505,124000,12000,81,2.9556966e+08,0.21378173,23.072086,9600.9844,32131.752,600.11249,59650.168,131810.38,1132117.5,2.1056e+10,0.8425926,0.60281867,0.16071428,1.9317322,4.2201195,0.5298683,0.83256269,2.8734267,1431,2.2943387
5439506,124000,14000,130,4.2168224e+08,0.062299639,174.44377,10758.052,102478.59,2499.8875,174976.7,291645.19,3796488.5,2.04096e+11,0.63494337,0.83580971,0.1330604,1.4949347,6.177978,0.77569246,0.87480307,2.2797203,1431,2.2829888
5439507,124000,16000,109,3.8778646e+08,0.045328557,190.59535,10353.389,120950.55,499.88754,205121.38,327880.28,2774977.5,1.3716e+11,0.64559972,0.82598704,0.11796537,1.6302613,5.6670175,0.71153742,0.86486411,2.3951049,1431,2.2533429
5439510,124000,22000,248,9.7599686e+08,0.13882828,143.97906,39480.992,107774.88,1166.6508,45797.379,297228.31,11141090,7.4909601e+11,0.90169126,1.0863941,0.53333336,1.937205,4.5827727,0.5754022,0.8413502,2.7251749,1431,2.2402208
5439511,124000,24000,246,9.7139891e+08,0.13813299,146.69406,38736.508,106540.26,2857.53,45153.188,297272.72,10884520,7.2489999e+11,0.91501576,1.0779554,0.50931674,1.9574742,4.612689,0.57915837,0.84205168,2.7139859,1431,2.2131431
5439512,124000,26000,243,9.654137e+08,0.14259297,149.36134,38063.32,105335.35,2776.4126,41442.215,291684,10576867,6.9253602e+11,0.92871475,1.0687971,0.52826089,1.9319592,4.5642715,0.57307923,0.84091467,2.7321677,1431,2.247874
5439513,124000,28000,245,9.6261664e+08,0.14454204,152.09346,37230.363,104161.25,1085.5331,39683.207,289290.75,10519201,6.7585599e+11,0.91625965,1.092344,0.51797038,1.9466771,4.5920796,0.57657075,0.84156883,2.7216783,1431,2.2279387
5505033,126000,-4000,7,35807696,0.34564406,116.94569,982.53467,8332.3184,359.06003,4823.6899,36081,30324.555,1.52e+08,1,0.75162339,0.28,1.8157283,2.6384366,0.33127588,0.78580421,3.9965036,1431,2.9594963
5505037,126000,4000,38,1.3636125e+08,0.17615089,175.21909,11709.35,33052.344,559.06006,18708.068,98629.766,606147.81,1.2647999e+10,0.92460883,0.78146315,0.19191919,1.6952705,3.5925326,0.45106998,0.81591952,3.2006993,1431,2.6792345
5505041,126000,12000,86,3.0968323e+08,0.19664781,32.364681,7501.9209,30831.908,600.11249,62514.168,140675.75,1139908.4,1.9819999e+10,0.79781121,0.64826524,0.16318786,1.9463961,4.2646928,0.53546482,0.8336724,2.8538461,1431,2.2716854
5505042,126000,14000,134,4.3338115e+08,0.062876068,173.57478,11576.954,104478,2499.8875,173987.22,294304.75,3900752.5,2.14236e+11,0.61642915,0.85263121,0.13701431,1.5016122,6.1949043,0.77781767,0.87512177,2.2762237,1431,2.2746322
5505043,126000,16000,117,4.1604314e+08,0.048193604,187.40762,12748.849,122942.97,499.88754,201400.66,329366.5,3107238.8,1.7278e+11,0.61641616,0.83526868,0.12567133,1.6401675,5.7099495,0.71692789,0.86572403,2.3846154,1431,2.2379642
5505045,126000,20000,252,9.9604998e+08,0.1388842,143.14719,41056.852,110589.41,543.91309,45782.531,300205.81,11666259,8.07816e+11,0.8774426,1.1256976,0.5419355,1.9365774,4.5902152,0.57633668,0.84152502,2.7223775,1431,2.2404583
5505046,126000,22000,252,9.8972678e+08,0.13631743,145.80371,40403.254,109348.47,2234.7925,45513.309,302055.62,11422470,7.8254001e+11,0.87959272,1.1349295,0.52173913,1.9570723,4.6240082,0.58057964,0.84231621,2.7097902,1431,2.2129338
5505047,126000,24000,248,9.7659981e+08,0.13863251,148.4108,40169.703,108136.16,3399.1501,43206.48,297529.97,11062520,7.4690802e+11,0.89969963,1.1151595,0.52210528,1.9486481,4.6014247,0.57774407,0.84178793,2.7181818,1431,2.2248929
5505048,126000,26000,245,9.7040256e+08,0.14299111,150.98206,39521.68,106953.5,1708.2708,40018.102,292029.28,10880813,7.2614399e+11,0.91625965,1.092344,0.51797038,1.9466771,4.5920796,0.57657075,0.84156883,2.7216783,1431,2.2279387
5505049,126000,28000,246,9.6706125e+08,0.14586942,153.62074,38751.602,105801.57,17.391344,37761.977,288635.53,10807858,7.0868802e+11,0.90443009,1.1139724,0.51789474,1.9488184,4.597682,0.57727414,0.84170026,2.7195804,1431,2.224921
5570569,128000,-4000,7,36900536,0.3310506,156.79106,2392.6426,10212.328,359.06003,5325.9497,37426.059,30472.137,1.6e+08,1,0.75162339,0.28,1.8157283,2.6384366,0.33127588,0.78580421,3.9965036,1431,2.9594963
5570573,128000,4000,38,1.3678574e+08,0.17517535,175.86584,13503.639,35041.281,559.06006,18805.441,99057.836,648119.38,1.4644e+10,0.92460883,0.78146315,0.19191919,1.6952705,3.5925326,0.45106998,0.81591952,3.2006993,1431,2.6792345
5570577,128000,12000,90,3.2665299e+08,0.18083037,49.333633,5741.8003,35189.152,600.11249,66049.672,150665.06,1143663.1,1.9008e+10,0.76704121,0.66371226,0.16513762,1.9566211,4.3003802,0.53994566,0.83455467,2.8384616,1431,2.2550676
5570578,128000,14000,141,4.5280333e+08,0.062423456,172.24467,12414.28,106477.51,2600.1125,175434.52,301915.78,4009076,2.2455601e+11,0.58915907,0.88333017,0.14417177,1.5143896,6.2187572,0.78081256,0.87556988,2.2713287,1431,2.2598972
5570579,128000,16000,132,4.7115894e+08,0.050262928,183.4915,13793.968,124935.88,1047.7362,199781.06,343213.81,3322942,1.8737599e+11,0.55979645,0.90675366,0.14102565,1.6641203,5.7682142,0.72424346,0.86688346,2.3706293,1431,2.2078686
5570580,128000,18000,151,5.8768902e+08,0.098189384,131.93665,16693.326,97974.734,345.4382,118693.5,274249.88,3747228.2,1.5918e+11,0.75178808,0.77996659,0.36124402,1.9649353,4.1795564,0.52477533,0.83154523,2.8916085,1431,2.2922974
5570581,128000,20000,260,1.0199072e+09,0.13517766,144.96507,41513.469,112158.1,1612.0548,44425.375,307916.38,11965661,8.4278798e+11,0.83670926,1.2105963,0.53608245,1.9582949,4.6429982,0.58296394,0.84275895,2.7027972,1431,2.2100914
5570582,128000,22000,254,9.9776218e+08,0.13298135,147.54697,41709.703,110938.86,3302.9343,45725.555,307059.88,11565881,8.0455998e+11,0.86586165,1.1631317,0.53249478,1.9502028,4.6164556,0.57963133,0.84213978,2.7125874,1431,2.2219532
5570583,128000,24000,249,9.8215904e+08,0.14024557,150.02216,41610.875,109748.2,2331.0083,40520.711,296654.72,11327232,7.8106401e+11,0.89218163,1.13543,0.52421051,1.9485501,4.6032982,0.57797933,0.84183186,2.7174826,1431,2.2248912
5570584,128000,26000,248,9.7513574e+08,0.1444789,152.48582,41025.848,108587.14,640.12897,37712.488,291229.41,11205825,7.6124402e+11,0.89254928,1.1322086,0.52210528,1.9486481,4.6014247,0.57774407,0.84178793,2.7181818,1431,2.2248929
5636105,130000,-4000,11,55040040,0.10643717,116.99267,4057.9478,25575.502,359.06003,42679.328,80611.617,77280.727,9.08e+08,0.54545456,1.0787235,0.032258064,2.0464745,3.0481801,0.38272235,0.79960686,3.5937064,1431,2.6173112
5636109,130000,4000,41,1.441653e+08,0.15491982,176.6118,14466.692,37031.699,559.06006,22481.9,108138.87,710495.81,1.706e+10,0.80609757,1.0465466,0.19158879,1.7246152,3.6143544,0.45380986,0.81653345,3.1874125,1431,2.6464474
5636113,130000,12000,95,3.4775222e+08,0.17104591,77.899445,4967.4399,37173.609,600.11249,69295.359,159839.28,1230268.4,2.1300001e+10,0.72833145,0.69331938,0.16637479,1.9589125,4.376965,0.54956144,0.83642972,2.8062937,1431,2.2346668
5636114,130000,14000,149,4.869592e+08,0.059981056,169.79393,13355.084,108477.09,2600.1125,182531.95,319406.81,4176114.5,2.36776e+11,0.56140035,0.90722156,0.15235174,1.5284915,6.246243,0.78426367,0.87608469,2.2657342,1431,2.2435396
5636115,130000,16000,162,5.9911443e+08,0.045191769,172.03506,15698.422,126929.22,2675.8501,228108.27,408159.72,3932542.5,2.0843201e+11,0.50770646,1.0181342,0.1944778,1.8311119,5.3990927,0.67789739,0.85938638,2.4643357,1431,2.1314023
5636116,130000,18000,278,1.0793683e+09,0.11898439,144.49939,41666.641,114969.02,2319.3413,51377.148,337632.91,12655735,9.0826801e+11,0.7529543,1.4348472,0.54616898,1.9810567,4.7244883,0.59319568,0.84464359,2.6734266,1431,2.1757121
5636117,130000,20000,263,1.0343672e+09,0.13055632,146.73148,42504.18,113743.28,3026.9387,45720.77,315531.97,12239337,8.7894799e+11,0.82155401,1.2500194,0.52811247,1.9718856,4.6737084,0.58681983,0.84347206,2.6916084,1431,2.19101
5636118,130000,22000,256,1.0023138e+09,0.1340227,149.18652,43258.535,112545.12,2953.7461,43349.867,306561.5,11860564,8.4086797e+11,0.8540135,1.2174932,0.53668761,1.9499141,4.6202288,0.58010513,0.84222794,2.7111888,1431,2.2220383
5636119,130000,24000,252,9.8675501e+08,0.14172994,151.51245,43135.617,111375.52,1262.8666,38420.703,295786.81,11676303,8.1848802e+11,0.8741858,1.187672,0.53052634,1.9482049,4.6089277,0.57868618,0.84196371,2.7153847,1431,2.224936
5701641,132000,-4000,10,54998016,0.26401293,146.90112,5151.6748,14102.963,359.06003,7043.4634,51164.16,62000,4.84e+08,0.66666669,1.0662197,0.14705883,1.9354893,2.7321653,0.34304428,0.78909802,3.8937063,1431,2.8102968
5701642,132000,-2000,10,52540560,0.25601459,167.08022,4076.9021,14118.728,753.73602,17292.291,50783.184,58234.895,4.48e+08,0.66666669,1.0662197,0.14705883,1.9354893,2.7321653,0.34304428,0.78909802,3.8937063,1431,2.8102968
5701643,132000,0,6,30098004,0.41045687,131.60626,1036.1705,6633.9229,753.73602,8327.0977,30355.684,20944.271,80000000,0.80000001,0.4203718,0.10344828,1.9056423,2.7203321,0.34155852,0.78868699,3.9062936,1431,2.840343
5701644,132000,2000,12,50636368,0.15307796,69.197723,4119.7295,19168.887,753.73602,38319.219,64473.297,93876.219,1.056e+09,0.43939394,0.56620324,0.028503563,1.745858,3.9794791,0.49965405,0.82641554,2.9867132,1431,2.5133212
5701645,132000,4000,46,1.647012e+08,0.14116877,178.03542,14210.658,39023.328,938.43811,21732.637,121083.23,794319.69,1.9915999e+10,0.66183573,1.3683466,0.18253969,1.7850983,3.6647327,0.46013522,0.81794024,3.1573427,1431,2.577359
5701649,132000,12000,103,3.7916522e+08,0.15277332,109.43645,6059.0103,39159.652,600.11249,76680.531,176601.92,1375305.8,2.4484e+10,0.68284792,0.73273408,0.18006992,1.9716232,4.3922691,0.55148298,0.83680147,2.8,1431,2.2210495
5701650,132000,14000,176,5.7581229e+08,0.052920751,163.44232,15209.027,110476.72,2600.1125,206217.92,369770.62,4824626,2.6224401e+11,0.50116885,1.0853778,0.17813765,1.5646284,6.3765936,0.80063009,0.87850356,2.2398601,1431,2.1938078
5701651,132000,16000,337,1.2822214e+09,0.050592586,150.47063,43886.238,128922.96,4545.7563,201550.27,564342.81,15957569,1.1765e+12,0.56102514,1.8359665,0.35927504,1.81697,6.646502,0.83451921,0.88339937,2.1895106,1431,1.9540293
5701652,132000,18000,285,1.1036357e+09,0.11997624,146.33492,42353.828,116549.27,4313.0474,49168.418,339993.16,13028447,9.47888e+11,0.72451198,1.5315497,0.55992144,1.9795213,4.738349,0.59493595,0.8449617,2.6685314,1431,2.1764271
5701653,132000,20000,265,1.0439943e+09,0.12652461,148.42049,43812.469,115344.08,3576.4836,47428.648,322007.88,12442942,9.0460003e+11,0.80800456,1.2972158,0.55555558,1.948192,4.6372848,0.5822466,0.84262586,2.704895,1431,2.2228308
5701654,132000,22000,255,1.0054689e+09,0.13574581,150.69313,44906.391,114166.44,1885.6042,41130.906,305088.62,12145995,8.7873598e+11,0.85684729,1.238777,0.53684211,1.9477828,4.6145716,0.57939476,0.84209573,2.7132866,1431,2.2250552
5701655,132000,24000,253,9.9065747e+08,0.14262171,152.8895,44724.77,113017.26,194.72487,36787.527,295443.09,12014815,8.5719201e+11,0.86266392,1.2231953,0.53263158,1.9480728,4.6108074,0.57892221,0.8420077,2.7146852,1431,2.2249675
5767181,134000,4000,61,2.1794418e+08,0.15181102,157.63094,12336.134,41015.949,559.06006,34155.348,134315.44,1051492.5,2.5636e+10,0.55300546,0.97229004,0.12681913,1.8935457,4.1412821,0.51996964,0.83057833,2.909091,1431,2.3452234
5767182,134000,6000,35,1.2663232e+08,0.19674174,85.497208,5577.6211,18098.729,500.24823,42502.316,89935.047,272065.06,2.716e+09,0.71260506,0.48932341,0.083333336,1.8118901,4.0105357,0.50355345,0.82722425,2.9713287,1431,2.4474235
5767183,134000,8000,32,1.0962448e+08,0.42780671,72.418648,6191.7217,16678.252,500.24823,22988.162,56745.953,244103.06,2.388e+09,0.91330647,0.2769843,0.076555021,1.8034312,4.0034351,0.50266188,0.82703972,2.9748251,1431,2.4565084
5767184,134000,10000,39,1.3915085e+08,0.36600477,73.436592,5381.4233,17784.682,500.24823,28302.164,69120.125,290980.31,2.648e+09,0.87044537,0.31743729,0.092636578,1.8218571,4.0176616,0.50444818,0.82740915,2.9678321,1431,2.4371147
5767185,134000,12000,131,4.6609654e+08,0.11807141,131.28001,9218.5771,44773.973,781.27026,89598.781,222725.78,1946882,4.0376001e+10,0.56970054,1.0654627,0.2216582,2.0126529,4.4739614,0.5617401,0.83876973,2.7671328,1431,2.1709545
5767186,134000,14000,303,1.0883555e+09,0.048838951,148.66475,39465.828,120594.24,2647.7979,282736.62,529184.56,13371311,9.4027999e+11,0.4968636,1.7388587,0.28747627,1.6277632,7.2518926,0.91053057,0.89387405,2.0902097,1431,2.0302305
5767187,134000,16000,341,1.2951884e+09,0.050742358,151.92044,45280.184,130917.07,4627.2329,195549.48,566351.5,16522016,1.242992e+12,0.5500949,1.9135215,0.33431372,1.705019,7.2148695,0.90588206,0.89325213,2.0958042,1431,1.9719329
5767188,134000,18000,287,1.11646e+09,0.1195886,147.93681,43503.824,118144.88,4199.2212,43384.824,342516.59,13259659,9.7532399e+11,0.71377403,1.5834813,0.58811474,1.9548396,4.7009149,0.59023583,0.84410089,2.6818182,1431,2.2094007
5767189,134000,20000,271,1.0518012e+09,0.11713248,150.1322,45416.207,116959.7,2508.342,53445.188,335917.84,12854897,9.4627201e+11,0.77676642,1.4382262,0.55876291,1.9561324,4.6640677,0.58560938,0.84324855,2.6951048,1431,2.2110803
5767190,134000,22000,258,1.0065548e+09,0.1370047,152.05458,46684.109,115801.99,817.46252,34127.297,303847.66,12541556,9.2020402e+11,0.83425331,1.3010955,0.54315788,1.9472836,4.6202288,0.58010513,0.84222794,2.7111888,1431,2.2252491
5832717,136000,4000,67,2.3853163e+08,0.15230261,155.23683,14004.183,43009.395,559.06006,37926.902,140289.2,1216431.1,3.0763999e+10,0.53640884,0.98985541,0.13929313,1.9048785,4.150404,0.52111495,0.83080935,2.9048951,1431,2.3337002
5832718,136000,6000,58,2.1223322e+08,0.12435161,146.08646,10027.203,42976.508,2013.736,69910.078,146448.83,852743.44,1.8763999e+10,0.57108289,0.71474457,0.12133891,1.8865738,4.1322002,0.51882941,0.83034796,2.9132867,1431,2.3532479
5832719,136000,8000,52,1.961071e+08,0.27874312,113.54285,10309.354,31767.836,2013.736,42081.223,94026.336,583473.06,9.0840003e+09,0.86274511,0.37798685,0.12380952,1.8489679,4.0348682,0.50660855,0.82785457,2.9594405,1431,2.4101465
5832720,136000,10000,79,2.8644013e+08,0.18659699,126.63928,13402.598,47086.797,2013.736,63991.129,138889.55,1178782.6,2.6176e+10,0.81921452,0.57180655,0.18588236,1.898314,4.08148,0.51246107,0.82905418,2.937063,1431,2.3587875
5832721,136000,12000,178,6.5174368e+08,0.066011719,142.39195,25213.418,103077.62,2013.736,162829.19,352235.25,4910515.5,2.26388e+11,0.57671553,1.2994392,0.29915968,2.0627544,4.5661149,0.57331067,0.84095812,2.7314684,1431,2.1152017
5832722,136000,14000,352,1.272977e+09,0.053110216,149.35303,46955.539,122165.39,2294.6416,193384.25,548815.25,17772088,1.353532e+12,0.53190559,1.9475729,0.33238906,1.6631377,7.5120931,0.94320077,0.89818078,2.0524476,1431,1.9732238
5832723,136000,16000,339,1.2980753e+09,0.050766632,153.1554,47044.574,132911.52,3696.7324,196408.83,566846.81,16755372,1.275532e+12,0.55359483,1.9030622,0.33933935,1.7170963,7.1105032,0.8927781,0.89148647,2.1118882,1431,1.9741844
5832724,136000,18000,290,1.1211832e+09,0.1151206,149.34966,45038.117,119755.08,3019.51,46889.391,349837.75,13661910,1.019092e+12,0.70309031,1.6090279,0.5942623,1.9537079,4.7067862,0.59097302,0.84423625,2.6797202,1431,2.2101917
5832725,136000,20000,266,1.040589e+09,0.1233988,151.526,47982.988,118589.37,1440.2002,47776.316,325528.53,13175809,9.8875199e+11,0.7970776,1.4049207,0.55072463,1.9549578,4.6506376,0.58392316,0.84293664,2.7,1431,2.2135856
5898253,138000,4000,77,2.7224477e+08,0.14501497,151.9973,16221.263,45003.539,13.736012,47227.945,153595.42,1511180.9,3.946e+10,0.51777172,1.0331209,0.16008316,1.9223863,4.1656966,0.52303505,0.83119583,2.897902,1431,2.315855
5898254,138000,6000,78,2.9486278e+08,0.12224381,144.27733,15245.961,44973.113,13.736012,85369.734,174101.08,1377610.4,3.2935999e+10,0.58341658,0.80652899,0.16283925,1.9232521,4.1641622,0.52284241,0.83115709,2.8986013,1431,2.3156044
5898255,138000,8000,76,2.7055968e+08,0.20498972,129.06993,16494.727,49602.168,13.736012,59855.812,128786.52,1312318.6,3.2284e+10,0.82877195,0.50594056,0.17966904,1.8925178,4.0741262,0.51153773,0.82886559,2.9405594,1431,2.3652682
5898256,138000,10000,111,4.1538714e+08,0.1173776,138.06081,24487.703,81210.305,13.736012,100618.31,210881.67,2714330,1.0422e+11,0.75708437,0.67265546,0.25754061,1.9428771,4.1382504,0.51958901,0.83050144,2.9104896,1431,2.3114963
5898257,138000,12000,281,1.0764759e+09,0.10538916,146.11263,53850.535,124975.3,13.736012,57126.32,358268.91,15001979,1.178204e+12,0.70050842,1.5371019,0.42900762,2.0555146,5.0949526,0.63971031,0.85291934,2.5517483,1431,2.0217071
5898258,138000,14000,355,1.2774973e+09,0.05422575,150.49876,48356.93,123751.4,1100.1982,185960.28,544104.31,18295908,1.413984e+12,0.52380043,2.1023588,0.33427495,1.6627934,7.5421615,0.94697613,0.89867145,2.0482519,1431,1.9703935
5898259,138000,16000,341,1.3038294e+09,0.047968786,154.31387,48676.707,134906.27,2655.9124,213744.69,584434.62,17341588,1.343792e+12,0.54786956,1.988606,0.33795837,1.7122827,7.1645756,0.89956731,0.8924036,2.1034966,1431,1.9718218
5898260,138000,18000,293,1.1279247e+09,0.10129483,150.7142,46522.836,121379.15,1088.5233,67124.992,374068.69,14122958,1.066432e+12,0.69091588,1.7188402,0.59311742,1.9610783,4.7264633,0.59344363,0.84468895,2.6727273,1431,2.1996374
5898261,138000,20000,263,1.0261791e+09,0.11867484,152.68481,50632.281,120232.38,372.05838,58201.094,329637.94,13573892,1.03434e+12,0.78930718,1.3862069,0.54791665,1.9521199,4.6391878,0.5824855,0.8426702,2.7041957,1431,2.2179272
5963794,140000,14000,340,1.2363645e+09,0.058368839,151.22452,51602.68,125351.55,1100.1124,178779.67,515926.31,18562080,1.4601121e+12,0.55443347,1.7961655,0.33106133,1.6784874,7.2987089,0.91640878,0.89465714,2.0832167,1431,1.9836804
5963795,140000,16000,333,1.2756403e+09,0.04923461,155.02773,51627.211,136901.31,2467.2468,218378.86,570602.69,17937090,1.4246161e+12,0.56438369,1.7887747,0.33233532,1.6893793,7.1509805,0.89786035,0.89217347,2.1055944,1431,1.9916456
5963796,140000,18000,101,3.8041203e+08,0.1023069,183.71677,9552.0586,47848.23,467.24692,107473.76,216162.12,1512916.4,3.1147999e+10,0.64930695,0.84237605,0.22747748,1.93998,4.1427999,0.5201602,0.83061677,2.9083917,1431,2.3105273
6029330,142000,14000,339,1.2336124e+09,0.058596421,152.17392,53332.02,126965.17,1100.1124,179008.83,514350.03,19074536,1.5248521e+12,0.55090678,1.832191,0.33008763,1.6777771,7.2940001,0.91581756,0.89457852,2.0839162,1431,1.9847584
6029331,142000,16000,331,1.2677459e+09,0.052107081,155.86615,53716.023,138896.62,2467.2468,211567.12,552933.19,18358168,1.479536e+12,0.56524765,1.8060811,0.32869911,1.6849719,7.1645756,0.89956731,0.8924036,2.1034966,1431,1.9935287
6029332,142000,18000,74,2.7013027e+08,0.17132707,200.4736,8655.4375,43436.312,467.24692,64626.535,140759.77,1045009.9,2.1244e+10,0.85375786,0.60142523,0.17370892,1.8912978,4.0755949,0.51172215,0.82890326,2.9398601,1431,2.365597
6094866,144000,14000,339,1.2301298e+09,0.058403708,153.07759,55108.223,128591.66,1100.1124,184658.64,514470.16,19598256,1.5921121e+12,0.54923111,1.8745574,0.33008763,1.6777771,7.2940001,0.91581756,0.89457852,2.0839162,1431,1.9847584
6094867,144000,16000,153,5.7417952e+08,0.041169588,176.88766,32394.855,140892.03,2467.2468,245001.53,418639.78,5508051,3.7696399e+11,0.49578604,1.0638032,0.15970773,1.5503536,6.1915116,0.77739167,0.875058,2.2769232,1431,2.2319736
6094868,144000,18000,73,2.7591386e+08,0.077743068,194.24008,12658.844,83877.727,467.24692,136577.39,211183.92,1198503.2,3.1488e+10,0.87290716,0.555484,0.11928105,1.919,4.4093995,0.55363387,0.83721644,2.7930069,1431,2.2613547
6160402,146000,14000,312,1.1196128e+09,0.053282119,154.71593,55902.855,129879.88,1100.1124,292190.31,513863.88,18407040,1.519096e+12,0.53019625,1.7552813,0.30409357,1.6576135,7.1645756,0.89956731,0.8924036,2.1034966,1431,2.0153725
6160403,146000,16000,129,4.7642813e+08,0.046907175,180.99146,33353.242,142881.5,2467.2468,212129.98,357259.66,4600949.5,3.25004e+11,0.56395346,1.0038576,0.13465554,1.5078155,6.1111894,0.76730657,0.87353909,2.2937062,1431,2.2811005
6160404,146000,18000,80,3.021135e+08,0.084740579,190.46893,16249.424,85858.047,467.24692,133382.42,211662.67,1570404.1,5.4732001e+10,0.78544307,0.66658401,0.12678288,1.9303154,4.4545708,0.55930543,0.838305,2.7748251,1431,2.242564
6225938,148000,14000,158,5.3471843e+08,0.045083452,171.1828,31066.959,126475.02,1100.1124,225647.19,386063.66,6337922.5,4.19732e+11,0.50608724,1.0923719,0.16171955,1.5445265,6.2739735,0.78774542,0.87660235,2.2601399,1431,2.2255194
6225939,148000,16000,122,4.5129475e+08,0.047845814,181.41017,34854.52,144872.12,2787.6741,202351.39,344281.03,4365948,2.9792e+11,0.59639615,0.97111911,0.12815127,1.4988939,6.0685453,0.76195234,0.87272674,2.3027973,1431,2.2952583
6225940,148000,18000,87,3.2267309e+08,0.081684992,188.31323,19812.545,93111.961,1379.1805,131539.8,222799.98,1987557.5,8.2447999e+10,0.73483026,0.78583503,0.13221884,1.9380084,4.5150561,0.56689984,0.83974969,2.751049,1431,2.2242107
6225941,148000,20000,20,89466824,0.65486264,304.90417,3644.8337,10231.865,1297.6206,7294.5635,41434.379,105790.63,6.2e+08,1,0.28701249,0.053619303,1.7729732,3.8718152,0.48613602,0.82357484,3.0419581,1431,2.5198576
6291474,150000,14000,143,4.5363395e+08,0.050566934,175.30234,31501.895,128474.89,1100.1124,203356.5,335756.47,5927225,4.1327201e+11,0.55146265,1.0283779,0.14636643,1.5187634,6.2221794,0.78124225,0.87563407,2.2706294,1431,2.255533
6291475,150000,16000,120,4.3750717e+08,0.051739939,181.48138,36455.57,140611.69,3100.1125,189031.59,325975.19,4506407,3.1393599e+11,0.60658264,0.96298194,0.12605043,1.4950083,6.0620375,0.76113522,0.8726024,2.3041959,1431,2.2996769
6291476,150000,18000,91,3.3390854e+08,0.046425063,187.07713,23757.594,101093.93,3330.5586,204166.59,300637.03,2484667.5,1.21756e+11,0.70769233,0.80067909,0.13663663,1.9433255,4.536798,0.56962967,0.84026551,2.7426574,1431,2.2155046
6291477,150000,20000,28,1.16307e+08,0.36470249,237.45615,4354.0732,20403.625,1943.0951,22013.686,63305.07,182963.02,1.652e+09,0.89947093,0.34531483,0.071428575,1.7812598,3.9558084,0.49668202,0.82579595,2.9986014,1431,2.4884398
6357010,152000,14000,136,4.2510371e+08,0.052379798,176.46721,33411.344,130474.77,1100.1124,197986.14,319352.62,5941724,4.2884399e+11,0.57701522,0.99216044,0.13920164,1.5061132,6.1983004,0.77824408,0.87518567,2.2755244,1431,2.2701426
6357011,152000,16000,116,4.2829174e+08,0.052402567,181.45766,38051.578,141468.31,3100.1125,187277.17,320478.22,4542373.5,3.2074e+11,0.6209895,0.94150275,0.12184874,1.4871213,6.0490637,0.75950629,0.87235421,2.306993,1431,2.3086264
6357012,152000,18000,92,3.3936374e+08,0.040409721,186.29518,27153.346,149029.33,3062.0022,228275.86,324858.88,2774613.2,1.51216e+11,0.69612998,0.80525106,0.098501071,1.4690804,5.8791995,0.73817849,0.86906826,2.3447552,1431,2.3519423
6357013,152000,20000,36,1.4803085e+08,0.28619218,209.66455,8501.083,30943.506,2060.5986,30490.93,80621.742,366093.03,5.688e+09,0.86984128,0.41105142,0.091603056,1.8014423,3.9683046,0.49825102,0.82612342,2.9923077,1431,2.4679532
6357014,152000,22000,22,99586512,0.54748815,242.63712,5875.7456,16402.227,64.053467,10034.721,47809.898,144632.27,1.144e+09,0.99134201,0.30104375,0.058666665,1.7799306,3.8771262,0.48680288,0.8237164,3.0391607,1431,2.5123737
6422546,154000,14000,131,4.0871901e+08,0.053099919,176.98689,35412.684,132474.67,1100.1124,194023.05,311007.19,6040434,4.4812399e+11,0.59577215,0.96434045,0.13408393,1.4968197,6.181356,0.77611655,0.87486672,2.279021,1431,2.2808263
6422547,154000,16000,114,4.2130282e+08,0.052896377,181.40236,39655.555,142431.95,1182.9606,186204.81,316365.53,4626858.5,3.28132e+11,0.63049215,0.93244714,0.1197479,1.4831188,6.0425978,0.75869441,0.87223041,2.3083916,1431,2.3131585
6422548,154000,18000,94,3.4596096e+08,0.041282933,185.66205,30829.74,151022.09,1065.457,228265.31,324513.81,3104715.2,1.8120801e+11,0.68451154,0.81786901,0.1006424,1.4735211,5.8853202,0.73894697,0.86918789,2.3433566,1431,2.3470039
6422549,154000,20000,45,1.831255e+08,0.23745833,199.73587,13733.512,41390.664,947.95343,43831.324,98443.18,683274,1.5488e+10,0.88484848,0.49945334,0.1097561,1.8287668,4.0105357,0.50355345,0.82722425,2.9713287,1431,2.433449
6422550,154000,22000,28,1.139305e+08,0.37250847,222.5571,8296.7949,24327.504,181.55704,21413.857,61995.027,261706.38,3.208e+09,0.89947093,0.3453148,0.071428575,1.7812598,3.9558084,0.49668202,0.82579595,2.9986014,1431,2.4884398
